month_dt,region_desc,obj_cnt,total_area,living_area,elem_1k_cnt,elem_2k_cnt,elem_3k_cnt,elem_4k_cnt,elem_parking_cnt
2021-01-01,Хакасия Республика,1,5600,3600,32,19,9,0,0
2021-01-01,Севастополь город,2,9700,6600,79,56,9,0,0
2021-01-01,Крым Республика,6,34300,23000,373,103,29,4,0
2021-01-01,Курская область,1,6900,5400,41,40,19,0,0
2021-01-01,Ярославская область,1,4900,3300,8,40,8,0,0
2021-01-01,Псковская область,5,46800,32000,453,112,94,10,8
2021-01-01,Новгородская область,1,4300,3000,32,24,8,0,0
2021-01-01,Белгородская область,2,10900,7500,87,36,13,3,0
2021-01-01,Липецкая область,2,28700,22300,173,129,74,0,0
2021-01-01,Омская область,1,32300,20600,412,41,0,0,0
2021-01-01,Москва город,1,8700,5700,64,32,16,0,54
2021-01-01,Бурятия Республика,1,7800,4900,65,26,11,0,0
2021-01-01,Ленинградская область,1,22300,14400,288,96,0,0,0
2021-01-01,Тульская область,4,92900,44800,411,253,135,0,0
2021-01-01,Карелия Республика,4,32800,22500,98,162,92,35,34
2021-01-01,Саха (Якутия) Республика ,1,1500,900,30,0,0,0,0
2021-01-01,Красноярский край,2,30900,21000,153,135,68,0,0
2021-01-01,Тюменская область,6,94000,63800,916,396,64,10,0
2021-01-01,Ханты-Мансийский АО - Югра,1,18300,13800,118,108,27,0,1
2021-01-01,Челябинская область,2,23100,16100,201,62,43,14,27
2021-01-01,Краснодарский край,4,99000,67800,902,373,133,16,62
2021-01-01,Мордовия Республика,2,16600,9700,80,48,38,0,0
2021-01-01,Ростовская область,11,38600,28000,372,187,54,5,15
2021-01-01,Новосибирская область,9,37300,21000,153,174,48,14,37
2021-01-01,Забайкальский край,1,9100,9100,120,48,0,0,0
2021-01-01,Смоленская область,2,8700,6700,57,62,10,0,0
2021-01-01,Рязанская область,2,35900,23600,238,152,59,0,0
2021-01-01,Удмуртская Республика,8,101200,60300,490,524,194,0,80
2021-01-01,Адыгея Республика,2,20700,14100,260,106,0,0,0
2021-01-01,Пензенская область,3,81200,48400,768,243,111,6,0
2021-01-01,Пермский край,3,35000,24300,222,193,37,0,0
2021-01-01,Владимирская область,1,4000,2700,9,28,8,0,0
2021-01-01,Воронежская область,7,158200,117700,989,627,509,1,0
2021-01-01,Ульяновская область,3,22300,15300,225,101,39,0,0
2021-01-01,Волгоградская область,7,59700,38000,529,87,28,0,230
2021-01-01,Орловская область,2,30400,21600,174,129,93,0,0
2021-01-01,Татарстан Республика,7,69600,55100,567,447,256,0,115
2021-01-01,Ставропольский край,3,80800,53600,719,329,101,0,0
2021-01-01,Саратовская область,3,54700,33800,417,311,74,0,0
2021-01-01,Оренбургская область,1,13300,10200,102,36,52,0,0
2021-01-01,Приморский край,1,4000,2800,48,0,0,0,0
2021-01-01,Костромская область,3,10300,7700,104,66,3,0,0
2021-01-01,Московская область,13,302500,190400,2246,1782,304,24,323
2021-01-01,Ямало-Ненецкий Автономный округ,4,20200,13200,226,54,15,6,0
2021-01-01,Кемеровская область - Кузбасс,1,8900,6000,33,18,30,0,0
2021-01-01,Хабаровский край,2,5800,4100,55,55,0,0,0
2021-01-01,Архангельская область,2,10900,7700,64,55,16,0,12
2021-01-01,Алтайский край,6,114900,78100,446,385,394,80,0
2021-01-01,Санкт-Петербург город,4,219000,99100,1435,670,101,21,0
2021-01-01,Калужская область,11,57400,43300,546,351,29,0,0
2021-01-01,Самарская область,1,13700,10700,148,60,12,0,0
2021-01-01,Свердловская область,14,263900,166100,1489,1015,459,13,328
2021-01-01,Ивановская область,2,13700,9300,93,61,27,0,0
2021-01-01,Коми Республика,2,34400,20500,311,105,80,0,0
2021-01-01,Чувашская Республика,3,23300,16300,110,100,64,0,30
2021-01-01,Кировская область,3,15300,10500,95,96,39,7,1
2021-01-01,Нижегородская область,1,8800,6500,30,45,30,0,0
2021-01-01,Калининградская область,4,24900,13300,162,102,16,1,55
2021-01-01,Башкортостан Республика,2,35300,25700,218,142,88,0,0
2021-01-01,Алтай Республика,1,2500,1900,32,8,0,0,0
2021-02-01,Алтай Республика,1,2500,1900,32,8,0,0,0
2021-02-01,Костромская область,5,15500,12200,221,75,6,0,0
2021-02-01,Саха (Якутия) Республика ,2,8600,6100,146,18,0,0,10
2021-02-01,Пензенская область,5,96300,57300,835,331,135,6,0
2021-02-01,Ямало-Ненецкий Автономный округ,5,31900,21600,266,131,53,10,0
2021-02-01,Тульская область,7,154900,82500,726,480,260,0,0
2021-02-01,Ленинградская область,2,33300,21900,464,124,0,0,0
2021-02-01,Пермский край,9,160000,100200,880,636,268,8,139
2021-02-01,Чувашская Республика,8,75800,53100,344,398,165,9,30
2021-02-01,Кемеровская область - Кузбасс,1,8900,6000,33,18,30,0,0
2021-02-01,Ульяновская область,6,30500,21600,316,138,43,0,0
2021-02-01,Марий Эл Республика,1,8600,6100,64,64,0,0,0
2021-02-01,Иркутская область,1,10800,6500,53,73,0,0,0
2021-02-01,Свердловская область,18,340000,215900,1905,1341,611,13,388
2021-02-01,Новосибирская область,14,108000,65300,487,446,244,47,152
2021-02-01,Кабардино-Балкарская Республика,3,6100,5500,60,30,0,0,0
2021-02-01,Бурятия Республика,1,7800,4900,65,26,11,0,0
2021-02-01,Архангельская область,4,16000,11700,99,86,24,1,12
2021-02-01,Вологодская область,1,4700,3500,36,32,10,0,0
2021-02-01,Астраханская область,1,23800,13200,82,108,26,0,49
2021-02-01,Брянская область,4,73200,43000,230,391,90,2,0
2021-02-01,Северная Осетия - Алания Республика,1,7300,5400,42,34,18,0,0
2021-02-01,Калужская область,12,74000,54600,690,423,53,0,0
2021-02-01,Карелия Республика,5,44000,30300,162,242,122,36,34
2021-02-01,Владимирская область,2,20800,14800,159,127,25,0,0
2021-02-01,Курская область,1,6900,5400,41,40,19,0,0
2021-02-01,Кировская область,3,15300,10500,95,96,39,7,1
2021-02-01,Крым Республика,7,43300,29200,462,143,30,4,0
2021-02-01,Рязанская область,4,46600,30600,294,226,73,0,0
2021-02-01,Приморский край,1,4000,2800,48,0,0,0,0
2021-02-01,Оренбургская область,2,15700,12300,110,57,61,0,0
2021-02-01,Тамбовская область,6,3500,1600,48,0,0,0,0
2021-02-01,Татарстан Республика,9,70900,56300,567,447,264,0,115
2021-02-01,Самарская область,4,79100,54700,525,275,152,0,98
2021-02-01,Хабаровский край,5,14800,10600,139,105,11,0,0
2021-02-01,Мордовия Республика,4,42200,24500,248,152,64,0,0
2021-02-01,Дагестан Республика,1,14600,10700,93,66,3,6,0
2021-02-01,Сахалинская область,4,18600,14600,62,122,46,0,0
2021-02-01,Забайкальский край,1,9100,9100,120,48,0,0,0
2021-02-01,Псковская область,6,50900,35200,466,139,102,10,8
2021-02-01,Орловская область,3,33700,23400,186,141,99,0,0
2021-02-01,Ханты-Мансийский АО - Югра,6,50800,32900,268,232,83,7,1
2021-02-01,Челябинская область,4,48400,33000,263,188,105,14,27
2021-02-01,Хакасия Республика,3,23200,17900,168,141,41,0,0
2021-02-01,Башкортостан Республика,8,147300,103400,1383,572,280,0,0
2021-02-01,Ивановская область,3,22200,16800,173,125,27,0,0
2021-02-01,Калининградская область,11,72700,47900,550,314,115,1,55
2021-02-01,Адыгея Республика,2,20700,14100,260,106,0,0,0
2021-02-01,Чеченская Республика,1,10700,8700,60,60,0,0,0
2021-02-01,Белгородская область,2,10900,7500,87,36,13,3,0
2021-02-01,Коми Республика,2,34400,20500,311,105,80,0,0
2021-02-01,Нижегородская область,3,23000,16900,210,86,47,17,0
2021-02-01,Севастополь город,4,27500,19800,199,176,29,0,0
2021-02-01,Тверская область,3,27100,20300,142,149,64,0,0
2021-02-01,Ярославская область,2,5900,4300,20,47,9,0,0
2021-02-01,Саратовская область,8,110600,67800,768,618,111,0,0
2021-02-01,Алтайский край,7,119500,81300,482,421,403,80,0
2021-02-01,Липецкая область,3,48800,36400,299,237,110,0,0
2021-02-01,Новгородская область,1,4300,3000,32,24,8,0,0
2021-02-01,Смоленская область,2,8700,6700,57,62,10,0,0
2021-02-01,Ростовская область,25,225100,145300,1440,878,447,9,88
2021-02-01,Воронежская область,8,187100,138800,1277,771,509,1,0
2021-02-01,Московская область,31,598500,383900,4572,3564,615,58,554
2021-02-01,Тюменская область,16,163900,113200,1501,718,165,18,125
2021-02-01,Ставропольский край,5,88400,58300,747,370,112,0,28
2021-02-01,Красноярский край,5,62300,40700,302,339,141,18,0
2021-02-01,Удмуртская Республика,10,134000,84100,708,697,275,0,105
2021-02-01,Москва город,5,182200,102100,1440,297,246,20,617
2021-02-01,Омская область,1,32300,20600,412,41,0,0,0
2021-02-01,Краснодарский край,23,227600,142000,2028,920,167,16,391
2021-02-01,Санкт-Петербург город,15,703100,363400,5081,1953,710,57,1416
2021-02-01,Волгоградская область,11,78700,51100,629,152,113,0,230
2021-02-01,Ненецкий Автономный округ,2,23400,16600,63,148,131,0,0
2021-03-01,Орловская область,3,33700,23400,186,141,99,0,0
2021-03-01,Удмуртская Республика,10,134000,84100,708,697,275,0,105
2021-03-01,Москва город,7,276200,156700,2081,683,345,38,755
2021-03-01,Крым Республика,10,53900,35800,552,197,30,4,0
2021-03-01,Бурятия Республика,1,7800,4900,65,26,11,0,0
2021-03-01,Приморский край,7,165900,98000,674,499,105,89,373
2021-03-01,Коми Республика,2,34400,20500,311,105,80,0,0
2021-03-01,Кировская область,5,24800,16100,126,165,46,9,23
2021-03-01,Липецкая область,3,48800,36400,299,237,110,0,0
2021-03-01,Кабардино-Балкарская Республика,3,6100,5500,60,30,0,0,0
2021-03-01,Астраханская область,1,23800,13200,82,108,26,0,49
2021-03-01,Курская область,1,6900,5400,41,40,19,0,0
2021-03-01,Смоленская область,2,8700,6700,57,62,10,0,0
2021-03-01,Ульяновская область,6,30500,21600,316,138,43,0,0
2021-03-01,Красноярский край,8,132100,84000,950,675,237,54,36
2021-03-01,Сахалинская область,4,18600,14600,62,122,46,0,0
2021-03-01,Московская область,57,817200,532300,6090,4822,845,66,654
2021-03-01,Костромская область,7,32400,24100,315,152,47,0,0
2021-03-01,Калмыкия Республика,1,4200,3700,25,25,10,0,0
2021-03-01,Башкортостан Республика,9,153900,107800,1423,592,300,0,0
2021-03-01,Белгородская область,2,10900,7500,87,36,13,3,0
2021-03-01,Тюменская область,19,207000,141100,1807,950,205,18,125
2021-03-01,Хакасия Республика,5,42700,30300,332,193,44,4,0
2021-03-01,Омская область,1,32300,20600,412,41,0,0,0
2021-03-01,Владимирская область,2,20800,14800,159,127,25,0,0
2021-03-01,Ненецкий Автономный округ,2,23400,16600,63,148,131,0,0
2021-03-01,Мурманская область,2,2200,1700,16,19,3,0,0
2021-03-01,Дагестан Республика,1,14600,10700,93,66,3,6,0
2021-03-01,Самарская область,4,79100,54700,525,275,152,0,98
2021-03-01,Архангельская область,7,34800,25200,272,183,63,3,12
2021-03-01,Саха (Якутия) Республика ,3,28400,20900,335,82,16,0,10
2021-03-01,Иркутская область,1,10800,6500,53,73,0,0,0
2021-03-01,Санкт-Петербург город,25,1156100,620000,10086,2950,1162,82,2972
2021-03-01,Еврейская Автономная область,1,1700,1300,12,12,3,0,0
2021-03-01,Челябинская область,5,59700,40400,263,284,153,14,27
2021-03-01,Тамбовская область,6,3500,1600,48,0,0,0,0
2021-03-01,Адыгея Республика,2,20700,14100,260,106,0,0,0
2021-03-01,Калининградская область,12,82600,53000,585,337,122,8,55
2021-03-01,Нижегородская область,4,47700,29800,288,188,87,17,87
2021-03-01,Новгородская область,1,4300,3000,32,24,8,0,0
2021-03-01,Ханты-Мансийский АО - Югра,8,76100,47500,377,355,126,7,1
2021-03-01,Алтайский край,8,136500,92000,498,526,443,95,0
2021-03-01,Марий Эл Республика,6,43300,30000,278,208,99,0,0
2021-03-01,Ленинградская область,18,72500,48500,651,273,116,28,0
2021-03-01,Забайкальский край,1,9100,9100,120,48,0,0,0
2021-03-01,Пермский край,13,254600,159400,1442,965,595,30,139
2021-03-01,Воронежская область,8,187100,138800,1277,771,509,1,0
2021-03-01,Ростовская область,31,257300,160600,1575,992,493,9,89
2021-03-01,Чувашская Республика,15,169200,117200,1039,872,296,9,30
2021-03-01,Татарстан Республика,17,138500,101000,925,750,392,0,184
2021-03-01,Рязанская область,5,58100,37900,445,254,81,0,0
2021-03-01,Вологодская область,3,10100,7000,52,44,26,4,0
2021-03-01,Чеченская Республика,1,10700,8700,60,60,0,0,0
2021-03-01,Ямало-Ненецкий Автономный округ,8,49700,32900,371,229,95,10,0
2021-03-01,Саратовская область,10,169400,101300,1039,804,265,0,0
2021-03-01,Оренбургская область,3,17800,14000,122,75,64,0,0
2021-03-01,Ивановская область,3,22200,16800,173,125,27,0,0
2021-03-01,Алтай Республика,1,2500,1900,32,8,0,0,0
2021-03-01,Псковская область,9,84200,58600,756,273,181,10,8
2021-03-01,Тульская область,7,154900,82500,726,480,260,0,0
2021-03-01,Хабаровский край,8,103000,38400,304,187,104,28,194
2021-03-01,Краснодарский край,34,393200,253300,3686,1790,228,17,597
2021-03-01,Калужская область,15,82700,61500,727,479,68,0,0
2021-03-01,Новосибирская область,22,273200,161300,1061,1108,718,116,651
2021-03-01,Тверская область,6,56000,39000,347,263,111,0,12
2021-03-01,Мордовия Республика,4,42200,24500,248,152,64,0,0
2021-03-01,Кемеровская область - Кузбасс,2,17900,11000,135,51,30,0,0
2021-03-01,Севастополь город,12,62600,44400,501,326,62,14,0
2021-03-01,Волгоградская область,11,78700,51100,629,152,113,0,230
2021-03-01,Свердловская область,26,520700,340400,3311,2006,941,22,553
2021-03-01,Брянская область,4,73200,43000,230,391,90,2,0
2021-03-01,Карелия Республика,6,50700,34900,186,311,122,39,34
2021-03-01,Ставропольский край,9,190400,127000,1266,800,305,8,129
2021-03-01,Пензенская область,6,102100,59700,835,331,152,6,27
2021-03-01,Ярославская область,5,38400,25400,184,205,51,3,0
2021-03-01,Северная Осетия - Алания Республика,4,23500,16800,125,112,48,0,0
2021-04-01,Пермский край,16,283600,179700,1601,1100,678,38,188
2021-04-01,Ставропольский край,11,216500,142000,1419,902,345,12,166
2021-04-01,Иркутская область,12,111200,68500,674,388,160,0,68
2021-04-01,Тверская область,9,93100,64500,548,401,202,14,12
2021-04-01,Рязанская область,7,102500,68700,742,510,158,0,91
2021-04-01,Кабардино-Балкарская Республика,3,6100,5500,60,30,0,0,0
2021-04-01,Свердловская область,34,619300,408000,3922,2439,1160,23,769
2021-04-01,Удмуртская Республика,13,164100,103000,937,862,325,8,105
2021-04-01,Тюменская область,21,226400,154800,1965,1058,221,18,125
2021-04-01,Чеченская Республика,1,10700,8700,60,60,0,0,0
2021-04-01,Кировская область,8,50500,33300,272,283,110,28,33
2021-04-01,Новосибирская область,32,340100,205900,1429,1409,908,122,692
2021-04-01,Ростовская область,36,331400,217000,2413,1244,603,9,158
2021-04-01,Нижегородская область,9,72100,46100,498,283,125,17,87
2021-04-01,Орловская область,3,33700,23400,186,141,99,0,0
2021-04-01,Адыгея Республика,2,20700,14100,260,106,0,0,0
2021-04-01,Саха (Якутия) Республика ,3,28400,20900,335,82,16,0,10
2021-04-01,Челябинская область,6,66100,45300,358,303,153,14,27
2021-04-01,Ненецкий Автономный округ,2,23400,16600,63,148,131,0,0
2021-04-01,Ярославская область,9,66800,38500,230,303,88,6,51
2021-04-01,Мордовия Республика,5,45000,26400,257,161,73,0,0
2021-04-01,Еврейская Автономная область,1,1700,1300,12,12,3,0,0
2021-04-01,Дагестан Республика,1,14600,10700,93,66,3,6,0
2021-04-01,Башкортостан Республика,16,229100,165300,1982,929,488,2,0
2021-04-01,Костромская область,8,34900,25600,323,171,50,0,0
2021-04-01,Воронежская область,10,208100,151900,1381,883,533,1,0
2021-04-01,Москва город,20,809100,453800,4724,2042,961,176,3099
2021-04-01,Владимирская область,8,67900,51200,611,332,121,3,26
2021-04-01,Алтайский край,10,188600,123800,648,813,567,111,0
2021-04-01,Краснодарский край,48,560900,372500,5641,2451,314,29,619
2021-04-01,Сахалинская область,6,32600,24900,152,172,64,0,0
2021-04-01,Калининградская область,26,158000,103500,1072,752,212,8,127
2021-04-01,Астраханская область,1,23800,13200,82,108,26,0,49
2021-04-01,Северная Осетия - Алания Республика,5,30000,20400,145,148,54,0,0
2021-04-01,Самарская область,11,261400,178800,1677,972,512,0,354
2021-04-01,Алтай Республика,1,2500,1900,32,8,0,0,0
2021-04-01,Липецкая область,5,88900,62700,571,430,111,0,150
2021-04-01,Томская область,1,9800,7000,53,60,0,15,0
2021-04-01,Брянская область,8,104500,63100,359,532,139,10,0
2021-04-01,Санкт-Петербург город,53,2023300,1155800,18623,5731,1927,145,4485
2021-04-01,Новгородская область,1,4300,3000,32,24,8,0,0
2021-04-01,Марий Эл Республика,8,70500,47900,401,302,168,4,0
2021-04-01,Коми Республика,2,34400,20500,311,105,80,0,0
2021-04-01,Пензенская область,7,114500,66200,873,369,175,6,27
2021-04-01,Карелия Республика,10,78700,52800,239,463,262,40,34
2021-04-01,Красноярский край,9,144200,90200,1014,739,237,54,36
2021-04-01,Смоленская область,5,36100,26400,288,149,70,0,0
2021-04-01,Калмыкия Республика,2,10300,9200,80,60,20,0,0
2021-04-01,Кемеровская область - Кузбасс,6,73100,52000,1011,51,30,0,0
2021-04-01,Белгородская область,3,15400,10500,114,54,22,3,0
2021-04-01,Хабаровский край,11,119700,47700,375,287,129,28,194
2021-04-01,Вологодская область,7,40900,32600,370,216,80,4,0
2021-04-01,Московская область,72,1301300,825700,9931,6800,1395,121,1598
2021-04-01,Тульская область,11,198600,112000,894,719,326,0,0
2021-04-01,Татарстан Республика,25,262400,178700,1628,1327,640,1,490
2021-04-01,Псковская область,10,96900,67800,772,321,229,10,8
2021-04-01,Ивановская область,3,22200,16800,173,125,27,0,0
2021-04-01,Ямало-Ненецкий Автономный округ,8,49700,32900,371,229,95,10,0
2021-04-01,Тамбовская область,6,3500,1600,48,0,0,0,0
2021-04-01,Волгоградская область,11,78700,51100,629,152,113,0,230
2021-04-01,Севастополь город,16,103600,72600,816,530,122,14,0
2021-04-01,Калужская область,15,82700,61500,727,479,68,0,0
2021-04-01,Хакасия Республика,7,66200,46100,510,286,90,4,0
2021-04-01,Оренбургская область,5,25400,19400,182,115,66,0,0
2021-04-01,Архангельская область,13,71900,49300,468,361,122,4,12
2021-04-01,Чувашская Республика,20,212000,148900,1273,1124,354,9,30
2021-04-01,Бурятия Республика,2,14700,9300,123,72,14,0,0
2021-04-01,Ульяновская область,9,67900,47700,446,366,129,0,36
2021-04-01,Ленинградская область,19,104900,68700,950,364,168,28,0
2021-04-01,Крым Республика,10,53900,35800,552,197,30,4,0
2021-04-01,Саратовская область,15,278800,173600,2027,1237,361,0,0
2021-04-01,Мурманская область,2,2200,1700,16,19,3,0,0
2021-04-01,Омская область,2,47200,29600,518,104,20,0,0
2021-04-01,Ханты-Мансийский АО - Югра,10,107700,56000,485,425,126,7,42
2021-04-01,Курская область,1,6900,5400,41,40,19,0,0
2021-04-01,Забайкальский край,1,9100,9100,120,48,0,0,0
2021-04-01,Приморский край,7,165900,98000,674,499,105,89,373
2021-05-01,Томская область,1,9800,7000,53,60,0,15,0
2021-05-01,Ханты-Мансийский АО - Югра,13,152600,87200,731,727,178,7,42
2021-05-01,Омская область,3,58300,36300,575,104,20,0,50
2021-05-01,Смоленская область,10,82700,60600,648,376,153,0,0
2021-05-01,Иркутская область,26,156500,103200,1132,673,171,0,68
2021-05-01,Ульяновская область,21,134800,96200,726,730,299,27,36
2021-05-01,Пермский край,22,387100,249700,1927,1804,997,42,217
2021-05-01,Мурманская область,2,2200,1700,16,19,3,0,0
2021-05-01,Владимирская область,11,79200,59100,679,386,138,5,66
2021-05-01,Марий Эл Республика,8,70500,47900,401,302,168,4,0
2021-05-01,Вологодская область,10,56400,44300,411,295,133,5,0
2021-05-01,Бурятия Республика,4,32400,19700,254,140,28,3,0
2021-05-01,Башкортостан Республика,24,387100,263000,3835,1324,574,2,29
2021-05-01,Орловская область,3,33700,23400,186,141,99,0,0
2021-05-01,Сахалинская область,6,32600,24900,152,172,64,0,0
2021-05-01,Оренбургская область,8,80500,56500,487,381,192,0,0
2021-05-01,Севастополь город,17,115100,81300,874,606,135,14,0
2021-05-01,Ленинградская область,24,233600,150400,2090,821,292,37,0
2021-05-01,Забайкальский край,1,9100,9100,120,48,0,0,0
2021-05-01,Самарская область,13,312400,207900,1933,1181,574,0,354
2021-05-01,Дагестан Республика,1,14600,10700,93,66,3,6,0
2021-05-01,Чеченская Республика,1,10700,8700,60,60,0,0,0
2021-05-01,Брянская область,9,123800,75300,466,588,180,10,0
2021-05-01,Курская область,1,6900,5400,41,40,19,0,0
2021-05-01,Нижегородская область,16,154800,101100,1073,658,226,74,116
2021-05-01,Санкт-Петербург город,69,2170700,1244100,19461,6146,2191,168,4896
2021-05-01,Свердловская область,37,671100,437600,4074,2634,1224,37,933
2021-05-01,Мордовия Республика,5,45000,26400,257,161,73,0,0
2021-05-01,Новгородская область,1,4300,3000,32,24,8,0,0
2021-05-01,Удмуртская Республика,16,198300,124000,1302,986,353,16,120
2021-05-01,Саха (Якутия) Республика ,9,105200,73300,924,441,102,26,157
2021-05-01,Хабаровский край,12,135200,55600,401,347,154,29,234
2021-05-01,Ярославская область,12,108700,68200,524,531,138,6,51
2021-05-01,Саратовская область,16,312600,191300,2300,1348,375,0,0
2021-05-01,Воронежская область,10,208100,151900,1381,883,533,1,0
2021-05-01,Алтайский край,14,243700,159700,888,1059,699,144,0
2021-05-01,Калининградская область,46,459200,297900,2815,2341,605,16,436
2021-05-01,Адыгея Республика,2,20700,14100,260,106,0,0,0
2021-05-01,Красноярский край,14,197900,128000,1200,1170,322,54,36
2021-05-01,Костромская область,13,63500,46400,409,355,132,0,0
2021-05-01,Еврейская Автономная область,1,1700,1300,12,12,3,0,0
2021-05-01,Ставропольский край,47,403100,258500,2694,1944,595,12,315
2021-05-01,Пензенская область,8,121700,69500,873,389,195,6,59
2021-05-01,Псковская область,10,96900,67800,772,321,229,10,8
2021-05-01,Липецкая область,5,88900,62700,571,430,111,0,150
2021-05-01,Тульская область,13,225100,128600,992,795,392,2,38
2021-05-01,Тамбовская область,6,3500,1600,48,0,0,0,0
2021-05-01,Тверская область,14,104000,74400,577,420,213,50,12
2021-05-01,Ненецкий Автономный округ,2,23400,16600,63,148,131,0,0
2021-05-01,Кемеровская область - Кузбасс,7,81500,57800,1060,67,48,0,0
2021-05-01,Приморский край,10,179900,107300,828,499,105,89,397
2021-05-01,Ивановская область,3,22200,16800,173,125,27,0,0
2021-05-01,Челябинская область,7,83100,56100,387,395,197,25,27
2021-05-01,Северная Осетия - Алания Республика,7,51900,38200,250,226,129,0,0
2021-05-01,Калужская область,19,102600,75300,804,590,110,1,55
2021-05-01,Ростовская область,62,498000,321800,3419,1879,877,24,351
2021-05-01,Алтай Республика,1,2500,1900,32,8,0,0,0
2021-05-01,Волгоградская область,11,78700,51100,629,152,113,0,230
2021-05-01,Хакасия Республика,7,66200,46100,510,286,90,4,0
2021-05-01,Новосибирская область,45,566900,341100,3180,2235,1254,145,817
2021-05-01,Калмыкия Республика,2,10300,9200,80,60,20,0,0
2021-05-01,Рязанская область,8,165900,109900,1094,769,251,0,91
2021-05-01,Московская область,98,1913300,1243400,14805,9319,2421,178,1883
2021-05-01,Тюменская область,24,255500,185900,2230,1329,321,20,125
2021-05-01,Чувашская Республика,22,238000,164700,1414,1238,382,9,30
2021-05-01,Москва город,26,989300,515700,4902,2374,1189,300,3884
2021-05-01,Курганская область,1,5100,4000,9,41,18,1,0
2021-05-01,Кировская область,9,56300,37500,332,323,110,28,33
2021-05-01,Татарстан Республика,33,327600,220800,2144,1532,758,1,490
2021-05-01,Архангельская область,16,90000,61700,622,440,152,4,35
2021-05-01,Краснодарский край,74,854900,569900,8966,3417,545,39,683
2021-05-01,Астраханская область,2,38700,25400,151,227,52,0,49
2021-05-01,Крым Республика,11,56800,37400,558,207,31,6,0
2021-05-01,Кабардино-Балкарская Республика,3,6100,5500,60,30,0,0,0
2021-05-01,Коми Республика,4,50300,30800,410,182,115,19,0
2021-05-01,Белгородская область,5,29300,20700,307,67,49,4,0
2021-05-01,Карелия Республика,11,86200,56700,241,498,282,47,34
2021-05-01,Ямало-Ненецкий Автономный округ,9,52300,34500,379,237,107,10,0
2021-06-01,Псковская область,12,105100,72900,815,356,240,12,8
2021-06-01,Бурятия Республика,5,33800,19700,254,140,28,4,0
2021-06-01,Новосибирская область,52,659200,400000,3820,2582,1431,163,1018
2021-06-01,Кировская область,10,59800,40000,385,336,114,28,33
2021-06-01,Пензенская область,11,151200,87300,1037,556,209,6,90
2021-06-01,Москва город,30,1335600,690300,5496,3239,1668,464,4266
2021-06-01,Ленинградская область,27,244900,157800,2244,850,292,37,0
2021-06-01,Кемеровская область - Кузбасс,9,115000,78500,1386,67,48,0,94
2021-06-01,Марий Эл Республика,8,70500,47900,401,302,168,4,0
2021-06-01,Калининградская область,56,488000,315400,3156,2416,633,16,468
2021-06-01,Башкортостан Республика,29,471600,327400,4147,1575,861,58,409
2021-06-01,Тюменская область,27,297500,212500,2282,1595,484,49,125
2021-06-01,Брянская область,12,162100,104000,743,786,210,10,1
2021-06-01,Курганская область,2,6400,4900,10,55,21,1,0
2021-06-01,Пермский край,26,418100,267300,1981,1962,1090,52,274
2021-06-01,Дагестан Республика,1,14600,10700,93,66,3,6,0
2021-06-01,Нижегородская область,18,172900,111300,1095,735,281,78,206
2021-06-01,Саратовская область,17,325800,199900,2376,1384,419,0,0
2021-06-01,Саха (Якутия) Республика ,9,105200,73300,924,441,102,26,157
2021-06-01,Орловская область,3,33700,23400,186,141,99,0,0
2021-06-01,Алтайский край,16,275000,181500,1111,1216,758,144,0
2021-06-01,Томская область,1,9800,7000,53,60,0,15,0
2021-06-01,Тамбовская область,6,3500,1600,48,0,0,0,0
2021-06-01,Кабардино-Балкарская Республика,3,6100,5500,60,30,0,0,0
2021-06-01,Воронежская область,13,237000,170700,1575,972,602,1,0
2021-06-01,Архангельская область,17,92500,63600,634,460,153,4,35
2021-06-01,Тульская область,22,255200,150700,1117,1039,392,2,38
2021-06-01,Костромская область,14,64100,46900,411,355,136,2,0
2021-06-01,Рязанская область,9,192900,127300,1302,904,271,0,91
2021-06-01,Вологодская область,11,65000,50900,439,337,161,5,0
2021-06-01,Приморский край,10,179900,107300,828,499,105,89,397
2021-06-01,Крым Республика,11,56800,37400,558,207,31,6,0
2021-06-01,Владимирская область,19,88900,66300,731,425,159,5,66
2021-06-01,Чеченская Республика,1,10700,8700,60,60,0,0,0
2021-06-01,Калужская область,19,102600,75300,804,590,110,1,55
2021-06-01,Чувашская Республика,25,258500,178900,1648,1324,397,9,30
2021-06-01,Московская область,101,1946000,1265700,15028,9528,2460,184,1883
2021-06-01,Севастополь город,19,149100,102700,1205,710,183,14,0
2021-06-01,Ростовская область,67,543700,349100,3836,2031,916,32,436
2021-06-01,Липецкая область,6,97600,69100,571,482,137,0,150
2021-06-01,Ямало-Ненецкий Автономный округ,12,55800,37400,416,249,116,12,0
2021-06-01,Северная Осетия - Алания Республика,9,71500,52000,356,326,159,0,42
2021-06-01,Астраханская область,4,71100,49800,333,377,116,0,49
2021-06-01,Ульяновская область,22,140000,99900,750,762,307,27,36
2021-06-01,Хакасия Республика,7,66200,46100,510,286,90,4,0
2021-06-01,Хабаровский край,12,135200,55600,401,347,154,29,234
2021-06-01,Удмуртская Республика,18,233300,144400,1418,1137,394,48,187
2021-06-01,Мурманская область,2,2200,1700,16,19,3,0,0
2021-06-01,Калмыкия Республика,2,10300,9200,80,60,20,0,0
2021-06-01,Новгородская область,2,6400,4700,48,32,16,0,0
2021-06-01,Ивановская область,4,30800,21700,263,152,27,0,0
2021-06-01,Еврейская Автономная область,1,1700,1300,12,12,3,0,0
2021-06-01,Свердловская область,39,717400,468800,4704,2863,1244,37,933
2021-06-01,Самарская область,15,375200,242900,2198,1332,680,0,642
2021-06-01,Адыгея Республика,3,35500,23600,450,168,2,0,0
2021-06-01,Смоленская область,13,101100,75100,737,480,190,0,0
2021-06-01,Алтай Республика,1,2500,1900,32,8,0,0,0
2021-06-01,Ярославская область,17,147200,96800,700,772,218,9,51
2021-06-01,Карелия Республика,11,86200,56700,241,498,282,47,34
2021-06-01,Иркутская область,28,183500,120500,1240,871,220,0,68
2021-06-01,Краснодарский край,85,1049300,708500,11214,4286,703,41,751
2021-06-01,Челябинская область,11,139900,94300,512,589,325,91,27
2021-06-01,Санкт-Петербург город,78,2360900,1358600,20979,6900,2353,181,5461
2021-06-01,Забайкальский край,1,9100,9100,120,48,0,0,0
2021-06-01,Красноярский край,14,197900,128000,1200,1170,322,54,36
2021-06-01,Белгородская область,7,73200,41600,554,129,110,4,0
2021-06-01,Сахалинская область,6,32600,24900,152,172,64,0,0
2021-06-01,Коми Республика,5,52900,32600,435,191,123,20,0
2021-06-01,Оренбургская область,8,80500,56500,487,381,192,0,0
2021-06-01,Ставропольский край,49,434100,278600,2830,2086,660,12,315
2021-06-01,Омская область,3,58300,36300,575,104,20,0,50
2021-06-01,Волгоградская область,14,92500,60600,798,187,113,0,230
2021-06-01,Ненецкий Автономный округ,2,23400,16600,63,148,131,0,0
2021-06-01,Ханты-Мансийский АО - Югра,13,152600,87200,731,727,178,7,42
2021-06-01,Мордовия Республика,6,50400,30500,284,197,82,0,0
2021-06-01,Курская область,1,6900,5400,41,40,19,0,0
2021-06-01,Татарстан Республика,40,424900,275600,2636,1895,941,8,826
2021-06-01,Тверская область,16,131700,93300,784,551,268,50,12
2021-07-01,Воронежская область,14,274500,196600,1836,1091,711,1,0
2021-07-01,Саха (Якутия) Республика ,18,163900,114900,1551,679,137,28,172
2021-07-01,Псковская область,12,105100,72900,815,356,240,12,8
2021-07-01,Марий Эл Республика,8,70500,47900,401,302,168,4,0
2021-07-01,Крым Республика,13,71600,46400,682,256,44,6,0
2021-07-01,Чеченская Республика,2,23100,17000,79,100,40,20,0
2021-07-01,Татарстан Республика,44,515500,327400,3139,2264,1168,10,1088
2021-07-01,Томская область,1,9800,7000,53,60,0,15,0
2021-07-01,Кабардино-Балкарская Республика,3,6100,5500,60,30,0,0,0
2021-07-01,Хабаровский край,14,170700,77800,534,523,199,29,234
2021-07-01,Московская область,131,2543900,1646000,19940,12169,3253,297,2039
2021-07-01,Северная Осетия - Алания Республика,9,71500,52000,356,326,159,0,42
2021-07-01,Коми Республика,5,52900,32600,435,191,123,20,0
2021-07-01,Тверская область,18,137800,96300,800,567,278,50,23
2021-07-01,Хакасия Республика,7,66200,46100,510,286,90,4,0
2021-07-01,Ленинградская область,33,305100,194600,2909,1068,339,37,0
2021-07-01,Калмыкия Республика,2,10300,9200,80,60,20,0,0
2021-07-01,Брянская область,14,173500,112200,801,840,236,10,1
2021-07-01,Калининградская область,60,507500,328400,3252,2503,658,17,468
2021-07-01,Челябинская область,11,139900,94300,512,589,325,91,27
2021-07-01,Ямало-Ненецкий Автономный округ,16,60900,41300,453,277,132,12,0
2021-07-01,Астраханская область,5,74900,52500,343,392,126,0,49
2021-07-01,Калужская область,19,102600,75300,804,590,110,1,55
2021-07-01,Иркутская область,48,191100,127500,1313,879,221,0,68
2021-07-01,Красноярский край,17,266800,166400,1297,1292,503,133,254
2021-07-01,Белгородская область,7,73200,41600,554,129,110,4,0
2021-07-01,Москва город,33,1502300,794500,6664,4236,1749,464,4729
2021-07-01,Курганская область,2,6400,4900,10,55,21,1,0
2021-07-01,Нижегородская область,19,181600,117800,1128,780,305,81,206
2021-07-01,Орловская область,7,78600,54900,449,419,166,0,0
2021-07-01,Оренбургская область,9,82600,58200,499,399,195,0,0
2021-07-01,Удмуртская Республика,21,282900,177900,1726,1379,539,64,187
2021-07-01,Рязанская область,9,192900,127300,1302,904,271,0,91
2021-07-01,Кемеровская область - Кузбасс,9,115000,78500,1386,67,48,0,94
2021-07-01,Владимирская область,20,92500,68500,761,446,159,5,66
2021-07-01,Чувашская Республика,27,279800,194100,1784,1442,429,10,30
2021-07-01,Забайкальский край,3,23400,20600,240,189,11,0,0
2021-07-01,Смоленская область,16,125700,91900,858,574,245,9,45
2021-07-01,Саратовская область,17,325800,199900,2376,1384,419,0,0
2021-07-01,Липецкая область,6,97600,69100,571,482,137,0,150
2021-07-01,Тамбовская область,6,3500,1600,48,0,0,0,0
2021-07-01,Новгородская область,3,11000,8100,73,52,31,0,0
2021-07-01,Карелия Республика,11,86200,56700,241,498,282,47,34
2021-07-01,Ставропольский край,52,445800,286800,2986,2134,666,12,315
2021-07-01,Ульяновская область,25,157600,112200,870,862,326,27,36
2021-07-01,Ярославская область,21,157100,104200,738,818,253,9,51
2021-07-01,Бурятия Республика,5,33800,19700,254,140,28,4,0
2021-07-01,Алтайский край,17,283700,187600,1174,1264,773,144,0
2021-07-01,Адыгея Республика,3,35500,23600,450,168,2,0,0
2021-07-01,Архангельская область,18,104800,71700,729,502,174,4,35
2021-07-01,Мурманская область,2,2200,1700,16,19,3,0,0
2021-07-01,Ивановская область,4,30800,21700,263,152,27,0,0
2021-07-01,Ханты-Мансийский АО - Югра,15,164300,95800,770,782,218,7,42
2021-07-01,Мордовия Республика,6,50400,30500,284,197,82,0,0
2021-07-01,Вологодская область,11,65000,50900,439,337,161,5,0
2021-07-01,Алтай Республика,1,2500,1900,32,8,0,0,0
2021-07-01,Сахалинская область,6,32600,24900,152,172,64,0,0
2021-07-01,Краснодарский край,88,1108700,740600,11839,4491,703,41,991
2021-07-01,Ненецкий Автономный округ,2,23400,16600,63,148,131,0,0
2021-07-01,Севастополь город,19,149100,102700,1205,710,183,14,0
2021-07-01,Санкт-Петербург город,87,2395300,1380400,21114,7019,2433,184,5495
2021-07-01,Приморский край,12,219000,131700,995,604,129,89,579
2021-07-01,Кировская область,12,65800,44100,414,375,129,30,33
2021-07-01,Пензенская область,14,210200,125600,1390,856,301,6,90
2021-07-01,Тульская область,23,274700,164800,1348,1091,409,2,38
2021-07-01,Омская область,4,73300,45300,681,167,40,0,50
2021-07-01,Еврейская Автономная область,1,1700,1300,12,12,3,0,0
2021-07-01,Дагестан Республика,1,14600,10700,93,66,3,6,0
2021-07-01,Свердловская область,41,763500,499400,4910,3089,1321,57,1065
2021-07-01,Новосибирская область,60,729900,444700,4368,2867,1606,166,1237
2021-07-01,Башкортостан Республика,33,515900,362900,4714,1805,937,58,409
2021-07-01,Самарская область,16,391500,251400,2252,1356,732,1,703
2021-07-01,Курская область,2,20400,15500,101,115,47,1,84
2021-07-01,Волгоградская область,16,114700,75400,1075,250,122,0,230
2021-07-01,Тюменская область,27,297500,212500,2282,1595,484,49,125
2021-07-01,Пермский край,31,498100,316700,2492,2374,1271,55,373
2021-07-01,Костромская область,16,72300,52800,445,383,164,2,0
2021-07-01,Ростовская область,71,613000,393800,4166,2336,1037,39,506
2021-08-01,Мордовия Республика,6,50400,30500,284,197,82,0,0
2021-08-01,Архангельская область,25,132500,92300,956,654,226,4,35
2021-08-01,Белгородская область,10,88200,49700,613,177,133,4,50
2021-08-01,Новгородская область,6,23600,17600,172,111,63,0,0
2021-08-01,Ярославская область,26,189200,127400,917,969,345,9,51
2021-08-01,Краснодарский край,136,1934400,1297200,18543,8402,1776,49,1129
2021-08-01,Ленинградская область,37,320000,205300,3101,1156,339,37,0
2021-08-01,Тюменская область,30,313600,224700,2461,1635,513,49,125
2021-08-01,Марий Эл Республика,8,70500,47900,401,302,168,4,0
2021-08-01,Воронежская область,22,363000,256500,2541,1404,868,2,0
2021-08-01,Астраханская область,5,74900,52500,343,392,126,0,49
2021-08-01,Дагестан Республика,1,14600,10700,93,66,3,6,0
2021-08-01,Владимирская область,23,113700,84800,949,533,214,5,66
2021-08-01,Ставропольский край,54,488700,315500,3305,2357,708,12,315
2021-08-01,Коми Республика,5,52900,32600,435,191,123,20,0
2021-08-01,Красноярский край,19,292800,185500,1343,1448,606,133,254
2021-08-01,Ульяновская область,28,210500,144800,1264,1175,358,27,36
2021-08-01,Самарская область,21,477100,305800,2807,1680,877,1,801
2021-08-01,Хабаровский край,16,189400,89700,644,597,227,29,234
2021-08-01,Калмыкия Республика,3,12700,11300,100,75,25,0,0
2021-08-01,Татарстан Республика,58,752100,473100,4684,3122,1431,10,1544
2021-08-01,Саха (Якутия) Республика ,19,177300,124300,1644,775,137,28,172
2021-08-01,Алтай Республика,1,2500,1900,32,8,0,0,0
2021-08-01,Брянская область,15,175500,113800,822,849,239,10,1
2021-08-01,Нижегородская область,22,226600,142200,1189,921,444,129,379
2021-08-01,Ямало-Ненецкий Автономный округ,16,60900,41300,453,277,132,12,0
2021-08-01,Липецкая область,11,126200,89900,801,545,196,0,150
2021-08-01,Курганская область,2,6400,4900,10,55,21,1,0
2021-08-01,Ханты-Мансийский АО - Югра,20,243500,141400,1091,1087,378,11,278
2021-08-01,Крым Республика,22,146400,93600,1236,628,92,6,58
2021-08-01,Иркутская область,48,191100,127500,1313,879,221,0,68
2021-08-01,Ненецкий Автономный округ,2,23400,16600,63,148,131,0,0
2021-08-01,Кабардино-Балкарская Республика,6,40200,31300,334,159,41,0,0
2021-08-01,Карелия Республика,13,98600,64600,295,536,340,67,34
2021-08-01,Тамбовская область,9,23200,15000,258,97,6,0,0
2021-08-01,Московская область,157,2941100,1899600,24537,14094,3566,301,2277
2021-08-01,Удмуртская Республика,22,295500,185700,1803,1429,560,64,187
2021-08-01,Ивановская область,4,30800,21700,263,152,27,0,0
2021-08-01,Забайкальский край,3,23400,20600,240,189,11,0,0
2021-08-01,Карачаево-Черкесская Республика,2,11400,7200,32,32,48,0,0
2021-08-01,Волгоградская область,18,140600,93200,1260,358,175,1,230
2021-08-01,Хакасия Республика,7,66200,46100,510,286,90,4,0
2021-08-01,Челябинская область,14,202100,134200,1028,843,460,91,27
2021-08-01,Пензенская область,14,210200,125600,1390,856,301,6,90
2021-08-01,Калужская область,21,171100,123700,1274,871,241,1,55
2021-08-01,Рязанская область,11,225200,144200,1401,980,335,1,193
2021-08-01,Северная Осетия - Алания Республика,11,84800,62000,476,358,191,0,42
2021-08-01,Кировская область,13,75400,50000,446,407,161,30,60
2021-08-01,Сахалинская область,6,32600,24900,152,172,64,0,0
2021-08-01,Адыгея Республика,5,45200,29600,562,200,2,0,0
2021-08-01,Бурятия Республика,7,69700,41800,611,191,147,4,0
2021-08-01,Костромская область,25,114200,82800,645,603,271,2,0
2021-08-01,Тверская область,21,148600,104400,893,621,278,57,23
2021-08-01,Мурманская область,2,2200,1700,16,19,3,0,0
2021-08-01,Псковская область,14,120500,83400,923,401,293,12,8
2021-08-01,Вологодская область,12,81800,67700,643,508,171,5,0
2021-08-01,Курская область,2,20400,15500,101,115,47,1,84
2021-08-01,Санкт-Петербург город,102,2942100,1696300,26970,8533,2946,214,7231
2021-08-01,Кемеровская область - Кузбасс,11,137800,91100,1483,178,68,31,185
2021-08-01,Чеченская Республика,2,23100,17000,79,100,40,20,0
2021-08-01,Чувашская Республика,27,279800,194100,1784,1442,429,10,30
2021-08-01,Приморский край,13,234900,140400,1035,644,169,89,663
2021-08-01,Москва город,45,1854300,1021500,8633,5894,2454,622,6029
2021-08-01,Тульская область,26,298000,180900,1405,1204,469,4,38
2021-08-01,Пермский край,40,713100,463400,3886,3204,1834,81,521
2021-08-01,Смоленская область,17,129400,94800,893,595,249,9,45
2021-08-01,Томская область,2,21400,15100,333,60,0,15,0
2021-08-01,Омская область,5,80200,49800,771,197,40,0,50
2021-08-01,Новосибирская область,64,778500,477200,4533,3058,1786,198,1237
2021-08-01,Калининградская область,68,581400,376900,3612,2842,795,17,518
2021-08-01,Алтайский край,21,361100,232200,1862,1562,852,159,19
2021-08-01,Орловская область,7,78600,54900,449,419,166,0,0
2021-08-01,Башкортостан Республика,43,652000,444200,5716,2311,1192,80,692
2021-08-01,Ростовская область,83,718600,449100,4833,2693,1159,39,1005
2021-08-01,Свердловская область,49,986700,628200,5850,3887,1644,98,1720
2021-08-01,Оренбургская область,10,84800,60300,507,419,205,0,0
2021-08-01,Севастополь город,20,182700,126100,1509,882,203,14,0
2021-08-01,Саратовская область,20,347300,213600,2516,1458,475,0,0
2021-08-01,Еврейская Автономная область,1,1700,1300,12,12,3,0,0
2021-09-01,Костромская область,26,116100,84000,663,609,271,2,0
2021-09-01,Тверская область,24,173200,120900,1065,718,338,57,23
2021-09-01,Тюменская область,40,376700,270700,2975,1981,613,49,125
2021-09-01,Татарстан Республика,68,999900,610400,5790,3872,1878,67,2699
2021-09-01,Калмыкия Республика,3,12700,11300,100,75,25,0,0
2021-09-01,Курганская область,5,29800,21500,237,216,31,1,0
2021-09-01,Крым Республика,24,157800,101000,1270,722,92,6,58
2021-09-01,Бурятия Республика,7,69700,41800,611,191,147,4,0
2021-09-01,Алтай Республика,1,2500,1900,32,8,0,0,0
2021-09-01,Карачаево-Черкесская Республика,2,11400,7200,32,32,48,0,0
2021-09-01,Ставропольский край,57,555400,354200,3578,2604,849,12,494
2021-09-01,Орловская область,7,78600,54900,449,419,166,0,0
2021-09-01,Иркутская область,51,218600,144400,1503,968,256,0,112
2021-09-01,Кабардино-Балкарская Республика,6,40200,31300,334,159,41,0,0
2021-09-01,Ненецкий Автономный округ,2,23400,16600,63,148,131,0,0
2021-09-01,Краснодарский край,139,2000500,1341700,18890,8744,1919,49,1157
2021-09-01,Воронежская область,27,441700,308100,3108,1664,979,21,0
2021-09-01,Ивановская область,4,30800,21700,263,152,27,0,0
2021-09-01,Липецкая область,13,164600,123800,1265,721,216,0,150
2021-09-01,Ханты-Мансийский АО - Югра,22,317800,195200,1435,1534,460,12,479
2021-09-01,Севастополь город,20,182700,126100,1509,882,203,14,0
2021-09-01,Волгоградская область,19,149100,99400,1314,430,184,1,230
2021-09-01,Санкт-Петербург город,115,3382100,1967900,32725,10025,3135,214,7342
2021-09-01,Дагестан Республика,1,14600,10700,93,66,3,6,0
2021-09-01,Смоленская область,18,137500,101100,953,655,249,9,45
2021-09-01,Хакасия Республика,10,81300,56500,642,324,130,4,0
2021-09-01,Калининградская область,76,662100,430300,4220,3256,849,17,518
2021-09-01,Мордовия Республика,7,60800,37900,356,269,82,0,0
2021-09-01,Белгородская область,10,88200,49700,613,177,133,4,50
2021-09-01,Тамбовская область,10,32000,21900,306,127,37,0,0
2021-09-01,Удмуртская Республика,25,318800,201100,1979,1576,594,64,187
2021-09-01,Рязанская область,12,240200,153700,1495,1056,354,1,193
2021-09-01,Брянская область,18,229600,151700,938,1172,329,10,1
2021-09-01,Коми Республика,6,59600,37500,487,229,131,20,0
2021-09-01,Ленинградская область,47,492100,318500,4664,1954,546,38,0
2021-09-01,Новосибирская область,72,910300,563900,4979,3810,2153,237,1290
2021-09-01,Курская область,3,28400,21500,125,163,71,1,84
2021-09-01,Ярославская область,27,201300,136200,999,1034,362,9,51
2021-09-01,Московская область,166,3227300,2079800,26473,15468,3922,309,2463
2021-09-01,Чувашская Республика,29,295700,205800,1872,1520,469,11,30
2021-09-01,Красноярский край,23,345500,217400,1375,1794,692,165,254
2021-09-01,Сахалинская область,6,32600,24900,152,172,64,0,0
2021-09-01,Алтайский край,22,366700,236700,1893,1631,852,169,19
2021-09-01,Адыгея Республика,6,56200,36500,627,239,16,0,0
2021-09-01,Кемеровская область - Кузбасс,11,137800,91100,1483,178,68,31,185
2021-09-01,Хабаровский край,17,227700,106400,740,619,246,45,411
2021-09-01,Нижегородская область,25,245700,156300,1314,979,520,129,379
2021-09-01,Астраханская область,6,84400,58900,399,432,144,0,49
2021-09-01,Чеченская Республика,2,23100,17000,79,100,40,20,0
2021-09-01,Забайкальский край,3,23400,20600,240,189,11,0,0
2021-09-01,Башкортостан Республика,45,680000,466700,5995,2523,1219,80,692
2021-09-01,Томская область,2,21400,15100,333,60,0,15,0
2021-09-01,Мурманская область,2,2200,1700,16,19,3,0,0
2021-09-01,Еврейская Автономная область,1,1700,1300,12,12,3,0,0
2021-09-01,Свердловская область,58,1104700,702600,6749,4323,1783,142,1852
2021-09-01,Владимирская область,24,122800,91100,999,593,224,5,66
2021-09-01,Новгородская область,6,23600,17600,172,111,63,0,0
2021-09-01,Архангельская область,26,144400,100900,1153,672,244,4,35
2021-09-01,Саха (Якутия) Республика ,20,185500,130100,1692,825,139,28,172
2021-09-01,Кировская область,13,75400,50000,446,407,161,30,60
2021-09-01,Омская область,5,80200,49800,771,197,40,0,50
2021-09-01,Псковская область,14,120500,83400,923,401,293,12,8
2021-09-01,Самарская область,22,495000,319000,3212,1740,878,2,801
2021-09-01,Оренбургская область,10,84800,60300,507,419,205,0,0
2021-09-01,Марий Эл Республика,12,90900,62300,518,420,216,5,0
2021-09-01,Ростовская область,95,974000,605300,6567,3710,1572,76,1409
2021-09-01,Ульяновская область,28,210500,144800,1264,1175,358,27,36
2021-09-01,Калужская область,21,171100,123700,1274,871,241,1,55
2021-09-01,Пензенская область,16,232900,141800,1485,1019,334,6,90
2021-09-01,Москва город,55,2409400,1367600,12597,7538,3488,686,7529
2021-09-01,Карелия Республика,15,106600,70400,328,590,372,70,34
2021-09-01,Северная Осетия - Алания Республика,13,112400,82200,601,471,258,0,86
2021-09-01,Вологодская область,19,126100,95600,962,687,222,12,0
2021-09-01,Ямало-Ненецкий Автономный округ,20,82500,56500,589,384,194,13,0
2021-09-01,Саратовская область,20,347300,213600,2516,1458,475,0,0
2021-09-01,Тульская область,27,336000,207700,1605,1348,567,4,38
2021-09-01,Челябинская область,16,215300,144100,1117,931,510,91,27
2021-09-01,Пермский край,50,803800,523700,4541,3639,2051,100,540
2021-09-01,Приморский край,14,253400,153500,1183,763,169,89,734
2021-10-01,Калмыкия Республика,4,24100,19500,155,128,33,0,0
2021-10-01,Карелия Республика,20,184900,121300,644,1305,422,70,34
2021-10-01,Свердловская область,61,1158600,740300,7247,4599,1861,145,1852
2021-10-01,Московская область,175,3371900,2170800,27337,16151,4192,318,2463
2021-10-01,Удмуртская Республика,29,364300,232000,2226,1793,734,78,187
2021-10-01,Пермский край,58,897500,584000,5063,3948,2311,117,601
2021-10-01,Севастополь город,21,200200,139700,1529,982,293,14,0
2021-10-01,Марий Эл Республика,14,113800,77100,586,518,285,6,0
2021-10-01,Ярославская область,30,216100,148800,1104,1121,401,9,51
2021-10-01,Ростовская область,99,1089600,681000,7747,4146,1652,77,1436
2021-10-01,Ивановская область,4,30800,21700,263,152,27,0,0
2021-10-01,Бурятия Республика,7,69700,41800,611,191,147,4,0
2021-10-01,Вологодская область,24,165000,125700,1181,873,359,18,0
2021-10-01,Сахалинская область,7,36300,27500,181,181,64,0,0
2021-10-01,Санкт-Петербург город,125,3539900,2066000,34294,10655,3254,218,7493
2021-10-01,Астраханская область,6,84400,58900,399,432,144,0,49
2021-10-01,Самарская область,27,563900,369200,3746,2067,979,2,801
2021-10-01,Омская область,5,80200,49800,771,197,40,0,50
2021-10-01,Чеченская Республика,4,53600,37200,99,248,168,20,0
2021-10-01,Орловская область,7,78600,54900,449,419,166,0,0
2021-10-01,Курская область,5,35600,27400,205,183,71,9,84
2021-10-01,Татарстан Республика,78,1196900,727300,6667,4661,2237,95,3250
2021-10-01,Псковская область,14,120500,83400,923,401,293,12,8
2021-10-01,Новосибирская область,80,1000800,622700,5877,4119,2285,265,1364
2021-10-01,Брянская область,20,248200,164500,970,1290,368,16,1
2021-10-01,Ставропольский край,59,568900,363200,3684,2658,867,12,494
2021-10-01,Алтай Республика,1,2500,1900,32,8,0,0,0
2021-10-01,Калининградская область,87,720200,466200,4779,3466,925,17,561
2021-10-01,Калужская область,21,171100,123700,1274,871,241,1,55
2021-10-01,Ханты-Мансийский АО - Югра,23,320200,197200,1453,1561,460,12,479
2021-10-01,Саратовская область,22,362600,222700,2626,1495,515,0,0
2021-10-01,Тульская область,27,336000,207700,1605,1348,567,4,38
2021-10-01,Коми Республика,7,72300,46400,509,320,200,21,0
2021-10-01,Костромская область,27,124000,88800,711,657,271,2,0
2021-10-01,Ямало-Ненецкий Автономный округ,22,104500,72100,808,433,224,29,0
2021-10-01,Тверская область,24,173200,120900,1065,718,338,57,23
2021-10-01,Краснодарский край,146,2150500,1423400,19718,9215,2089,60,1444
2021-10-01,Алтайский край,25,406900,262800,2111,1880,956,179,92
2021-10-01,Дагестан Республика,4,75200,56400,294,331,197,6,0
2021-10-01,Тюменская область,43,421900,297300,3156,2135,729,49,279
2021-10-01,Мордовия Республика,8,68500,42800,408,303,90,0,0
2021-10-01,Томская область,2,21400,15100,333,60,0,15,0
2021-10-01,Курганская область,5,29800,21500,237,216,31,1,0
2021-10-01,Рязанская область,13,251700,160400,1540,1116,369,1,206
2021-10-01,Нижегородская область,38,421200,269000,2661,1859,831,138,454
2021-10-01,Воронежская область,30,519500,361700,3597,1934,1193,22,0
2021-10-01,Ненецкий Автономный округ,2,23400,16600,63,148,131,0,0
2021-10-01,Адыгея Республика,17,125000,82200,1337,543,100,0,0
2021-10-01,Оренбургская область,11,87400,62300,537,433,207,0,0
2021-10-01,Челябинская область,17,236000,158200,1225,1109,541,91,27
2021-10-01,Крым Республика,26,171100,113600,1315,810,153,6,58
2021-10-01,Саха (Якутия) Республика ,21,195600,136500,1718,903,143,28,172
2021-10-01,Архангельская область,30,184600,130600,1402,863,335,15,35
2021-10-01,Северная Осетия - Алания Республика,14,124700,90900,677,521,288,0,128
2021-10-01,Ленинградская область,52,540500,353000,4963,2257,638,38,68
2021-10-01,Забайкальский край,3,23400,20600,240,189,11,0,0
2021-10-01,Липецкая область,14,208300,151000,1417,896,303,24,282
2021-10-01,Москва город,62,3243700,1821300,15475,10690,5023,871,11449
2021-10-01,Чувашская Республика,30,315800,218200,1984,1632,469,11,30
2021-10-01,Хакасия Республика,10,81300,56500,642,324,130,4,0
2021-10-01,Приморский край,17,283900,175500,1392,824,281,89,765
2021-10-01,Кировская область,14,82300,55200,633,407,161,30,60
2021-10-01,Новгородская область,6,23600,17600,172,111,63,0,0
2021-10-01,Кемеровская область - Кузбасс,12,146600,97600,1521,225,87,36,199
2021-10-01,Еврейская Автономная область,1,1700,1300,12,12,3,0,0
2021-10-01,Тамбовская область,10,32000,21900,306,127,37,0,0
2021-10-01,Карачаево-Черкесская Республика,2,11400,7200,32,32,48,0,0
2021-10-01,Смоленская область,19,142500,105200,983,675,269,9,45
2021-10-01,Кабардино-Балкарская Республика,7,53000,39900,344,253,53,0,0
2021-10-01,Волгоградская область,21,175000,116600,1411,557,240,11,230
2021-10-01,Ульяновская область,30,221700,153400,1361,1184,363,27,64
2021-10-01,Красноярский край,28,412600,264300,1986,2079,810,165,282
2021-10-01,Башкортостан Республика,52,752500,503700,6364,2708,1343,88,818
2021-10-01,Мурманская область,2,2200,1700,16,19,3,0,0
2021-10-01,Белгородская область,11,93500,53300,682,194,133,4,50
2021-10-01,Пензенская область,17,286700,171300,1671,1205,468,6,224
2021-10-01,Иркутская область,51,218600,144400,1503,968,256,0,112
2021-10-01,Хабаровский край,46,258800,128500,915,758,284,77,411
2021-10-01,Владимирская область,24,122800,91100,999,593,224,5,66
2021-11-01,Вологодская область,28,193700,144500,1332,994,445,18,0
2021-11-01,Удмуртская Республика,31,407900,260900,2523,1953,825,89,230
2021-11-01,Ростовская область,109,1344300,821100,9209,5238,1942,77,1624
2021-11-01,Санкт-Петербург город,142,4155300,2449300,40517,12504,3993,250,8138
2021-11-01,Ивановская область,6,47200,34000,421,195,61,8,0
2021-11-01,Белгородская область,21,149800,87700,1134,417,178,5,50
2021-11-01,Тверская область,26,189300,131400,1090,794,379,57,30
2021-11-01,Пензенская область,18,299300,177500,1695,1257,470,22,224
2021-11-01,Алтай Республика,1,2500,1900,32,8,0,0,0
2021-11-01,Нижегородская область,44,507100,323700,3270,2247,947,138,537
2021-11-01,Псковская область,17,146000,101600,995,519,375,12,8
2021-11-01,Костромская область,29,147600,104600,798,811,316,2,0
2021-11-01,Саратовская область,25,417400,260800,2861,1690,712,0,0
2021-11-01,Сахалинская область,8,75000,50900,273,410,112,1,58
2021-11-01,Тамбовская область,12,46600,32200,428,211,45,0,0
2021-11-01,Дагестан Республика,4,75200,56400,294,331,197,6,0
2021-11-01,Чувашская Республика,36,398000,269300,2327,2052,588,15,132
2021-11-01,Рязанская область,15,295300,188400,1792,1297,458,3,206
2021-11-01,Краснодарский край,158,2414500,1602400,22054,10321,2367,68,1722
2021-11-01,Челябинская область,22,305100,207400,1432,1726,739,91,27
2021-11-01,Мурманская область,2,2200,1700,16,19,3,0,0
2021-11-01,Иркутская область,51,218600,144400,1503,968,256,0,112
2021-11-01,Московская область,187,3572600,2309300,29456,17235,4360,318,2463
2021-11-01,Тюменская область,52,470700,329600,3372,2370,846,56,279
2021-11-01,Северная Осетия - Алания Республика,15,130400,95000,731,539,306,0,128
2021-11-01,Хабаровский край,48,282800,146300,1117,884,319,82,411
2021-11-01,Калининградская область,100,826700,533100,5542,3925,1056,17,690
2021-11-01,Татарстан Республика,86,1365700,832600,7662,5369,2407,106,3633
2021-11-01,Астраханская область,6,84400,58900,399,432,144,0,49
2021-11-01,Тульская область,27,336000,207700,1605,1348,567,4,38
2021-11-01,Приморский край,22,331900,205700,1755,970,351,89,884
2021-11-01,Новгородская область,6,23600,17600,172,111,63,0,0
2021-11-01,Самарская область,32,666000,439700,4674,2509,1069,2,801
2021-11-01,Владимирская область,29,179100,133500,1449,802,364,5,66
2021-11-01,Пермский край,65,1059800,683400,5768,4638,2643,209,822
2021-11-01,Калужская область,21,171100,123700,1274,871,241,1,55
2021-11-01,Томская область,2,21400,15100,333,60,0,15,0
2021-11-01,Севастополь город,21,200200,139700,1529,982,293,14,0
2021-11-01,Карелия Республика,22,215900,141100,760,1554,466,80,34
2021-11-01,Орловская область,7,78600,54900,449,419,166,0,0
2021-11-01,Саха (Якутия) Республика ,26,263300,183600,2438,1104,175,28,208
2021-11-01,Курская область,5,35600,27400,205,183,71,9,84
2021-11-01,Кабардино-Балкарская Республика,7,53000,39900,344,253,53,0,0
2021-11-01,Адыгея Республика,18,139800,91600,1527,607,100,0,0
2021-11-01,Марий Эл Республика,15,137600,91700,754,645,294,6,0
2021-11-01,Ставропольский край,61,619200,392400,4075,2823,918,12,549
2021-11-01,Красноярский край,35,484900,311300,2451,2506,840,165,316
2021-11-01,Воронежская область,31,524800,364500,3597,1941,1214,22,31
2021-11-01,Башкортостан Республика,59,831400,567800,6941,3048,1596,108,818
2021-11-01,Хакасия Республика,11,85400,59900,677,341,149,4,0
2021-11-01,Архангельская область,35,212700,149900,1595,981,388,17,53
2021-11-01,Ямало-Ненецкий Автономный округ,22,104500,72100,808,433,224,29,0
2021-11-01,Калмыкия Республика,4,24100,19500,155,128,33,0,0
2021-11-01,Коми Республика,9,99700,65300,643,472,316,34,0
2021-11-01,Ленинградская область,63,603400,398900,5593,2535,759,38,74
2021-11-01,Забайкальский край,3,23400,20600,240,189,11,0,0
2021-11-01,Ненецкий Автономный округ,2,23400,16600,63,148,131,0,0
2021-11-01,Омская область,6,90600,56500,849,228,59,0,56
2021-11-01,Крым Республика,27,183000,121200,1408,836,184,6,58
2021-11-01,Алтайский край,26,410400,265000,2141,1895,961,179,92
2021-11-01,Брянская область,24,275300,183900,1154,1440,412,16,1
2021-11-01,Свердловская область,68,1333700,859100,8680,5375,2105,145,2029
2021-11-01,Еврейская Автономная область,1,1700,1300,12,12,3,0,0
2021-11-01,Оренбургская область,13,110500,81600,782,557,244,0,0
2021-11-01,Карачаево-Черкесская Республика,2,11400,7200,32,32,48,0,0
2021-11-01,Ханты-Мансийский АО - Югра,28,380200,240200,1874,1800,607,12,479
2021-11-01,Мордовия Республика,9,74100,47000,435,339,99,0,0
2021-11-01,Смоленская область,27,177300,132900,1158,857,381,9,45
2021-11-01,Кировская область,16,106900,70300,703,548,214,39,60
2021-11-01,Липецкая область,18,211400,153800,1417,910,315,24,282
2021-11-01,Кемеровская область - Кузбасс,13,157000,105200,1597,291,111,36,199
2021-11-01,Бурятия Республика,10,92000,58900,851,296,177,4,0
2021-11-01,Ярославская область,34,260300,177000,1290,1313,499,9,129
2021-11-01,Волгоградская область,21,175000,116600,1411,557,240,11,230
2021-11-01,Ульяновская область,34,236600,163300,1481,1244,388,27,64
2021-11-01,Чеченская Республика,5,75600,51600,195,350,168,20,0
2021-11-01,Москва город,75,3762600,2120900,18062,12537,5859,956,13105
2021-11-01,Новосибирская область,96,1162000,718800,6726,4653,2673,348,1472
2021-11-01,Курганская область,8,56200,40700,437,371,78,1,0
2021-12-01,Тамбовская область,13,63600,45500,575,256,93,0,0
2021-12-01,Костромская область,31,149700,106300,810,822,326,2,0
2021-12-01,Нижегородская область,46,513500,327500,3342,2279,947,138,537
2021-12-01,Красноярский край,41,644500,414200,3060,3076,1253,206,489
2021-12-01,Ямало-Ненецкий Автономный округ,25,140100,96900,924,675,324,33,0
2021-12-01,Ставропольский край,67,710800,453900,4747,3281,1063,13,597
2021-12-01,Челябинская область,26,389500,264400,1882,2066,1059,118,27
2021-12-01,Смоленская область,28,181000,135900,1198,877,381,9,45
2021-12-01,Хабаровский край,52,317200,170800,1402,1041,378,91,411
2021-12-01,Архангельская область,38,235400,165800,1614,1131,488,25,53
2021-12-01,Коми Республика,9,99700,65300,643,472,316,34,0
2021-12-01,Пензенская область,19,309100,184800,1697,1283,540,50,224
2021-12-01,Калмыкия Республика,4,24100,19500,155,128,33,0,0
2021-12-01,Татарстан Республика,89,1397100,854600,7802,5571,2511,106,3633
2021-12-01,Оренбургская область,14,114500,84500,792,580,260,0,0
2021-12-01,Ульяновская область,38,292700,198000,1888,1491,458,35,92
2021-12-01,Алтай Республика,1,2500,1900,32,8,0,0,0
2021-12-01,Мурманская область,2,2200,1700,16,19,3,0,0
2021-12-01,Свердловская область,75,1480000,950100,9727,5883,2381,193,2184
2021-12-01,Волгоградская область,30,270500,181900,1912,1081,439,21,230
2021-12-01,Новгородская область,6,23600,17600,172,111,63,0,0
2021-12-01,Иркутская область,51,218600,144400,1503,968,256,0,112
2021-12-01,Ярославская область,40,313900,213400,1713,1546,548,72,149
2021-12-01,Дагестан Республика,4,75200,56400,294,331,197,6,0
2021-12-01,Карачаево-Черкесская Республика,2,11400,7200,32,32,48,0,0
2021-12-01,Орловская область,7,78600,54900,449,419,166,0,0
2021-12-01,Псковская область,17,146000,101600,995,519,375,12,8
2021-12-01,Новосибирская область,117,1494700,917300,8254,6132,3351,505,1975
2021-12-01,Калининградская область,117,1005600,641900,6390,4787,1261,30,972
2021-12-01,Ивановская область,7,55000,39700,433,207,97,8,31
2021-12-01,Пермский край,69,1105400,709900,5948,4823,2762,239,947
2021-12-01,Белгородская область,24,167800,101000,1305,504,192,6,50
2021-12-01,Санкт-Петербург город,150,4342500,2559900,42836,12982,4145,267,8271
2021-12-01,Забайкальский край,3,23400,20600,240,189,11,0,0
2021-12-01,Башкортостан Республика,63,925600,617800,7333,3390,1679,164,962
2021-12-01,Саха (Якутия) Республика ,27,288100,198700,2527,1195,215,28,284
2021-12-01,Курганская область,9,68500,48500,507,452,87,1,0
2021-12-01,Самарская область,38,775000,511400,5357,3014,1249,2,801
2021-12-01,Краснодарский край,207,2524100,1687100,22855,10797,2546,210,1722
2021-12-01,Ленинградская область,72,726500,478100,6634,3120,919,40,74
2021-12-01,Марий Эл Республика,15,137600,91700,754,645,294,6,0
2021-12-01,Кемеровская область - Кузбасс,14,164600,110000,1646,338,123,36,199
2021-12-01,Рязанская область,16,302000,194000,1822,1344,474,3,206
2021-12-01,Бурятия Республика,11,106700,69300,969,343,230,4,0
2021-12-01,Алтайский край,28,458400,297200,2627,2168,1007,179,133
2021-12-01,Омская область,6,90600,56500,849,228,59,0,56
2021-12-01,Тюменская область,73,580200,402400,3989,2802,1096,113,279
2021-12-01,Тульская область,29,369400,231300,1825,1524,611,4,38
2021-12-01,Кабардино-Балкарская Республика,7,53000,39900,344,253,53,0,0
2021-12-01,Кировская область,16,106900,70300,703,548,214,39,60
2021-12-01,Томская область,2,21400,15100,333,60,0,15,0
2021-12-01,Чеченская Республика,5,75600,51600,195,350,168,20,0
2021-12-01,Воронежская область,33,573600,394900,3948,2070,1259,31,134
2021-12-01,Приморский край,22,331900,205700,1755,970,351,89,884
2021-12-01,Москва город,91,4306300,2465600,21318,14461,6767,1087,15172
2021-12-01,Ненецкий Автономный округ,2,23400,16600,63,148,131,0,0
2021-12-01,Севастополь город,21,200200,139700,1529,982,293,14,0
2021-12-01,Удмуртская Республика,33,448300,283200,2640,2086,933,133,352
2021-12-01,Чувашская Республика,38,423400,287200,2459,2223,616,15,132
2021-12-01,Курская область,6,41100,31900,285,203,71,9,84
2021-12-01,Брянская область,28,317400,214300,1405,1652,485,16,1
2021-12-01,Крым Республика,28,193900,127200,1469,898,185,6,58
2021-12-01,Северная Осетия - Алания Республика,15,130400,95000,731,539,306,0,128
2021-12-01,Владимирская область,30,196700,145300,1606,863,395,5,66
2021-12-01,Калужская область,23,186100,134600,1346,953,267,1,55
2021-12-01,Московская область,213,3846200,2486900,31357,18464,4806,337,2667
2021-12-01,Липецкая область,18,211400,153800,1417,910,315,24,282
2021-12-01,Еврейская Автономная область,1,1700,1300,12,12,3,0,0
2021-12-01,Тверская область,26,189300,131400,1090,794,379,57,30
2021-12-01,Ханты-Мансийский АО - Югра,30,421900,267700,2292,2020,613,12,479
2021-12-01,Вологодская область,30,207800,155000,1424,1054,495,19,0
2021-12-01,Карелия Республика,23,240200,157100,927,1665,466,80,106
2021-12-01,Ростовская область,115,1485400,921000,10733,5682,2177,108,1692
2021-12-01,Саратовская область,29,514600,330100,3260,2290,947,0,0
2021-12-01,Адыгея Республика,20,157100,102500,1711,673,127,0,0
2021-12-01,Хакасия Республика,13,95200,67900,735,401,163,4,1
2021-12-01,Мордовия Республика,9,74100,47000,435,339,99,0,0
2021-12-01,Астраханская область,7,98000,68000,441,516,165,0,75
2021-12-01,Сахалинская область,10,81000,55800,288,455,127,1,58
2022-01-01,Белгородская область,67,294800,195400,2573,1086,364,16,124
2022-01-01,Курская область,35,333400,255100,2754,1533,588,17,140
2022-01-01,Иркутская область,162,802500,576400,6909,3150,1116,92,151
2022-01-01,Севастополь город,26,248800,181200,2067,1155,371,19,0
2022-01-01,Тверская область,105,518800,367900,3923,2318,812,178,30
2022-01-01,Томская область,7,100400,62400,681,327,173,21,68
2022-01-01,Челябинская область,124,1898900,1258800,6564,10013,5142,891,29
2022-01-01,Приморский край,56,838100,518800,7004,2563,656,94,1757
2022-01-01,Калужская область,72,970000,633300,6120,4727,1254,42,300
2022-01-01,Удмуртская Республика,68,1036400,655800,5876,4500,1836,351,1338
2022-01-01,Ульяновская область,88,505700,354000,3357,2695,932,56,92
2022-01-01,Тамбовская область,36,273800,187200,1770,1189,492,3,0
2022-01-01,Пензенская область,37,531100,335100,3321,2338,872,75,420
2022-01-01,Марий Эл Республика,39,295700,201400,1694,1449,647,7,4
2022-01-01,Рязанская область,34,678200,442900,4752,2844,1062,13,206
2022-01-01,Красноярский край,80,1391600,916400,6616,6404,3165,481,1059
2022-01-01,Санкт-Петербург город,465,14381300,8635900,128371,43916,16222,1636,17833
2022-01-01,Кемеровская область - Кузбасс,49,468600,316400,3605,1942,755,54,263
2022-01-01,Мурманская область,2,2200,1700,16,19,3,0,0
2022-01-01,Воронежская область,117,1766200,1209600,13282,6909,3152,37,522
2022-01-01,Москва город,332,13353700,7940900,61398,51560,24690,3638,40412
2022-01-01,Адыгея Республика,50,313800,207100,3844,1255,311,0,30
2022-01-01,Кабардино-Балкарская Республика,7,53000,39900,344,253,53,0,0
2022-01-01,Астраханская область,13,154500,101500,762,785,190,18,143
2022-01-01,Бурятия Республика,33,214000,148300,2119,716,290,39,19
2022-01-01,Ростовская область,207,2712000,1723500,20514,11160,4001,125,2155
2022-01-01,Ямало-Ненецкий Автономный округ,42,241800,170200,1680,1175,501,95,894
2022-01-01,Орловская область,12,155900,106500,1217,550,355,0,0
2022-01-01,Ярославская область,73,613600,409200,3520,2981,1021,110,149
2022-01-01,Еврейская Автономная область,1,1700,1300,12,12,3,0,0
2022-01-01,Калмыкия Республика,7,30800,24300,181,191,34,0,0
2022-01-01,Костромская область,78,189500,140100,1018,1165,395,2,0
2022-01-01,Чувашская Республика,98,1037900,711600,7407,5109,1328,21,669
2022-01-01,Крым Республика,70,659100,365900,3977,2378,640,52,503
2022-01-01,Новгородская область,36,265400,189900,1473,1346,663,7,56
2022-01-01,Саратовская область,80,1077200,697000,6655,4589,2317,8,0
2022-01-01,Ставропольский край,109,1159500,759900,8618,5404,1498,20,683
2022-01-01,Владимирская область,100,422400,311100,3408,1976,638,15,341
2022-01-01,Алтай Республика,2,5900,4300,58,36,0,0,0
2022-01-01,Ивановская область,20,172400,118600,1176,590,268,12,216
2022-01-01,Северная Осетия - Алания Республика,25,239300,171600,1216,875,603,22,230
2022-01-01,Татарстан Республика,241,2921100,1918700,19132,13579,5108,234,4632
2022-01-01,Ненецкий Автономный округ,2,23400,16600,63,148,131,0,0
2022-01-01,Мордовия Республика,22,147600,100200,911,642,265,0,0
2022-01-01,Курганская область,19,125500,100000,1255,803,149,1,1
2022-01-01,Омская область,10,192300,126800,1952,474,118,0,95
2022-01-01,Забайкальский край,14,130800,92800,866,839,154,22,38
2022-01-01,Пермский край,92,1631200,1054900,8662,7344,4083,327,1576
2022-01-01,Алтайский край,61,978000,648600,5731,4868,2076,297,182
2022-01-01,Калининградская область,164,1503100,982400,9889,7067,1826,31,1582
2022-01-01,Башкортостан Республика,153,1996500,1366300,15410,8581,3490,226,1212
2022-01-01,Брянская область,57,605300,422100,3842,2874,853,18,26
2022-01-01,Оренбургская область,51,595400,404900,5080,2553,864,9,0
2022-01-01,Ингушетия Республика,1,108000,54200,108,252,220,0,280
2022-01-01,Ленинградская область,154,2421600,1525000,25860,8723,2541,67,832
2022-01-01,Краснодарский край,532,5488300,3697500,48161,23782,5546,450,2049
2022-01-01,Хакасия Республика,20,165100,111100,1104,654,312,9,1
2022-01-01,Ханты-Мансийский АО - Югра,35,456500,290700,2457,2191,677,12,479
2022-01-01,Саха (Якутия) Республика ,37,407600,279600,3531,1763,297,31,305
2022-01-01,Амурская область,8,50200,40600,434,256,124,1,67
2022-01-01,Нижегородская область,97,1077100,710100,7237,5074,1959,254,776
2022-01-01,Тульская область,67,794700,518100,4107,3699,1382,7,354
2022-01-01,Тюменская область,194,1802000,1204800,9868,7691,4259,478,2282
2022-01-01,Волгоградская область,104,750700,504000,5280,3750,1127,56,288
2022-01-01,Хабаровский край,57,369700,204200,1874,1179,463,91,481
2022-01-01,Дагестан Республика,4,75200,56400,294,331,197,6,0
2022-01-01,Кировская область,43,375400,253300,2825,1947,667,50,152
2022-01-01,Архангельская область,48,314300,219200,1983,1509,706,50,79
2022-01-01,Сахалинская область,28,186200,121400,878,1056,248,10,134
2022-01-01,Чеченская Республика,7,118200,77400,295,566,252,36,0
2022-01-01,Самарская область,134,1664900,1060200,15132,7110,2817,32,868
2022-01-01,Вологодская область,71,575400,405300,3665,2849,1236,70,0
2022-01-01,Липецкая область,57,596000,408200,3378,2591,1008,70,480
2022-01-01,Свердловская область,158,3259200,2105400,23129,13654,5242,310,4180
2022-01-01,Московская область,612,13224100,8679700,99672,62292,20170,1041,7120
2022-01-01,Карелия Республика,36,313100,210800,1077,2271,813,122,106
2022-01-01,Коми Республика,12,130800,86400,754,624,424,55,0
2022-01-01,Новосибирская область,331,3090900,1857400,18999,12651,6205,773,3447
2022-01-01,Псковская область,21,180300,127400,1236,664,475,12,8
2022-01-01,Карачаево-Черкесская Республика,4,42200,25800,142,133,97,5,53
2022-01-01,Смоленская область,85,586600,427500,4030,2971,898,53,262
2022-02-01,Крым Республика,72,674600,376700,4120,2450,640,52,503
2022-02-01,Орловская область,14,171500,117900,1381,635,355,0,0
2022-02-01,Ставропольский край,117,1252200,815700,9270,5718,1601,20,763
2022-02-01,Краснодарский край,552,5861100,3939800,51412,25246,5803,450,2139
2022-02-01,Марий Эл Республика,47,341800,234100,1992,1698,712,12,4
2022-02-01,Рязанская область,39,792600,514900,5851,3269,1190,14,298
2022-02-01,Карачаево-Черкесская Республика,4,42200,25800,142,133,97,5,53
2022-02-01,Кировская область,49,406700,275800,2992,2123,750,56,152
2022-02-01,Саха (Якутия) Республика ,39,429200,293400,3715,1832,308,31,305
2022-02-01,Башкортостан Республика,167,2217100,1514900,17372,9500,3945,290,1212
2022-02-01,Дагестан Республика,4,75200,56400,294,331,197,6,0
2022-02-01,Ханты-Мансийский АО - Югра,38,494300,321500,2692,2430,709,22,631
2022-02-01,Забайкальский край,14,130800,92800,866,839,154,22,38
2022-02-01,Калининградская область,181,1608900,1047400,10540,7571,1946,31,1719
2022-02-01,Кабардино-Балкарская Республика,7,53000,39900,344,253,53,0,0
2022-02-01,Калужская область,76,1014900,658900,6254,4934,1330,42,464
2022-02-01,Амурская область,9,53100,42900,450,273,131,1,67
2022-02-01,Карелия Республика,41,370000,244800,1199,2579,1006,170,214
2022-02-01,Пермский край,98,1682200,1090000,9358,7580,4168,327,1576
2022-02-01,Иркутская область,172,821700,592700,7000,3239,1142,98,151
2022-02-01,Оренбургская область,54,665400,450700,5444,2831,1049,9,0
2022-02-01,Брянская область,60,643500,448700,4018,3064,962,18,26
2022-02-01,Липецкая область,62,631200,433500,3616,2735,1066,72,480
2022-02-01,Самарская область,139,1747600,1110600,15785,7317,3005,33,1083
2022-02-01,Саратовская область,90,1138100,731300,7221,4800,2358,8,0
2022-02-01,Ростовская область,228,3100700,1959000,23368,12633,4553,144,2199
2022-02-01,Алтайский край,67,1106800,739200,6453,5475,2543,315,227
2022-02-01,Мурманская область,2,2200,1700,16,19,3,0,0
2022-02-01,Астраханская область,14,171600,114100,852,869,221,28,143
2022-02-01,Тверская область,111,692000,394300,4375,2489,832,178,30
2022-02-01,Омская область,11,204800,134400,2104,508,118,0,95
2022-02-01,Свердловская область,167,3434100,2221500,24098,14675,5415,314,4486
2022-02-01,Ленинградская область,183,2677600,1691300,28686,9607,2695,76,900
2022-02-01,Волгоградская область,139,833000,564100,6043,4315,1217,56,288
2022-02-01,Чеченская Республика,7,118200,77400,295,566,252,36,0
2022-02-01,Ненецкий Автономный округ,2,23400,16600,63,148,131,0,0
2022-02-01,Архангельская область,60,416200,274100,2393,1898,1022,65,99
2022-02-01,Хакасия Республика,23,202400,135300,1415,757,381,9,1
2022-02-01,Бурятия Республика,33,214000,148300,2119,716,290,39,19
2022-02-01,Коми Республика,13,136900,90000,790,649,435,55,0
2022-02-01,Воронежская область,128,1985200,1363100,15051,7879,3445,37,522
2022-02-01,Ивановская область,28,215600,150700,1508,790,358,14,216
2022-02-01,Ингушетия Республика,1,108000,54200,108,252,220,0,280
2022-02-01,Приморский край,59,875300,542800,7345,2674,701,94,1757
2022-02-01,Новосибирская область,364,3488900,2100700,20692,14567,7329,845,3982
2022-02-01,Кемеровская область - Кузбасс,50,478500,324500,3641,2034,767,54,263
2022-02-01,Мордовия Республика,23,150200,101800,926,653,269,0,0
2022-02-01,Ярославская область,90,690800,468100,4151,3419,1106,110,149
2022-02-01,Челябинская область,145,2131400,1423600,9184,10972,5561,898,29
2022-02-01,Хабаровский край,62,418900,230700,2162,1342,520,98,580
2022-02-01,Владимирская область,103,438700,320400,3484,2032,680,15,341
2022-02-01,Алтай Республика,2,5900,4300,58,36,0,0,0
2022-02-01,Псковская область,21,180300,127400,1236,664,475,12,8
2022-02-01,Севастополь город,26,248800,181200,2067,1155,371,19,0
2022-02-01,Смоленская область,86,590800,430800,4053,2986,915,53,262
2022-02-01,Удмуртская Республика,79,1182600,757200,6715,5237,2076,395,1424
2022-02-01,Красноярский край,105,1933500,1176100,8774,8314,3957,550,1455
2022-02-01,Москва город,349,13896800,8280400,63713,53924,25681,3825,41984
2022-02-01,Адыгея Республика,52,322600,212800,3994,1285,311,0,30
2022-02-01,Ямало-Ненецкий Автономный округ,44,246000,173100,1706,1207,509,96,894
2022-02-01,Новгородская область,37,270600,193400,1512,1356,683,7,56
2022-02-01,Сахалинская область,33,226100,150700,1146,1230,332,10,134
2022-02-01,Тюменская область,214,2122700,1414800,11967,9081,4762,556,2354
2022-02-01,Тульская область,69,828400,541100,4329,3848,1486,7,354
2022-02-01,Белгородская область,69,314800,208300,2707,1191,393,17,124
2022-02-01,Пензенская область,38,539600,340400,3342,2369,902,85,420
2022-02-01,Курская область,41,361700,279700,3006,1671,648,17,212
2022-02-01,Северная Осетия - Алания Республика,28,279100,199300,1344,1035,710,27,286
2022-02-01,Вологодская область,81,652300,458300,3971,3247,1464,78,0
2022-02-01,Санкт-Петербург город,502,15782700,9446900,142618,47366,17512,2085,20711
2022-02-01,Еврейская Автономная область,1,1700,1300,12,12,3,0,0
2022-02-01,Тамбовская область,40,298000,203400,1921,1309,534,4,0
2022-02-01,Чувашская Республика,111,1173200,814500,8442,6111,1419,21,790
2022-02-01,Московская область,657,14625000,9546300,108967,68870,22282,1167,9038
2022-02-01,Костромская область,86,200800,149300,1059,1212,443,2,0
2022-02-01,Томская область,8,103700,64800,711,347,173,21,68
2022-02-01,Калмыкия Республика,7,30800,24300,181,191,34,0,0
2022-02-01,Ульяновская область,94,558300,388800,3640,2969,1028,56,92
2022-02-01,Татарстан Республика,256,2998700,1974100,19662,14080,5246,234,4634
2022-02-01,Курганская область,21,155600,122400,1406,989,207,1,1
2022-02-01,Нижегородская область,106,1190600,784500,7971,5561,2151,296,840
2022-03-01,Иркутская область,178,864800,622200,7483,3398,1193,98,151
2022-03-01,Тамбовская область,41,302700,207000,1955,1343,536,4,0
2022-03-01,Челябинская область,150,2168700,1451500,9419,11093,5745,944,29
2022-03-01,Брянская область,63,714300,488500,4154,3346,1155,47,156
2022-03-01,Владимирская область,104,451500,328400,3538,2077,698,24,341
2022-03-01,Ханты-Мансийский АО - Югра,41,523800,340100,2794,2588,740,22,735
2022-03-01,Башкортостан Республика,174,2248400,1537600,17695,9670,3983,290,1212
2022-03-01,Тверская область,114,713700,410200,4463,2577,913,182,30
2022-03-01,Адыгея Республика,53,345500,228700,4236,1358,329,0,30
2022-03-01,Вологодская область,82,656800,460800,3974,3265,1479,78,0
2022-03-01,Чеченская Республика,7,118200,77400,295,566,252,36,0
2022-03-01,Сахалинская область,33,226100,150700,1146,1230,332,10,134
2022-03-01,Новгородская область,37,270600,193400,1512,1356,683,7,56
2022-03-01,Омская область,11,204800,134400,2104,508,118,0,95
2022-03-01,Кабардино-Балкарская Республика,8,55000,41700,364,263,53,0,0
2022-03-01,Московская область,757,15916700,10406100,117905,74692,24700,1279,10138
2022-03-01,Липецкая область,62,631200,433500,3616,2735,1066,72,480
2022-03-01,Смоленская область,90,623000,456200,4223,3152,1002,53,262
2022-03-01,Мордовия Республика,27,180800,122400,1135,830,276,0,0
2022-03-01,Рязанская область,42,881100,566900,6258,3653,1277,22,496
2022-03-01,Ненецкий Автономный округ,2,23400,16600,63,148,131,0,0
2022-03-01,Курганская область,22,171200,133800,1525,1070,226,11,1
2022-03-01,Приморский край,60,891500,554300,7490,2774,716,94,1757
2022-03-01,Красноярский край,114,2045900,1255100,9732,8856,4071,557,1455
2022-03-01,Бурятия Республика,36,233200,160700,2267,805,315,39,19
2022-03-01,Амурская область,9,53100,42900,450,273,131,1,67
2022-03-01,Алтай Республика,2,5900,4300,58,36,0,0,0
2022-03-01,Астраханская область,19,244800,168200,1210,1244,374,28,143
2022-03-01,Хакасия Республика,23,202400,135300,1415,757,381,9,1
2022-03-01,Калмыкия Республика,8,34600,26900,187,221,40,0,0
2022-03-01,Свердловская область,168,3444000,2228400,24156,14702,5463,314,4486
2022-03-01,Псковская область,26,222200,155900,1549,829,562,21,8
2022-03-01,Новосибирская область,419,3752600,2267400,22391,15664,7779,890,4376
2022-03-01,Ульяновская область,100,589400,409600,3907,3124,1059,56,92
2022-03-01,Карелия Республика,42,376200,249200,1225,2598,1036,180,214
2022-03-01,Забайкальский край,14,130800,92800,866,839,154,22,38
2022-03-01,Санкт-Петербург город,517,16188500,9679300,145987,48932,17903,2132,21254
2022-03-01,Кировская область,56,452800,308400,3270,2417,860,71,182
2022-03-01,Карачаево-Черкесская Республика,4,42200,25800,142,133,97,5,53
2022-03-01,Оренбургская область,59,735800,497300,5867,3159,1216,9,0
2022-03-01,Мурманская область,2,2200,1700,16,19,3,0,0
2022-03-01,Татарстан Республика,306,3475500,2271400,22141,16471,6095,254,4796
2022-03-01,Орловская область,14,171500,117900,1381,635,355,0,0
2022-03-01,Пермский край,108,1782600,1158400,9932,8021,4499,355,1656
2022-03-01,Ленинградская область,224,2963400,1881900,32716,10533,2812,77,1219
2022-03-01,Удмуртская Республика,84,1248200,801900,7107,5571,2237,396,1464
2022-03-01,Белгородская область,74,337400,221800,3175,1191,393,17,124
2022-03-01,Крым Республика,77,722900,407800,4473,2658,695,52,503
2022-03-01,Пензенская область,38,539600,340400,3342,2369,902,85,420
2022-03-01,Тюменская область,215,2161800,1432400,12052,9177,4802,569,2527
2022-03-01,Коми Республика,14,146800,96500,871,706,435,69,0
2022-03-01,Еврейская Автономная область,1,1700,1300,12,12,3,0,0
2022-03-01,Севастополь город,32,270000,197300,2311,1221,387,35,0
2022-03-01,Москва город,370,14664500,8741500,67174,56798,27157,3941,45010
2022-03-01,Архангельская область,62,432500,284700,2455,1968,1062,65,99
2022-03-01,Ростовская область,234,3213500,2018800,23831,13172,4747,159,2199
2022-03-01,Саратовская область,93,1142600,735300,7248,4829,2378,8,0
2022-03-01,Кемеровская область - Кузбасс,51,504700,338600,3713,2178,815,66,312
2022-03-01,Северная Осетия - Алания Республика,29,283300,201900,1359,1045,725,27,286
2022-03-01,Тульская область,77,901700,593000,4798,4198,1624,33,354
2022-03-01,Хабаровский край,64,442900,248900,2314,1439,565,132,580
2022-03-01,Ингушетия Республика,2,109400,55400,112,256,224,4,280
2022-03-01,Калужская область,78,1045400,681100,6422,5066,1405,57,464
2022-03-01,Воронежская область,142,2194300,1505200,17464,8784,3644,60,901
2022-03-01,Дагестан Республика,4,75200,56400,294,331,197,6,0
2022-03-01,Костромская область,87,206800,153600,1095,1255,444,2,0
2022-03-01,Волгоградская область,140,839600,569600,6053,4355,1257,66,288
2022-03-01,Саха (Якутия) Республика ,40,434500,297000,3731,1864,324,31,305
2022-03-01,Алтайский край,77,1230000,823900,7121,6330,2807,393,227
2022-03-01,Чувашская Республика,116,1252500,874200,9042,6480,1575,37,790
2022-03-01,Ивановская область,30,225100,157000,1545,836,369,14,216
2022-03-01,Томская область,9,124400,76600,776,391,218,21,68
2022-03-01,Ямало-Ненецкий Автономный округ,45,247300,174000,1715,1216,509,96,894
2022-03-01,Краснодарский край,580,6428200,4313000,55463,27960,6528,482,2581
2022-03-01,Самарская область,158,2079200,1335000,17495,8587,3738,43,1121
2022-03-01,Ставропольский край,122,1280900,835000,9398,5855,1642,23,763
2022-03-01,Ярославская область,95,720000,489700,4404,3584,1134,110,149
2022-03-01,Курская область,41,361700,279700,3006,1671,648,17,212
2022-03-01,Калининградская область,192,1677800,1093700,10953,7947,2014,31,1719
2022-03-01,Марий Эл Республика,48,350800,239000,2018,1731,728,12,42
2022-03-01,Нижегородская область,107,1204700,794200,8039,5611,2200,296,840
2022-04-01,Саха (Якутия) Республика ,41,439700,300600,3808,1870,324,31,305
2022-04-01,Астраханская область,22,275900,186600,1399,1415,394,31,143
2022-04-01,Тамбовская область,44,312900,213900,2123,1354,545,4,0
2022-04-01,Пермский край,112,1831600,1192200,10237,8386,4579,355,1670
2022-04-01,Оренбургская область,73,1028400,684700,8173,4255,1640,23,31
2022-04-01,Алтай Республика,2,5900,4300,58,36,0,0,0
2022-04-01,Чеченская Республика,7,118200,77400,295,566,252,36,0
2022-04-01,Москва город,424,16329900,9808500,75271,64010,30493,4320,48430
2022-04-01,Кировская область,72,589800,426200,4756,3166,1165,176,245
2022-04-01,Брянская область,65,737200,499900,4235,3444,1173,47,156
2022-04-01,Ставропольский край,128,1334900,873800,9714,6146,1706,37,811
2022-04-01,Амурская область,10,76200,56800,583,369,166,1,67
2022-04-01,Ивановская область,37,298300,207500,2001,1149,505,14,240
2022-04-01,Смоленская область,97,657200,481900,4424,3348,1051,58,308
2022-04-01,Курганская область,23,183700,142100,1597,1142,262,11,1
2022-04-01,Курская область,41,361700,279700,3006,1671,648,17,212
2022-04-01,Кемеровская область - Кузбасс,54,518600,347200,3818,2216,860,66,312
2022-04-01,Кабардино-Балкарская Республика,9,57000,43500,384,273,53,0,0
2022-04-01,Калининградская область,219,1862600,1209000,12386,8921,2180,44,1823
2022-04-01,Краснодарский край,743,7025300,4727300,60372,30100,7350,776,2819
2022-04-01,Забайкальский край,14,130800,92800,866,839,154,22,38
2022-04-01,Орловская область,49,681000,465300,5327,2302,1348,0,0
2022-04-01,Саратовская область,100,1244300,804000,7855,5252,2600,8,0
2022-04-01,Архангельская область,68,515600,336200,3244,2208,1175,77,216
2022-04-01,Воронежская область,147,2237200,1535100,17776,8932,3766,60,901
2022-04-01,Московская область,799,16613500,10897600,124356,77505,25582,1315,10334
2022-04-01,Ярославская область,100,856500,581200,4615,4819,1246,110,149
2022-04-01,Красноярский край,122,2165800,1334000,10076,9427,4432,612,1455
2022-04-01,Томская область,10,151000,92500,937,513,243,21,68
2022-04-01,Нижегородская область,119,1295700,860800,8883,6044,2323,332,840
2022-04-01,Ростовская область,240,3304400,2072800,24476,13502,4837,162,2354
2022-04-01,Северная Осетия - Алания Республика,29,283300,201900,1359,1045,725,27,286
2022-04-01,Белгородская область,82,387800,257500,3513,1444,468,18,135
2022-04-01,Ленинградская область,245,3153900,1994500,34264,11166,3148,84,1326
2022-04-01,Костромская область,91,217100,161100,1202,1287,460,2,22
2022-04-01,Ненецкий Автономный округ,2,23400,16600,63,148,131,0,0
2022-04-01,Хакасия Республика,24,213300,142500,1484,819,396,9,1
2022-04-01,Ямало-Ненецкий Автономный округ,49,263600,187200,1874,1309,525,97,894
2022-04-01,Липецкая область,67,700200,478900,4323,2993,1082,72,480
2022-04-01,Тверская область,117,737800,427200,4669,2685,939,183,30
2022-04-01,Адыгея Республика,60,381800,254700,4678,1536,376,0,51
2022-04-01,Псковская область,38,294000,205200,2035,1100,730,27,70
2022-04-01,Еврейская Автономная область,1,1700,1300,12,12,3,0,0
2022-04-01,Ханты-Мансийский АО - Югра,52,593600,389300,3233,2971,875,22,735
2022-04-01,Сахалинская область,34,230500,153800,1186,1254,332,10,134
2022-04-01,Башкортостан Республика,181,2379700,1627000,18995,10062,4196,292,1212
2022-04-01,Тульская область,82,951900,628400,5174,4460,1671,33,354
2022-04-01,Удмуртская Республика,87,1293300,832000,7878,5634,2311,398,1506
2022-04-01,Свердловская область,186,3765100,2432000,25966,15893,6073,374,4861
2022-04-01,Бурятия Республика,36,233200,160700,2267,805,315,39,19
2022-04-01,Ульяновская область,101,598200,415900,3970,3178,1077,56,92
2022-04-01,Марий Эл Республика,49,355500,242600,2052,1765,730,12,42
2022-04-01,Вологодская область,88,702300,490600,4144,3430,1658,78,0
2022-04-01,Алтайский край,81,1331000,891800,7424,6802,3176,428,227
2022-04-01,Мордовия Республика,27,180800,122400,1135,830,276,0,0
2022-04-01,Челябинская область,168,2453800,1648300,12077,12191,6351,965,54
2022-04-01,Самарская область,162,2175000,1407900,17920,8978,4040,50,1121
2022-04-01,Татарстан Республика,397,3701000,2431800,23683,17782,6446,324,5027
2022-04-01,Хабаровский край,69,502800,292500,2643,1800,739,132,580
2022-04-01,Приморский край,60,891500,554300,7490,2774,716,94,1757
2022-04-01,Карелия Республика,44,396100,261300,1275,2693,1116,190,214
2022-04-01,Дагестан Республика,4,75200,56400,294,331,197,6,0
2022-04-01,Чувашская Республика,121,1289800,901600,9338,6715,1596,37,790
2022-04-01,Тюменская область,222,2264300,1518400,12684,9534,5011,579,2645
2022-04-01,Владимирская область,105,461700,335900,3600,2129,717,24,341
2022-04-01,Иркутская область,211,890400,641300,7607,3506,1219,98,195
2022-04-01,Пензенская область,43,609100,386700,3863,2618,1105,85,420
2022-04-01,Коми Республика,16,164800,110300,893,835,534,70,18
2022-04-01,Калужская область,82,1109500,721500,6764,5430,1435,57,588
2022-04-01,Новгородская область,37,270600,193400,1512,1356,683,7,56
2022-04-01,Севастополь город,36,303000,219300,2589,1312,424,41,84
2022-04-01,Ингушетия Республика,2,109400,55400,112,256,224,4,280
2022-04-01,Мурманская область,2,2200,1700,16,19,3,0,0
2022-04-01,Новосибирская область,468,4047500,2450000,25223,16854,8239,952,4494
2022-04-01,Калмыкия Республика,9,41600,31300,227,261,48,0,18
2022-04-01,Рязанская область,50,1086800,703400,7768,4609,1534,22,496
2022-04-01,Санкт-Петербург город,540,17244000,10241000,151753,51874,19464,2278,25499
2022-04-01,Крым Республика,83,789100,456700,4985,2839,750,57,610
2022-04-01,Волгоградская область,147,909000,613700,6244,4749,1371,153,365
2022-04-01,Омская область,12,237000,155000,2516,549,118,0,95
2022-04-01,Карачаево-Черкесская Республика,4,42200,25800,142,133,97,5,53
2022-05-01,Калмыкия Республика,9,41600,31300,227,261,48,0,18
2022-05-01,Ингушетия Республика,2,109400,55400,112,256,224,4,280
2022-05-01,Вологодская область,93,751300,524300,4567,3622,1720,78,0
2022-05-01,Пензенская область,52,696400,449100,4663,2977,1364,96,693
2022-05-01,Севастополь город,39,374500,265200,3163,1598,506,41,84
2022-05-01,Иркутская область,257,928300,672600,8007,3612,1227,98,195
2022-05-01,Омская область,13,246200,161600,2594,589,138,0,95
2022-05-01,Белгородская область,84,403800,269600,3754,1511,476,18,135
2022-05-01,Челябинская область,207,2582700,1750300,13024,12913,6661,991,54
2022-05-01,Хабаровский край,72,531600,311200,2729,1948,765,133,640
2022-05-01,Карачаево-Черкесская Республика,5,51000,32500,164,157,119,7,53
2022-05-01,Рязанская область,52,1129900,727900,7867,4829,1578,22,562
2022-05-01,Мурманская область,2,2200,1700,16,19,3,0,0
2022-05-01,Ханты-Мансийский АО - Югра,56,602600,397000,3297,3045,891,22,735
2022-05-01,Астраханская область,23,288600,198300,1466,1502,438,31,143
2022-05-01,Красноярский край,146,2536300,1584500,12698,10429,5211,805,1679
2022-05-01,Удмуртская Республика,89,1336900,860100,8129,5881,2393,398,1522
2022-05-01,Ульяновская область,106,676300,470800,4563,3621,1214,56,92
2022-05-01,Ярославская область,107,902000,614700,4988,5019,1320,110,149
2022-05-01,Владимирская область,108,509600,367300,3791,2379,808,33,415
2022-05-01,Чеченская Республика,7,118200,77400,295,566,252,36,0
2022-05-01,Московская область,833,17457600,11176700,127680,79165,26225,1341,10500
2022-05-01,Северная Осетия - Алания Республика,30,297600,213200,1451,1090,759,27,345
2022-05-01,Адыгея Республика,61,393800,263400,4741,1584,379,6,106
2022-05-01,Амурская область,12,85400,63700,691,415,175,1,67
2022-05-01,Москва город,467,17707400,10695600,83682,69117,32764,4709,52347
2022-05-01,Волгоградская область,154,954900,644600,6585,4942,1464,153,365
2022-05-01,Кабардино-Балкарская Республика,13,93600,69700,522,406,112,17,0
2022-05-01,Марий Эл Республика,51,366900,250100,2118,1798,766,12,42
2022-05-01,Тверская область,123,772900,451100,4926,2813,1007,187,60
2022-05-01,Кировская область,84,665200,472100,5298,3390,1272,210,267
2022-05-01,Брянская область,67,752400,510900,4309,3527,1216,47,156
2022-05-01,Ненецкий Автономный округ,2,23400,16600,63,148,131,0,0
2022-05-01,Бурятия Республика,37,241600,165600,2328,844,335,39,19
2022-05-01,Новосибирская область,493,4272400,2547000,26327,17356,8670,967,4655
2022-05-01,Ивановская область,38,305300,212000,2027,1175,518,14,272
2022-05-01,Саха (Якутия) Республика ,43,449800,307800,3906,1931,325,32,305
2022-05-01,Краснодарский край,879,7686200,5130900,65202,32178,7934,1036,4534
2022-05-01,Ставропольский край,135,1421100,932500,10433,6539,1799,44,811
2022-05-01,Томская область,10,151000,92500,937,513,243,21,68
2022-05-01,Смоленская область,101,687300,505100,4646,3520,1087,58,308
2022-05-01,Нижегородская область,122,1316400,873200,8973,6112,2395,350,901
2022-05-01,Орловская область,49,681000,465300,5327,2302,1348,0,0
2022-05-01,Забайкальский край,15,146000,103300,1097,884,163,22,38
2022-05-01,Курская область,46,401900,309700,3263,1823,761,18,212
2022-05-01,Ленинградская область,266,3448200,2183500,39455,11758,3224,84,1394
2022-05-01,Хакасия Республика,24,213300,142500,1484,819,396,9,1
2022-05-01,Костромская область,96,223000,166500,1238,1333,484,2,22
2022-05-01,Приморский край,60,891500,554300,7490,2774,716,94,1757
2022-05-01,Ямало-Ненецкий Автономный округ,55,294500,208900,2070,1500,570,104,894
2022-05-01,Тульская область,83,962400,634300,5227,4511,1685,33,354
2022-05-01,Оренбургская область,85,1149100,762100,9049,4836,1734,38,31
2022-05-01,Кемеровская область - Кузбасс,55,520900,349000,3849,2230,860,66,312
2022-05-01,Коми Республика,18,174600,117200,939,904,562,80,18
2022-05-01,Воронежская область,162,2520300,1718800,19546,10031,4226,78,1125
2022-05-01,Алтай Республика,2,5900,4300,58,36,0,0,0
2022-05-01,Мордовия Республика,31,216500,146000,1429,949,318,0,0
2022-05-01,Санкт-Петербург город,545,17549800,10389400,153563,52582,19919,2284,26487
2022-05-01,Калужская область,89,1162900,762700,7236,5628,1551,57,588
2022-05-01,Сахалинская область,34,230500,153800,1186,1254,332,10,134
2022-05-01,Татарстан Республика,409,3816800,2507700,24464,18284,6680,339,5055
2022-05-01,Саратовская область,104,1292100,834300,8104,5407,2741,8,0
2022-05-01,Курганская область,24,205100,156400,1677,1254,294,11,1
2022-05-01,Псковская область,38,294000,205200,2035,1100,730,27,70
2022-05-01,Чувашская Республика,125,1333700,933100,9439,6932,1714,44,873
2022-05-01,Новгородская область,37,270600,193400,1512,1356,683,7,56
2022-05-01,Свердловская область,197,3940900,2540700,27194,16758,6240,375,5185
2022-05-01,Дагестан Республика,4,75200,56400,294,331,197,6,0
2022-05-01,Липецкая область,68,702600,480500,4326,3002,1094,72,480
2022-05-01,Тюменская область,243,2648800,1765200,15608,11277,5644,656,2645
2022-05-01,Пермский край,124,1963500,1276100,11319,8943,4887,366,1779
2022-05-01,Тамбовская область,44,312900,213900,2123,1354,545,4,0
2022-05-01,Башкортостан Республика,191,2498700,1709100,19877,10633,4400,330,1302
2022-05-01,Карелия Республика,46,403200,266400,1276,2728,1155,199,214
2022-05-01,Калининградская область,231,1990700,1289300,13320,9620,2251,44,1823
2022-05-01,Алтайский край,81,1331000,891800,7424,6802,3176,428,227
2022-05-01,Крым Республика,84,793600,460300,5042,2861,751,57,610
2022-05-01,Архангельская область,69,530100,347300,3427,2226,1209,77,228
2022-05-01,Еврейская Автономная область,1,1700,1300,12,12,3,0,0
2022-05-01,Ростовская область,257,3493200,2206800,25780,14690,5111,166,2646
2022-05-01,Самарская область,166,2210600,1432800,18142,9116,4095,50,1139
2022-06-01,Омская область,13,246200,161600,2594,589,138,0,95
2022-06-01,Чувашская Республика,125,1333700,933100,9439,6932,1714,44,873
2022-06-01,Бурятия Республика,37,241600,165600,2328,844,335,39,19
2022-06-01,Ленинградская область,270,3634800,2290000,40265,12154,3298,86,1394
2022-06-01,Амурская область,13,87900,65600,739,421,175,1,67
2022-06-01,Сахалинская область,35,241100,160900,1228,1326,347,10,134
2022-06-01,Липецкая область,71,741300,501300,4514,3149,1136,72,480
2022-06-01,Орловская область,50,689300,471100,5425,2332,1354,0,0
2022-06-01,Москва город,487,18195800,10995100,86408,70871,33559,4810,54341
2022-06-01,Ямало-Ненецкий Автономный округ,58,316500,226100,2103,1616,692,114,894
2022-06-01,Рязанская область,54,1191100,767700,8288,5028,1692,22,562
2022-06-01,Воронежская область,173,2672900,1828500,20969,10479,4581,78,1153
2022-06-01,Ханты-Мансийский АО - Югра,60,619600,409200,3316,3163,936,22,735
2022-06-01,Архангельская область,73,573600,378700,3610,2509,1368,86,228
2022-06-01,Дагестан Республика,5,89400,66700,350,429,211,6,0
2022-06-01,Пермский край,133,2092900,1360300,11885,9647,5260,410,1864
2022-06-01,Пензенская область,52,696400,449100,4663,2977,1364,96,693
2022-06-01,Мурманская область,2,2200,1700,16,19,3,0,0
2022-06-01,Кировская область,85,670500,475000,5322,3406,1283,213,292
2022-06-01,Вологодская область,97,805500,560400,4782,3974,1803,82,0
2022-06-01,Курганская область,26,212900,159900,1696,1272,305,12,1
2022-06-01,Томская область,10,151000,92500,937,513,243,21,68
2022-06-01,Калужская область,89,1162900,762700,7236,5628,1551,57,588
2022-06-01,Иркутская область,265,990600,715200,8246,3863,1363,106,244
2022-06-01,Калининградская область,251,2098700,1355400,14130,10157,2260,44,1893
2022-06-01,Владимирская область,114,594300,427100,4338,2798,996,33,415
2022-06-01,Приморский край,67,985300,615000,8122,3040,888,108,1954
2022-06-01,Астраханская область,23,288600,198300,1466,1502,438,31,143
2022-06-01,Кемеровская область - Кузбасс,62,548100,371300,4116,2320,860,66,312
2022-06-01,Тульская область,84,982400,650600,5315,4587,1736,33,354
2022-06-01,Забайкальский край,16,151600,107100,1125,913,180,23,38
2022-06-01,Самарская область,172,2302900,1497300,18720,9555,4257,50,1195
2022-06-01,Карачаево-Черкесская Республика,5,51000,32500,164,157,119,7,53
2022-06-01,Новосибирская область,542,4653200,2752500,27776,18502,9524,1178,4800
2022-06-01,Башкортостан Республика,197,2583100,1767500,20294,11154,4611,331,1424
2022-06-01,Крым Республика,86,804500,467400,5140,2915,751,57,610
2022-06-01,Ингушетия Республика,2,109400,55400,112,256,224,4,280
2022-06-01,Саратовская область,113,1426600,918000,8734,6104,2997,8,0
2022-06-01,Ненецкий Автономный округ,2,23400,16600,63,148,131,0,0
2022-06-01,Ульяновская область,109,711400,493300,4891,3796,1264,56,92
2022-06-01,Псковская область,39,305900,213000,2179,1116,754,27,70
2022-06-01,Челябинская область,219,2693900,1826200,13789,13355,6898,1027,208
2022-06-01,Ярославская область,113,947200,645800,5402,5237,1356,110,149
2022-06-01,Санкт-Петербург город,557,18261000,10823400,160551,54515,20793,2325,28482
2022-06-01,Курская область,46,401900,309700,3263,1823,761,18,212
2022-06-01,Оренбургская область,88,1189300,785600,9208,4982,1830,38,31
2022-06-01,Ивановская область,39,351800,242100,2455,1272,553,14,272
2022-06-01,Калмыкия Республика,9,41600,31300,227,261,48,0,18
2022-06-01,Алтайский край,90,1477200,976100,7613,7423,3575,500,318
2022-06-01,Смоленская область,104,705100,518300,4765,3625,1102,58,338
2022-06-01,Ростовская область,272,3807500,2414900,28369,15909,5667,171,2755
2022-06-01,Саха (Якутия) Республика ,45,462000,315900,4015,1955,350,32,305
2022-06-01,Алтай Республика,2,5900,4300,58,36,0,0,0
2022-06-01,Кабардино-Балкарская Республика,50,152500,114900,780,652,310,37,0
2022-06-01,Мордовия Республика,31,216500,146000,1429,949,318,0,0
2022-06-01,Адыгея Республика,61,393800,263400,4741,1584,379,6,106
2022-06-01,Ставропольский край,141,1453500,957600,10678,6713,1843,44,811
2022-06-01,Еврейская Автономная область,1,1700,1300,12,12,3,0,0
2022-06-01,Чеченская Республика,7,118200,77400,295,566,252,36,0
2022-06-01,Белгородская область,86,411100,274800,3799,1553,490,18,135
2022-06-01,Севастополь город,39,374500,265200,3163,1598,506,41,84
2022-06-01,Тюменская область,248,2700900,1799800,15965,11446,5729,656,2771
2022-06-01,Костромская область,100,242400,182200,1373,1403,545,6,22
2022-06-01,Волгоградская область,161,1046400,697600,7031,5411,1591,160,486
2022-06-01,Северная Осетия - Алания Республика,31,315600,224400,1507,1146,798,28,403
2022-06-01,Красноярский край,150,2668700,1659900,13378,11159,5332,850,1679
2022-06-01,Коми Республика,18,174600,117200,939,904,562,80,18
2022-06-01,Марий Эл Республика,51,366900,250100,2118,1798,766,12,42
2022-06-01,Татарстан Республика,419,4171400,2704200,26124,19232,7326,456,7079
2022-06-01,Хакасия Республика,24,213300,142500,1484,819,396,9,1
2022-06-01,Московская область,854,17730300,11360200,129882,80353,26650,1411,10500
2022-06-01,Тверская область,125,775700,453500,4926,2855,1007,187,60
2022-06-01,Карелия Республика,47,411900,272500,1278,2797,1186,206,214
2022-06-01,Удмуртская Республика,92,1382300,889000,8343,6067,2550,409,1603
2022-06-01,Тамбовская область,53,406700,285800,2903,1714,731,4,0
2022-06-01,Новгородская область,38,276000,196900,1561,1376,693,7,56
2022-06-01,Свердловская область,202,3974600,2561500,27362,16915,6277,383,5185
2022-06-01,Нижегородская область,127,1378600,905000,9252,6290,2440,366,1121
2022-06-01,Брянская область,67,752400,510900,4309,3527,1216,47,156
2022-06-01,Краснодарский край,932,7969000,5324400,67150,33598,8161,1122,4534
2022-06-01,Хабаровский край,75,542000,318500,2763,2003,805,133,640
2022-07-01,Ингушетия Республика,2,109400,55400,112,256,224,4,280
2022-07-01,Ханты-Мансийский АО - Югра,61,622100,410900,3334,3181,936,22,735
2022-07-01,Тверская область,127,777400,455100,4926,2855,1007,197,60
2022-07-01,Санкт-Петербург город,557,18261000,10823400,160551,54515,20793,2325,28482
2022-07-01,Чеченская Республика,7,118200,77400,295,566,252,36,0
2022-07-01,Хабаровский край,75,542000,318500,2763,2003,805,133,640
2022-07-01,Москва город,526,19838400,11742700,92958,75012,35584,5307,58576
2022-07-01,Иркутская область,265,990600,715200,8246,3863,1363,106,244
2022-07-01,Ростовская область,280,3953200,2513000,29229,16784,5984,171,2755
2022-07-01,Ленинградская область,273,3695200,2330700,40733,12394,3438,86,1394
2022-07-01,Ненецкий Автономный округ,2,23400,16600,63,148,131,0,0
2022-07-01,Челябинская область,227,2796200,1901800,14428,14183,7052,1048,208
2022-07-01,Ставропольский край,141,1453500,957600,10678,6713,1843,44,811
2022-07-01,Вологодская область,101,821300,571900,4925,4070,1808,88,0
2022-07-01,Владимирская область,117,606000,437800,4391,2892,1010,39,418
2022-07-01,Сахалинская область,35,241100,160900,1228,1326,347,10,134
2022-07-01,Татарстан Республика,424,4231600,2738300,26533,19498,7418,475,7241
2022-07-01,Ульяновская область,110,732100,505500,4983,3934,1310,102,92
2022-07-01,Нижегородская область,131,1398000,915700,9392,6356,2460,371,1121
2022-07-01,Ямало-Ненецкий Автономный округ,59,319200,228400,2107,1624,709,116,894
2022-07-01,Белгородская область,87,423700,283000,3863,1636,496,18,135
2022-07-01,Пензенская область,53,705600,454800,4703,3019,1382,96,693
2022-07-01,Тульская область,86,1004000,665600,5451,4718,1761,33,354
2022-07-01,Мурманская область,2,2200,1700,16,19,3,0,0
2022-07-01,Дагестан Республика,5,89400,66700,350,429,211,6,0
2022-07-01,Волгоградская область,162,1060000,706200,7122,5502,1592,160,486
2022-07-01,Новгородская область,38,276000,196900,1561,1376,693,7,56
2022-07-01,Крым Республика,88,834400,485300,5474,2966,778,57,610
2022-07-01,Томская область,11,164000,99700,998,575,259,24,68
2022-07-01,Курганская область,27,219100,164300,1726,1293,334,12,1
2022-07-01,Севастополь город,39,374500,265200,3163,1598,506,41,84
2022-07-01,Пермский край,133,2092900,1360300,11885,9647,5260,410,1864
2022-07-01,Московская область,879,18624200,11921500,136914,84412,27520,1483,12461
2022-07-01,Калужская область,92,1185100,778900,7359,5750,1587,57,588
2022-07-01,Карелия Республика,49,427600,287900,1325,2961,1247,206,214
2022-07-01,Курская область,46,401900,309700,3263,1823,761,18,212
2022-07-01,Оренбургская область,88,1189300,785600,9208,4982,1830,38,31
2022-07-01,Северная Осетия - Алания Республика,31,315600,224400,1507,1146,798,28,403
2022-07-01,Смоленская область,106,726400,532000,4879,3709,1131,59,338
2022-07-01,Красноярский край,151,2679700,1668100,13463,11242,5333,850,1679
2022-07-01,Новосибирская область,557,4787400,2833400,28599,19017,9666,1188,5082
2022-07-01,Орловская область,50,689300,471100,5425,2332,1354,0,0
2022-07-01,Костромская область,101,245100,183900,1385,1415,551,6,22
2022-07-01,Рязанская область,54,1191100,767700,8288,5028,1692,22,562
2022-07-01,Амурская область,13,87900,65600,739,421,175,1,67
2022-07-01,Хакасия Республика,25,218200,145300,1508,843,402,9,1
2022-07-01,Тамбовская область,54,418200,294900,3001,1744,763,4,0
2022-07-01,Саратовская область,113,1426600,918000,8734,6104,2997,8,0
2022-07-01,Свердловская область,208,4092900,2628900,27798,17357,6441,408,5569
2022-07-01,Бурятия Республика,37,241600,165600,2328,844,335,39,19
2022-07-01,Калининградская область,253,2131100,1373000,14202,10296,2313,44,1979
2022-07-01,Липецкая область,74,756300,512000,4623,3225,1159,72,480
2022-07-01,Кабардино-Балкарская Республика,53,214900,131400,780,671,348,62,3
2022-07-01,Краснодарский край,936,8056400,5383400,67676,34118,8254,1138,4534
2022-07-01,Тюменская область,257,2774200,1849000,16799,11704,5854,681,2771
2022-07-01,Кемеровская область - Кузбасс,62,548100,371300,4116,2320,860,66,312
2022-07-01,Алтайский край,90,1477200,976100,7613,7423,3575,500,318
2022-07-01,Саха (Якутия) Республика ,45,462000,315900,4015,1955,350,32,305
2022-07-01,Брянская область,72,800200,546700,4376,3843,1296,50,156
2022-07-01,Мордовия Республика,31,216500,146000,1429,949,318,0,0
2022-07-01,Башкортостан Республика,205,2692200,1836000,20997,11629,4811,331,1536
2022-07-01,Еврейская Автономная область,1,1700,1300,12,12,3,0,0
2022-07-01,Калмыкия Республика,9,41600,31300,227,261,48,0,18
2022-07-01,Ярославская область,113,947200,645800,5402,5237,1356,110,149
2022-07-01,Алтай Республика,2,5900,4300,58,36,0,0,0
2022-07-01,Марий Эл Республика,58,434100,303000,2611,2224,863,12,42
2022-07-01,Архангельская область,73,573600,378700,3610,2509,1368,86,228
2022-07-01,Астраханская область,24,292200,200400,1490,1518,438,31,143
2022-07-01,Чувашская Республика,125,1333700,933100,9439,6932,1714,44,873
2022-07-01,Омская область,13,246200,161600,2594,589,138,0,95
2022-07-01,Кировская область,86,681500,483200,5400,3473,1295,213,292
2022-07-01,Ивановская область,40,356100,245000,2478,1304,553,14,272
2022-07-01,Воронежская область,173,2672900,1828500,20969,10479,4581,78,1153
2022-07-01,Карачаево-Черкесская Республика,5,51000,32500,164,157,119,7,53
2022-07-01,Удмуртская Республика,92,1382300,889000,8343,6067,2550,409,1603
2022-07-01,Адыгея Республика,61,393800,263400,4741,1584,379,6,106
2022-07-01,Приморский край,68,989500,618200,8123,3065,910,108,1954
2022-07-01,Псковская область,39,305900,213000,2179,1116,754,27,70
2022-07-01,Забайкальский край,16,151600,107100,1125,913,180,23,38
2022-07-01,Коми Республика,18,174600,117200,939,904,562,80,18
2022-07-01,Самарская область,172,2302900,1497300,18720,9555,4257,50,1195
2022-08-01,Калужская область,92,1185100,778900,7359,5750,1587,57,588
2022-08-01,Алтай Республика,2,5900,4300,58,36,0,0,0
2022-08-01,Астраханская область,25,299300,205200,1544,1536,456,31,143
2022-08-01,Приморский край,68,989500,618200,8123,3065,910,108,1954
2022-08-01,Псковская область,39,305900,213000,2179,1116,754,27,70
2022-08-01,Курганская область,27,219100,164300,1726,1293,334,12,1
2022-08-01,Иркутская область,267,1003500,724700,8330,3931,1403,106,244
2022-08-01,Чувашская Республика,125,1333700,933100,9439,6932,1714,44,873
2022-08-01,Владимирская область,118,608000,439500,4409,2916,1010,39,418
2022-08-01,Хакасия Республика,25,218200,145300,1508,843,402,9,1
2022-08-01,Севастополь город,39,374500,265200,3163,1598,506,41,84
2022-08-01,Адыгея Республика,62,399400,266600,4816,1614,379,6,106
2022-08-01,Курская область,46,401900,309700,3263,1823,761,18,212
2022-08-01,Москва город,529,20250000,11913000,94858,75162,35733,5307,60719
2022-08-01,Оренбургская область,88,1189300,785600,9208,4982,1830,38,31
2022-08-01,Брянская область,72,800200,546700,4376,3843,1296,50,156
2022-08-01,Забайкальский край,16,151600,107100,1125,913,180,23,38
2022-08-01,Кабардино-Балкарская Республика,54,219700,135500,796,687,366,66,3
2022-08-01,Крым Республика,88,834400,485300,5474,2966,778,57,610
2022-08-01,Ненецкий Автономный округ,2,23400,16600,63,148,131,0,0
2022-08-01,Новосибирская область,559,4817300,2851600,28667,19077,9808,1231,5158
2022-08-01,Санкт-Петербург город,559,18315200,10853700,160994,54660,20854,2325,28608
2022-08-01,Татарстан Республика,424,4231600,2738300,26533,19498,7418,475,7241
2022-08-01,Башкортостан Республика,205,2692200,1836000,20997,11629,4811,331,1536
2022-08-01,Нижегородская область,132,1407900,921800,9663,6356,2460,371,1121
2022-08-01,Воронежская область,173,2672900,1828500,20969,10479,4581,78,1153
2022-08-01,Калмыкия Республика,9,41600,31300,227,261,48,0,18
2022-08-01,Ингушетия Республика,2,109400,55400,112,256,224,4,280
2022-08-01,Белгородская область,87,423700,283000,3863,1636,496,18,135
2022-08-01,Дагестан Республика,6,106700,80400,372,495,255,11,0
2022-08-01,Рязанская область,54,1191100,767700,8288,5028,1692,22,562
2022-08-01,Бурятия Республика,37,241600,165600,2328,844,335,39,19
2022-08-01,Липецкая область,76,778400,523000,4711,3308,1181,72,480
2022-08-01,Орловская область,50,689300,471100,5425,2332,1354,0,0
2022-08-01,Самарская область,172,2302900,1497300,18720,9555,4257,50,1195
2022-08-01,Краснодарский край,940,8148300,5449700,68968,34407,8340,1138,4534
2022-08-01,Кемеровская область - Кузбасс,62,548100,371300,4116,2320,860,66,312
2022-08-01,Амурская область,13,87900,65600,739,421,175,1,67
2022-08-01,Костромская область,101,245100,183900,1385,1415,551,6,22
2022-08-01,Сахалинская область,35,241100,160900,1228,1326,347,10,134
2022-08-01,Челябинская область,229,2811200,1913500,14604,14243,7069,1049,208
2022-08-01,Вологодская область,101,821300,571900,4925,4070,1808,88,0
2022-08-01,Коми Республика,18,174600,117200,939,904,562,80,18
2022-08-01,Тульская область,86,1004000,665600,5451,4718,1761,33,354
2022-08-01,Архангельская область,73,573600,378700,3610,2509,1368,86,228
2022-08-01,Ярославская область,118,996900,677100,5803,5429,1393,117,149
2022-08-01,Московская область,883,18677300,11955600,137290,84702,27598,1483,12461
2022-08-01,Чеченская Республика,7,118200,77400,295,566,252,36,0
2022-08-01,Ростовская область,286,4045800,2576300,29959,17173,6191,171,2755
2022-08-01,Омская область,13,246200,161600,2594,589,138,0,95
2022-08-01,Тверская область,128,780300,457300,4966,2865,1007,197,62
2022-08-01,Смоленская область,106,726400,532000,4879,3709,1131,59,338
2022-08-01,Тюменская область,258,2776900,1851000,16836,11715,5864,681,2771
2022-08-01,Удмуртская Республика,92,1382300,889000,8343,6067,2550,409,1603
2022-08-01,Марий Эл Республика,59,436700,304600,2654,2229,863,12,42
2022-08-01,Томская область,11,164000,99700,998,575,259,24,68
2022-08-01,Красноярский край,151,2679700,1668100,13463,11242,5333,850,1679
2022-08-01,Карелия Республика,49,427600,287900,1325,2961,1247,206,214
2022-08-01,Калининградская область,255,2146100,1383700,14278,10373,2334,48,1979
2022-08-01,Саратовская область,115,1469400,940700,8830,6329,3087,8,69
2022-08-01,Мордовия Республика,31,216500,146000,1429,949,318,0,0
2022-08-01,Еврейская Автономная область,1,1700,1300,12,12,3,0,0
2022-08-01,Новгородская область,38,276000,196900,1561,1376,693,7,56
2022-08-01,Мурманская область,2,2200,1700,16,19,3,0,0
2022-08-01,Ханты-Мансийский АО - Югра,62,640300,424300,3480,3290,945,22,735
2022-08-01,Тамбовская область,54,418200,294900,3001,1744,763,4,0
2022-08-01,Пермский край,134,2096000,1361800,11893,9659,5266,410,1864
2022-08-01,Ленинградская область,274,3719400,2348600,40890,12556,3474,86,1394
2022-08-01,Ставропольский край,142,1454700,958600,10693,6718,1843,44,811
2022-08-01,Ульяновская область,110,732100,505500,4983,3934,1310,102,92
2022-08-01,Алтайский край,96,1595400,1056300,8178,8103,3856,582,443
2022-08-01,Волгоградская область,162,1060000,706200,7122,5502,1592,160,486
2022-08-01,Пензенская область,53,705600,454800,4703,3019,1382,96,693
2022-08-01,Саха (Якутия) Республика ,45,462000,315900,4015,1955,350,32,305
2022-08-01,Ямало-Ненецкий Автономный округ,61,326000,233300,2164,1659,715,117,894
2022-08-01,Кировская область,88,703100,498800,5478,3638,1337,213,310
2022-08-01,Свердловская область,210,4170200,2669000,27988,17516,6577,470,5765
2022-08-01,Ивановская область,42,460900,262300,2610,1402,592,20,298
2022-08-01,Карачаево-Черкесская Республика,5,51000,32500,164,157,119,7,53
2022-08-01,Северная Осетия - Алания Республика,31,315600,224400,1507,1146,798,28,403
2022-08-01,Хабаровский край,75,542000,318500,2763,2003,805,133,640
2022-09-01,Ленинградская область,292,3960200,2500000,43610,13354,3720,94,1394
2022-09-01,Тульская область,97,1047900,697800,5831,4957,1822,33,354
2022-09-01,Кировская область,98,822600,579900,6401,4301,1500,223,374
2022-09-01,Псковская область,42,329500,231200,2348,1208,828,27,70
2022-09-01,Алтай Республика,3,9300,6400,114,36,1,0,0
2022-09-01,Санкт-Петербург город,615,19316400,11469600,169891,58158,22346,2381,29250
2022-09-01,Коми Республика,21,207100,140400,1008,1083,765,102,18
2022-09-01,Омская область,14,256500,168200,2669,649,138,0,95
2022-09-01,Марий Эл Республика,67,512300,355800,3065,2534,1029,13,42
2022-09-01,Ивановская область,46,511300,297500,2896,1649,679,20,298
2022-09-01,Приморский край,79,1105900,685300,8969,3372,955,108,2246
2022-09-01,Калининградская область,281,2397100,1549600,15837,11461,2661,64,2495
2022-09-01,Бурятия Республика,53,340100,230700,3135,1302,416,39,28
2022-09-01,Новосибирская область,644,5355300,3184700,32472,20943,11027,1322,5844
2022-09-01,Московская область,964,20498200,13143300,150767,93260,30592,1843,13426
2022-09-01,Рязанская область,57,1288500,831300,8811,5375,1933,22,586
2022-09-01,Мурманская область,2,2200,1700,16,19,3,0,0
2022-09-01,Чувашская Республика,140,1504200,1058500,10163,7799,2134,65,1032
2022-09-01,Кабардино-Балкарская Республика,54,219700,135500,796,687,366,66,3
2022-09-01,Амурская область,14,94500,70600,799,461,184,1,67
2022-09-01,Ненецкий Автономный округ,2,23400,16600,63,148,131,0,0
2022-09-01,Мордовия Республика,39,269400,183000,1849,1230,362,0,0
2022-09-01,Севастополь город,43,406000,284500,3499,1712,528,41,84
2022-09-01,Северная Осетия - Алания Республика,35,347000,245700,1677,1224,879,28,461
2022-09-01,Еврейская Автономная область,1,1700,1300,12,12,3,0,0
2022-09-01,Ставропольский край,159,1674700,1108500,12273,7743,2099,55,880
2022-09-01,Оренбургская область,93,1239700,820900,9571,5198,1919,38,31
2022-09-01,Саратовская область,125,1616400,1035100,9676,6895,3384,8,162
2022-09-01,Ханты-Мансийский АО - Югра,70,723900,474200,3781,3773,1040,33,1040
2022-09-01,Воронежская область,195,2974800,2028300,22869,11683,5269,103,1186
2022-09-01,Свердловская область,239,4738600,3033200,31228,19676,7614,601,6428
2022-09-01,Пензенская область,67,942300,610800,6131,4055,2023,112,797
2022-09-01,Москва город,672,22473600,13290200,104105,83778,40796,5975,66745
2022-09-01,Забайкальский край,19,170100,120800,1232,1007,230,35,38
2022-09-01,Татарстан Республика,466,4932100,3189600,30851,22516,8873,486,8061
2022-09-01,Орловская область,54,737900,505000,5780,2565,1454,0,0
2022-09-01,Краснодарский край,983,8874400,5945000,78038,37068,8787,1140,4700
2022-09-01,Тверская область,140,837800,498600,5241,3125,1130,220,77
2022-09-01,Хакасия Республика,51,409500,240300,2587,1307,730,9,69
2022-09-01,Курганская область,30,244600,182600,1975,1430,344,12,1
2022-09-01,Самарская область,195,2549600,1667000,20668,10827,4455,60,1755
2022-09-01,Ярославская область,127,1028200,698200,5978,5607,1438,117,149
2022-09-01,Нижегородская область,143,1544200,1013500,10556,6959,2671,441,1247
2022-09-01,Ингушетия Республика,3,110900,56600,116,260,228,8,280
2022-09-01,Тюменская область,306,3192700,2097600,19094,13247,6603,711,3243
2022-09-01,Брянская область,83,896500,614400,4819,4255,1500,52,156
2022-09-01,Сахалинская область,41,292500,195300,1461,1628,410,11,134
2022-09-01,Смоленская область,123,827100,607700,5475,4233,1307,66,349
2022-09-01,Саха (Якутия) Республика ,52,543400,373800,4771,2414,381,32,317
2022-09-01,Хабаровский край,85,658200,393500,3227,2713,993,137,670
2022-09-01,Карелия Республика,52,462800,308600,1399,3064,1413,237,279
2022-09-01,Крым Республика,92,890400,520000,5930,3129,830,59,658
2022-09-01,Карачаево-Черкесская Республика,5,51000,32500,164,157,119,7,53
2022-09-01,Астраханская область,28,381800,243700,1799,1699,516,61,740
2022-09-01,Красноярский край,170,2994400,1859100,14553,12856,6021,998,2535
2022-09-01,Костромская область,112,312700,230100,1685,1796,685,6,22
2022-09-01,Кемеровская область - Кузбасс,70,644400,440800,4917,2867,1031,80,325
2022-09-01,Ямало-Ненецкий Автономный округ,63,333100,239000,2209,1706,731,120,894
2022-09-01,Иркутская область,273,1047800,755900,8721,4110,1444,106,244
2022-09-01,Владимирская область,135,780000,562600,5583,3717,1323,65,588
2022-09-01,Белгородская область,96,491500,331500,4316,1994,610,19,135
2022-09-01,Архангельская область,78,614500,406700,3760,2721,1490,96,245
2022-09-01,Калужская область,106,1269200,832300,7763,6250,1712,80,767
2022-09-01,Удмуртская Республика,110,1616800,1051900,10175,7027,3114,453,1677
2022-09-01,Тамбовская область,60,475100,336900,3388,2019,892,5,0
2022-09-01,Калмыкия Республика,10,46800,35000,247,294,54,0,18
2022-09-01,Вологодская область,102,827600,576300,4965,4105,1817,88,0
2022-09-01,Липецкая область,81,818600,549300,4989,3458,1257,72,519
2022-09-01,Волгоградская область,187,1162900,776600,7818,5995,1840,162,486
2022-09-01,Чеченская Республика,7,118200,77400,295,566,252,36,0
2022-09-01,Курская область,50,435100,331700,3481,1921,840,18,212
2022-09-01,Пермский край,146,2242300,1458000,12458,10359,5747,421,1933
2022-09-01,Дагестан Республика,7,113700,85900,414,537,269,11,0
2022-09-01,Башкортостан Республика,224,2940900,2003700,22392,13045,5288,387,1703
2022-09-01,Ульяновская область,117,806100,549300,5348,4469,1380,102,92
2022-09-01,Ростовская область,304,4270300,2723000,31555,18133,6657,183,3615
2022-09-01,Алтайский край,109,1786000,1180100,9099,9071,4305,652,614
2022-09-01,Челябинская область,247,3009900,2049000,15834,15551,7435,1051,231
2022-09-01,Томская область,13,228800,139300,1391,1101,282,30,99
2022-09-01,Адыгея Республика,63,414200,276000,5006,1678,379,6,106
2022-09-01,Новгородская область,42,324300,228300,1972,1539,750,8,56
2022-10-01,Костромская область,117,326600,239600,1739,1875,719,6,22
2022-10-01,Удмуртская Республика,117,1699200,1106100,10795,7412,3259,460,1745
2022-10-01,Ингушетия Республика,3,110900,56600,116,260,228,8,280
2022-10-01,Ленинградская область,296,3980800,2514200,43792,13471,3744,94,1394
2022-10-01,Владимирская область,140,801300,580700,5741,3811,1375,77,588
2022-10-01,Иркутская область,285,1134500,813300,9589,4403,1518,109,244
2022-10-01,Вологодская область,107,862900,602900,5087,4323,1882,90,0
2022-10-01,Курская область,50,435100,331700,3481,1921,840,18,212
2022-10-01,Архангельская область,81,636000,418200,3805,2796,1531,103,274
2022-10-01,Томская область,13,228800,139300,1391,1101,282,30,99
2022-10-01,Рязанская область,59,1340200,861100,9017,5526,2088,22,641
2022-10-01,Ханты-Мансийский АО - Югра,74,784700,514600,4173,4106,1090,35,1111
2022-10-01,Севастополь город,44,420400,293400,3623,1770,537,41,91
2022-10-01,Москва город,703,23830100,14134600,110894,90762,43591,6205,69646
2022-10-01,Алтайский край,112,1836300,1216400,9268,9361,4489,669,614
2022-10-01,Саха (Якутия) Республика ,54,576800,397100,5151,2552,381,32,317
2022-10-01,Белгородская область,96,491500,331500,4316,1994,610,19,135
2022-10-01,Хабаровский край,87,666700,400600,3323,2767,993,137,670
2022-10-01,Мурманская область,2,2200,1700,16,19,3,0,0
2022-10-01,Калининградская область,286,2415600,1562300,15984,11538,2689,64,2495
2022-10-01,Санкт-Петербург город,625,19688400,11697700,173786,59518,22555,2398,29659
2022-10-01,Краснодарский край,992,9006700,6033000,79316,37554,8911,1140,4700
2022-10-01,Забайкальский край,21,188200,133700,1390,1115,248,35,38
2022-10-01,Саратовская область,132,1661500,1066000,9965,7151,3434,12,162
2022-10-01,Ярославская область,133,1075300,731100,6288,5872,1511,123,149
2022-10-01,Ивановская область,49,538900,317200,3114,1804,706,20,298
2022-10-01,Орловская область,58,796100,546600,6255,2721,1571,0,0
2022-10-01,Воронежская область,201,3072200,2093600,23419,12104,5454,103,1254
2022-10-01,Смоленская область,126,844500,621400,5594,4312,1348,66,349
2022-10-01,Псковская область,45,352000,246700,2489,1333,856,27,70
2022-10-01,Кемеровская область - Кузбасс,70,644400,440800,4917,2867,1031,80,325
2022-10-01,Красноярский край,176,3089100,1918400,14665,13331,6260,1033,2664
2022-10-01,Дагестан Республика,8,133500,102800,458,666,312,11,0
2022-10-01,Северная Осетия - Алания Республика,38,373400,269500,1786,1357,987,28,461
2022-10-01,Ставропольский край,168,1733000,1144100,12573,8052,2150,61,934
2022-10-01,Хакасия Республика,52,420000,248400,2713,1321,751,9,69
2022-10-01,Новгородская область,42,324300,228300,1972,1539,750,8,56
2022-10-01,Самарская область,205,2645200,1741100,21333,11409,4612,62,1755
2022-10-01,Липецкая область,82,861500,577200,5206,3675,1329,72,519
2022-10-01,Ростовская область,313,4371700,2790400,32441,18638,6728,189,3615
2022-10-01,Челябинская область,252,3059200,2085200,15972,15763,7631,1070,231
2022-10-01,Карелия Республика,52,462800,308600,1399,3064,1413,237,279
2022-10-01,Марий Эл Республика,75,567700,395800,3266,2807,1183,16,42
2022-10-01,Ненецкий Автономный округ,2,23400,16600,63,148,131,0,0
2022-10-01,Бурятия Республика,56,364900,248200,3364,1411,429,39,28
2022-10-01,Ульяновская область,129,898700,616100,5789,4934,1607,110,92
2022-10-01,Свердловская область,252,5000600,3204400,33186,20774,8058,623,6697
2022-10-01,Алтай Республика,3,9300,6400,114,36,1,0,0
2022-10-01,Волгоградская область,189,1174000,785100,7910,6041,1873,162,486
2022-10-01,Брянская область,86,914400,626800,4938,4340,1516,52,156
2022-10-01,Тверская область,146,923300,555500,6037,3512,1215,221,77
2022-10-01,Тюменская область,328,3501100,2293000,21070,14628,7297,789,3904
2022-10-01,Калмыкия Республика,10,46800,35000,247,294,54,0,18
2022-10-01,Сахалинская область,41,292500,195300,1461,1628,410,11,134
2022-10-01,Пермский край,150,2270600,1477700,12706,10502,5807,421,1933
2022-10-01,Астраханская область,28,381800,243700,1799,1699,516,61,740
2022-10-01,Приморский край,80,1116100,690200,9025,3419,955,108,2264
2022-10-01,Оренбургская область,93,1239700,820900,9571,5198,1919,38,31
2022-10-01,Татарстан Республика,487,5026700,3249700,31452,22981,8989,502,8341
2022-10-01,Московская область,983,20777600,13327200,152542,94839,30967,1853,13552
2022-10-01,Чеченская Республика,10,203000,138100,346,980,405,90,0
2022-10-01,Мордовия Республика,39,269400,183000,1849,1230,362,0,0
2022-10-01,Кировская область,100,841200,594900,6554,4397,1567,223,374
2022-10-01,Башкортостан Республика,231,3043800,2077400,23049,13566,5508,432,1786
2022-10-01,Пензенская область,70,965800,626400,6238,4212,2050,115,797
2022-10-01,Новосибирская область,670,5605300,3343600,33907,22105,11576,1409,6207
2022-10-01,Омская область,14,256500,168200,2669,649,138,0,95
2022-10-01,Калужская область,106,1269200,832300,7763,6250,1712,80,767
2022-10-01,Амурская область,16,103400,76700,868,513,195,1,67
2022-10-01,Чувашская Республика,143,1527500,1076600,10261,7946,2168,73,1032
2022-10-01,Ямало-Ненецкий Автономный округ,72,374200,266400,2478,1907,819,123,894
2022-10-01,Курганская область,30,244600,182600,1975,1430,344,12,1
2022-10-01,Карачаево-Черкесская Республика,5,51000,32500,164,157,119,7,53
2022-10-01,Тамбовская область,61,483600,342500,3452,2059,900,5,0
2022-10-01,Адыгея Республика,63,414200,276000,5006,1678,379,6,106
2022-10-01,Нижегородская область,149,1619000,1066000,11149,7392,2752,452,1247
2022-10-01,Коми Республика,22,219700,149600,1019,1160,853,102,18
2022-10-01,Еврейская Автономная область,1,1700,1300,12,12,3,0,0
2022-10-01,Тульская область,104,1084900,721100,6015,5182,1881,34,354
2022-10-01,Крым Республика,96,944600,554200,6452,3367,842,59,741
2022-10-01,Кабардино-Балкарская Республика,55,229100,141400,844,719,374,66,35
2022-11-01,Дагестан Республика,9,142200,109000,497,692,325,11,57
2022-11-01,Карелия Республика,54,484300,322700,1444,3156,1468,257,279
2022-11-01,Свердловская область,255,5063300,3239200,33540,20999,8157,637,6863
2022-11-01,Белгородская область,100,507700,343500,4440,2060,645,19,135
2022-11-01,Красноярский край,192,3318200,2065600,15491,14560,6740,1088,2947
2022-11-01,Адыгея Республика,63,414200,276000,5006,1678,379,6,106
2022-11-01,Ненецкий Автономный округ,2,23400,16600,63,148,131,0,0
2022-11-01,Смоленская область,132,879400,648100,5834,4507,1406,66,349
2022-11-01,Татарстан Республика,499,5192700,3357200,32360,23777,9377,543,8545
2022-11-01,Ханты-Мансийский АО - Югра,79,851800,551400,4368,4437,1242,35,1111
2022-11-01,Ямало-Ненецкий Автономный округ,78,421800,300000,2842,2120,916,129,894
2022-11-01,Астраханская область,29,396200,257200,1893,1848,533,61,740
2022-11-01,Иркутская область,287,1150900,823400,9682,4506,1522,109,244
2022-11-01,Ингушетия Республика,3,110900,56600,116,260,228,8,280
2022-11-01,Чеченская Республика,10,203000,138100,346,980,405,90,0
2022-11-01,Краснодарский край,1025,9397400,6306900,82688,39399,9370,1140,4838
2022-11-01,Пензенская область,75,1034800,670600,6659,4471,2280,116,797
2022-11-01,Хабаровский край,90,707800,423500,3602,2920,1036,137,670
2022-11-01,Вологодская область,111,879600,611800,5131,4362,1933,94,0
2022-11-01,Новосибирская область,683,5817800,3468500,35192,22992,12095,1422,6692
2022-11-01,Москва город,720,24502100,14560100,113607,93372,45247,6451,71341
2022-11-01,Самарская область,208,2669100,1757700,21791,11474,4620,62,1755
2022-11-01,Башкортостан Республика,251,3264400,2229800,24693,14395,5930,481,1917
2022-11-01,Хакасия Республика,54,437100,259400,2786,1382,802,14,69
2022-11-01,Тульская область,109,1139600,761600,6390,5454,1982,36,354
2022-11-01,Тюменская область,343,3550200,2329400,21541,14837,7395,801,3904
2022-11-01,Санкт-Петербург город,639,20324500,12054100,176544,62067,23422,2433,30594
2022-11-01,Брянская область,89,946300,652100,5108,4530,1586,52,156
2022-11-01,Карачаево-Черкесская Республика,5,51000,32500,164,157,119,7,53
2022-11-01,Кировская область,101,858100,605100,6600,4474,1628,224,374
2022-11-01,Воронежская область,210,3197000,2181300,24138,12694,5738,104,1333
2022-11-01,Рязанская область,64,1433400,923800,10053,5787,2201,22,641
2022-11-01,Марий Эл Республика,78,578600,403700,3330,2863,1206,16,42
2022-11-01,Нижегородская область,157,1698100,1112800,11499,7742,2881,469,1494
2022-11-01,Ростовская область,334,4614800,2949200,33927,19493,7264,198,3877
2022-11-01,Московская область,1077,21735400,13981300,160064,99249,32727,1930,13718
2022-11-01,Мурманская область,3,3400,2600,16,28,9,0,0
2022-11-01,Севастополь город,52,449600,314200,3785,1920,589,41,91
2022-11-01,Костромская область,119,334400,245400,1782,1918,739,6,22
2022-11-01,Ивановская область,53,573900,341200,3373,1923,757,20,298
2022-11-01,Удмуртская Республика,119,1759900,1143500,11281,7663,3375,471,1745
2022-11-01,Тверская область,156,1037000,595100,6315,3743,1303,238,77
2022-11-01,Архангельская область,90,724300,472000,4225,3181,1796,111,381
2022-11-01,Курская область,50,435100,331700,3481,1921,840,18,212
2022-11-01,Калининградская область,306,2628500,1701900,17447,12612,2971,73,2666
2022-11-01,Алтай Республика,3,9300,6400,114,36,1,0,0
2022-11-01,Саха (Якутия) Республика ,57,605600,418900,5355,2765,393,32,317
2022-11-01,Саратовская область,138,1768600,1134400,10560,7590,3588,12,162
2022-11-01,Крым Республика,103,1001800,587700,6870,3578,875,59,1092
2022-11-01,Забайкальский край,24,212500,150500,1486,1246,350,50,38
2022-11-01,Челябинская область,278,3210500,2197700,17443,16607,7932,1096,231
2022-11-01,Липецкая область,82,861500,577200,5206,3675,1329,72,519
2022-11-01,Коми Республика,23,230600,156700,1109,1250,853,102,18
2022-11-01,Кемеровская область - Кузбасс,76,694800,477600,5635,2957,1065,80,325
2022-11-01,Приморский край,98,1327500,827000,10517,4211,1209,124,2381
2022-11-01,Владимирская область,151,947500,675000,6403,4429,1698,77,717
2022-11-01,Ульяновская область,132,928200,635500,5923,5092,1685,159,92
2022-11-01,Мордовия Республика,41,294700,198500,2036,1333,378,0,0
2022-11-01,Тамбовская область,65,540500,379300,3886,2281,962,5,0
2022-11-01,Оренбургская область,97,1289700,855900,10008,5362,2017,42,31
2022-11-01,Кабардино-Балкарская Республика,55,229100,141400,844,719,374,66,35
2022-11-01,Ярославская область,137,1094300,745400,6513,5969,1512,123,149
2022-11-01,Чувашская Республика,144,1538600,1084800,10341,7994,2184,73,1032
2022-11-01,Ленинградская область,297,4005600,2532200,43932,13618,3773,94,1394
2022-11-01,Северная Осетия - Алания Республика,41,416300,296600,2008,1529,1049,28,461
2022-11-01,Волгоградская область,194,1253300,834900,8531,6334,1989,194,486
2022-11-01,Алтайский край,116,1917400,1264100,9525,9723,4662,784,782
2022-11-01,Калмыкия Республика,11,50700,38000,275,318,58,0,18
2022-11-01,Ставропольский край,178,1858200,1227400,13803,8517,2245,61,958
2022-11-01,Омская область,16,291800,191800,2745,737,275,16,95
2022-11-01,Орловская область,59,814200,559400,6383,2754,1649,0,0
2022-11-01,Томская область,13,228800,139300,1391,1101,282,30,99
2022-11-01,Сахалинская область,43,307400,205000,1589,1692,410,11,134
2022-11-01,Пермский край,154,2317600,1505100,12871,10735,5888,453,2031
2022-11-01,Курганская область,35,307300,225700,2314,1788,437,12,1
2022-11-01,Амурская область,16,103400,76700,868,513,195,1,67
2022-11-01,Бурятия Республика,59,374400,255000,3544,1429,429,39,28
2022-11-01,Калужская область,116,1306400,859100,8157,6417,1762,80,767
2022-11-01,Псковская область,47,373900,260800,2599,1442,899,27,70
2022-11-01,Новгородская область,42,324300,228300,1972,1539,750,8,56
2022-11-01,Еврейская Автономная область,1,1700,1300,12,12,3,0,0
2022-12-01,Ростовская область,359,4855400,3112000,35365,20729,7681,221,4076
2022-12-01,Ленинградская область,321,4383700,2762800,48085,14868,4195,138,2255
2022-12-01,Калининградская область,327,2778700,1802200,18452,13315,3067,73,2757
2022-12-01,Самарская область,211,2707700,1784100,22151,11594,4680,62,1755
2022-12-01,Тамбовская область,67,558800,392400,3988,2373,978,5,0
2022-12-01,Ивановская область,56,626300,371400,3750,2056,845,20,399
2022-12-01,Тюменская область,368,3908000,2545700,22881,16346,8315,941,4539
2022-12-01,Амурская область,20,133000,98200,1092,645,263,1,67
2022-12-01,Краснодарский край,1060,9958100,6685500,88335,41684,9734,1157,4888
2022-12-01,Красноярский край,201,3548200,2219100,17855,15474,7008,1119,2947
2022-12-01,Карелия Республика,57,533500,354300,1548,3449,1661,273,329
2022-12-01,Московская область,1107,22230700,14299400,163917,101566,33460,1977,14085
2022-12-01,Кемеровская область - Кузбасс,84,816900,552800,6905,2993,1083,80,485
2022-12-01,Псковская область,48,389200,271900,2734,1523,917,27,70
2022-12-01,Липецкая область,85,944000,631100,5691,4067,1464,72,709
2022-12-01,Омская область,16,291800,191800,2745,737,275,16,95
2022-12-01,Ставропольский край,185,1958600,1295700,14491,9116,2324,61,958
2022-12-01,Тверская область,163,1076500,620300,6540,3984,1335,238,99
2022-12-01,Ульяновская область,137,976800,666000,6238,5273,1777,159,92
2022-12-01,Томская область,13,228800,139300,1391,1101,282,30,99
2022-12-01,Северная Осетия - Алания Республика,46,465600,334300,2339,1726,1131,30,461
2022-12-01,Ярославская область,146,1161100,794600,6997,6297,1635,123,149
2022-12-01,Карачаево-Черкесская Республика,5,51000,32500,164,157,119,7,53
2022-12-01,Брянская область,94,992800,683700,5315,4758,1677,52,156
2022-12-01,Хабаровский край,94,757800,454900,3815,3105,1149,141,693
2022-12-01,Санкт-Петербург город,658,20931500,12420500,182611,63579,24089,2568,32027
2022-12-01,Владимирская область,164,1045100,745300,7369,4923,1832,81,717
2022-12-01,Еврейская Автономная область,1,1700,1300,12,12,3,0,0
2022-12-01,Иркутская область,294,1196400,854900,10065,4741,1560,109,244
2022-12-01,Смоленская область,135,888400,655100,5872,4539,1446,66,349
2022-12-01,Волгоградская область,203,1296000,865500,8813,6540,2094,204,507
2022-12-01,Астраханская область,29,396200,257200,1893,1848,533,61,740
2022-12-01,Саха (Якутия) Республика ,60,627900,434900,5546,2843,421,32,317
2022-12-01,Калужская область,120,1359100,898000,8542,6644,1816,80,767
2022-12-01,Коми Республика,23,230600,156700,1109,1250,853,102,18
2022-12-01,Курганская область,37,324600,239100,2405,1908,465,12,1
2022-12-01,Челябинская область,282,3245200,2227400,17684,16795,8077,1096,231
2022-12-01,Татарстан Республика,527,5448700,3537900,34349,25366,9806,543,8545
2022-12-01,Орловская область,60,818100,562000,6419,2775,1649,0,0
2022-12-01,Белгородская область,103,516600,349500,4534,2095,651,19,135
2022-12-01,Севастополь город,52,449600,314200,3785,1920,589,41,91
2022-12-01,Ямало-Ненецкий Автономный округ,81,431500,306500,2899,2181,933,129,894
2022-12-01,Марий Эл Республика,82,595100,414000,3379,2944,1239,16,59
2022-12-01,Сахалинская область,72,366800,252900,1847,2110,611,34,165
2022-12-01,Ингушетия Республика,3,110900,56600,116,260,228,8,280
2022-12-01,Пермский край,163,2456100,1597500,13313,11517,6416,534,2160
2022-12-01,Башкортостан Республика,259,3396800,2320100,25724,14911,6268,484,1948
2022-12-01,Мурманская область,3,3400,2600,16,28,9,0,0
2022-12-01,Нижегородская область,165,1768500,1158400,11903,7964,2975,475,1672
2022-12-01,Рязанская область,65,1444500,931500,10093,5872,2213,22,641
2022-12-01,Алтай Республика,3,9300,6400,114,36,1,0,0
2022-12-01,Ненецкий Автономный округ,2,23400,16600,63,148,131,0,0
2022-12-01,Мордовия Республика,41,294700,198500,2036,1333,378,0,0
2022-12-01,Чеченская Республика,10,203000,138100,346,980,405,90,0
2022-12-01,Саратовская область,154,1935700,1249400,11844,8301,3827,21,222
2022-12-01,Пензенская область,87,1244800,806600,8081,5233,2780,121,866
2022-12-01,Москва город,751,25631500,15260700,119780,98970,47404,6623,75039
2022-12-01,Алтайский край,117,1927500,1270000,9525,9738,4692,814,820
2022-12-01,Тульская область,113,1190400,798200,6643,5790,2128,37,354
2022-12-01,Приморский край,120,1716800,1072200,14261,5227,1786,128,2854
2022-12-01,Камчатский край,1,800,600,0,9,2,0,0
2022-12-01,Новосибирская область,740,6165000,3671000,36870,24250,12642,1522,7600
2022-12-01,Свердловская область,269,5254300,3363300,34955,21813,8440,647,7137
2022-12-01,Дагестан Республика,10,171000,122000,537,795,343,11,57
2022-12-01,Забайкальский край,27,232100,163400,1656,1331,371,50,38
2022-12-01,Новгородская область,43,329000,231700,2007,1567,758,8,56
2022-12-01,Крым Республика,110,1086900,638700,7474,3880,943,59,1100
2022-12-01,Вологодская область,118,955800,657600,5524,4661,2119,94,0
2022-12-01,Оренбургская область,102,1367300,907200,10466,5682,2189,42,31
2022-12-01,Калмыкия Республика,11,50700,38000,275,318,58,0,18
2022-12-01,Чувашская Республика,147,1565300,1104600,10500,8177,2200,73,1032
2022-12-01,Кабардино-Балкарская Республика,55,229100,141400,844,719,374,66,35
2022-12-01,Бурятия Республика,64,418700,282800,3755,1624,517,39,28
2022-12-01,Адыгея Республика,74,468200,313300,5578,1968,427,6,106
2022-12-01,Курская область,50,435100,331700,3481,1921,840,18,212
2022-12-01,Костромская область,122,353600,259100,1898,2026,777,6,22
2022-12-01,Воронежская область,227,3345900,2286500,25330,13358,6031,104,1333
2022-12-01,Архангельская область,96,765800,498900,4674,3292,1907,111,504
2022-12-01,Хакасия Республика,54,437100,259400,2786,1382,802,14,69
2022-12-01,Тыва Республика,6,21500,16500,202,102,72,0,0
2022-12-01,Кировская область,102,869100,612900,6786,4507,1629,224,374
2022-12-01,Удмуртская Республика,122,1796400,1169400,11589,7830,3455,471,1745
2022-12-01,Ханты-Мансийский АО - Югра,86,887500,576200,4587,4619,1316,35,1111
2023-01-01,Кемеровская область - Кузбасс,97,892400,603800,7318,3418,1257,80,485
2023-01-01,Тамбовская область,71,585000,410900,4231,2462,1023,5,0
2023-01-01,Омская область,32,418700,270600,3459,1367,402,25,194
2023-01-01,Липецкая область,90,1006800,672500,5922,4368,1625,92,798
2023-01-01,Кировская область,116,962200,681400,7351,5107,1812,241,387
2023-01-01,Самарская область,257,3041200,1994800,23971,12877,5164,101,2321
2023-01-01,Смоленская область,140,926100,682700,6127,4745,1467,66,386
2023-01-01,Тверская область,176,1185100,691500,7200,4458,1483,242,189
2023-01-01,Челябинская область,315,3667000,2540600,20664,19028,8634,1128,231
2023-01-01,Пермский край,183,2772600,1798900,14926,13060,7263,559,2427
2023-01-01,Крым Республика,118,1192500,695600,8332,4047,957,59,1459
2023-01-01,Белгородская область,110,554700,375200,4854,2210,696,19,135
2023-01-01,Астраханская область,39,567000,388800,3125,2861,809,61,765
2023-01-01,Брянская область,104,1065400,733800,5796,5093,1760,52,156
2023-01-01,Кабардино-Балкарская Республика,55,229100,141400,844,719,374,66,35
2023-01-01,Рязанская область,73,1606100,1046500,11195,6582,2587,23,876
2023-01-01,Красноярский край,209,3731600,2314700,18099,16515,7404,1135,3467
2023-01-01,Московская область,1191,23500000,15119400,173490,107093,35068,2091,15878
2023-01-01,Чувашская Республика,161,1723000,1212400,11330,9059,2406,83,1238
2023-01-01,Ханты-Мансийский АО - Югра,98,1008000,652400,5182,5362,1444,37,1141
2023-01-01,Хакасия Республика,69,579800,344900,3593,1779,1148,26,313
2023-01-01,Алтайский край,127,2029200,1338400,10098,10312,4965,902,820
2023-01-01,Северная Осетия - Алания Республика,52,525100,375300,2649,1928,1227,39,498
2023-01-01,Мордовия Республика,45,338300,228500,2270,1612,407,0,0
2023-01-01,Санкт-Петербург город,701,22661500,13354700,196510,68694,25736,2704,36200
2023-01-01,Оренбургская область,125,1575600,1040500,11708,6700,2607,45,31
2023-01-01,Москва город,922,27826000,16668000,130148,107229,52176,8269,80782
2023-01-01,Ульяновская область,160,1157900,792000,6975,6297,2217,225,110
2023-01-01,Карелия Республика,61,560500,369800,1615,3659,1719,279,375
2023-01-01,Томская область,35,348900,223400,2366,1621,465,92,273
2023-01-01,Калмыкия Республика,12,59100,43900,307,358,74,0,18
2023-01-01,Еврейская Автономная область,1,1700,1300,12,12,3,0,0
2023-01-01,Вологодская область,137,1047900,722900,6386,5057,2314,95,0
2023-01-01,Архангельская область,106,842300,551500,5209,3635,2149,121,504
2023-01-01,Волгоградская область,225,1506100,1012600,9966,7573,2548,212,507
2023-01-01,Ярославская область,155,1229400,840700,7411,6657,1715,123,149
2023-01-01,Башкортостан Республика,317,3763800,2577900,28585,16870,6880,576,1948
2023-01-01,Удмуртская Республика,131,1945600,1270900,12392,8571,3771,565,1759
2023-01-01,Ростовская область,387,5187600,3333100,37832,22178,8328,244,4099
2023-01-01,Ставропольский край,204,2146600,1418600,15977,9913,2473,69,1078
2023-01-01,Тульская область,139,1343600,904400,7633,6539,2357,40,480
2023-01-01,Карачаево-Черкесская Республика,8,102000,67800,460,285,191,22,53
2023-01-01,Сахалинская область,86,461700,315100,2616,2529,629,43,203
2023-01-01,Саха (Якутия) Республика ,71,694700,485700,6211,3192,475,34,317
2023-01-01,Курганская область,41,355800,263800,2507,2042,594,35,1
2023-01-01,Новосибирская область,840,6594000,3946200,39689,25931,13474,1629,8134
2023-01-01,Курская область,57,520600,393000,4177,2296,968,18,212
2023-01-01,Приморский край,162,2163200,1334600,17339,6710,2160,128,3841
2023-01-01,Нижегородская область,178,2030800,1306200,12960,8863,3327,520,2514
2023-01-01,Воронежская область,249,3690300,2516400,27247,14779,6586,120,1548
2023-01-01,Краснодарский край,1103,10963100,7226900,95642,45070,10771,1157,9142
2023-01-01,Севастополь город,52,449600,314200,3785,1920,589,41,91
2023-01-01,Коми Республика,24,248700,170400,1184,1360,951,120,18
2023-01-01,Саратовская область,176,2204300,1420600,13187,9647,4276,21,262
2023-01-01,Дагестан Республика,12,230800,168800,753,1050,492,11,213
2023-01-01,Марий Эл Республика,90,647800,449200,3692,3210,1301,21,88
2023-01-01,Псковская область,49,398100,278800,2830,1571,925,27,70
2023-01-01,Иркутская область,340,1390600,999100,11240,5621,2048,119,244
2023-01-01,Ненецкий Автономный округ,2,23400,16600,63,148,131,0,0
2023-01-01,Татарстан Республика,556,5819500,3776200,37031,26959,10495,562,8705
2023-01-01,Ивановская область,71,686000,411200,4125,2424,920,20,399
2023-01-01,Амурская область,28,232000,161200,1677,1105,418,6,67
2023-01-01,Бурятия Республика,81,618400,412900,5525,2133,992,39,28
2023-01-01,Ямало-Ненецкий Автономный округ,95,479600,339900,3126,2483,1048,147,894
2023-01-01,Мурманская область,3,3400,2600,16,28,9,0,0
2023-01-01,Свердловская область,321,6206200,3989400,43350,26181,10032,810,8123
2023-01-01,Орловская область,63,860400,592000,6840,2880,1753,0,0
2023-01-01,Камчатский край,1,800,600,0,9,2,0,0
2023-01-01,Ленинградская область,369,5031800,3161500,55052,16905,5048,138,2336
2023-01-01,Новгородская область,47,360800,253500,2224,1690,829,8,56
2023-01-01,Чеченская Республика,13,384800,228400,853,1377,577,90,103
2023-01-01,Забайкальский край,32,264700,186600,1789,1658,423,50,38
2023-01-01,Алтай Республика,3,9300,6400,114,36,1,0,0
2023-01-01,Пензенская область,96,1353700,883600,8825,5699,3075,132,866
2023-01-01,Калининградская область,353,3060000,1969600,20195,14411,3325,79,3178
2023-01-01,Тюменская область,403,4293700,2787700,24874,17950,8993,985,4768
2023-01-01,Тыва Республика,12,69300,40700,444,300,172,0,0
2023-01-01,Ингушетия Республика,3,110900,56600,116,260,228,8,280
2023-01-01,Костромская область,125,357100,262100,1918,2055,786,6,22
2023-01-01,Адыгея Республика,88,529200,355600,6344,2269,497,6,106
2023-01-01,Владимирская область,195,1294200,881400,8429,5665,2271,96,877
2023-01-01,Хабаровский край,96,792100,477400,3977,3300,1184,169,693
2023-01-01,Калужская область,131,1480400,975800,9113,7155,2068,126,864
2023-02-01,Ярославская область,245,2297100,1570500,13826,11713,3694,238,766
2023-02-01,Волгоградская область,341,2690400,1823800,18077,13507,4461,321,771
2023-02-01,Пермский край,328,5216100,3396600,26932,24982,14647,1569,4133
2023-02-01,Тульская область,261,2811800,1902300,18907,13057,4409,51,1122
2023-02-01,Ульяновская область,213,1823200,1231300,11493,9284,3494,394,367
2023-02-01,Ингушетия Республика,5,147700,79600,135,338,359,44,382
2023-02-01,Липецкая область,146,1423700,953900,8008,6078,2404,181,1464
2023-02-01,Ямало-Ненецкий Автономный округ,117,615300,429000,3916,3223,1328,149,973
2023-02-01,Астраханская область,76,1143300,785300,7013,5556,1683,69,1238
2023-02-01,Амурская область,61,557800,362700,4113,2313,874,43,67
2023-02-01,Рязанская область,146,3449500,2242000,24811,14503,4939,30,2540
2023-02-01,Московская область,1926,36946400,23619100,257778,177256,60917,5716,27536
2023-02-01,Дагестан Республика,23,441200,307600,1746,2131,713,11,302
2023-02-01,Архангельская область,171,1548700,1017200,11079,6842,3240,175,1147
2023-02-01,Приморский край,402,5128300,3112100,41844,14707,5023,409,11859
2023-02-01,Саратовская область,216,2819600,1836700,16402,12675,5505,36,606
2023-02-01,Псковская область,89,759800,530400,5282,3161,1711,43,70
2023-02-01,Курганская область,76,643400,464800,4420,3329,1149,51,92
2023-02-01,Вологодская область,259,2067200,1429600,13229,9662,4712,131,0
2023-02-01,Брянская область,157,1701700,1170000,9108,8013,2780,137,228
2023-02-01,Чеченская Республика,20,566000,357000,1621,2481,733,107,103
2023-02-01,Еврейская Автономная область,2,4500,3400,42,27,8,0,0
2023-02-01,Челябинская область,441,5084400,3524400,27924,27055,12286,1753,1328
2023-02-01,Хакасия Республика,99,897300,539200,5708,3084,1609,37,506
2023-02-01,Бурятия Республика,116,1020700,660100,7159,3575,2116,99,753
2023-02-01,Белгородская область,178,1032700,684800,8190,4277,1301,43,162
2023-02-01,Северная Осетия - Алания Республика,102,980200,679600,4332,3668,2258,161,1468
2023-02-01,Башкортостан Республика,633,8585100,5738600,61249,40051,15346,2054,8978
2023-02-01,Иркутская область,535,2688500,1914300,21066,11507,4562,316,748
2023-02-01,Калининградская область,510,4915500,3134900,31852,21979,5212,140,5147
2023-02-01,Марий Эл Республика,135,1021500,694900,5158,5112,1988,35,186
2023-02-01,Татарстан Республика,787,9429300,6045000,58395,43155,16673,1258,15462
2023-02-01,Смоленская область,206,1364700,1007400,8880,7054,2180,94,688
2023-02-01,Санкт-Петербург город,1207,37553800,22072900,330268,115424,45141,4524,62506
2023-02-01,Крым Республика,272,2345900,1415700,17335,8609,2161,103,2388
2023-02-01,Карелия Республика,87,846600,549100,2027,5588,2854,441,644
2023-02-01,Магаданская область,1,4900,3200,42,16,2,1,0
2023-02-01,Саха (Якутия) Республика ,116,1183200,832800,10054,5796,900,42,442
2023-02-01,Мордовия Республика,63,524900,353900,3447,2523,649,0,0
2023-02-01,Карачаево-Черкесская Республика,9,120400,80500,516,397,219,22,53
2023-02-01,Ставропольский край,359,3962900,2617700,28682,17188,4473,167,3879
2023-02-01,Ленинградская область,648,10727700,6768600,123219,35941,9052,318,7385
2023-02-01,Нижегородская область,310,3840900,2476000,23459,17095,6464,834,4702
2023-02-01,Ростовская область,587,9075400,5696400,66219,36032,15281,523,9191
2023-02-01,Тверская область,251,1794400,1129400,11672,7584,2407,286,336
2023-02-01,Свердловская область,625,12149100,7810900,85329,49712,20404,1566,16999
2023-02-01,Красноярский край,325,6331500,3871600,27693,28163,13087,2172,8420
2023-02-01,Алтай Республика,9,46600,30700,402,156,129,10,30
2023-02-01,Новосибирская область,1290,11917500,7117200,70558,46063,23260,2812,22007
2023-02-01,Кабардино-Балкарская Республика,69,505100,305100,1827,1356,757,229,615
2023-02-01,Тамбовская область,108,904200,642200,6222,4018,1590,86,0
2023-02-01,Камчатский край,1,800,600,0,9,2,0,0
2023-02-01,Краснодарский край,2066,26788700,17919300,248572,112383,28580,1470,16161
2023-02-01,Костромская область,186,598000,428600,3305,3317,1121,6,35
2023-02-01,Хабаровский край,202,2012400,1244300,10674,8231,3692,297,2356
2023-02-01,Москва город,1596,57155100,34141800,273007,221990,106712,21351,174774
2023-02-01,Самарская область,421,5808000,3765500,39677,24047,9898,377,7883
2023-02-01,Мурманская область,3,3400,2600,16,28,9,0,0
2023-02-01,Томская область,75,705500,446000,3527,3343,1305,211,1016
2023-02-01,Сахалинская область,126,813100,544900,4651,4293,1185,49,597
2023-02-01,Удмуртская Республика,285,4112900,2763900,27556,19013,7930,997,2486
2023-02-01,Пензенская область,178,3136300,1974400,17494,13070,6770,355,3172
2023-02-01,Кемеровская область - Кузбасс,171,1637900,1115000,12263,6947,2625,237,952
2023-02-01,Омская область,82,1168700,735400,8486,4199,1507,64,676
2023-02-01,Алтайский край,217,3217200,2113700,15724,16562,8103,1361,1609
2023-02-01,Ханты-Мансийский АО - Югра,144,1807800,1156900,9872,8659,2408,79,2894
2023-02-01,Владимирская область,273,2322000,1577500,14794,9834,4279,127,1720
2023-02-01,Тюменская область,642,8914700,5643500,51318,38210,16644,1975,13109
2023-02-01,Калужская область,184,2071000,1370400,12705,9920,2959,156,1251
2023-02-01,Калмыкия Республика,22,111800,80800,561,607,183,0,18
2023-02-01,Кировская область,166,1451800,1015000,10106,7486,3225,376,642
2023-02-01,Орловская область,91,1247100,879900,9518,4577,2471,0,0
2023-02-01,Адыгея Республика,133,945500,635900,10750,3898,827,12,425
2023-02-01,Ненецкий Автономный округ,2,23400,16600,63,148,131,0,0
2023-02-01,Севастополь город,66,597800,407600,5141,2431,733,41,218
2023-02-01,Курская область,100,935900,701400,6980,4401,1672,66,325
2023-02-01,Новгородская область,59,537300,330100,2785,2192,1114,12,56
2023-02-01,Воронежская область,377,6193100,4189100,47544,24885,10663,355,4500
2023-02-01,Чувашская Республика,227,2726000,1776200,15552,13233,3687,183,2486
2023-02-01,Забайкальский край,49,440700,305900,2847,2714,806,50,38
2023-02-01,Коми Республика,34,376100,257700,2065,2204,1296,146,18
2023-02-01,Ивановская область,112,1285800,665700,6097,4118,1638,28,515
2023-02-01,Оренбургская область,175,2202900,1451100,16362,9433,3688,107,174
2023-02-01,Тыва Республика,23,100800,61700,757,439,204,0,0
2023-03-01,Краснодарский край,2085,26999900,18051500,250792,113126,28715,1486,16544
2023-03-01,Тульская область,265,2911400,1964900,19579,13450,4575,50,1122
2023-03-01,Мурманская область,3,3400,2600,16,28,9,0,0
2023-03-01,Магаданская область,1,4900,3200,42,16,2,1,0
2023-03-01,Ханты-Мансийский АО - Югра,145,1814300,1162200,9886,8696,2424,81,2894
2023-03-01,Липецкая область,147,1426600,954600,8009,6081,2398,181,1486
2023-03-01,Калининградская область,511,4927600,3141300,31906,22053,5224,140,5189
2023-03-01,Саратовская область,219,2850400,1857900,16511,12813,5641,36,606
2023-03-01,Пензенская область,184,3200400,2017600,17731,13522,6911,396,3211
2023-03-01,Воронежская область,382,6343500,4289900,49113,25444,10901,360,4547
2023-03-01,Ивановская область,114,1302300,676600,6165,4184,1648,28,568
2023-03-01,Хакасия Республика,99,897400,539200,5708,3084,1609,37,506
2023-03-01,Чувашская Республика,235,2786100,1819000,15881,13486,3785,202,2486
2023-03-01,Оренбургская область,178,2223800,1466400,16492,9541,3714,107,174
2023-03-01,Орловская область,92,1262400,891100,9559,4657,2513,0,0
2023-03-01,Новгородская область,59,537300,330100,2785,2192,1114,12,56
2023-03-01,Вологодская область,267,2123700,1472200,13566,10002,4846,131,0
2023-03-01,Камчатский край,2,10200,5900,0,25,29,17,36
2023-03-01,Марий Эл Республика,141,1066800,724000,5453,5319,2043,35,244
2023-03-01,Белгородская область,180,1049400,696500,8318,4321,1349,44,162
2023-03-01,Волгоградская область,343,2738500,1838700,18216,13553,4523,344,941
2023-03-01,Калужская область,187,2091500,1385500,12915,9970,2969,162,1251
2023-03-01,Ставропольский край,366,4038300,2667700,29349,17452,4551,175,3959
2023-03-01,Новосибирская область,1325,12311000,7376500,73742,47601,23940,2877,22441
2023-03-01,Ярославская область,253,2346800,1604800,14247,11915,3757,238,766
2023-03-01,Челябинская область,449,5201500,3606300,28714,27641,12588,1780,1328
2023-03-01,Тюменская область,649,9122400,5771900,52413,39232,16966,2003,14407
2023-03-01,Смоленская область,210,1384600,1023200,9053,7170,2209,94,688
2023-03-01,Ульяновская область,214,1829500,1235800,11517,9308,3507,394,367
2023-03-01,Самарская область,426,5868700,3810900,40152,24246,10090,377,7884
2023-03-01,Удмуртская Республика,288,4155600,2790300,28024,19174,7946,996,2486
2023-03-01,Хабаровский край,203,2013300,1244900,10688,8236,3692,297,2356
2023-03-01,Забайкальский край,50,453500,314300,2881,2833,823,50,38
2023-03-01,Санкт-Петербург город,1224,37804500,22250400,333994,116045,45377,4535,62293
2023-03-01,Кемеровская область - Кузбасс,178,1728800,1173400,12771,7429,2864,237,1001
2023-03-01,Адыгея Республика,133,945500,635900,10750,3898,827,12,425
2023-03-01,Курганская область,77,657200,474400,4497,3431,1158,51,92
2023-03-01,Иркутская область,541,2796800,1990300,21764,11859,4816,396,889
2023-03-01,Рязанская область,146,3449500,2242000,24811,14503,4939,30,2540
2023-03-01,Омская область,82,1168700,735300,8486,4199,1507,64,676
2023-03-01,Коми Республика,34,376100,257700,2065,2204,1296,146,18
2023-03-01,Татарстан Республика,788,9464600,6065900,58686,43296,16709,1273,15462
2023-03-01,Карелия Республика,87,846600,549100,2027,5588,2854,441,644
2023-03-01,Саха (Якутия) Республика ,117,1189100,837000,10142,5823,900,42,444
2023-03-01,Кировская область,169,1480600,1029500,10195,7585,3271,382,737
2023-03-01,Свердловская область,633,12331800,7916500,86629,50250,20633,1607,17194
2023-03-01,Северная Осетия - Алания Республика,103,989500,686400,4346,3710,2280,163,1468
2023-03-01,Тыва Республика,25,110300,70200,827,489,264,0,0
2023-03-01,Псковская область,91,776000,540100,5359,3247,1731,43,70
2023-03-01,Ленинградская область,651,10828400,6844200,124744,36255,9233,333,7706
2023-03-01,Владимирская область,274,2327300,1582100,14849,9864,4285,126,1720
2023-03-01,Крым Республика,265,2417300,1451600,17873,8675,2306,117,2783
2023-03-01,Башкортостан Республика,644,8692900,5811800,61803,40509,15654,2152,8978
2023-03-01,Алтай Республика,9,46600,30700,402,156,129,10,30
2023-03-01,Томская область,75,705500,446000,3527,3343,1305,211,1016
2023-03-01,Дагестан Республика,28,452900,319300,1826,2188,730,19,302
2023-03-01,Ненецкий Автономный округ,2,23400,16600,63,148,131,0,0
2023-03-01,Костромская область,186,598100,427700,3304,3318,1121,6,35
2023-03-01,Ингушетия Республика,5,147700,79600,135,338,359,44,382
2023-03-01,Калмыкия Республика,22,111800,80800,561,607,183,0,18
2023-03-01,Еврейская Автономная область,2,4500,3400,42,27,8,0,0
2023-03-01,Амурская область,64,586200,379400,4371,2429,908,43,67
2023-03-01,Бурятия Республика,121,1043300,673600,7200,3750,2103,101,766
2023-03-01,Кабардино-Балкарская Республика,69,505100,305100,1827,1356,757,229,615
2023-03-01,Алтайский край,220,3242300,2131400,15768,16855,8178,1361,1609
2023-03-01,Курская область,100,935900,701400,6980,4401,1672,66,325
2023-03-01,Пермский край,324,5210600,3393600,26977,24924,14638,1567,4133
2023-03-01,Архангельская область,173,1576500,1033300,11229,6924,3293,208,1170
2023-03-01,Сахалинская область,127,841200,560700,4791,4432,1205,43,684
2023-03-01,Брянская область,157,1701700,1170000,9108,8013,2780,137,228
2023-03-01,Красноярский край,329,6395700,3907700,27972,28264,13349,2206,8420
2023-03-01,Севастополь город,66,597800,407600,5141,2431,733,41,218
2023-03-01,Московская область,1950,37505500,23969000,261314,180246,62257,5751,28809
2023-03-01,Чеченская Республика,20,566000,357000,1587,2515,733,107,103
2023-03-01,Москва город,1602,57419900,34299100,274923,222927,107002,21400,175767
2023-03-01,Тамбовская область,111,937600,663900,6528,4137,1623,86,0
2023-03-01,Астраханская область,80,1177800,817200,7411,5773,1729,69,1261
2023-03-01,Приморский край,407,5194500,3149500,42286,15008,5131,410,11831
2023-03-01,Тверская область,254,1824200,1147500,11783,7717,2439,286,416
2023-03-01,Ростовская область,590,9152900,5750300,66850,36341,15437,523,9164
2023-03-01,Карачаево-Черкесская Республика,11,195500,98500,677,519,250,22,53
2023-03-01,Нижегородская область,316,3917600,2531300,24195,17349,6522,841,4700
2023-03-01,Ямало-Ненецкий Автономный округ,117,615300,429000,3916,3223,1328,149,973
2023-03-01,Мордовия Республика,65,545100,367100,3637,2638,626,15,0
2023-04-01,Краснодарский край,2097,27064900,18098700,251927,113439,28707,1442,16437
2023-04-01,Удмуртская Республика,295,4260300,2855400,28797,19515,8119,1005,2616
2023-04-01,Тамбовская область,114,964200,681300,6784,4239,1643,86,0
2023-04-01,Новгородская область,60,550900,338800,2861,2260,1146,12,56
2023-04-01,Ярославская область,256,2365900,1617800,14312,12054,3796,238,766
2023-04-01,Калужская область,188,2110000,1397500,12988,10095,2987,162,1251
2023-04-01,Омская область,83,1173400,738500,8516,4229,1517,64,676
2023-04-01,Крым Республика,271,2482600,1488700,18449,8883,2351,123,2997
2023-04-01,Татарстан Республика,800,9610600,6157400,59557,43821,16964,1278,15786
2023-04-01,Иркутская область,549,2865700,2039600,22240,12171,4977,402,889
2023-04-01,Бурятия Республика,123,1115800,721200,7616,3929,2378,101,766
2023-04-01,Саха (Якутия) Республика ,124,1236300,865000,10606,6002,900,43,462
2023-04-01,Новосибирская область,1342,12457500,7461100,74680,48164,24112,2878,22679
2023-04-01,Белгородская область,182,1067300,707800,8413,4390,1383,44,162
2023-04-01,Пензенская область,188,3267200,2057800,17901,13916,7103,399,3300
2023-04-01,Северная Осетия - Алания Республика,104,1003700,693100,4431,3760,2275,163,1469
2023-04-01,Кировская область,176,1550900,1076600,10616,7935,3384,378,750
2023-04-01,Мордовия Республика,65,545100,367300,3638,2641,623,15,0
2023-04-01,Брянская область,158,1708800,1176800,9255,8085,2745,128,228
2023-04-01,Забайкальский край,51,464500,321700,2909,2907,889,50,38
2023-04-01,Чувашская Республика,242,2877200,1881700,16386,13912,3920,202,2599
2023-04-01,Сахалинская область,126,813100,544300,4663,4291,1193,43,597
2023-04-01,Вологодская область,271,2142600,1486000,13706,10091,4876,134,0
2023-04-01,Самарская область,435,6033400,3908300,41024,24937,10330,399,8308
2023-04-01,Ленинградская область,659,10902600,6895400,124019,36990,9745,438,7827
2023-04-01,Костромская область,187,600800,430100,3312,3335,1131,6,35
2023-04-01,Тюменская область,677,9508100,6025700,54774,41127,17625,2058,14597
2023-04-01,Карачаево-Черкесская Республика,11,147400,98700,680,520,250,22,53
2023-04-01,Магаданская область,1,4900,3200,42,16,2,1,0
2023-04-01,Чеченская Республика,20,566000,357000,1587,2515,733,107,103
2023-04-01,Хабаровский край,209,2104700,1301300,11124,8639,3973,297,2544
2023-04-01,Севастополь город,66,597800,407600,5141,2431,733,41,218
2023-04-01,Калининградская область,514,4933600,3143300,31901,22057,5243,140,5223
2023-04-01,Воронежская область,390,6524900,4410700,50471,26177,11162,360,4590
2023-04-01,Тверская область,262,1905500,1199200,12556,7880,2588,286,456
2023-04-01,Пермский край,331,5311600,3458200,27663,25343,14827,1602,4203
2023-04-01,Тыва Республика,25,110300,70200,827,489,264,0,0
2023-04-01,Ростовская область,604,9433100,5902000,68144,37555,15943,549,9625
2023-04-01,Челябинская область,452,5235900,3631600,28841,27942,12656,1769,1328
2023-04-01,Кабардино-Балкарская Республика,69,505100,305100,1827,1356,757,229,643
2023-04-01,Приморский край,413,5346600,3239300,42763,15906,5493,431,12368
2023-04-01,Ингушетия Республика,5,147700,79600,135,338,359,44,382
2023-04-01,Мурманская область,4,12500,7800,66,78,9,0,0
2023-04-01,Коми Республика,34,376100,257700,2065,2204,1296,146,18
2023-04-01,Рязанская область,147,3455100,2243800,24811,14521,4941,30,2579
2023-04-01,Саратовская область,219,2850400,1858100,16511,12813,5641,36,606
2023-04-01,Алтай Республика,9,46600,30700,402,156,129,10,30
2023-04-01,Архангельская область,182,1656800,1085800,12026,7289,3388,208,1170
2023-04-01,Камчатский край,2,10200,5900,0,25,29,17,36
2023-04-01,Тульская область,274,3033400,2046900,20791,13929,4729,50,1122
2023-04-01,Ивановская область,117,1322100,689400,6245,4257,1710,28,568
2023-04-01,Курганская область,80,676200,487800,4707,3482,1199,51,92
2023-04-01,Томская область,77,708500,448500,3535,3372,1306,211,975
2023-04-01,Ненецкий Автономный округ,2,23400,16600,63,148,131,0,0
2023-04-01,Красноярский край,332,6432200,3934100,28114,28528,13417,2207,8420
2023-04-01,Алтайский край,224,3295700,2167200,15973,17092,8332,1389,1609
2023-04-01,Смоленская область,213,1418900,1044900,9267,7357,2212,94,690
2023-04-01,Свердловская область,655,12660200,8142400,89119,51802,21209,1624,17387
2023-04-01,Курская область,102,947900,710500,7117,4463,1666,73,325
2023-04-01,Липецкая область,175,1482400,996500,8261,6228,2565,260,1486
2023-04-01,Нижегородская область,324,4015800,2596200,24888,17743,6663,841,4962
2023-04-01,Орловская область,93,1281900,904000,9657,4763,2538,1,0
2023-04-01,Псковская область,93,792100,552300,5452,3295,1804,43,70
2023-04-01,Дагестан Республика,29,466600,327900,1935,2246,744,19,392
2023-04-01,Карелия Республика,89,867200,561300,2141,5672,2894,449,644
2023-04-01,Марий Эл Республика,146,1099900,747700,5610,5498,2103,35,244
2023-04-01,Ульяновская область,216,1876900,1267600,12051,9494,3602,397,385
2023-04-01,Еврейская Автономная область,2,4500,3400,42,27,8,0,0
2023-04-01,Адыгея Республика,133,945500,635900,10750,3898,827,12,425
2023-04-01,Москва город,1613,57766600,34533100,277515,224953,107708,21541,176333
2023-04-01,Владимирская область,279,2386400,1621300,15175,10138,4377,131,1898
2023-04-01,Кемеровская область - Кузбасс,183,1773200,1204900,12861,7806,3005,237,1001
2023-04-01,Амурская область,68,624200,403200,4600,2668,918,43,67
2023-04-01,Калмыкия Республика,22,111800,80800,561,607,183,0,18
2023-04-01,Санкт-Петербург город,1229,37911400,22307000,334271,116352,45572,4564,62622
2023-04-01,Башкортостан Республика,657,8869700,5930100,63194,41539,15863,2147,9101
2023-04-01,Астраханская область,84,1271700,879400,8401,6227,1809,73,1349
2023-04-01,Ямало-Ненецкий Автономный округ,120,664300,455500,4186,3375,1408,149,1063
2023-04-01,Московская область,1987,37747000,24111300,262686,181842,62807,5858,29256
2023-04-01,Ханты-Мансийский АО - Югра,154,1880100,1211100,10386,9078,2452,81,2894
2023-04-01,Ставропольский край,376,4173600,2756200,30446,18021,4641,175,3939
2023-04-01,Хакасия Республика,102,918500,559600,5800,3175,1663,37,506
2023-04-01,Волгоградская область,346,2773600,1863400,18393,13727,4631,344,941
2023-04-01,Оренбургская область,179,2238600,1475400,16588,9605,3714,107,174
2023-05-01,Красноярский край,338,6468500,3960400,28384,28954,13392,2194,8420
2023-05-01,Тыва Республика,25,110300,70200,827,489,264,0,0
2023-05-01,Тульская область,273,2966900,2005400,20620,13677,4556,50,1122
2023-05-01,Приморский край,427,5530500,3361500,44326,16791,5846,452,12567
2023-05-01,Тюменская область,700,9788600,6202500,56584,42171,18079,2081,14996
2023-05-01,Алтай Республика,9,46600,30800,402,156,129,10,30
2023-05-01,Дагестан Республика,30,508600,361700,2191,2516,658,19,392
2023-05-01,Татарстан Республика,811,9682900,6201500,60125,44098,17044,1270,15934
2023-05-01,Краснодарский край,2122,27361800,18290500,254693,114230,29166,1442,16720
2023-05-01,Ненецкий Автономный округ,2,23400,16600,63,148,131,0,0
2023-05-01,Оренбургская область,180,2241000,1476900,16570,9640,3729,107,226
2023-05-01,Кабардино-Балкарская Республика,119,615500,379100,2171,1708,1141,229,983
2023-05-01,Ямало-Ненецкий Автономный округ,119,649100,446800,4106,3323,1374,149,1063
2023-05-01,Калининградская область,552,5093200,3252600,33334,22789,5416,149,5353
2023-05-01,Еврейская Автономная область,2,4500,3400,42,27,8,0,0
2023-05-01,Севастополь город,74,641000,432600,5421,2586,756,49,218
2023-05-01,Ханты-Мансийский АО - Югра,152,1885000,1213100,10271,9133,2464,81,2932
2023-05-01,Нижегородская область,341,4120600,2668600,25619,18225,6900,843,4972
2023-05-01,Тамбовская область,118,1011000,714000,7203,4440,1683,86,0
2023-05-01,Архангельская область,181,1627200,1065800,11694,7212,3309,209,1170
2023-05-01,Кемеровская область - Кузбасс,184,1788200,1216300,13092,7806,3005,237,1001
2023-05-01,Липецкая область,229,1566200,1045200,8576,6542,2739,280,1486
2023-05-01,Рязанская область,147,3455100,2243800,24812,14520,4941,30,2579
2023-05-01,Ивановская область,119,1338700,700400,6343,4311,1756,28,568
2023-05-01,Чеченская Республика,20,566000,357000,1587,2515,733,107,103
2023-05-01,Кировская область,178,1564500,1085700,10705,8010,3394,378,765
2023-05-01,Удмуртская Республика,301,4346100,2914500,29575,19798,8302,1071,2616
2023-05-01,Брянская область,163,1752200,1205400,9372,8336,2795,128,228
2023-05-01,Ленинградская область,664,11000700,6951800,124626,37357,9873,438,7844
2023-05-01,Крым Республика,287,2568400,1543200,18998,9311,2399,123,2997
2023-05-01,Амурская область,83,790000,510500,5726,3537,1123,45,153
2023-05-01,Владимирская область,284,2437800,1657000,15469,10440,4460,134,1898
2023-05-01,Томская область,80,716400,450700,3558,3385,1332,196,1017
2023-05-01,Хакасия Республика,104,936200,571500,5922,3269,1687,37,506
2023-05-01,Смоленская область,217,1450700,1070900,9503,7564,2233,94,690
2023-05-01,Белгородская область,186,1106700,736300,8739,4540,1466,46,207
2023-05-01,Вологодская область,273,2157700,1496800,13839,10188,4889,134,0
2023-05-01,Самарская область,442,6242700,4024400,42180,25650,10677,423,8639
2023-05-01,Ярославская область,256,2379700,1626200,14301,12118,3822,238,766
2023-05-01,Иркутская область,548,2856300,2032800,22059,12165,5005,402,949
2023-05-01,Хабаровский край,216,2176700,1343200,11497,9012,4148,300,2561
2023-05-01,Челябинская область,438,5205100,3606900,28018,27579,12854,1816,1328
2023-05-01,Сахалинская область,130,836000,560100,4811,4467,1220,43,597
2023-05-01,Башкортостан Республика,661,8877700,5934300,62982,41662,15929,2151,9019
2023-05-01,Марий Эл Республика,151,1143700,774200,5872,5684,2148,35,244
2023-05-01,Омская область,84,1189400,748800,8654,4253,1559,64,676
2023-05-01,Камчатский край,2,10200,5900,0,25,29,17,36
2023-05-01,Новгородская область,62,561900,346800,2908,2318,1183,12,56
2023-05-01,Курская область,102,947900,710500,7117,4463,1666,73,325
2023-05-01,Свердловская область,679,12947500,8331000,90864,53080,21655,1649,17591
2023-05-01,Московская область,2000,38493000,24591100,267439,185896,64823,6049,30431
2023-05-01,Санкт-Петербург город,1244,38453700,22602900,339700,117999,45816,4552,64197
2023-05-01,Мордовия Республика,67,585600,395000,3928,2845,674,15,0
2023-05-01,Чувашская Республика,248,2821700,1934500,16914,14282,4022,202,2713
2023-05-01,Волгоградская область,362,2838800,1913400,18872,14090,4725,346,1013
2023-05-01,Карачаево-Черкесская Республика,11,147400,98700,680,520,250,22,53
2023-05-01,Адыгея Республика,133,945500,635900,10750,3898,827,12,425
2023-05-01,Новосибирская область,1363,12810900,7651900,75230,49456,25044,3089,23527
2023-05-01,Ставропольский край,383,4257500,2815000,31064,18442,4729,177,3911
2023-05-01,Псковская область,94,802500,560400,5560,3366,1805,43,70
2023-05-01,Орловская область,94,1301100,918100,9771,4830,2601,0,0
2023-05-01,Забайкальский край,52,471800,326200,2953,2925,915,50,38
2023-05-01,Ульяновская область,221,1910800,1291600,12189,9680,3665,397,385
2023-05-01,Алтайский край,225,3299800,2170000,16064,17109,8331,1389,1531
2023-05-01,Северная Осетия - Алания Республика,104,1010200,700400,4335,3835,2347,238,1469
2023-05-01,Курганская область,81,694000,501700,4795,3561,1252,51,92
2023-05-01,Калмыкия Республика,22,111800,80800,561,607,183,0,18
2023-05-01,Пермский край,339,5572600,3632200,28555,26597,16050,1700,4473
2023-05-01,Тверская область,268,1935100,1220500,12892,8018,2575,296,474
2023-05-01,Ростовская область,618,10089700,6073400,70317,38611,16350,542,9722
2023-05-01,Коми Республика,34,376100,257700,2065,2204,1296,146,18
2023-05-01,Бурятия Республика,126,1135600,734100,7731,4004,2415,101,768
2023-05-01,Москва город,1633,58670800,35060900,281134,229294,109567,21966,178704
2023-05-01,Калужская область,185,2063800,1363400,12671,9784,2979,162,1251
2023-05-01,Карелия Республика,91,883200,572100,2169,5778,2929,474,644
2023-05-01,Воронежская область,398,6735100,4561000,53205,27116,11320,345,4578
2023-05-01,Ингушетия Республика,5,147700,79600,135,338,359,44,382
2023-05-01,Саратовская область,225,2830400,1845100,16443,12775,5550,37,606
2023-05-01,Саха (Якутия) Республика ,126,1253700,878000,10702,6108,900,99,462
2023-05-01,Пензенская область,195,3370900,2120800,18316,14289,7389,399,3503
2023-05-01,Астраханская область,85,1279700,885000,8439,6244,1809,74,1349
2023-05-01,Мурманская область,4,12500,7800,66,78,9,0,0
2023-05-01,Магаданская область,1,4900,3200,42,16,2,1,0
2023-05-01,Костромская область,192,638700,457200,3533,3578,1157,10,35
2023-06-01,Томская область,98,772500,486500,3707,3588,1611,220,1131
2023-06-01,Чувашская Республика,252,2881200,1970700,17272,14457,4127,202,2789
2023-06-01,Калмыкия Республика,23,119000,85800,625,631,191,0,18
2023-06-01,Нижегородская область,346,4201300,2721100,26327,18576,7012,843,4972
2023-06-01,Хакасия Республика,109,968900,590600,6191,3384,1697,38,507
2023-06-01,Самарская область,462,6370300,4099600,43072,26045,10775,424,9041
2023-06-01,Кемеровская область - Кузбасс,186,1801700,1224700,13145,7898,3016,242,1038
2023-06-01,Крым Республика,295,2594600,1559300,19201,9421,2422,123,2997
2023-06-01,Мурманская область,4,12500,7800,66,78,9,0,0
2023-06-01,Курганская область,85,721700,520400,4953,3724,1288,51,92
2023-06-01,Красноярский край,340,6492700,3977100,28562,29136,13411,2194,8403
2023-06-01,Ярославская область,261,2411500,1648700,14476,12299,3870,238,766
2023-06-01,Тамбовская область,119,1031600,727200,7387,4504,1703,86,0
2023-06-01,Тверская область,267,1921400,1211400,12781,7942,2581,303,474
2023-06-01,Воронежская область,405,6768700,4581800,53246,27278,11312,345,4288
2023-06-01,Тыва Республика,29,137000,86800,1011,621,342,0,0
2023-06-01,Кабардино-Балкарская Республика,125,676500,409600,2507,1862,1187,229,1003
2023-06-01,Ульяновская область,228,1957700,1325500,12482,9918,3789,410,385
2023-06-01,Дагестан Республика,32,543800,382700,2306,2648,722,19,392
2023-06-01,Москва город,1638,59149200,35342500,283666,231196,110423,22227,180791
2023-06-01,Санкт-Петербург город,1252,38551900,22653000,340668,118272,45879,4567,64224
2023-06-01,Сахалинская область,130,836000,560100,4812,4467,1220,43,591
2023-06-01,Псковская область,96,805800,562500,5592,3383,1804,43,70
2023-06-01,Оренбургская область,183,2290500,1507800,16998,9804,3798,107,226
2023-06-01,Хабаровский край,221,2227000,1378200,11788,9358,4239,320,2562
2023-06-01,Тульская область,276,3003500,2029500,20901,13830,4623,51,1122
2023-06-01,Бурятия Республика,126,1074100,694000,7353,3934,2159,101,768
2023-06-01,Курская область,102,947900,710500,7117,4463,1666,73,325
2023-06-01,Коми Республика,36,393100,269700,2136,2249,1366,146,18
2023-06-01,Пензенская область,200,3508000,2212200,19261,14747,7781,412,3503
2023-06-01,Краснодарский край,2119,27321500,18267100,254254,114057,29102,1421,16501
2023-06-01,Калужская область,185,2064200,1362500,12702,9802,2977,161,1249
2023-06-01,Ингушетия Республика,7,199400,93800,231,526,415,52,382
2023-06-01,Саратовская область,232,2890900,1883900,16994,12989,5661,40,606
2023-06-01,Архангельская область,189,1706000,1114900,12466,7584,3349,209,1170
2023-06-01,Удмуртская Республика,301,4346100,2913600,29592,19813,8286,1071,2616
2023-06-01,Башкортостан Республика,655,8643400,5798300,61295,40763,15816,2232,9032
2023-06-01,Белгородская область,186,1106700,736300,8739,4540,1466,46,207
2023-06-01,Северная Осетия - Алания Республика,106,1028600,710100,4589,3823,2299,184,1507
2023-06-01,Свердловская область,688,13124000,8443700,92576,53746,21819,1649,17962
2023-06-01,Амурская область,86,805500,520300,5921,3578,1159,45,153
2023-06-01,Камчатский край,2,10200,5900,0,25,29,17,36
2023-06-01,Ханты-Мансийский АО - Югра,153,1893100,1219100,10360,9241,2440,82,2932
2023-06-01,Магаданская область,1,4900,3200,42,16,2,1,0
2023-06-01,Марий Эл Республика,155,1214000,816600,6284,5910,2314,35,244
2023-06-01,Татарстан Республика,826,9866400,6321300,61420,45022,17322,1322,15934
2023-06-01,Калининградская область,573,5270100,3386900,34836,23819,5549,152,5453
2023-06-01,Саха (Якутия) Республика ,130,1282100,903700,10960,6288,950,99,462
2023-06-01,Ставропольский край,385,4272400,2823300,31154,18486,4737,177,4005
2023-06-01,Ростовская область,636,10334200,6239200,72268,39740,16731,544,10434
2023-06-01,Тюменская область,707,10027800,6345000,57308,43249,18873,2269,15456
2023-06-01,Астраханская область,86,1301200,898600,8589,6331,1842,74,1360
2023-06-01,Московская область,2030,38943700,24867000,270555,188041,65815,6049,31306
2023-06-01,Забайкальский край,52,471800,326200,2953,2925,915,50,38
2023-06-01,Севастополь город,74,641000,432600,5420,2585,757,49,218
2023-06-01,Орловская область,94,1311500,926500,9867,4872,2617,0,0
2023-06-01,Адыгея Республика,133,945500,635900,10750,3898,827,12,425
2023-06-01,Рязанская область,155,3879500,2296500,25857,14923,4938,30,2702
2023-06-01,Пермский край,395,6481500,4189600,33786,30559,18048,1904,5210
2023-06-01,Ленинградская область,673,11262700,7114700,127087,38479,10166,475,7844
2023-06-01,Новосибирская область,1372,12824200,7668200,75271,49520,25143,3085,23658
2023-06-01,Липецкая область,230,1585900,1058100,8671,6627,2764,280,1486
2023-06-01,Брянская область,164,1774800,1219100,9537,8411,2840,128,228
2023-06-01,Смоленская область,222,1493700,1102100,9700,7791,2329,94,690
2023-06-01,Приморский край,444,5624500,3425700,45557,17037,5893,452,12567
2023-06-01,Чеченская Республика,21,648400,384500,1757,2651,801,107,103
2023-06-01,Костромская область,195,653700,468200,3617,3660,1189,10,35
2023-06-01,Волгоградская область,365,2897600,1951200,19095,14398,4830,352,1203
2023-06-01,Омская область,84,1189400,748800,8654,4253,1559,64,676
2023-06-01,Карелия Республика,92,896400,580000,2220,5896,2962,474,644
2023-06-01,Иркутская область,549,2862200,2037500,22114,12195,5019,401,949
2023-06-01,Ненецкий Автономный округ,2,23400,16600,63,148,131,0,0
2023-06-01,Еврейская Автономная область,2,4500,3400,42,27,8,0,0
2023-06-01,Карачаево-Черкесская Республика,11,147400,98700,680,520,250,22,53
2023-06-01,Ивановская область,122,1338400,699600,6390,4278,1765,28,568
2023-06-01,Новгородская область,64,579600,359300,3036,2388,1227,12,56
2023-06-01,Ямало-Ненецкий Автономный округ,119,650800,446800,4106,3323,1374,149,1063
2023-06-01,Челябинская область,442,5356100,3627800,28575,27780,12846,1826,1328
2023-06-01,Алтай Республика,9,46600,30800,402,156,129,10,30
2023-06-01,Кировская область,181,1579600,1096900,10722,8130,3485,384,765
2023-06-01,Владимирская область,286,2473100,1680100,15667,10623,4520,134,1898
2023-06-01,Вологодская область,281,2216500,1532700,14252,10484,4946,143,0
2023-06-01,Мордовия Республика,69,606100,408700,4071,2904,725,15,0
2023-06-01,Алтайский край,225,3301100,2169900,16083,17137,8331,1379,1531
2023-07-01,Ростовская область,654,10705100,6426700,75141,40583,17051,551,10780
2023-07-01,Тамбовская область,122,1044600,736300,7403,4595,1726,86,0
2023-07-01,Рязанская область,159,3631600,2321500,26157,15168,4940,30,2702
2023-07-01,Севастополь город,73,644400,436300,5435,2628,766,51,331
2023-07-01,Алтай Республика,15,92400,59200,744,400,174,10,30
2023-07-01,Магаданская область,1,4900,3200,40,15,2,1,0
2023-07-01,Ингушетия Республика,8,223400,108300,251,517,404,48,382
2023-07-01,Карачаево-Черкесская Республика,9,136000,91500,648,488,202,22,53
2023-07-01,Кемеровская область - Кузбасс,190,1862700,1258300,13516,7975,3118,266,1149
2023-07-01,Тверская область,269,1935000,1219500,12843,8007,2603,303,474
2023-07-01,Ленинградская область,690,11593200,7323400,130432,40348,10443,475,7889
2023-07-01,Омская область,92,1304500,820000,9108,4524,1792,96,676
2023-07-01,Санкт-Петербург город,1261,38801100,22815300,343630,119115,46106,4619,65147
2023-07-01,Ивановская область,126,1376500,724500,6620,4372,1807,28,683
2023-07-01,Смоленская область,225,1514400,1117400,9820,7876,2382,94,728
2023-07-01,Пермский край,399,6524100,4223600,33765,30902,18276,1924,5195
2023-07-01,Москва город,1648,59691700,35677000,286577,233522,111647,22531,181869
2023-07-01,Ярославская область,273,2469800,1690600,14937,12595,3949,238,766
2023-07-01,Хакасия Республика,114,1001100,609400,6365,3461,1776,38,507
2023-07-01,Белгородская область,189,1135300,753100,8899,4661,1505,46,207
2023-07-01,Астраханская область,85,1261400,883500,8665,6176,1876,44,1063
2023-07-01,Воронежская область,411,7010500,4701200,54680,27999,11618,365,4789
2023-07-01,Томская область,100,797300,503600,3824,3672,1716,225,1131
2023-07-01,Ханты-Мансийский АО - Югра,158,1925900,1242400,10533,9463,2484,83,2940
2023-07-01,Татарстан Республика,839,10076700,6448100,62672,46128,17558,1331,16374
2023-07-01,Ненецкий Автономный округ,2,23400,16600,63,148,131,0,0
2023-07-01,Владимирская область,288,2484700,1689300,15758,10694,4520,134,1898
2023-07-01,Коми Республика,38,424700,287900,2388,2411,1376,146,28
2023-07-01,Новосибирская область,1395,13024600,7810500,76708,50561,25567,3137,24313
2023-07-01,Челябинская область,446,5279800,3657000,27968,28154,13166,1849,1328
2023-07-01,Липецкая область,182,1619000,1087400,8952,6903,2810,266,1723
2023-07-01,Сахалинская область,129,837200,562000,4835,4481,1236,43,591
2023-07-01,Самарская область,474,6527700,4197900,44195,26726,10977,424,9215
2023-07-01,Забайкальский край,56,516800,354400,3209,3173,1012,50,38
2023-07-01,Красноярский край,345,6666000,4077300,29164,29817,13795,2233,8963
2023-07-01,Еврейская Автономная область,2,4500,3400,42,27,8,0,0
2023-07-01,Приморский край,458,5868500,3570000,47909,17252,6110,452,13281
2023-07-01,Крым Республика,311,2740600,1659200,20824,9793,2605,123,2997
2023-07-01,Московская область,2038,39293300,25092000,273943,189622,66261,6049,31737
2023-07-01,Мурманская область,3,11400,7000,66,69,3,0,0
2023-07-01,Кировская область,182,1588500,1102100,10806,8160,3494,384,765
2023-07-01,Ямало-Ненецкий Автономный округ,119,664300,454300,4166,3359,1406,149,1035
2023-07-01,Орловская область,93,1283300,905800,9733,4724,2550,0,0
2023-07-01,Тульская область,279,3034900,2047400,21126,13980,4643,51,1122
2023-07-01,Карелия Республика,93,919100,595900,2232,6037,3070,500,602
2023-07-01,Тюменская область,712,10088500,6384400,57725,43587,18948,2269,15456
2023-07-01,Свердловская область,703,13463000,8656200,95917,54992,22220,1663,18360
2023-07-01,Тыва Республика,36,151000,96700,1204,688,342,0,0
2023-07-01,Чеченская Республика,21,566000,384500,1757,2651,801,107,103
2023-07-01,Псковская область,96,808800,562500,5592,3383,1804,43,70
2023-07-01,Новгородская область,66,591600,366900,3131,2435,1247,12,56
2023-07-01,Архангельская область,192,1737800,1135200,12774,7720,3372,208,1291
2023-07-01,Краснодарский край,2124,27439600,18327300,254845,114445,29295,1424,16727
2023-07-01,Мордовия Республика,71,628000,424600,4180,3020,769,15,0
2023-07-01,Удмуртская Республика,305,4403600,2952900,29975,20113,8406,1071,2616
2023-07-01,Алтайский край,228,3332000,2189000,16204,17443,8360,1379,1558
2023-07-01,Костромская область,196,664000,475600,3700,3729,1183,10,35
2023-07-01,Чувашская Республика,262,2919900,1995300,17367,14608,4209,202,3026
2023-07-01,Калмыкия Республика,23,119800,85900,618,646,183,0,18
2023-07-01,Иркутская область,551,2869800,2041600,22191,12196,5042,402,949
2023-07-01,Волгоградская область,374,2962000,1997600,19537,14760,4992,344,1267
2023-07-01,Северная Осетия - Алания Республика,106,1028600,709900,4635,3823,2276,184,1507
2023-07-01,Башкортостан Республика,672,8892000,5963300,62937,41953,16304,2341,9239
2023-07-01,Вологодская область,280,2215900,1532100,14277,10464,4956,143,0
2023-07-01,Оренбургская область,194,2372100,1558700,17645,10145,3863,107,226
2023-07-01,Брянская область,166,1797800,1235500,9746,8513,2851,128,228
2023-07-01,Хабаровский край,227,2294100,1426400,11896,9706,4609,370,2572
2023-07-01,Бурятия Республика,129,1124600,729500,7353,4220,2345,166,768
2023-07-01,Марий Эл Республика,157,1229700,827300,6341,5986,2338,35,244
2023-07-01,Ульяновская область,230,1981000,1339200,12475,10013,3905,424,402
2023-07-01,Калужская область,188,2090400,1383700,12813,10042,2997,161,1249
2023-07-01,Дагестан Республика,35,563700,397700,2421,2763,742,19,392
2023-07-01,Курганская область,87,749900,541400,5240,3878,1330,50,92
2023-07-01,Ставропольский край,391,4348000,2863700,31437,18679,4825,204,4146
2023-07-01,Калининградская область,584,5324300,3422600,35157,24077,5617,152,5453
2023-07-01,Саха (Якутия) Республика ,132,1308100,921300,11470,6251,992,99,462
2023-07-01,Нижегородская область,354,4282400,2772500,26748,18969,7195,847,5067
2023-07-01,Камчатский край,12,182500,113100,780,767,209,1,36
2023-07-01,Амурская область,86,792800,512000,5713,3539,1172,45,153
2023-07-01,Кабардино-Балкарская Республика,129,743700,456200,2917,2084,1267,229,1162
2023-07-01,Пензенская область,203,3529500,2226000,19382,14871,7799,412,3503
2023-07-01,Курская область,104,967300,725400,7317,4553,1696,73,325
2023-07-01,Саратовская область,233,2894800,1886300,17020,13004,5673,40,606
2023-07-01,Адыгея Республика,133,945500,635900,10750,3898,827,12,425
2023-08-01,Липецкая область,186,1738200,1166000,9894,7305,2909,282,1723
2023-08-01,Калужская область,191,2117300,1401200,12941,10171,3045,161,1195
2023-08-01,Крым Республика,325,2870500,1742900,21889,10313,2747,123,2997
2023-08-01,Еврейская Автономная область,2,4500,3400,42,27,8,0,0
2023-08-01,Удмуртская Республика,309,4457700,2991300,30384,20387,8522,1079,2641
2023-08-01,Марий Эл Республика,157,1229700,826900,6350,6004,2311,35,244
2023-08-01,Алтайский край,228,3332000,2189000,16204,17442,8361,1379,1558
2023-08-01,Алтай Республика,15,92400,59200,744,400,174,10,30
2023-08-01,Ингушетия Республика,8,223400,108300,251,517,404,48,382
2023-08-01,Брянская область,167,1755700,1212700,9627,8393,2756,125,198
2023-08-01,Карачаево-Черкесская Республика,9,136000,91500,648,488,202,22,53
2023-08-01,Дагестан Республика,41,598100,422500,2701,2942,747,19,392
2023-08-01,Сахалинская область,130,865200,577100,4990,4617,1269,43,591
2023-08-01,Саратовская область,239,2939000,1915200,17102,13243,5858,48,606
2023-08-01,Башкортостан Республика,681,9038800,6049700,63745,42908,16603,2343,9386
2023-08-01,Севастополь город,73,644400,436300,5435,2628,766,51,331
2023-08-01,Северная Осетия - Алания Республика,106,1025200,702700,4692,3775,2193,184,1507
2023-08-01,Ямало-Ненецкий Автономный округ,121,682100,464500,4296,3438,1421,149,1035
2023-08-01,Татарстан Республика,841,10182400,6511100,63195,46556,17805,1321,16403
2023-08-01,Чувашская Республика,271,3030300,2066000,18023,15124,4328,202,3243
2023-08-01,Курганская область,87,749900,541300,5240,3878,1330,50,92
2023-08-01,Орловская область,99,1361700,961100,10320,5050,2681,0,0
2023-08-01,Ханты-Мансийский АО - Югра,160,1932100,1247300,10513,9559,2512,91,2940
2023-08-01,Нижегородская область,363,4383800,2823600,27274,19313,7280,851,5365
2023-08-01,Оренбургская область,195,2377400,1562300,17736,10172,3839,107,226
2023-08-01,Волгоградская область,380,3040300,2048100,20157,15160,5104,344,1265
2023-08-01,Пензенская область,209,3624900,2285000,19638,15367,8088,424,3666
2023-08-01,Рязанская область,163,3698900,2358300,26623,15383,4981,30,2828
2023-08-01,Астраханская область,89,1336000,926400,9095,6364,1942,74,1380
2023-08-01,Костромская область,197,670900,479900,3754,3773,1183,10,35
2023-08-01,Тульская область,282,3075800,2077200,21421,14195,4668,51,1122
2023-08-01,Ленинградская область,704,11814800,7471600,133304,41015,10554,479,7701
2023-08-01,Чеченская Республика,21,566000,384500,1757,2651,801,107,103
2023-08-01,Забайкальский край,58,528600,363100,3301,3234,1030,50,38
2023-08-01,Вологодская область,288,2283300,1568200,14630,10687,5020,160,0
2023-08-01,Санкт-Петербург город,1281,39178700,23032100,347492,120213,46370,4622,65240
2023-08-01,Свердловская область,715,13658800,8784900,97960,55732,22447,1669,18513
2023-08-01,Калмыкия Республика,23,119800,85900,618,646,183,0,18
2023-08-01,Новгородская область,66,591600,366900,3131,2435,1247,12,56
2023-08-01,Адыгея Республика,148,1101000,737300,12273,4692,910,12,425
2023-08-01,Томская область,101,814900,512000,3866,3734,1739,227,1171
2023-08-01,Коми Республика,38,424700,287900,2388,2411,1376,146,28
2023-08-01,Самарская область,484,6743200,4333800,45324,27915,11221,461,9551
2023-08-01,Тамбовская область,125,1079600,759600,7670,4741,1763,86,0
2023-08-01,Калининградская область,586,5322600,3423600,35146,24083,5639,152,5277
2023-08-01,Тверская область,275,1964000,1240400,12983,8133,2667,311,474
2023-08-01,Мордовия Республика,74,655600,444000,4491,3118,811,15,0
2023-08-01,Иркутская область,560,2955900,2097400,22666,12709,5142,439,1096
2023-08-01,Владимирская область,287,2482200,1686700,15724,10680,4520,134,1898
2023-08-01,Магаданская область,7,94300,50900,548,492,90,1,0
2023-08-01,Ненецкий Автономный округ,2,23400,16600,63,148,131,0,0
2023-08-01,Кировская область,183,1592400,1104200,10817,8168,3507,384,785
2023-08-01,Ярославская область,279,2498800,1709700,15132,12741,3976,238,790
2023-08-01,Курская область,104,967300,725400,7317,4553,1696,73,325
2023-08-01,Новосибирская область,1434,13217800,7940100,77798,51724,25875,3177,24399
2023-08-01,Бурятия Республика,133,1167500,759200,7601,4406,2345,166,719
2023-08-01,Тюменская область,728,10374600,6543300,59036,44742,19323,2336,15431
2023-08-01,Архангельская область,193,1740100,1136900,12780,7738,3378,208,1291
2023-08-01,Москва город,1659,60007600,35860100,288643,234959,112111,22674,182626
2023-08-01,Хакасия Республика,118,1021000,621800,6405,3488,1787,94,539
2023-08-01,Ивановская область,129,1395400,737200,6723,4476,1826,28,683
2023-08-01,Воронежская область,417,7091900,4754600,55035,28302,11822,376,4850
2023-08-01,Омская область,85,1195400,753200,8694,4293,1559,64,676
2023-08-01,Саха (Якутия) Республика ,134,1323200,928800,11560,6343,1005,99,462
2023-08-01,Хабаровский край,233,2493400,1539200,13578,10234,4790,356,3316
2023-08-01,Кемеровская область - Кузбасс,191,1872900,1265500,13544,8007,3164,282,1149
2023-08-01,Ростовская область,663,10445300,6526800,76039,41413,17285,557,11061
2023-08-01,Амурская область,88,805100,519700,5782,3598,1186,45,153
2023-08-01,Московская область,2054,39681900,25326400,276859,191617,66699,6034,32457
2023-08-01,Карелия Республика,94,931000,601500,2235,6155,3081,500,648
2023-08-01,Пермский край,405,6644300,4301900,34180,31483,18843,1943,5206
2023-08-01,Приморский край,467,6084600,3705800,49751,18159,6346,452,13899
2023-08-01,Белгородская область,190,1152000,763500,8946,4703,1582,48,225
2023-08-01,Камчатский край,13,194800,122600,850,837,229,1,36
2023-08-01,Красноярский край,344,6686500,4090000,28778,30045,13929,2281,8970
2023-08-01,Челябинская область,448,5374800,3723600,28077,28866,13393,1882,1328
2023-08-01,Кабардино-Балкарская Республика,127,715300,440300,2826,1987,1264,202,1162
2023-08-01,Смоленская область,226,1515600,1118900,9835,7889,2385,94,728
2023-08-01,Тыва Республика,40,188100,121200,1454,810,474,0,0
2023-08-01,Мурманская область,3,11400,7000,66,69,3,0,0
2023-08-01,Ульяновская область,230,1985600,1341700,12463,10016,3947,421,402
2023-08-01,Псковская область,97,814900,566900,5637,3401,1822,43,70
2023-08-01,Краснодарский край,2116,27297500,18181700,251093,114176,29288,1442,16629
2023-08-01,Ставропольский край,400,4450800,2929200,32066,19006,4981,208,4194
2023-09-01,Свердловская область,735,14095100,9058000,102608,57358,22933,1688,19053
2023-09-01,Оренбургская область,196,2401000,1579400,17837,10304,3856,107,226
2023-09-01,Пермский край,407,6676200,4322400,34367,31627,18864,1949,5254
2023-09-01,Томская область,91,818900,514300,3897,3803,1735,233,1152
2023-09-01,Амурская область,88,805100,519700,5785,3603,1180,43,153
2023-09-01,Белгородская область,190,1144100,757400,8924,4699,1509,47,180
2023-09-01,Брянская область,169,1783500,1230000,9779,8533,2781,125,198
2023-09-01,Еврейская Автономная область,2,4500,3400,42,27,8,0,0
2023-09-01,Вологодская область,290,2311200,1588500,14844,10803,5070,160,0
2023-09-01,Хакасия Республика,124,1049800,639200,6551,3582,1851,94,547
2023-09-01,Нижегородская область,374,4493000,2896400,27955,19825,7435,882,5544
2023-09-01,Красноярский край,345,6723900,4110900,28821,30208,14007,2272,9125
2023-09-01,Кабардино-Балкарская Республика,128,736900,451500,2906,2027,1304,202,1274
2023-09-01,Ставропольский край,407,4601200,3022400,32935,19638,5191,208,4293
2023-09-01,Астраханская область,87,1274800,892700,8911,6233,1885,44,1063
2023-09-01,Рязанская область,165,3794800,2412700,27179,15639,5105,31,3027
2023-09-01,Приморский край,471,6101600,3706000,49680,18319,6274,455,14094
2023-09-01,Чеченская Республика,21,566000,384500,1757,2651,801,107,103
2023-09-01,Коми Республика,38,424700,287900,2376,2417,1376,146,28
2023-09-01,Ивановская область,130,1409800,746500,6788,4511,1867,29,683
2023-09-01,Челябинская область,458,5479800,3796100,28672,29293,13809,1907,1328
2023-09-01,Липецкая область,201,1804200,1205000,10101,7519,3023,319,1909
2023-09-01,Хабаровский край,237,2527900,1563200,13965,10384,4884,364,3212
2023-09-01,Ханты-Мансийский АО - Югра,166,1975500,1276900,10780,9773,2569,86,2975
2023-09-01,Архангельская область,198,1801300,1175200,13546,7942,3409,210,1337
2023-09-01,Крым Республика,330,2892100,1752900,22031,10352,2749,123,3037
2023-09-01,Чувашская Республика,277,3060900,2086900,18232,15307,4341,202,3348
2023-09-01,Карачаево-Черкесская Республика,9,136000,91500,648,488,202,22,53
2023-09-01,Тверская область,279,1969800,1245300,12983,8181,2677,326,474
2023-09-01,Ямало-Ненецкий Автономный округ,122,683900,465900,4320,3444,1421,149,1035
2023-09-01,Пензенская область,210,3635000,2291300,19687,15432,8092,424,3668
2023-09-01,Тыва Республика,41,194500,125400,1482,863,483,0,0
2023-09-01,Московская область,2077,40266600,25686500,280636,193711,67715,6270,33861
2023-09-01,Санкт-Петербург город,1286,39384800,23119200,349729,120451,46555,4619,66124
2023-09-01,Новосибирская область,1450,13475700,8091400,79007,52869,26488,3239,24979
2023-09-01,Мордовия Республика,77,677200,457800,4554,3209,871,15,0
2023-09-01,Омская область,86,1201400,757300,8774,4309,1559,64,676
2023-09-01,Кемеровская область - Кузбасс,195,1907500,1289600,13961,8087,3181,282,1148
2023-09-01,Костромская область,199,678400,485800,3786,3812,1204,10,35
2023-09-01,Татарстан Республика,867,10737700,6815500,65536,48754,18875,1470,18644
2023-09-01,Псковская область,100,835100,581100,5795,3517,1834,43,70
2023-09-01,Ярославская область,286,2555200,1734700,15340,12947,4016,238,790
2023-09-01,Севастополь город,73,644400,436300,5435,2628,766,51,331
2023-09-01,Камчатский край,13,194800,122300,850,837,229,1,36
2023-09-01,Волгоградская область,385,3071800,2069600,20333,15290,5217,345,1265
2023-09-01,Саратовская область,240,2940300,1916000,17114,13251,5858,48,606
2023-09-01,Марий Эл Республика,158,1236300,830900,6392,6033,2324,35,244
2023-09-01,Мурманская область,3,11400,7000,66,69,3,0,0
2023-09-01,Тюменская область,738,10482900,6611900,59740,45419,19401,2340,15420
2023-09-01,Алтайский край,238,3441800,2263300,16817,18012,8682,1400,1670
2023-09-01,Курганская область,90,790000,568800,5506,4038,1427,50,92
2023-09-01,Краснодарский край,2135,27633500,18396700,253777,115374,29667,1465,16631
2023-09-01,Башкортостан Республика,686,9159600,6113700,64453,43321,16762,2376,9927
2023-09-01,Курская область,105,969600,727300,7325,4561,1706,73,325
2023-09-01,Северная Осетия - Алания Республика,108,1045000,716300,4785,3853,2231,184,1554
2023-09-01,Смоленская область,227,1520400,1122300,9896,7889,2385,94,728
2023-09-01,Ленинградская область,728,12113200,7660300,136569,42096,10897,559,7793
2023-09-01,Карелия Республика,97,956200,615800,2371,6306,3152,507,687
2023-09-01,Адыгея Республика,148,1101000,737300,12273,4692,910,12,425
2023-09-01,Тульская область,283,3106700,2097400,21689,14354,4688,51,1122
2023-09-01,Саха (Якутия) Республика ,140,1420200,999900,13174,6350,1039,99,462
2023-09-01,Калмыкия Республика,24,134100,96900,656,708,235,0,18
2023-09-01,Владимирская область,287,2485700,1686700,15724,10681,4519,134,1866
2023-09-01,Забайкальский край,62,550400,377100,3445,3288,1099,61,38
2023-09-01,Иркутская область,564,3010300,2134700,23120,12939,5209,432,1193
2023-09-01,Кировская область,186,1624400,1125900,10930,8372,3623,393,816
2023-09-01,Ненецкий Автономный округ,2,23400,16600,63,148,131,0,0
2023-09-01,Тамбовская область,126,1086700,764500,7752,4771,1763,86,0
2023-09-01,Калининградская область,596,5487400,3519600,36426,24673,5804,152,5427
2023-09-01,Калужская область,192,2130500,1408900,12979,10225,3078,161,1195
2023-09-01,Дагестан Республика,43,675400,474400,2970,3302,851,27,392
2023-09-01,Сахалинская область,141,1056000,638800,5912,5069,1361,43,591
2023-09-01,Новгородская область,67,601200,373100,3203,2467,1263,12,56
2023-09-01,Ульяновская область,233,1996500,1350700,12621,10024,3948,421,402
2023-09-01,Самарская область,503,6806500,4378000,45799,28199,11272,496,9550
2023-09-01,Ростовская область,670,10539800,6581200,76467,41804,17495,561,11224
2023-09-01,Ингушетия Республика,8,215300,108300,251,517,404,48,382
2023-09-01,Алтай Республика,15,92500,58800,734,403,173,10,30
2023-09-01,Москва город,1684,61084800,36544500,293213,239974,114854,23529,186529
2023-09-01,Орловская область,100,1380800,975200,10426,5117,2745,0,0
2023-09-01,Удмуртская Республика,314,4526400,3033100,30451,20677,8722,1116,2726
2023-09-01,Магаданская область,7,94300,50900,548,492,90,1,0
2023-09-01,Воронежская область,428,7228600,4833000,56220,28622,12002,376,5061
2023-09-01,Бурятия Республика,135,1176900,764400,7611,4452,2357,166,728
2023-10-01,Карелия Республика,97,956200,615800,2371,6306,3152,507,687
2023-10-01,Иркутская область,580,3165900,2248700,24700,13524,5307,432,1227
2023-10-01,Мурманская область,3,11400,7000,66,69,3,0,0
2023-10-01,Пензенская область,215,3693800,2333700,20046,15702,8203,453,3668
2023-10-01,Нижегородская область,383,4594000,2961600,28562,20198,7571,907,5685
2023-10-01,Санкт-Петербург город,1303,39823200,23360000,353685,121700,47166,4652,66892
2023-10-01,Тульская область,289,3203000,2164500,22705,14858,4738,51,1122
2023-10-01,Сахалинская область,150,1090300,662600,6151,5260,1375,43,591
2023-10-01,Бурятия Республика,132,1182500,766100,7614,4439,2388,174,761
2023-10-01,Тыва Республика,44,203000,130900,1512,894,537,0,0
2023-10-01,Архангельская область,199,1812400,1179900,13593,7975,3416,210,1337
2023-10-01,Хакасия Республика,124,1049800,639100,6552,3581,1850,94,547
2023-10-01,Магаданская область,7,94300,50900,548,492,90,1,0
2023-10-01,Северная Осетия - Алания Республика,110,1062400,727500,4931,3903,2231,184,1554
2023-10-01,Костромская область,203,696000,498300,3895,3900,1229,10,35
2023-10-01,Хабаровский край,249,2674100,1661500,14522,11268,5298,458,3305
2023-10-01,Ханты-Мансийский АО - Югра,179,2123400,1375000,12142,10405,2822,144,3158
2023-10-01,Донецкая Народная Республика,2,16800,8200,141,32,0,0,0
2023-10-01,Тамбовская область,128,1101800,776300,7854,4860,1810,86,0
2023-10-01,Липецкая область,204,1889200,1257000,10667,7851,3147,325,1909
2023-10-01,Кабардино-Балкарская Республика,128,737400,451700,2913,2031,1308,200,1271
2023-10-01,Белгородская область,193,1158600,765200,8968,4765,1526,48,180
2023-10-01,Москва город,1702,61877000,36982200,296268,243270,116891,23823,189547
2023-10-01,Дагестан Республика,45,737400,509500,3289,3578,886,27,392
2023-10-01,Ульяновская область,243,2078300,1407900,13088,10437,4113,421,410
2023-10-01,Московская область,2105,40794800,26034100,283105,197217,69015,6387,34167
2023-10-01,Севастополь город,73,644400,436300,5435,2628,766,51,331
2023-10-01,Новосибирская область,1462,13591200,8157900,79729,53273,26617,3241,25217
2023-10-01,Камчатский край,13,194800,122300,850,837,229,1,36
2023-10-01,Ямало-Ненецкий Автономный округ,122,684900,465900,4310,3437,1430,149,1035
2023-10-01,Крым Республика,334,2916600,1770200,22279,10438,2758,123,3037
2023-10-01,Карачаево-Черкесская Республика,9,136000,91500,648,488,202,22,53
2023-10-01,Калининградская область,605,5527500,3547600,36729,24852,5907,151,5427
2023-10-01,Ленинградская область,744,12268900,7761800,137706,42823,11235,570,7293
2023-10-01,Брянская область,173,1817500,1255500,10041,8687,2878,125,198
2023-10-01,Смоленская область,232,1553100,1146700,10145,8060,2404,94,728
2023-10-01,Мордовия Республика,77,677100,457800,4554,3209,871,15,0
2023-10-01,Саха (Якутия) Республика ,140,1362000,955800,12235,6347,1063,99,462
2023-10-01,Алтай Республика,16,98000,62700,813,423,173,10,30
2023-10-01,Воронежская область,440,7490800,4995200,57935,29591,12394,433,5409
2023-10-01,Калужская область,194,2139300,1415800,13051,10281,3078,161,1195
2023-10-01,Рязанская область,168,3869800,2468900,28308,15960,5152,31,3082
2023-10-01,Курганская область,95,851100,608500,6221,4270,1475,50,92
2023-10-01,Тюменская область,746,10743900,6774900,60834,46954,20243,2354,16264
2023-10-01,Кемеровская область - Кузбасс,198,1938700,1310200,14365,8112,3184,283,1171
2023-10-01,Забайкальский край,63,551800,378600,3461,3304,1099,61,38
2023-10-01,Приморский край,481,6315200,3844300,51279,19208,6583,457,14443
2023-10-01,Волгоградская область,408,3193200,2155100,21200,15984,5481,396,1265
2023-10-01,Марий Эл Республика,162,1269900,853400,6528,6242,2352,35,244
2023-10-01,Оренбургская область,200,2410500,1585100,17871,10325,3902,111,226
2023-10-01,Саратовская область,251,2983300,1946700,17326,13423,5985,48,629
2023-10-01,Чеченская Республика,21,566000,384500,1757,2651,801,107,103
2023-10-01,Челябинская область,473,5620600,3893800,29316,30040,14421,1966,1328
2023-10-01,Свердловская область,746,14270000,9176900,104122,58109,23160,1703,19168
2023-10-01,Ингушетия Республика,8,215300,108300,251,517,404,48,382
2023-10-01,Омская область,93,1313900,830400,9377,4806,1749,73,793
2023-10-01,Башкортостан Республика,698,9354000,6241800,65742,44142,17120,2407,10310
2023-10-01,Краснодарский край,2133,27568100,18361200,252486,115292,29631,1460,16680
2023-10-01,Удмуртская Республика,323,4627300,3105200,31240,21272,8852,1134,2721
2023-10-01,Татарстан Республика,885,11174600,7034000,67519,50243,19327,1500,20157
2023-10-01,Коми Республика,38,424700,287900,2374,2418,1376,146,28
2023-10-01,Псковская область,103,858600,597400,5970,3621,1878,43,70
2023-10-01,Алтайский край,240,3458200,2275600,16971,18112,8709,1400,1670
2023-10-01,Тверская область,282,1981900,1253100,13073,8217,2686,341,474
2023-10-01,Амурская область,89,811200,526400,5712,3715,1229,43,153
2023-10-01,Пермский край,413,6764100,4379900,35276,32153,18978,1949,5262
2023-10-01,Вологодская область,296,2365800,1626900,15132,11023,5206,160,250
2023-10-01,Курская область,106,1027100,763400,7745,4750,1767,75,413
2023-10-01,Калмыкия Республика,27,157300,112700,765,835,270,0,18
2023-10-01,Ненецкий Автономный округ,2,23400,16600,63,148,131,0,0
2023-10-01,Еврейская Автономная область,2,4500,3400,42,27,8,0,0
2023-10-01,Ярославская область,298,2637600,1793700,15862,13324,4179,270,818
2023-10-01,Орловская область,102,1406200,993400,10620,5216,2794,0,0
2023-10-01,Красноярский край,356,7028900,4294100,29775,31663,14745,2328,9724
2023-10-01,Самарская область,514,6956100,4479500,46888,28746,11521,512,9658
2023-10-01,Ставропольский край,424,4824900,3173400,35212,20367,5383,208,4414
2023-10-01,Чувашская Республика,284,3175900,2149600,18673,15819,4487,202,3664
2023-10-01,Кировская область,191,1662600,1152400,11241,8628,3637,397,816
2023-10-01,Томская область,92,834800,523800,3999,3873,1755,233,1152
2023-10-01,Адыгея Республика,158,1144300,766800,12795,4912,980,12,425
2023-10-01,Новгородская область,68,609400,378700,3253,2497,1283,12,56
2023-10-01,Астраханская область,92,1338700,934500,9368,6640,1923,45,1063
2023-10-01,Ростовская область,686,10801200,6741200,78245,43141,17833,561,11809
2023-10-01,Владимирская область,290,2519500,1711500,15996,10891,4545,134,1866
2023-10-01,Ивановская область,131,1419100,753600,6890,4547,1892,29,683
2023-11-01,Ханты-Мансийский АО - Югра,181,2141300,1387100,12275,10516,2828,144,3158
2023-11-01,Нижегородская область,389,4676100,3010600,28987,20450,7659,946,6113
2023-11-01,Мордовия Республика,78,695400,470500,4622,3311,905,15,0
2023-11-01,Хакасия Республика,131,1078800,653600,6622,3712,1865,130,605
2023-11-01,Смоленская область,237,1602900,1188300,10446,8387,2474,104,877
2023-11-01,Чеченская Республика,41,1026400,662600,2061,2847,2343,1479,103
2023-11-01,Башкортостан Республика,701,9528000,6352300,66479,44973,17669,2426,10519
2023-11-01,Волгоградская область,419,3272900,2212400,21819,16360,5614,428,1260
2023-11-01,Севастополь город,75,651400,441300,5507,2664,766,51,331
2023-11-01,Сахалинская область,151,1101800,667700,6195,5301,1391,43,651
2023-11-01,Ивановская область,136,1447600,771700,7036,4623,1964,29,683
2023-11-01,Забайкальский край,64,553300,380000,3478,3319,1099,61,38
2023-11-01,Амурская область,92,888200,576500,6256,4069,1285,51,153
2023-11-01,Орловская область,103,1420900,1003700,10692,5273,2825,0,0
2023-11-01,Кабардино-Балкарская Республика,128,737400,451700,2913,2031,1308,200,1271
2023-11-01,Хабаровский край,253,2742900,1703400,14977,11562,5477,498,3413
2023-11-01,Еврейская Автономная область,2,4500,3400,42,27,8,0,0
2023-11-01,Москва город,1724,62997700,37645600,301323,248055,119290,24579,193458
2023-11-01,Омская область,93,1313900,830500,9377,4806,1749,73,793
2023-11-01,Дагестан Республика,51,773100,528300,3401,3738,897,32,392
2023-11-01,Тыва Республика,44,203000,130900,1512,894,537,0,0
2023-11-01,Иркутская область,581,3201100,2264800,24808,13667,5363,460,1379
2023-11-01,Ненецкий Автономный округ,2,23400,16600,63,148,131,0,0
2023-11-01,Магаданская область,7,94300,50900,548,492,90,1,0
2023-11-01,Вологодская область,305,2432000,1671400,15649,11256,5357,160,250
2023-11-01,Калмыкия Республика,29,175400,117300,787,860,290,2,18
2023-11-01,Краснодарский край,2152,27819100,18533600,254115,116970,29989,1460,16680
2023-11-01,Приморский край,492,6572400,3981400,53099,20217,6758,457,15030
2023-11-01,Марий Эл Республика,166,1294500,870900,6621,6382,2390,40,244
2023-11-01,Московская область,2135,41903300,26715700,288718,203918,71449,6711,35984
2023-11-01,Новгородская область,70,623300,387400,3312,2555,1317,12,56
2023-11-01,Северная Осетия - Алания Республика,110,1061800,726900,4799,3924,2262,191,1554
2023-11-01,Белгородская область,195,1175400,776100,9061,4844,1542,50,180
2023-11-01,Ростовская область,707,11221400,7004200,81500,44992,18371,614,12111
2023-11-01,Пермский край,421,6883800,4456000,36259,32661,19398,1990,5347
2023-11-01,Саха (Якутия) Республика ,142,1396900,979900,12371,6554,1186,99,483
2023-11-01,Калининградская область,613,5573700,3582500,37080,25056,6008,151,5378
2023-11-01,Курская область,106,1027100,763400,7745,4750,1767,75,413
2023-11-01,Удмуртская Республика,325,4659500,3126300,31452,21404,8934,1134,2750
2023-11-01,Карелия Республика,98,960100,619800,2392,6302,3174,541,687
2023-11-01,Кировская область,192,1694100,1174100,11299,8787,3794,392,833
2023-11-01,Калужская область,199,2283700,1504200,13920,10684,3402,167,1195
2023-11-01,Донецкая Народная Республика,3,26200,14100,191,78,12,0,0
2023-11-01,Рязанская область,170,3892300,2508300,28896,16208,5181,31,3120
2023-11-01,Оренбургская область,201,2418400,1588000,17904,10350,3918,111,207
2023-11-01,Ингушетия Республика,8,215300,108300,251,517,404,48,382
2023-11-01,Камчатский край,13,194800,122600,850,837,229,1,36
2023-11-01,Новосибирская область,1494,13891500,8343300,81502,54580,27309,3319,25777
2023-11-01,Ярославская область,305,2719400,1842100,16149,13679,4316,295,949
2023-11-01,Кемеровская область - Кузбасс,201,1946500,1315700,14400,8118,3193,306,1171
2023-11-01,Коми Республика,39,433200,293800,2406,2382,1470,146,28
2023-11-01,Ульяновская область,247,2106800,1427500,13345,10610,4131,408,410
2023-11-01,Владимирская область,292,2546800,1730500,16106,11033,4586,143,1896
2023-11-01,Карачаево-Черкесская Республика,15,205000,137900,1049,791,293,22,53
2023-11-01,Самарская область,501,7006100,4502600,47082,28783,11534,563,9623
2023-11-01,Астраханская область,95,1380400,962700,9587,6868,2000,46,1066
2023-11-01,Тамбовская область,129,1107000,780000,7880,4872,1826,86,0
2023-11-01,Алтай Республика,16,98000,62700,811,425,173,10,30
2023-11-01,Липецкая область,204,1889200,1259100,10667,7851,3163,309,1909
2023-11-01,Архангельская область,200,1823600,1187600,13683,8035,3431,210,1353
2023-11-01,Красноярский край,363,7217500,4405000,30381,32669,15314,2416,10078
2023-11-01,Ямало-Ненецкий Автономный округ,122,684900,465900,4310,3437,1430,149,1035
2023-11-01,Ставропольский край,434,4912300,3197800,35578,20605,5442,216,4414
2023-11-01,Ленинградская область,759,12560300,7956300,141452,43816,11519,582,7447
2023-11-01,Бурятия Республика,135,1195300,775000,7707,4546,2376,166,761
2023-11-01,Челябинская область,486,5753500,3988400,30358,30829,14735,1979,1326
2023-11-01,Свердловская область,751,14451600,9275900,105385,58748,23223,1722,19508
2023-11-01,Адыгея Республика,159,1156100,778700,12918,4949,989,12,425
2023-11-01,Тульская область,309,3346900,2258800,24082,15475,4848,61,1122
2023-11-01,Алтайский край,246,3596500,2361800,17703,18664,9130,1429,1900
2023-11-01,Пензенская область,221,3868000,2427600,20632,16439,8522,500,4209
2023-11-01,Томская область,128,848400,532300,4070,3912,1752,233,1169
2023-11-01,Чувашская Республика,289,3217200,2176100,18860,16038,4534,202,3678
2023-11-01,Мурманская область,3,11400,7000,66,69,3,0,0
2023-11-01,Крым Республика,335,3037300,1838000,23130,10849,2883,131,3197
2023-11-01,Саратовская область,255,3006400,1959800,17441,13538,6008,48,673
2023-11-01,Воронежская область,448,7689500,5112000,58977,30268,12764,438,6039
2023-11-01,Псковская область,106,890600,620400,6210,3777,1943,43,70
2023-11-01,Тюменская область,765,11029300,6968700,62956,48294,20608,2375,16730
2023-11-01,Костромская область,205,700100,501200,3915,3918,1242,10,35
2023-11-01,Тверская область,287,2041400,1292200,13579,8401,2796,341,474
2023-11-01,Курганская область,94,847100,606700,6171,4250,1475,50,92
2023-11-01,Санкт-Петербург город,1307,40029000,23454700,355617,122118,47387,4724,67948
2023-11-01,Татарстан Республика,945,11420500,7182200,68965,51242,19673,1567,20573
2023-11-01,Брянская область,174,1821700,1258600,10061,8715,2882,125,198
2023-12-01,Сахалинская область,161,1212400,726200,7099,5639,1409,43,651
2023-12-01,Воронежская область,456,7784000,5173400,59553,30532,12949,440,6215
2023-12-01,Москва город,1738,63728100,38080300,304177,250942,121136,25149,196189
2023-12-01,Крым Республика,340,3068900,1849800,23081,11091,2870,132,3323
2023-12-01,Коми Республика,43,468900,319600,2685,2553,1543,146,28
2023-12-01,Санкт-Петербург город,1319,40507200,23725600,360511,123354,47967,4782,69063
2023-12-01,Рязанская область,170,3892300,2509100,28894,16205,5181,31,3120
2023-12-01,Волгоградская область,434,3398700,2300700,22899,17019,5886,428,1260
2023-12-01,Краснодарский край,2155,27946700,18623900,254780,117882,30068,1460,16632
2023-12-01,Тверская область,294,2071700,1313400,13793,8589,2822,341,474
2023-12-01,Приморский край,496,6686800,4038200,54030,20456,6809,457,15527
2023-12-01,Свердловская область,776,14919900,9528600,108386,60504,23818,1716,19685
2023-12-01,Курганская область,101,920800,658900,6921,4554,1511,50,92
2023-12-01,Ивановская область,138,1472400,788800,7182,4726,2017,29,683
2023-12-01,Тамбовская область,131,1123700,792800,8023,4961,1848,86,0
2023-12-01,Пермский край,422,6885200,4462100,35332,32831,19481,2050,5392
2023-12-01,Астраханская область,101,1457700,1016000,10346,7371,2048,52,1066
2023-12-01,Ставропольский край,445,5074300,3284200,36624,21112,5552,220,4777
2023-12-01,Смоленская область,246,1678800,1238200,10956,8663,2601,100,995
2023-12-01,Чувашская Республика,295,3295400,2228600,19576,16348,4606,202,3715
2023-12-01,Еврейская Автономная область,2,4500,3400,42,27,8,0,0
2023-12-01,Ленинградская область,777,12873800,8177600,145962,45008,11684,618,7482
2023-12-01,Калининградская область,626,5719500,3664700,38046,25570,6122,152,5622
2023-12-01,Марий Эл Республика,169,1342900,900200,6826,6601,2489,40,244
2023-12-01,Камчатский край,13,194800,122600,850,837,229,1,36
2023-12-01,Карелия Республика,99,971200,627900,2392,6374,3210,570,687
2023-12-01,Кемеровская область - Кузбасс,207,1967700,1329200,14473,8295,3224,306,1171
2023-12-01,Севастополь город,76,656300,444800,5567,2688,766,51,331
2023-12-01,Вологодская область,326,2491600,1702100,15934,11400,5449,152,250
2023-12-01,Псковская область,107,899100,625700,6254,3820,1962,43,70
2023-12-01,Новосибирская область,1525,14053900,8445200,82448,55284,27709,3393,26041
2023-12-01,Костромская область,207,716700,512000,3982,3997,1283,10,35
2023-12-01,Иркутская область,590,3308700,2347100,25672,14409,5428,460,1376
2023-12-01,Пензенская область,226,3974700,2495000,21068,16812,8852,513,4662
2023-12-01,Башкортостан Республика,710,9730900,6478400,68479,45900,17967,2329,10714
2023-12-01,Дагестан Республика,54,847700,561300,3721,3986,974,32,670
2023-12-01,Московская область,2172,42502200,27100700,292551,207637,72519,6905,36019
2023-12-01,Тыва Республика,49,243000,158100,2012,988,643,0,0
2023-12-01,Оренбургская область,209,2506400,1637300,18541,10733,3977,111,309
2023-12-01,Калужская область,203,2355400,1554400,14331,11167,3408,169,1195
2023-12-01,Ямало-Ненецкий Автономный округ,125,704000,477400,4383,3530,1480,149,1035
2023-12-01,Татарстан Республика,953,11485400,7219900,69430,51477,19791,1568,20575
2023-12-01,Забайкальский край,66,590100,400800,3752,3452,1138,61,38
2023-12-01,Тульская область,332,3518700,2375200,25449,16283,5011,61,1122
2023-12-01,Нижегородская область,392,4771900,3067600,29498,20839,7829,1009,6330
2023-12-01,Калмыкия Республика,30,178800,119800,787,876,306,2,18
2023-12-01,Брянская область,175,1834100,1265200,10288,8750,2844,125,198
2023-12-01,Алтай Республика,16,98000,62700,803,429,173,10,30
2023-12-01,Бурятия Республика,140,1216900,787600,7795,4643,2390,166,761
2023-12-01,Саха (Якутия) Республика ,146,1480800,1030700,12769,7008,1347,111,675
2023-12-01,Липецкая область,207,1896700,1264100,10715,7902,3163,309,1909
2023-12-01,Челябинская область,504,5939900,4130600,31588,31804,15261,2092,1326
2023-12-01,Мурманская область,3,11400,7000,66,69,3,0,0
2023-12-01,Белгородская область,196,1185600,782600,9118,4893,1558,50,180
2023-12-01,Самарская область,508,7112200,4573600,47776,29233,11673,555,9812
2023-12-01,Орловская область,109,1501000,1061000,11054,5528,3118,0,0
2023-12-01,Красноярский край,380,7545200,4617500,32087,34413,15968,2515,10195
2023-12-01,Новгородская область,73,663400,411800,3514,2729,1396,12,56
2023-12-01,Мордовия Республика,78,695400,470500,4622,3311,905,15,0
2023-12-01,Амурская область,92,877700,568500,6078,4049,1285,51,153
2023-12-01,Ханты-Мансийский АО - Югра,185,2184600,1419800,12500,10735,2949,144,3156
2023-12-01,Адыгея Республика,161,1194800,805000,13248,5147,1011,12,667
2023-12-01,Донецкая Народная Республика,3,26200,14100,191,78,12,0,0
2023-12-01,Ненецкий Автономный округ,3,34500,23700,113,231,150,0,0
2023-12-01,Магаданская область,7,94300,50900,548,492,90,1,0
2023-12-01,Курская область,105,1025600,762400,7725,4742,1766,75,413
2023-12-01,Ульяновская область,254,2157700,1460800,13814,10841,4180,408,410
2023-12-01,Омская область,94,1331000,840400,9474,4850,1763,75,894
2023-12-01,Ярославская область,309,2741300,1856700,16236,13780,4363,295,949
2023-12-01,Владимирская область,297,2582800,1754200,16438,11193,4624,143,1896
2023-12-01,Удмуртская Республика,333,4748600,3187000,32310,21756,9087,1134,2750
2023-12-01,Кабардино-Балкарская Республика,130,783700,480200,3015,2208,1350,219,1389
2023-12-01,Алтайский край,248,3621900,2379300,17827,18844,9212,1452,1901
2023-12-01,Томская область,128,851000,534400,4065,3936,1762,233,1190
2023-12-01,Хакасия Республика,132,1079500,655500,6614,3732,1877,130,624
2023-12-01,Чеченская Республика,42,1060700,683600,2121,3007,2403,1479,103
2023-12-01,Кировская область,198,1766900,1223300,11749,9244,3952,393,840
2023-12-01,Северная Осетия - Алания Республика,111,1069500,731900,4854,3949,2277,191,1554
2023-12-01,Архангельская область,205,1844900,1191300,13734,8043,3433,211,1353
2023-12-01,Чукотский Автономный округ,1,2400,2100,10,30,0,0,0
2023-12-01,Тюменская область,777,11203900,7084300,64104,49035,20990,2419,16878
2023-12-01,Ростовская область,730,11681500,7299100,85663,46854,18939,643,13762
2023-12-01,Карачаево-Черкесская Республика,15,205000,137900,1049,791,293,22,53
2023-12-01,Ингушетия Республика,8,215300,108300,251,517,404,48,382
2023-12-01,Хабаровский край,259,2880300,1773500,15912,11729,5581,479,3767
2023-12-01,Саратовская область,264,3167300,2058200,18288,14300,6287,54,833
2024-01-01,Амурская область,106,1055200,677200,7664,4826,1460,53,189
2024-01-01,Пермский край,438,7162200,4630900,36381,34158,20168,2253,5832
2024-01-01,Чукотский Автономный округ,1,2400,2100,10,30,0,0,0
2024-01-01,Коми Республика,45,486900,331900,2843,2663,1568,146,28
2024-01-01,Кабардино-Балкарская Республика,131,808300,493900,3109,2254,1406,219,1519
2024-01-01,Ивановская область,150,1546100,842400,7599,4955,2290,30,683
2024-01-01,Хакасия Республика,136,1085600,661700,6742,3796,1877,130,624
2024-01-01,Челябинская область,508,6110400,4219100,32270,32507,15581,2229,1568
2024-01-01,Приморский край,497,6898800,4157700,56007,20920,6945,523,16922
2024-01-01,Архангельская область,212,1883300,1218100,14000,8221,3520,211,1447
2024-01-01,Московская область,2244,43750400,27905100,301150,214227,74657,7097,37410
2024-01-01,Ярославская область,317,2788700,1888300,16480,14036,4429,297,949
2024-01-01,Владимирская область,302,2589700,1756900,16467,11202,4643,142,1896
2024-01-01,Саха (Якутия) Республика ,154,1578500,1099600,13679,7288,1543,112,675
2024-01-01,Иркутская область,589,3302900,2340800,25821,14356,5417,462,1395
2024-01-01,Псковская область,109,918500,638900,6335,3917,2009,43,70
2024-01-01,Дагестан Республика,56,866600,573100,3808,4058,1019,32,670
2024-01-01,Сахалинская область,161,1212400,726200,7099,5639,1409,43,651
2024-01-01,Липецкая область,217,1923300,1284500,10804,7993,3200,343,1909
2024-01-01,Омская область,98,1378700,870500,9740,5040,1799,103,894
2024-01-01,Ямало-Ненецкий Автономный округ,139,803000,532900,4956,3824,1660,149,1215
2024-01-01,Оренбургская область,229,2639600,1727300,19534,11449,4221,136,399
2024-01-01,Кемеровская область - Кузбасс,212,2035800,1373400,14911,8530,3402,325,1259
2024-01-01,Тыва Республика,57,297800,192000,2327,1263,821,0,0
2024-01-01,Алтайский край,260,3763900,2468400,18541,19583,9547,1492,2116
2024-01-01,Адыгея Республика,165,1278900,858800,14218,5388,1095,12,803
2024-01-01,Волгоградская область,437,3444200,2332400,23073,17225,6008,428,1260
2024-01-01,Бурятия Республика,145,1256900,814600,7875,4885,2491,166,800
2024-01-01,Астраханская область,106,1512900,1056500,11073,7538,2136,52,1095
2024-01-01,Ханты-Мансийский АО - Югра,193,2300300,1495900,13364,11185,3125,144,3133
2024-01-01,Смоленская область,250,1700100,1252000,11047,8827,2633,100,939
2024-01-01,Воронежская область,459,7847300,5211200,59914,30783,13031,440,6313
2024-01-01,Брянская область,182,1938700,1327500,10663,9370,2928,125,198
2024-01-01,Карелия Республика,101,976200,629300,2398,6396,3217,570,687
2024-01-01,Ульяновская область,265,2237100,1514500,14242,11220,4267,454,410
2024-01-01,Алтай Республика,16,99400,62800,803,429,173,10,30
2024-01-01,Рязанская область,174,3959100,2552000,29603,16510,5218,31,3190
2024-01-01,Калининградская область,630,5815900,3723900,38486,25840,6242,152,5922
2024-01-01,Курская область,105,1025900,762500,7855,4684,1747,52,455
2024-01-01,Свердловская область,791,15160600,9673300,110020,61804,24149,1722,19832
2024-01-01,Самарская область,511,7208700,4630800,48415,29664,11757,581,9812
2024-01-01,Новгородская область,74,677700,415500,3554,2769,1396,12,56
2024-01-01,Ростовская область,746,11899300,7437900,87508,47612,19241,652,14028
2024-01-01,Краснодарский край,2222,28919400,19261200,262250,121768,31470,1624,17934
2024-01-01,Новосибирская область,1618,14312000,8601800,83721,56425,28273,3454,26682
2024-01-01,Орловская область,112,1546000,1094600,11353,5800,3160,0,0
2024-01-01,Марий Эл Республика,177,1423900,954700,7257,7030,2603,40,242
2024-01-01,Удмуртская Республика,334,4781000,3198400,32457,21783,9052,1134,2837
2024-01-01,Костромская область,207,716700,511900,3982,3997,1283,10,35
2024-01-01,Магаданская область,7,94300,50900,548,492,90,1,0
2024-01-01,Курганская область,103,931800,667800,7052,4653,1511,50,92
2024-01-01,Ставропольский край,462,5308100,3434900,38593,22158,5730,221,4896
2024-01-01,Забайкальский край,66,590100,400800,3748,3452,1136,62,38
2024-01-01,Томская область,130,884700,555900,4280,4115,1789,254,1274
2024-01-01,Татарстан Республика,966,11735400,7371300,70585,52733,20280,1658,21112
2024-01-01,Пензенская область,229,4034200,2532100,21437,17013,8988,513,4662
2024-01-01,Ненецкий Автономный округ,3,34500,23700,113,231,150,0,0
2024-01-01,Калмыкия Республика,30,166800,119800,787,876,306,2,18
2024-01-01,Красноярский край,395,7839300,4785300,33310,35765,16640,2620,10956
2024-01-01,Вологодская область,335,2534300,1729300,16027,11602,5574,158,250
2024-01-01,Камчатский край,13,194800,122600,850,837,229,1,36
2024-01-01,Белгородская область,204,1292500,848800,9712,5286,1821,50,180
2024-01-01,Мурманская область,3,11400,7000,66,69,3,0,0
2024-01-01,Тамбовская область,137,1177200,829600,8382,5221,1952,86,0
2024-01-01,Ингушетия Республика,8,215300,108300,251,517,404,48,382
2024-01-01,Кировская область,205,1842700,1277900,12149,9641,4166,411,840
2024-01-01,Донецкая Народная Республика,3,26200,14100,191,78,12,0,0
2024-01-01,Тульская область,349,3717200,2511000,26862,17364,5211,62,1132
2024-01-01,Хабаровский край,261,2934500,1812000,16633,11844,5661,475,3767
2024-01-01,Калужская область,206,2382700,1572700,14505,11344,3434,169,1195
2024-01-01,Карачаево-Черкесская Республика,15,205000,137900,1049,791,293,22,53
2024-01-01,Тюменская область,818,11836200,7495100,67685,52080,22008,2569,17688
2024-01-01,Москва город,1774,65359700,39134800,313523,258825,124505,25889,200676
2024-01-01,Мордовия Республика,80,726400,491400,4840,3490,905,15,0
2024-01-01,Башкортостан Республика,800,9965900,6636000,70400,47000,18292,2415,11031
2024-01-01,Саратовская область,272,3282700,2130900,18955,14905,6405,67,899
2024-01-01,Крым Республика,365,3200800,1938600,24659,11392,2993,141,3277
2024-01-01,Севастополь город,77,660500,447300,5579,2704,776,51,331
2024-01-01,Санкт-Петербург город,1347,41191600,24103000,366746,125383,48637,4854,70784
2024-01-01,Северная Осетия - Алания Республика,116,1122500,764100,5152,4099,2327,191,1665
2024-01-01,Тверская область,294,2094500,1321700,13828,8664,2835,343,474
2024-01-01,Чеченская Республика,42,1060700,683600,2121,3007,2403,1479,103
2024-01-01,Чувашская Республика,300,3362000,2271800,19861,16542,4795,206,3767
2024-01-01,Еврейская Автономная область,2,4500,3400,42,27,8,0,0
2024-01-01,Ленинградская область,853,13585500,8641700,153934,47241,12134,840,7869
2024-01-01,Нижегородская область,398,4866300,3128900,30175,21211,7975,1012,6485
2024-02-01,Краснодарский край,2239,29158500,19423000,263244,123670,31848,1663,17906
2024-02-01,Еврейская Автономная область,2,4500,3400,42,27,8,0,0
2024-02-01,Ульяновская область,269,2270100,1536400,14495,11400,4318,454,410
2024-02-01,Тверская область,297,2121400,1331300,13630,9007,2775,343,508
2024-02-01,Ханты-Мансийский АО - Югра,193,2300300,1495700,13364,11185,3125,144,3133
2024-02-01,Чеченская Республика,42,1060700,683600,2121,3007,2403,1479,103
2024-02-01,Саратовская область,273,3299300,2142600,19045,14969,6426,87,899
2024-02-01,Ставропольский край,466,5352800,3464400,38881,22236,5877,221,4896
2024-02-01,Приморский край,501,7011800,4224900,57040,21226,7032,531,17153
2024-02-01,Орловская область,113,1565100,1108600,11462,5864,3224,0,0
2024-02-01,Тыва Республика,59,305600,196700,2415,1281,821,0,0
2024-02-01,Удмуртская Республика,337,4807900,3219400,32727,21939,9078,1134,2837
2024-02-01,Карелия Республика,102,982900,633700,2398,6442,3237,577,687
2024-02-01,Волгоградская область,438,3445400,2333500,23081,17233,6012,428,1260
2024-02-01,Тюменская область,827,11925500,7548000,68252,52453,22106,2571,17864
2024-02-01,Тульская область,358,3841800,2602600,27848,18012,5351,62,1132
2024-02-01,Карачаево-Черкесская Республика,17,234700,155500,1493,811,293,27,224
2024-02-01,Самарская область,514,7234900,4650500,48540,29841,11822,581,9812
2024-02-01,Липецкая область,218,1925800,1285900,10810,8008,3187,362,1909
2024-02-01,Амурская область,110,1087200,696200,7977,4970,1462,53,189
2024-02-01,Алтайский край,262,3779600,2479400,18620,19655,9580,1493,2056
2024-02-01,Ингушетия Республика,8,215300,108300,251,517,404,48,382
2024-02-01,Владимирская область,303,2608900,1768700,16564,11293,4674,142,1896
2024-02-01,Псковская область,110,927900,645500,6398,3971,2027,43,70
2024-02-01,Кировская область,205,1843700,1277900,12148,9641,4165,412,840
2024-02-01,Мордовия Республика,82,755700,509300,4985,3645,922,15,0
2024-02-01,Хакасия Республика,137,1100400,662600,6580,3852,1865,148,671
2024-02-01,Костромская область,208,719300,513600,3998,4013,1283,10,35
2024-02-01,Севастополь город,81,703600,472000,5863,2871,816,51,466
2024-02-01,Московская область,2253,43944400,28022900,302959,215206,74950,7082,37759
2024-02-01,Омская область,99,1395700,880700,9835,5106,1813,103,894
2024-02-01,Тамбовская область,137,1177200,829600,8382,5221,1952,86,0
2024-02-01,Сахалинская область,162,1245000,747000,7454,5722,1424,43,651
2024-02-01,Оренбургская область,230,2643000,1730200,19576,11467,4227,136,399
2024-02-01,Камчатский край,13,194800,122600,850,837,229,1,36
2024-02-01,Вологодская область,362,2539100,1733400,16047,11644,5580,158,250
2024-02-01,Крым Республика,367,3232200,1954100,24919,11484,3005,141,3277
2024-02-01,Воронежская область,462,7896200,5245100,60204,31015,13159,442,6309
2024-02-01,Мурманская область,3,11400,7000,66,69,3,0,0
2024-02-01,Архангельская область,215,1911300,1249000,14208,8450,3617,230,1447
2024-02-01,Татарстан Республика,972,11841300,7428500,71158,53151,20437,1670,21366
2024-02-01,Красноярский край,396,7852600,4791100,33342,35797,16672,2620,10875
2024-02-01,Калужская область,209,2431500,1606100,14752,11520,3566,169,1332
2024-02-01,Магаданская область,7,94300,50900,548,492,90,1,0
2024-02-01,Брянская область,182,1938700,1327600,10662,9368,2930,124,198
2024-02-01,Пензенская область,232,4082000,2563300,21703,17200,9081,517,4752
2024-02-01,Саха (Якутия) Республика ,154,1578500,1099600,13679,7288,1543,112,675
2024-02-01,Новосибирская область,1732,14378100,8647000,84052,56840,28415,3478,26682
2024-02-01,Иркутская область,590,3336900,2358100,26083,14472,5418,467,1565
2024-02-01,Ленинградская область,870,13839300,8821200,157259,48270,12375,845,8093
2024-02-01,Дагестан Республика,59,901800,592100,3925,4221,1038,40,700
2024-02-01,Кабардино-Балкарская Республика,131,808100,495400,3109,2254,1406,219,1516
2024-02-01,Донецкая Народная Республика,3,26200,14100,191,78,12,0,0
2024-02-01,Санкт-Петербург город,1353,41337200,24183400,368545,125731,48746,4861,71317
2024-02-01,Чувашская Республика,306,3415000,2314900,20205,16885,4882,206,3839
2024-02-01,Хабаровский край,263,2952300,1821000,16633,12000,5701,475,3816
2024-02-01,Томская область,133,931600,574300,4414,4279,1880,254,1274
2024-02-01,Алтай Республика,16,99400,62800,803,429,173,10,30
2024-02-01,Башкортостан Республика,804,9982100,6649000,70597,47121,18281,2415,11029
2024-02-01,Нижегородская область,400,4885300,3139300,30196,21321,7993,1013,6565
2024-02-01,Кемеровская область - Кузбасс,214,2083900,1404300,15328,8594,3489,331,1305
2024-02-01,Астраханская область,106,1512900,1056500,11077,7535,2135,52,1095
2024-02-01,Смоленская область,253,1717800,1264200,11184,8852,2669,101,939
2024-02-01,Северная Осетия - Алания Республика,120,1186900,799600,5408,4326,2424,196,1665
2024-02-01,Бурятия Республика,147,1270400,823700,7944,4987,2486,166,800
2024-02-01,Калининградская область,630,5841400,3737300,38805,25908,6244,152,5975
2024-02-01,Ненецкий Автономный округ,3,34500,23700,113,231,150,0,0
2024-02-01,Белгородская область,203,1289800,846800,9697,5276,1811,50,180
2024-02-01,Курская область,104,1017700,759000,7828,4666,1729,52,455
2024-02-01,Новгородская область,74,677700,415500,3554,2769,1396,12,56
2024-02-01,Ивановская область,150,1519500,831400,7444,4910,2257,30,633
2024-02-01,Москва город,1790,66013500,39524500,317202,261941,125323,26004,202024
2024-02-01,Калмыкия Республика,30,166800,119800,787,876,306,2,18
2024-02-01,Марий Эл Республика,177,1423900,954900,7255,7031,2603,40,242
2024-02-01,Пермский край,441,7235200,4674600,36576,34467,20484,2319,5925
2024-02-01,Ямало-Ненецкий Автономный округ,140,811100,539700,4990,3912,1670,149,1215
2024-02-01,Ростовская область,749,11902800,7438200,87457,47647,19242,652,14007
2024-02-01,Челябинская область,509,6143200,4244000,32425,32810,15642,2229,1568
2024-02-01,Забайкальский край,66,590100,400800,3748,3452,1136,62,38
2024-02-01,Рязанская область,177,3959600,2552500,29693,16570,5154,31,3187
2024-02-01,Свердловская область,801,15345600,9786000,111014,62512,24404,1758,20203
2024-02-01,Коми Республика,48,530900,360300,3048,2844,1644,146,28
2024-02-01,Ярославская область,326,2830700,1920700,16769,14283,4507,282,949
2024-02-01,Курганская область,104,950600,679100,7194,4689,1529,50,92
2024-02-01,Чукотский Автономный округ,1,2400,2100,10,30,0,0,0
2024-02-01,Адыгея Республика,166,1270600,848900,14018,5370,1072,12,803
2024-03-01,Бурятия Республика,147,1272500,823700,7944,4987,2486,166,800
2024-03-01,Удмуртская Республика,342,4896600,3277900,33014,22423,9358,1134,2860
2024-03-01,Волгоградская область,443,3462900,2343600,23174,17307,6037,428,1299
2024-03-01,Тыва Республика,61,315100,202400,2476,1311,850,0,0
2024-03-01,Брянская область,187,2033800,1390500,11523,9698,3088,139,198
2024-03-01,Краснодарский край,2245,29377300,19553600,265017,124629,32009,1664,17850
2024-03-01,Костромская область,214,747600,531400,4139,4140,1339,10,35
2024-03-01,Оренбургская область,232,2667500,1744200,19644,11547,4333,136,429
2024-03-01,Ленинградская область,873,13999500,8930600,159973,48632,12558,850,8301
2024-03-01,Ярославская область,327,2833900,1923300,16789,14311,4511,282,949
2024-03-01,Орловская область,114,1584100,1122400,11606,5866,3318,0,0
2024-03-01,Санкт-Петербург город,1372,41880000,24474600,373249,127025,49244,4969,72931
2024-03-01,Архангельская область,222,1979600,1290700,14924,8748,3644,230,1535
2024-03-01,Башкортостан Республика,804,9976400,6650400,70713,47284,18273,2393,10832
2024-03-01,Новосибирская область,1755,14565100,8761500,85438,57628,28664,3474,26782
2024-03-01,Владимирская область,306,2624800,1778900,16616,11369,4716,142,1896
2024-03-01,Коми Республика,48,530900,360300,3048,2844,1644,146,28
2024-03-01,Кабардино-Балкарская Республика,138,824300,506600,3165,2310,1462,219,1516
2024-03-01,Хабаровский край,268,3020700,1858200,16925,12196,5859,511,3994
2024-03-01,Чукотский Автономный округ,1,2400,2100,10,30,0,0,0
2024-03-01,Самарская область,511,7217900,4637100,48506,29725,11769,595,9807
2024-03-01,Тверская область,299,2141000,1344000,13764,9087,2818,343,508
2024-03-01,Омская область,99,1395700,879900,9835,5106,1813,103,894
2024-03-01,Саратовская область,274,3300900,2144700,19069,14973,6426,87,899
2024-03-01,Карелия Республика,104,999000,644900,2462,6551,3287,586,687
2024-03-01,Камчатский край,14,199100,125300,850,886,236,1,36
2024-03-01,Мурманская область,3,11400,7000,66,69,3,0,0
2024-03-01,Ингушетия Республика,8,193400,108300,251,517,404,48,382
2024-03-01,Севастополь город,84,713800,477700,5988,2893,819,51,527
2024-03-01,Кировская область,206,1852700,1284200,12218,9674,4200,411,840
2024-03-01,Калининградская область,642,6077300,3871000,40162,26768,6477,152,6234
2024-03-01,Кемеровская область - Кузбасс,219,2125600,1428500,15499,8818,3589,330,1305
2024-03-01,Ульяновская область,271,2283700,1546100,14594,11460,4346,454,410
2024-03-01,Северная Осетия - Алания Республика,120,1186900,801700,5408,4326,2424,196,1665
2024-03-01,Нижегородская область,405,4975700,3198500,30911,21712,8129,1027,6665
2024-03-01,Татарстан Республика,983,12086900,7565800,72280,53982,20701,1758,21814
2024-03-01,Вологодская область,366,2588700,1772100,16356,11956,5683,158,250
2024-03-01,Астраханская область,113,1575300,1097100,11849,7745,2214,81,1095
2024-03-01,Красноярский край,399,7948200,4845200,33497,36176,17001,2647,11040
2024-03-01,Тульская область,362,3924900,2656800,28381,18409,5452,62,1132
2024-03-01,Приморский край,518,7154600,4303700,58036,21503,7278,571,17616
2024-03-01,Алтайский край,265,3840000,2518800,18916,19896,9699,1508,2232
2024-03-01,Карачаево-Черкесская Республика,17,234700,155500,1493,811,293,27,224
2024-03-01,Тамбовская область,139,1194700,841900,8490,5329,1952,86,0
2024-03-01,Чеченская Республика,42,1060700,683600,2121,3007,2403,1479,103
2024-03-01,Томская область,136,971000,587400,4539,4378,1913,254,1294
2024-03-01,Крым Республика,379,3353800,2030500,25904,11870,3103,177,3444
2024-03-01,Ставропольский край,473,5523300,3571100,40122,22963,6046,221,5237
2024-03-01,Московская область,2286,44184900,28184700,304769,216326,75380,7123,37897
2024-03-01,Липецкая область,275,1932100,1292700,10810,8026,3225,363,1909
2024-03-01,Свердловская область,814,15767800,10052900,114185,64526,24753,1799,20391
2024-03-01,Ямало-Ненецкий Автономный округ,140,811100,539700,4990,3912,1670,149,1215
2024-03-01,Курганская область,107,991000,707700,7502,4838,1638,50,92
2024-03-01,Амурская область,109,1091500,698400,7997,4990,1467,53,189
2024-03-01,Сахалинская область,164,1275000,766600,7658,5974,1430,43,651
2024-03-01,Мордовия Республика,83,763600,514900,5043,3694,922,15,0
2024-03-01,Забайкальский край,67,611900,412900,3921,3520,1159,62,38
2024-03-01,Новгородская область,74,677700,415500,3554,2769,1396,12,56
2024-03-01,Дагестан Республика,61,995500,635700,4290,4501,1089,40,700
2024-03-01,Пензенская область,234,4112500,2581500,21858,17328,9127,528,4752
2024-03-01,Белгородская область,210,1337100,856300,9784,5346,1833,50,180
2024-03-01,Ненецкий Автономный округ,3,34500,23700,113,231,150,0,0
2024-03-01,Челябинская область,520,6283100,4327700,33332,33223,16005,2288,1568
2024-03-01,Донецкая Народная Республика,3,26200,14100,191,78,12,0,0
2024-03-01,Псковская область,112,931300,648000,6438,3991,2027,43,70
2024-03-01,Ростовская область,756,12009000,7509800,88378,48182,19329,679,14128
2024-03-01,Воронежская область,471,8035400,5334100,61100,31423,13541,444,6370
2024-03-01,Еврейская Автономная область,2,4500,3400,42,27,8,0,0
2024-03-01,Саха (Якутия) Республика ,158,1617200,1127000,14082,7421,1579,112,773
2024-03-01,Хакасия Республика,138,1115700,672300,6652,3868,1913,148,671
2024-03-01,Рязанская область,197,4113200,2665300,30570,17347,5306,31,3187
2024-03-01,Марий Эл Республика,179,1432600,960800,7302,7061,2625,40,242
2024-03-01,Калужская область,209,2431500,1606100,14752,11520,3566,169,1332
2024-03-01,Тюменская область,832,12049300,7630700,68958,52994,22322,2589,18138
2024-03-01,Иркутская область,591,3350700,2367600,26134,14557,5452,467,1565
2024-03-01,Магаданская область,7,94300,50900,548,492,90,1,0
2024-03-01,Калмыкия Республика,30,166800,119800,787,876,306,2,18
2024-03-01,Адыгея Республика,168,1325900,883100,14284,5751,1167,28,803
2024-03-01,Ивановская область,151,1525800,835400,7472,4938,2271,30,633
2024-03-01,Москва город,1659,66134000,39522200,314914,262223,125791,26279,203877
2024-03-01,Алтай Республика,16,99400,62800,803,429,173,10,30
2024-03-01,Смоленская область,254,1714500,1263300,11174,8877,2652,101,939
2024-03-01,Ханты-Мансийский АО - Югра,198,2345600,1524600,13742,11418,3125,144,3133
2024-03-01,Чувашская Республика,310,3472200,2354700,20541,17213,4944,206,3859
2024-03-01,Пермский край,445,7306800,4704600,36790,34605,20706,2337,5990
2024-03-01,Курская область,104,1009200,754000,7849,4636,1668,52,455
2024-04-01,Курганская область,111,1032500,738800,7788,5089,1670,50,92
2024-04-01,Чукотский Автономный округ,1,2400,2100,10,30,0,0,0
2024-04-01,Самарская область,513,7311400,4691200,48950,30108,11941,596,10360
2024-04-01,Кировская область,211,1901100,1316400,12477,9912,4374,427,840
2024-04-01,Ленинградская область,885,14110700,9005000,161947,48832,12510,817,8251
2024-04-01,Иркутская область,589,3368400,2380000,26427,14642,5376,442,1565
2024-04-01,Ямало-Ненецкий Автономный округ,149,837300,555100,5106,4042,1723,149,1215
2024-04-01,Ярославская область,334,2932100,1983000,17311,14669,4717,326,1122
2024-04-01,Алтай Республика,16,99400,62800,803,429,173,10,30
2024-04-01,Коми Республика,48,530900,360300,3048,2844,1644,146,28
2024-04-01,Орловская область,115,1590300,1126900,11660,5893,3327,0,0
2024-04-01,Липецкая область,276,1951800,1305600,10906,8110,3250,363,1909
2024-04-01,Омская область,99,1395700,879900,9835,5106,1813,103,894
2024-04-01,Костромская область,216,759500,539900,4223,4202,1348,10,35
2024-04-01,Чеченская Республика,42,1060700,683600,2121,3007,2403,1479,103
2024-04-01,Удмуртская Республика,360,4920600,3294900,33213,22579,9377,1133,2860
2024-04-01,Псковская область,115,946700,659500,6548,4061,2057,43,70
2024-04-01,Пермский край,450,7317100,4727200,37012,34802,20752,2343,5990
2024-04-01,Калмыкия Республика,30,166000,119800,787,876,306,2,18
2024-04-01,Рязанская область,208,4266500,2753000,31532,17993,5437,31,3449
2024-04-01,Ростовская область,773,12255200,7668300,89717,49379,19811,684,14229
2024-04-01,Крым Республика,394,3571500,2160500,27676,12562,3329,177,3664
2024-04-01,Бурятия Республика,158,1525900,953600,9246,5995,2710,166,800
2024-04-01,Северная Осетия - Алания Республика,129,1285500,855700,5890,4648,2526,196,1849
2024-04-01,Курская область,107,1030300,766600,7973,4692,1681,57,455
2024-04-01,Адыгея Республика,177,1416100,940500,15285,6014,1214,32,803
2024-04-01,Приморский край,541,7556100,4533700,60730,22404,7834,644,18523
2024-04-01,Марий Эл Республика,181,1466500,979200,7422,7205,2625,40,361
2024-04-01,Воронежская область,476,8074300,5353700,61368,31516,13573,444,6300
2024-04-01,Волгоградская область,452,3530500,2391800,23649,17700,6114,428,1390
2024-04-01,Смоленская область,258,1738200,1279700,11298,9003,2677,104,939
2024-04-01,Томская область,138,1013000,599100,4566,4549,1943,254,1378
2024-04-01,Новосибирская область,1766,14831800,8911800,86892,58576,29171,3553,27253
2024-04-01,Еврейская Автономная область,2,4500,3400,42,27,8,0,0
2024-04-01,Алтайский край,267,3880900,2546000,19160,20201,9746,1509,2232
2024-04-01,Дагестан Республика,61,1033000,658200,4465,4710,1104,40,700
2024-04-01,Нижегородская область,416,5040800,3245200,31528,22022,8178,1037,6755
2024-04-01,Ненецкий Автономный округ,3,34500,23700,113,231,150,0,0
2024-04-01,Ставропольский край,487,5724400,3698800,41527,23751,6294,230,5379
2024-04-01,Калининградская область,655,6187800,3945500,41364,27140,6540,152,6466
2024-04-01,Свердловская область,831,16103400,10264700,116244,66017,25200,1824,20953
2024-04-01,Архангельская область,224,2007500,1308800,15383,8826,3633,230,1535
2024-04-01,Вологодская область,368,2617400,1788600,16471,12081,5726,158,250
2024-04-01,Сахалинская область,164,1275000,766600,7658,5975,1429,43,651
2024-04-01,Саратовская область,274,3295900,2143500,19054,14963,6426,87,899
2024-04-01,Севастополь город,86,724300,484400,6098,2937,819,51,527
2024-04-01,Кабардино-Балкарская Республика,138,824300,506600,3165,2310,1462,219,1516
2024-04-01,Магаданская область,7,94300,50900,548,492,90,1,0
2024-04-01,Хакасия Республика,134,1108700,671800,6652,3868,1909,148,671
2024-04-01,Саха (Якутия) Республика ,163,1662900,1159700,14697,7540,1595,112,773
2024-04-01,Тверская область,300,2144500,1356600,13911,9128,2868,343,555
2024-04-01,Кемеровская область - Кузбасс,219,2125600,1428500,15499,8818,3591,329,1305
2024-04-01,Ханты-Мансийский АО - Югра,202,2417000,1564900,14413,11642,3230,150,3168
2024-04-01,Амурская область,112,1114600,712600,8228,5100,1467,53,224
2024-04-01,Хабаровский край,273,3058400,1883200,17003,12507,6002,512,3994
2024-04-01,Белгородская область,210,1337100,856300,9784,5346,1833,50,180
2024-04-01,Ингушетия Республика,8,193400,108300,251,517,404,48,382
2024-04-01,Пензенская область,238,4205200,2645000,22428,17578,9466,542,4752
2024-04-01,Санкт-Петербург город,1381,42019800,24552500,374542,127278,49440,4981,73232
2024-04-01,Челябинская область,531,6453800,4431000,34223,33717,16689,2409,1568
2024-04-01,Красноярский край,402,7815600,4765700,32850,35736,16747,2631,10830
2024-04-01,Новгородская область,76,696800,428000,3624,2858,1444,12,56
2024-04-01,Татарстан Республика,988,12167800,7614300,72857,54327,20836,1767,22552
2024-04-01,Владимирская область,307,2642600,1791900,16666,11468,4752,142,1896
2024-04-01,Тюменская область,854,12467500,7917600,71346,55409,23315,2656,18715
2024-04-01,Тульская область,364,3960300,2682900,28479,18676,5471,62,1109
2024-04-01,Астраханская область,118,1653100,1151700,12913,8042,2276,81,1095
2024-04-01,Мордовия Республика,83,763600,514900,5043,3694,922,15,0
2024-04-01,Мурманская область,3,11400,7000,66,69,3,0,0
2024-04-01,Тамбовская область,164,1494100,1057300,10721,6306,2691,121,70
2024-04-01,Ульяновская область,275,2341600,1583600,15020,11819,4486,454,410
2024-04-01,Чувашская Республика,313,3510700,2368000,20665,17320,4967,206,3859
2024-04-01,Тыва Республика,71,338400,219200,2808,1411,866,0,0
2024-04-01,Донецкая Народная Республика,4,35500,20200,217,123,36,1,0
2024-04-01,Оренбургская область,238,2730700,1783700,19999,11852,4432,138,423
2024-04-01,Москва город,1683,67729900,40364700,320768,268134,128662,27026,208595
2024-04-01,Калужская область,214,2472100,1632100,15029,11671,3631,169,1332
2024-04-01,Краснодарский край,2298,29979300,19941100,270339,126804,32467,1702,18271
2024-04-01,Камчатский край,14,199100,125300,850,886,236,1,36
2024-04-01,Московская область,2313,44836100,28521800,310123,218367,75788,7131,41000
2024-04-01,Башкортостан Республика,823,10327800,6881600,73929,48885,18835,2465,10947
2024-04-01,Забайкальский край,69,639400,431200,4239,3599,1176,62,38
2024-04-01,Ивановская область,156,1560000,858400,7622,5085,2337,30,647
2024-04-01,Карачаево-Черкесская Республика,17,234700,155500,1493,811,293,27,224
2024-04-01,Карелия Республика,106,1015500,655100,2519,6646,3356,586,687
2024-04-01,Брянская область,190,2071000,1413700,11719,9849,3126,139,224
2024-05-01,Брянская область,192,2090000,1426900,11779,9969,3156,139,224
2024-05-01,Иркутская область,598,3457000,2441600,26979,15093,5599,494,1565
2024-05-01,Камчатский край,14,199100,125300,850,886,236,1,36
2024-05-01,Тамбовская область,168,1522400,1078100,10910,6452,2736,121,70
2024-05-01,Псковская область,115,946800,659800,6548,4061,2057,43,70
2024-05-01,Ульяновская область,281,2424600,1637600,15770,12170,4590,454,429
2024-05-01,Оренбургская область,257,2772800,1816500,20290,12008,4510,170,423
2024-05-01,Луганская Народная Республика,1,5000,4600,26,34,24,0,0
2024-05-01,Вологодская область,372,2664000,1817700,16667,12253,5861,158,252
2024-05-01,Калининградская область,663,6239600,3975900,41924,27292,6572,160,6402
2024-05-01,Пермский край,457,7443700,4806200,38097,35330,21059,2401,6111
2024-05-01,Волгоградская область,466,3629300,2453200,24414,18200,6221,428,1415
2024-05-01,Белгородская область,213,1345400,862300,9858,5395,1843,50,180
2024-05-01,Татарстан Республика,993,12319700,7699000,74008,54917,21030,1770,22814
2024-05-01,Санкт-Петербург город,1384,42138400,24621800,375632,127632,49512,4992,73526
2024-05-01,Ямало-Ненецкий Автономный округ,153,864900,571100,5214,4176,1812,149,1266
2024-05-01,Костромская область,197,757400,536500,4298,4076,1340,10,35
2024-05-01,Тульская область,365,3987200,2700900,28663,18777,5518,62,1109
2024-05-01,Нижегородская область,421,5132100,3305300,32187,22409,8279,1051,6799
2024-05-01,Ненецкий Автономный округ,3,34500,23700,113,231,150,0,0
2024-05-01,Приморский край,551,7756000,4658200,62533,23079,8037,797,19368
2024-05-01,Челябинская область,546,6636700,4568500,35208,34909,17296,2504,1568
2024-05-01,Еврейская Автономная область,2,4500,3400,42,27,8,0,0
2024-05-01,Архангельская область,227,2038300,1331200,15717,8961,3649,230,1535
2024-05-01,Калмыкия Республика,31,172100,125200,819,908,322,2,18
2024-05-01,Бурятия Республика,162,1541000,963400,9326,6105,2710,166,800
2024-05-01,Курская область,108,1086800,805000,8536,4864,1767,57,455
2024-05-01,Хабаровский край,281,3182400,1957400,17683,13080,6171,513,3988
2024-05-01,Чукотский Автономный округ,1,2400,2100,10,30,0,0,0
2024-05-01,Саратовская область,269,3292600,2140700,19001,14943,6426,87,899
2024-05-01,Калужская область,215,2472400,1632600,15029,11659,3639,169,1332
2024-05-01,Ивановская область,158,1578600,869800,7694,5161,2355,30,680
2024-05-01,Орловская область,117,1610600,1139600,11852,5958,3353,0,0
2024-05-01,Владимирская область,309,2666900,1807200,16782,11542,4813,145,1926
2024-05-01,Карелия Республика,109,1066000,683500,2633,6855,3535,612,786
2024-05-01,Кемеровская область - Кузбасс,221,2132700,1434600,15617,8860,3594,327,1269
2024-05-01,Дагестан Республика,68,1073600,686300,4658,4922,1139,40,783
2024-05-01,Омская область,100,1416100,894400,9979,5189,1852,103,1018
2024-05-01,Московская область,2328,45449500,28885100,314028,220966,76961,7228,43313
2024-05-01,Липецкая область,279,2013100,1345000,11370,8343,3301,363,1922
2024-05-01,Пензенская область,246,4363500,2749700,23209,18294,9874,555,4752
2024-05-01,Хакасия Республика,141,1148300,697200,7002,3999,1966,148,690
2024-05-01,Ингушетия Республика,8,193400,108300,251,517,404,48,382
2024-05-01,Чувашская Республика,323,3608500,2436700,21102,17780,5176,218,3859
2024-05-01,Ставропольский край,497,5888500,3803300,42699,24342,6488,230,5411
2024-05-01,Саха (Якутия) Республика ,165,1698100,1179800,15059,7623,1603,112,773
2024-05-01,Адыгея Республика,181,1477500,976000,15773,6209,1263,34,902
2024-05-01,Краснодарский край,2319,30427500,20223700,273526,128839,33030,1712,18617
2024-05-01,Смоленская область,260,1753500,1289800,11394,9090,2687,104,939
2024-05-01,Мордовия Республика,86,768200,518000,5043,3719,937,15,0
2024-05-01,Сахалинская область,168,1301200,783700,7797,6122,1505,44,651
2024-05-01,Магаданская область,7,94300,50900,548,492,90,1,0
2024-05-01,Забайкальский край,73,690700,467800,4866,3776,1208,62,38
2024-05-01,Кировская область,212,1914600,1325100,12480,9965,4440,437,833
2024-05-01,Карачаево-Черкесская Республика,17,234700,155500,1493,811,293,27,224
2024-05-01,Рязанская область,207,4249000,2746100,31442,17922,5428,31,3501
2024-05-01,Москва город,1692,68214600,40649000,323060,270192,129687,27182,210466
2024-05-01,Крым Республика,405,3702200,2231700,28579,13013,3415,182,4081
2024-05-01,Астраханская область,131,1769700,1231900,14271,8541,2436,82,1095
2024-05-01,Тыва Республика,73,346200,224100,2896,1429,866,0,0
2024-05-01,Севастополь город,87,731200,488800,6162,2949,830,55,527
2024-05-01,Чеченская Республика,42,1060700,683600,2119,3010,2402,1479,103
2024-05-01,Коми Республика,48,530900,360300,3048,2844,1644,146,28
2024-05-01,Воронежская область,487,8191100,5424900,62097,31915,13816,449,6286
2024-05-01,Алтай Республика,16,99400,62800,803,429,173,10,30
2024-05-01,Тверская область,303,2193000,1382700,14153,9319,2935,349,577
2024-05-01,Донецкая Народная Республика,4,35500,20200,217,123,36,1,0
2024-05-01,Ярославская область,343,3014700,2036500,17952,15037,4784,326,1122
2024-05-01,Удмуртская Республика,350,4978100,3330300,33419,22832,9549,1176,2866
2024-05-01,Курганская область,114,1037600,740900,7852,5116,1669,52,92
2024-05-01,Красноярский край,409,7985300,4879300,34294,36656,17001,2624,10971
2024-05-01,Северная Осетия - Алания Республика,129,1284300,855600,6074,4648,2434,196,1849
2024-05-01,Ростовская область,787,12881500,8054000,95517,51826,20550,777,15507
2024-05-01,Башкортостан Республика,831,10475600,6967200,75386,49113,19134,2484,11104
2024-05-01,Ханты-Мансийский АО - Югра,206,2436300,1576400,14597,11729,3244,150,3226
2024-05-01,Ленинградская область,888,14192900,9057900,163213,49074,12499,817,8251
2024-05-01,Томская область,139,1008000,595200,4488,4508,1961,260,1380
2024-05-01,Самарская область,556,7419300,4761100,49939,30480,12036,634,10360
2024-05-01,Марий Эл Республика,185,1489800,995400,7575,7320,2664,40,361
2024-05-01,Новгородская область,76,696800,428000,3623,2857,1445,12,56
2024-05-01,Тюменская область,859,12638800,8005300,71793,56026,23600,2659,19749
2024-05-01,Свердловская область,849,16459300,10488400,118856,67306,25743,1873,21609
2024-05-01,Кабардино-Балкарская Республика,139,840200,515800,3236,2354,1484,225,1596
2024-05-01,Алтайский край,269,3891200,2553400,19306,20214,9759,1511,2266
2024-05-01,Мурманская область,3,11400,7000,66,69,3,0,0
2024-05-01,Амурская область,117,1173600,748500,8711,5377,1511,53,224
2024-05-01,Новосибирская область,1807,15179600,9145000,88973,60398,29906,3601,27601
2024-06-01,Орловская область,118,1631300,1153800,12060,6021,3370,0,0
2024-06-01,Белгородская область,215,1380600,885400,10154,5557,1856,51,180
2024-06-01,Челябинская область,550,6663300,4592400,35266,35118,17464,2512,1568
2024-06-01,Алтай Республика,17,105800,66100,849,455,176,10,30
2024-06-01,Москва город,1705,69108800,41191100,327472,274490,131663,27590,213600
2024-06-01,Ульяновская область,283,2456200,1659100,15981,12347,4647,454,429
2024-06-01,Ямало-Ненецкий Автономный округ,154,868300,574100,5225,4205,1818,149,1266
2024-06-01,Псковская область,117,963000,671500,6658,4152,2085,43,70
2024-06-01,Тюменская область,888,12862200,8155200,73211,57314,23907,2678,20051
2024-06-01,Тыва Республика,78,362500,233800,3056,1469,906,0,0
2024-06-01,Воронежская область,507,8382400,5540200,63293,32504,14154,512,6661
2024-06-01,Карелия Республика,112,1097400,703300,2706,7046,3641,648,836
2024-06-01,Саратовская область,270,3293400,2141300,19010,14943,6426,87,899
2024-06-01,Алтайский край,271,4112400,2582700,19524,20499,9867,1511,2315
2024-06-01,Московская область,2355,45934600,29208800,318012,222819,77772,7316,43599
2024-06-01,Ивановская область,160,1602000,885500,8000,5182,2370,30,680
2024-06-01,Чеченская Республика,42,1060700,683600,2119,3011,2401,1479,103
2024-06-01,Ханты-Мансийский АО - Югра,208,2469300,1599000,14764,11896,3289,150,3226
2024-06-01,Адыгея Республика,184,1498800,989700,15905,6304,1289,34,902
2024-06-01,Краснодарский край,2329,30602900,20334200,274933,129455,33240,1712,18617
2024-06-01,Еврейская Автономная область,2,4500,3400,42,27,8,0,0
2024-06-01,Тульская область,369,4027700,2724500,28870,18945,5572,62,1181
2024-06-01,Санкт-Петербург город,1389,42262200,24677400,376133,128036,49607,5000,74155
2024-06-01,Самарская область,558,7433300,4768600,49900,30541,12090,635,10375
2024-06-01,Вологодская область,376,2824400,1857100,17079,12423,5958,174,252
2024-06-01,Смоленская область,261,1757100,1292700,11454,9105,2687,104,939
2024-06-01,Липецкая область,283,2085200,1391500,11894,8650,3389,363,1922
2024-06-01,Камчатский край,15,222100,139100,958,978,284,1,36
2024-06-01,Омская область,100,1416100,894500,9979,5189,1852,103,1018
2024-06-01,Ростовская область,791,12970200,8110200,96231,52165,20703,789,15814
2024-06-01,Саха (Якутия) Республика ,171,1758300,1223500,15664,7882,1628,112,824
2024-06-01,Удмуртская Республика,351,4986800,3337100,33555,22864,9549,1176,2867
2024-06-01,Астраханская область,133,1811900,1260000,14573,8744,2512,82,1095
2024-06-01,Новгородская область,78,724800,446600,3795,2994,1492,12,56
2024-06-01,Ярославская область,350,3096200,2086400,18361,15478,4863,327,1122
2024-06-01,Курская область,109,1088200,806100,8545,4870,1770,57,455
2024-06-01,Ненецкий Автономный округ,3,34500,23700,113,231,150,0,0
2024-06-01,Забайкальский край,78,765200,514000,5532,4068,1273,64,93
2024-06-01,Хакасия Республика,144,1201700,731800,7421,4131,2054,148,690
2024-06-01,Кемеровская область - Кузбасс,222,2146500,1442500,15663,8924,3632,329,1269
2024-06-01,Тверская область,311,2227200,1406900,14397,9498,2967,355,609
2024-06-01,Тамбовская область,164,1520900,1076300,10930,6442,2722,121,70
2024-06-01,Луганская Народная Республика,2,14500,12300,71,79,50,1,86
2024-06-01,Донецкая Народная Республика,7,64400,38900,329,263,106,1,0
2024-06-01,Хабаровский край,286,3257000,2004200,18045,13436,6384,546,4048
2024-06-01,Сахалинская область,168,1199500,783700,7797,6122,1505,44,651
2024-06-01,Коми Республика,49,553400,376600,3196,2946,1672,148,28
2024-06-01,Ленинградская область,893,14196400,9062000,162523,49452,12672,824,8006
2024-06-01,Иркутская область,605,3543300,2508100,27827,15388,5700,532,1744
2024-06-01,Ингушетия Республика,8,193400,108300,251,517,404,48,382
2024-06-01,Красноярский край,414,8024300,4908000,34589,36826,17100,2624,10971
2024-06-01,Новосибирская область,1830,15391400,9267000,89705,61155,30452,3813,27813
2024-06-01,Чувашская Республика,325,3636700,2454300,21251,17898,5207,218,3859
2024-06-01,Кировская область,216,1949900,1349100,12618,10130,4592,453,833
2024-06-01,Мурманская область,3,11400,7000,66,69,3,0,0
2024-06-01,Бурятия Республика,171,1615500,1011500,9741,6451,2776,166,845
2024-06-01,Чукотский Автономный округ,1,2400,2100,10,30,0,0,0
2024-06-01,Амурская область,119,1194100,761100,8930,5426,1528,53,287
2024-06-01,Ставропольский край,505,5970700,3847300,43243,24626,6555,230,5624
2024-06-01,Крым Республика,413,3756700,2269100,29170,13193,3431,182,4081
2024-06-01,Оренбургская область,258,2790000,1826700,20368,12085,4548,170,423
2024-06-01,Томская область,126,1012200,596500,4476,4507,1975,264,1380
2024-06-01,Северная Осетия - Алания Республика,130,1294200,861800,6148,4682,2446,189,1849
2024-06-01,Мордовия Республика,86,768200,518000,5043,3719,937,15,0
2024-06-01,Калужская область,215,2472400,1632600,15029,11659,3639,169,1332
2024-06-01,Калмыкия Республика,31,172100,125200,819,908,322,2,18
2024-06-01,Пензенская область,249,4395700,2771400,23447,18451,9923,555,4759
2024-06-01,Приморский край,559,7843900,4713400,62942,23625,8116,797,19508
2024-06-01,Брянская область,194,2108900,1438800,11942,10074,3147,139,224
2024-06-01,Архангельская область,232,2085400,1361600,16240,9128,3687,232,1564
2024-06-01,Нижегородская область,429,5221700,3363000,32586,22866,8451,1051,6927
2024-06-01,Свердловская область,880,16956800,10815500,124145,69157,26187,1924,21974
2024-06-01,Карачаево-Черкесская Республика,19,269900,177000,1642,899,359,27,53
2024-06-01,Волгоградская область,477,3704400,2501100,25017,18513,6316,428,1413
2024-06-01,Дагестан Республика,71,1152000,738800,5017,5412,1286,62,856
2024-06-01,Кабардино-Балкарская Республика,141,881900,543200,3456,2464,1556,225,1596
2024-06-01,Пермский край,459,7471000,4823900,38205,35433,21180,2401,6111
2024-06-01,Башкортостан Республика,844,10745600,7134200,78385,50096,19478,2507,11219
2024-06-01,Владимирская область,315,2727900,1849600,17115,11822,4981,145,1926
2024-06-01,Костромская область,199,760900,539400,4322,4100,1344,10,35
2024-06-01,Марий Эл Республика,187,1506500,1006500,7673,7423,2679,40,361
2024-06-01,Курганская область,120,1070000,764000,8020,5287,1756,52,92
2024-06-01,Татарстан Республика,1003,12418000,7763500,74611,55401,21168,1787,22808
2024-06-01,Севастополь город,87,731200,488800,6162,2949,830,55,527
2024-06-01,Магаданская область,7,94300,50900,548,492,90,1,0
2024-06-01,Рязанская область,210,4324900,2792300,31992,18247,5490,31,3663
2024-06-01,Калининградская область,673,6329200,4037200,42475,27666,6719,161,6402
2024-07-01,Иркутская область,608,3563700,2513300,27946,15446,5692,525,1744
2024-07-01,Волгоградская область,485,3789200,2560700,25577,18891,6478,438,1413
2024-07-01,Татарстан Республика,1017,12678800,7912000,75617,56450,21889,1959,24223
2024-07-01,Ульяновская область,286,2493600,1684500,16274,12497,4731,454,429
2024-07-01,Калининградская область,689,6451900,4123100,43542,28235,6784,161,6515
2024-07-01,Карачаево-Черкесская Республика,19,269900,177000,1642,899,359,27,53
2024-07-01,Башкортостан Республика,853,10923900,7247200,79516,50844,19861,2550,11564
2024-07-01,Марий Эл Республика,189,1528300,1019600,7795,7503,2718,40,361
2024-07-01,Тюменская область,910,13205600,8348800,74920,58853,24380,2748,21379
2024-07-01,Псковская область,124,1030600,722900,7030,4434,2335,43,70
2024-07-01,Ханты-Мансийский АО - Югра,213,2557500,1656000,15648,12317,3382,150,3226
2024-07-01,Дагестан Республика,71,1151500,738800,5017,5412,1286,62,856
2024-07-01,Крым Республика,423,3894600,2349700,30485,13515,3468,182,4132
2024-07-01,Пензенская область,250,4407400,2778300,23510,18510,9936,557,4739
2024-07-01,Нижегородская область,436,5323600,3422600,32985,23248,8668,1078,7165
2024-07-01,Москва город,1719,69924500,41759500,331250,278232,133956,28351,217984
2024-07-01,Брянская область,198,2183900,1485700,12405,10455,3199,139,224
2024-07-01,Пермский край,469,7582400,4894400,38654,35887,21578,2501,6135
2024-07-01,Ростовская область,799,13053900,8153400,96672,52543,20784,789,15983
2024-07-01,Камчатский край,16,239800,149900,1102,1011,320,1,36
2024-07-01,Адыгея Республика,186,1505400,994200,15929,6336,1297,37,902
2024-07-01,Ивановская область,162,1622100,900900,8088,5307,2390,30,680
2024-07-01,Ставропольский край,524,6190400,3992500,44748,25667,6781,239,5999
2024-07-01,Курганская область,124,1119700,795800,8345,5503,1819,52,100
2024-07-01,Севастополь город,87,731200,488800,6162,2949,830,55,527
2024-07-01,Забайкальский край,78,765200,514000,5532,4068,1273,64,93
2024-07-01,Рязанская область,212,4368600,2825300,32624,18445,5498,31,3526
2024-07-01,Ямало-Ненецкий Автономный округ,171,963400,631100,5768,4550,2015,150,1413
2024-07-01,Алтайский край,273,4127900,2593200,19715,20540,9894,1511,2315
2024-07-01,Владимирская область,324,2735600,1852100,17142,11865,5021,145,1850
2024-07-01,Тульская область,370,4072400,2751400,29306,19157,5578,62,1523
2024-07-01,Приморский край,557,7902500,4724200,63166,23657,8129,797,20023
2024-07-01,Ярославская область,360,3175200,2131300,18848,15808,4932,327,1122
2024-07-01,Московская область,2384,46456400,29520200,322092,224967,78605,7365,43917
2024-07-01,Томская область,126,1012200,596500,4476,4507,1975,264,1380
2024-07-01,Калмыкия Республика,33,184100,135100,889,999,341,2,18
2024-07-01,Новгородская область,79,731700,450900,3854,3024,1502,12,56
2024-07-01,Самарская область,566,7533600,4863400,50677,31037,12288,647,10839
2024-07-01,Липецкая область,287,2102600,1403600,11968,8724,3407,363,1922
2024-07-01,Орловская область,119,1641700,1161300,12078,6071,3403,0,0
2024-07-01,Мордовия Республика,87,779700,524900,5103,3764,952,15,0
2024-07-01,Бурятия Республика,181,1694300,1055100,10119,6941,2806,166,875
2024-07-01,Омская область,101,1431000,903300,10057,5241,1878,103,1018
2024-07-01,Новосибирская область,1850,15541200,9357500,90329,61708,30810,3838,28249
2024-07-01,Белгородская область,216,1398400,895200,10268,5632,1868,51,180
2024-07-01,Санкт-Петербург город,1407,42499700,24793700,378236,128677,49725,5018,74087
2024-07-01,Ленинградская область,922,15115300,9707100,175611,52594,13321,887,8562
2024-07-01,Сахалинская область,172,1233200,804500,8081,6288,1534,44,651
2024-07-01,Ненецкий Автономный округ,3,34500,23700,113,231,150,0,0
2024-07-01,Тамбовская область,164,1523000,1076300,10930,6444,2720,121,70
2024-07-01,Костромская область,205,813100,572800,4766,4291,1402,10,35
2024-07-01,Чеченская Республика,43,1103200,710700,2308,3255,2452,1479,103
2024-07-01,Магаданская область,7,94300,50900,548,492,90,1,0
2024-07-01,Чувашская Республика,328,3707600,2478500,21416,18077,5295,218,4000
2024-07-01,Вологодская область,420,2972000,2039600,19400,13616,6369,204,292
2024-07-01,Ингушетия Республика,9,196300,110400,251,538,411,48,382
2024-07-01,Хабаровский край,298,3417800,2102500,18405,14352,7039,567,4199
2024-07-01,Оренбургская область,281,2980100,1950700,21450,12992,4969,185,427
2024-07-01,Архангельская область,236,2119500,1387300,16550,9282,3758,232,1564
2024-07-01,Мурманская область,3,11400,7000,66,69,3,0,0
2024-07-01,Краснодарский край,2336,30634300,20328900,274450,129388,33255,1714,18994
2024-07-01,Красноярский край,430,8247700,5050400,36262,38000,17401,2643,10915
2024-07-01,Калужская область,218,2553900,1687500,15273,12126,3956,257,1332
2024-07-01,Хакасия Республика,148,1265600,771700,7752,4402,2209,187,690
2024-07-01,Тверская область,318,2251800,1423100,14600,9556,3001,380,629
2024-07-01,Астраханская область,140,1913700,1320100,15411,9218,2624,82,1258
2024-07-01,Кемеровская область - Кузбасс,298,2618100,1774100,20458,10327,3890,341,1390
2024-07-01,Еврейская Автономная область,2,4500,3400,42,27,8,0,0
2024-07-01,Карелия Республика,112,1097400,703300,2705,7050,3642,647,836
2024-07-01,Донецкая Народная Республика,8,88100,54600,387,381,176,1,0
2024-07-01,Кабардино-Балкарская Республика,143,927100,576000,3658,2732,1595,225,1596
2024-07-01,Удмуртская Республика,359,5055900,3384200,34025,23167,9691,1179,2927
2024-07-01,Смоленская область,264,1803400,1323300,11650,9219,2845,133,939
2024-07-01,Тыва Республика,195,406700,253200,3056,1469,906,234,0
2024-07-01,Коми Республика,49,553400,376600,3196,2946,1672,148,28
2024-07-01,Луганская Народная Республика,3,33600,24800,159,171,90,1,86
2024-07-01,Северная Осетия - Алания Республика,131,1299900,866800,6178,4702,2466,189,1849
2024-07-01,Амурская область,121,1214400,771500,9050,5510,1556,53,287
2024-07-01,Кировская область,222,1996500,1375900,12672,10371,4795,455,961
2024-07-01,Саха (Якутия) Республика ,173,1795600,1247600,15945,8048,1650,112,824
2024-07-01,Алтай Республика,18,112700,69800,885,474,179,17,30
2024-07-01,Свердловская область,894,17312800,11018400,126042,70548,26553,1979,23072
2024-07-01,Чукотский Автономный округ,1,2400,2100,10,30,0,0,0
2024-07-01,Воронежская область,518,8589500,5691900,65418,33293,14471,514,7095
2024-07-01,Курская область,111,1125800,816000,8680,4923,1784,57,490
2024-07-01,Челябинская область,559,6762400,4668700,35529,35786,17958,2585,1568
2024-07-01,Саратовская область,283,3399500,2204800,19546,15478,6594,87,1059
2024-08-01,Адыгея Республика,190,1533600,1011000,16105,6557,1326,37,902
2024-08-01,Чукотский Автономный округ,1,2400,2100,10,30,0,0,0
2024-08-01,Иркутская область,614,3627800,2551000,28387,15632,5749,549,1927
2024-08-01,Ивановская область,163,1627800,905500,8106,5334,2414,31,680
2024-08-01,Орловская область,119,1641700,1161300,12078,6071,3403,0,0
2024-08-01,Вологодская область,421,2973500,2040900,19405,13640,6372,204,292
2024-08-01,Чеченская Республика,44,1136800,722100,2438,3333,2478,1479,305
2024-08-01,Ростовская область,863,13444700,8397800,100160,54343,21107,789,16184
2024-08-01,Оренбургская область,284,3005300,1959600,21491,13071,5013,185,502
2024-08-01,Еврейская Автономная область,2,4500,3400,42,27,8,0,0
2024-08-01,Архангельская область,240,2156900,1415500,16854,9434,3826,229,1510
2024-08-01,Алтайский край,281,4215600,2647800,20380,20704,10173,1566,2487
2024-08-01,Рязанская область,213,4435100,2869700,33299,18796,5520,32,3526
2024-08-01,Ингушетия Республика,9,196300,110400,251,538,411,48,382
2024-08-01,Ставропольский край,534,6363200,4100800,45939,26272,7011,265,6373
2024-08-01,Воронежская область,544,8770100,5774400,66493,33715,14635,543,7137
2024-08-01,Нижегородская область,438,5348200,3438100,33211,23273,8711,1091,7114
2024-08-01,Ярославская область,370,3434900,2198400,19298,16279,5240,327,1122
2024-08-01,Красноярский край,438,8329600,5114000,36879,38482,17487,2656,10936
2024-08-01,Пензенская область,251,4415300,2782400,23518,18546,9930,564,4731
2024-08-01,Мордовия Республика,88,784000,526500,5106,3789,950,15,0
2024-08-01,Татарстан Республика,1023,12772500,7964100,76270,56718,22058,1979,24584
2024-08-01,Северная Осетия - Алания Республика,131,1299900,867500,6178,4702,2466,189,1849
2024-08-01,Владимирская область,321,2659700,1803300,16821,11561,4801,145,1850
2024-08-01,Приморский край,561,7928800,4778900,63931,23891,8216,802,20419
2024-08-01,Псковская область,125,1040600,729800,7111,4470,2353,43,70
2024-08-01,Удмуртская Республика,363,5111000,3415700,34298,23325,9863,1182,3072
2024-08-01,Новосибирская область,1894,15795600,9505700,91474,62837,31345,4015,28869
2024-08-01,Крым Республика,426,3989100,2401800,31322,13693,3577,188,4435
2024-08-01,Тыва Республика,195,397200,253200,3056,1469,906,234,0
2024-08-01,Коми Республика,49,553400,376600,3196,2946,1672,148,28
2024-08-01,Амурская область,121,1214400,771500,9050,5510,1556,53,287
2024-08-01,Брянская область,197,2163000,1469400,12272,10348,3176,139,224
2024-08-01,Донецкая Народная Республика,9,96900,60200,451,413,192,1,0
2024-08-01,Севастополь город,89,741500,495700,6269,2996,830,55,527
2024-08-01,Кемеровская область - Кузбасс,300,2656200,1794200,20809,10439,3940,347,1561
2024-08-01,Калмыкия Республика,33,184100,135100,889,999,341,2,18
2024-08-01,Челябинская область,566,6888200,4748600,36161,36478,18233,2608,1686
2024-08-01,Магаданская область,9,131200,71700,690,723,145,1,0
2024-08-01,Кировская область,223,2002500,1379100,12687,10386,4803,458,978
2024-08-01,Белгородская область,216,1398400,895200,10268,5632,1868,51,180
2024-08-01,Башкортостан Республика,942,11276700,7464200,80725,53267,20751,2652,13437
2024-08-01,Тюменская область,919,13584200,8564000,76989,60489,25087,2821,23001
2024-08-01,Курская область,111,1128700,816100,8681,4921,1784,58,490
2024-08-01,Камчатский край,16,238500,149900,1102,1011,320,1,36
2024-08-01,Марий Эл Республика,192,1557000,1036800,7907,7614,2780,40,410
2024-08-01,Смоленская область,265,1821100,1327800,11695,9243,2852,132,939
2024-08-01,Тамбовская область,165,1547000,1084200,10996,6512,2733,121,70
2024-08-01,Ненецкий Автономный округ,2,23400,16600,63,148,131,0,0
2024-08-01,Астраханская область,137,1863100,1281000,15194,8901,2528,81,1258
2024-08-01,Пермский край,476,7635400,4928800,38801,36250,21849,2511,6207
2024-08-01,Москва город,1728,70318000,41987300,333544,279678,134512,28433,219648
2024-08-01,Дагестан Республика,79,1225100,787500,5713,5619,1326,63,974
2024-08-01,Забайкальский край,78,767100,514400,5535,4068,1274,64,93
2024-08-01,Курганская область,126,1133200,805100,8461,5503,1899,52,100
2024-08-01,Саха (Якутия) Республика ,174,1807700,1256200,16017,8109,1674,112,824
2024-08-01,Калининградская область,701,6654200,4242400,44634,29108,6974,161,6515
2024-08-01,Костромская область,207,817500,575600,4789,4297,1416,10,35
2024-08-01,Алтай Республика,20,140100,84900,1161,492,182,17,77
2024-08-01,Тверская область,319,2252900,1424000,14600,9572,3001,380,629
2024-08-01,Карачаево-Черкесская Республика,21,301200,198500,1728,1045,389,55,53
2024-08-01,Новгородская область,81,745000,455200,3901,3040,1522,13,56
2024-08-01,Хакасия Республика,149,1300400,784300,7944,4450,2233,187,690
2024-08-01,Луганская Народная Республика,3,33600,24800,159,171,90,1,86
2024-08-01,Краснодарский край,2360,30772400,20439100,274884,130221,33538,1848,18994
2024-08-01,Саратовская область,295,3401000,2207900,19765,15423,6549,78,1059
2024-08-01,Ленинградская область,927,15166400,9736800,175780,52779,13511,889,8562
2024-08-01,Московская область,2389,46585000,29614400,322835,225993,79039,7366,43917
2024-08-01,Ульяновская область,292,2521400,1699800,16403,12603,4775,460,429
2024-08-01,Липецкая область,288,2107500,1405000,11972,8736,3415,363,1915
2024-08-01,Волгоградская область,486,3813700,2569300,25653,18970,6497,438,1532
2024-08-01,Томская область,126,1012200,596500,4474,4509,1975,264,1380
2024-08-01,Калужская область,219,2568000,1693800,15325,12181,3959,257,1432
2024-08-01,Чувашская Республика,332,3748200,2505200,21731,18236,5333,219,4000
2024-08-01,Свердловская область,923,17503300,11139200,127658,71307,26799,2004,23226
2024-08-01,Ханты-Мансийский АО - Югра,214,2580600,1670600,15774,12373,3438,150,3226
2024-08-01,Карелия Республика,112,1097400,703300,2705,7050,3642,647,836
2024-08-01,Тульская область,374,4169600,2811500,30230,19394,5671,62,1523
2024-08-01,Бурятия Республика,184,1734600,1151400,11047,7651,2958,166,911
2024-08-01,Хабаровский край,306,3528800,2175400,19156,14860,7210,571,4529
2024-08-01,Ямало-Ненецкий Автономный округ,171,962700,631000,5778,4547,2006,150,1413
2024-08-01,Сахалинская область,172,1368500,804500,8081,6288,1534,44,651
2024-08-01,Кабардино-Балкарская Республика,150,1053900,657000,4300,3114,1757,237,1954
2024-08-01,Самарская область,593,7795000,4998500,51982,31878,12690,662,12320
2024-08-01,Мурманская область,3,12700,9400,66,79,13,0,0
2024-08-01,Санкт-Петербург город,1398,42530100,24803700,378263,128799,49750,5024,74039
2024-08-01,Омская область,102,1526400,956600,10898,5644,1939,87,1546
2024-09-01,Томская область,129,1129800,640300,4822,4773,2130,284,1604
2024-09-01,Алтайский край,285,4248400,2668000,20613,20804,10239,1566,2504
2024-09-01,Свердловская область,940,17693000,11256600,128593,72098,27256,2056,23561
2024-09-01,Бурятия Республика,196,1821900,1201000,11621,7983,3058,166,1027
2024-09-01,Северная Осетия - Алания Республика,134,1356500,900200,6425,4909,2536,189,1927
2024-09-01,Чукотский Автономный округ,2,4700,4300,20,60,0,0,0
2024-09-01,Приморский край,566,7996000,4815800,64416,24055,8361,809,20650
2024-09-01,Сахалинская область,182,1444100,855900,8303,6861,1663,49,808
2024-09-01,Камчатский край,17,252000,158500,1215,1059,347,1,36
2024-09-01,Татарстан Республика,1036,12931700,8067800,77388,57443,22312,1985,24721
2024-09-01,Архангельская область,246,2238400,1472500,17513,9764,3980,231,1522
2024-09-01,Мурманская область,4,17500,14200,66,79,13,37,0
2024-09-01,Тюменская область,931,13834000,8684500,77810,61593,25384,2848,23613
2024-09-01,Воронежская область,564,8985400,5864600,67449,34247,14938,519,7017
2024-09-01,Омская область,103,1533700,961800,10984,5680,1939,87,1546
2024-09-01,Тамбовская область,165,1547000,1084200,10996,6512,2733,121,70
2024-09-01,Иркутская область,620,3700600,2601900,29130,15983,5776,551,1927
2024-09-01,Орловская область,122,1704800,1200600,12263,6386,3536,1,123
2024-09-01,Саха (Якутия) Республика ,187,1948900,1346100,17236,8631,1815,114,944
2024-09-01,Челябинская область,572,7004200,4798700,36772,36748,18343,2610,1686
2024-09-01,Башкортостан Республика,957,11466400,7579000,82683,53790,20991,2652,13705
2024-09-01,Краснодарский край,2383,31207600,20699500,277884,132021,34321,1848,19645
2024-09-01,Алтай Республика,21,143800,88400,1192,516,198,17,77
2024-09-01,Ивановская область,165,1658400,919800,8192,5435,2443,31,731
2024-09-01,Оренбургская область,286,3023800,1973700,21663,13172,5032,185,502
2024-09-01,Тверская область,362,2577700,1653900,16686,11022,3534,403,713
2024-09-01,Владимирская область,322,2692200,1823800,16975,11664,4859,148,1923
2024-09-01,Московская область,2402,46912700,29825500,325361,227583,79443,7424,44216
2024-09-01,Мордовия Республика,90,799500,537300,5200,3863,973,15,0
2024-09-01,Новосибирская область,1906,15911500,9556300,91974,63247,31489,4006,29017
2024-09-01,Марий Эл Республика,196,1620000,1062500,8167,7811,2796,40,410
2024-09-01,Пермский край,487,7914600,5105000,40181,37702,22633,2619,6516
2024-09-01,Псковская область,127,1079700,748300,7178,4552,2436,48,70
2024-09-01,Чувашская Республика,335,3774700,2528900,21976,18356,5390,220,4000
2024-09-01,Ставропольский край,535,6469500,4165400,46600,26715,7160,270,6582
2024-09-01,Москва город,1750,71403500,42672200,338072,285014,137863,29074,223371
2024-09-01,Кабардино-Балкарская Республика,150,1001600,618500,3975,2938,1694,237,1813
2024-09-01,Брянская область,197,2163300,1469400,12272,10348,3176,139,224
2024-09-01,Курская область,110,1125800,814300,8655,4917,1784,58,490
2024-09-01,Ленинградская область,928,15323000,9825800,177936,53110,13482,853,8562
2024-09-01,Астраханская область,137,1869700,1298700,15270,9013,2598,81,1258
2024-09-01,Рязанская область,219,4517900,2925000,34090,19201,5577,32,3694
2024-09-01,Смоленская область,264,1816100,1324300,11665,9218,2847,132,939
2024-09-01,Дагестан Республика,85,1333700,852600,6214,6048,1428,63,1084
2024-09-01,Вологодская область,423,2986600,2050100,19423,13709,6412,204,335
2024-09-01,Ханты-Мансийский АО - Югра,215,2586200,1674100,15842,12378,3444,148,3226
2024-09-01,Хабаровский край,310,3597100,2219800,19572,15208,7418,579,4529
2024-09-01,Крым Республика,440,4103900,2476200,32429,14089,3613,188,4389
2024-09-01,Донецкая Народная Республика,11,124400,77700,616,552,222,1,0
2024-09-01,Чеченская Республика,44,1136800,722100,2438,3333,2478,1479,305
2024-09-01,Ингушетия Республика,11,202100,114500,272,538,425,69,382
2024-09-01,Белгородская область,218,1412400,905700,10437,5699,1867,51,180
2024-09-01,Красноярский край,443,8365200,5136800,37266,38562,17521,2656,11075
2024-09-01,Карелия Республика,113,1109000,712200,2769,7112,3660,647,836
2024-09-01,Саратовская область,300,3437600,2235300,19900,15669,6612,78,1059
2024-09-01,Хакасия Республика,151,1344000,811700,8034,4690,2328,223,690
2024-09-01,Ненецкий Автономный округ,2,23400,16600,63,148,131,0,0
2024-09-01,Коми Республика,49,553400,376600,3196,2946,1672,148,28
2024-09-01,Амурская область,127,1253000,790500,9519,5558,1567,53,350
2024-09-01,Ярославская область,377,3505600,2246300,19947,16588,5320,327,1122
2024-09-01,Калужская область,226,2651600,1743900,15614,12440,4264,345,1559
2024-09-01,Ямало-Ненецкий Автономный округ,174,979800,643200,5874,4638,2032,158,1413
2024-09-01,Удмуртская Республика,371,5174200,3461400,34826,23651,9984,1216,3072
2024-09-01,Кировская область,227,2034800,1401000,12845,10581,4884,474,1002
2024-09-01,Севастополь город,93,762500,509500,6498,3087,830,55,527
2024-09-01,Ростовская область,872,13554500,8468100,101108,54802,21216,789,16320
2024-09-01,Тульская область,376,4207300,2833100,30293,19695,5690,62,1525
2024-09-01,Волгоградская область,496,3885500,2610800,26154,19273,6582,438,1731
2024-09-01,Калининградская область,712,6730500,4285900,45209,29390,7012,161,6556
2024-09-01,Луганская Народная Республика,6,65400,47700,313,337,142,1,86
2024-09-01,Ульяновская область,310,2877000,1765500,17025,13149,4981,487,447
2024-09-01,Магаданская область,9,117800,72800,708,708,159,1,0
2024-09-01,Карачаево-Черкесская Республика,24,345300,230600,2003,1030,558,55,53
2024-09-01,Забайкальский край,90,932500,618000,6578,4926,1517,64,294
2024-09-01,Новгородская область,81,745000,455200,3901,3040,1522,13,56
2024-09-01,Санкт-Петербург город,1401,42638400,24861100,379218,129079,49785,5008,74669
2024-09-01,Кемеровская область - Кузбасс,305,2719700,1837800,21291,10772,4018,347,1561
2024-09-01,Тыва Республика,195,397200,253200,3056,1469,906,234,0
2024-09-01,Костромская область,209,825700,581200,4820,4342,1426,15,35
2024-09-01,Пензенская область,257,4518000,2854500,24272,19004,10115,580,4903
2024-09-01,Адыгея Республика,196,1580300,1039300,16531,6694,1372,37,902
2024-09-01,Нижегородская область,449,5520900,3556100,34461,24162,9021,1121,7205
2024-09-01,Еврейская Автономная область,5,25800,16900,110,143,57,0,0
2024-09-01,Липецкая область,342,2147300,1429000,12144,8905,3493,363,1915
2024-09-01,Калмыкия Республика,33,185500,135100,889,999,341,2,18
2024-09-01,Курганская область,127,1145300,812900,8563,5580,1899,52,100
2024-09-01,Самарская область,597,7859400,5041400,52740,32087,12803,658,12317
2024-10-01,Тамбовская область,165,1547900,1084800,11001,6503,2729,130,70
2024-10-01,Самарская область,601,7923400,5072900,53017,32145,12924,696,12710
2024-10-01,Костромская область,210,829100,583100,4829,4360,1433,15,35
2024-10-01,Северная Осетия - Алания Республика,138,1375300,912100,6460,4982,2586,192,1927
2024-10-01,Адыгея Республика,198,1586300,1044100,16603,6718,1372,37,902
2024-10-01,Псковская область,127,1080200,748500,7178,4552,2436,48,70
2024-10-01,Санкт-Петербург город,1407,42823900,24962000,380370,129878,49998,5046,75273
2024-10-01,Ивановская область,165,1658400,919900,8226,5417,2425,32,728
2024-10-01,Ставропольский край,537,6599900,4212200,47249,27019,7225,271,6650
2024-10-01,Калининградская область,754,6952900,4413100,47478,30289,7068,161,6556
2024-10-01,Белгородская область,223,1448100,930100,10681,5944,1905,51,480
2024-10-01,Мурманская область,9,65000,44400,508,228,76,37,0
2024-10-01,Красноярский край,446,8410800,5167300,37563,38792,17610,2656,11073
2024-10-01,Саха (Якутия) Республика ,192,1983100,1371400,17645,8733,1835,114,944
2024-10-01,Пермский край,496,8148700,5241400,41137,38881,23194,2631,6737
2024-10-01,Ярославская область,379,3540400,2254200,19997,16651,5335,327,1122
2024-10-01,Алтай Республика,22,149100,91500,1280,524,198,17,77
2024-10-01,Саратовская область,296,3463500,2254400,19919,15813,6737,86,1059
2024-10-01,Луганская Народная Республика,6,65400,47700,313,337,142,1,86
2024-10-01,Приморский край,575,8423600,4982500,66458,25035,8567,849,21704
2024-10-01,Карачаево-Черкесская Республика,24,345300,230600,2003,1030,558,55,53
2024-10-01,Ростовская область,887,13779400,8612600,103288,55663,21468,813,16412
2024-10-01,Алтайский край,287,4255400,2671600,20649,20800,10260,1602,2503
2024-10-01,Севастополь город,93,762500,509500,6498,3087,830,55,527
2024-10-01,Хабаровский край,315,3644200,2249500,20099,15367,7464,583,4766
2024-10-01,Иркутская область,625,3786100,2662400,29830,16411,5888,571,2142
2024-10-01,Крым Республика,460,4170900,2513000,32885,14325,3658,188,4389
2024-10-01,Рязанская область,222,4536900,2930900,34178,19221,5585,32,3694
2024-10-01,Свердловская область,953,18176100,11549800,131905,73935,28291,2056,24061
2024-10-01,Калужская область,236,2738700,1801600,16082,12870,4398,345,1559
2024-10-01,Московская область,2409,47079500,29930400,326944,228172,79622,7424,44744
2024-10-01,Бурятия Республика,201,1851900,1221600,12051,7983,3058,166,1027
2024-10-01,Амурская область,128,1262000,795600,9598,5588,1577,53,350
2024-10-01,Донецкая Народная Республика,11,124400,77700,616,552,222,1,0
2024-10-01,Астраханская область,139,1912100,1323000,15558,9205,2646,81,1360
2024-10-01,Камчатский край,17,252000,158500,1215,1059,347,1,36
2024-10-01,Орловская область,125,1750800,1233700,12658,6601,3547,17,212
2024-10-01,Тверская область,367,2609100,1675900,16891,11175,3582,403,713
2024-10-01,Владимирская область,338,2701500,1833300,17089,11676,4890,148,1923
2024-10-01,Москва город,1761,72150700,43114900,340775,287491,138907,29482,226232
2024-10-01,Челябинская область,582,7135900,4885000,37127,37386,18619,2765,2137
2024-10-01,Ямало-Ненецкий Автономный округ,176,992800,650500,5898,4714,2047,163,1413
2024-10-01,Сахалинская область,182,1444200,855900,8303,6861,1663,49,808
2024-10-01,Смоленская область,266,1826900,1331000,11718,9270,2858,132,967
2024-10-01,Тюменская область,936,13894100,8729700,78385,61958,25505,2849,24106
2024-10-01,Кемеровская область - Кузбасс,306,2737600,1849800,21435,10782,4104,347,1605
2024-10-01,Чеченская Республика,44,1136800,725300,2458,3349,2486,1479,305
2024-10-01,Томская область,129,1129800,640100,4822,4773,2130,284,1629
2024-10-01,Курская область,112,1184700,853000,9296,5094,1818,58,490
2024-10-01,Марий Эл Республика,198,1641400,1074900,8247,7914,2826,42,410
2024-10-01,Липецкая область,346,2199500,1465400,12466,9189,3609,363,2077
2024-10-01,Тульская область,376,4207900,2833100,30293,19695,5690,62,1525
2024-10-01,Коми Республика,53,600400,411900,3465,3222,1715,167,28
2024-10-01,Забайкальский край,92,971600,642100,6802,5128,1549,80,343
2024-10-01,Кировская область,227,2034800,1401000,12844,10582,4883,474,1002
2024-10-01,Ленинградская область,945,15546300,9984300,180067,54317,13843,889,8598
2024-10-01,Чукотский Автономный округ,2,4700,4300,20,60,0,0,0
2024-10-01,Вологодская область,427,3027500,2075700,19693,13846,6547,208,335
2024-10-01,Дагестан Республика,86,1364900,872900,6338,6217,1481,63,1084
2024-10-01,Новгородская область,82,757800,464400,3967,3100,1558,13,56
2024-10-01,Архангельская область,247,2261000,1489400,17654,9898,4011,231,1508
2024-10-01,Ханты-Мансийский АО - Югра,219,2952300,1724300,16276,12710,3539,150,3577
2024-10-01,Ингушетия Республика,11,202100,114500,272,538,425,69,382
2024-10-01,Ненецкий Автономный округ,2,23400,16600,63,148,131,0,0
2024-10-01,Омская область,104,1547300,969000,11068,5722,1953,87,1546
2024-10-01,Оренбургская область,326,3056100,1996600,21980,13301,5103,186,502
2024-10-01,Карелия Республика,114,1115600,715100,2817,7144,3664,647,836
2024-10-01,Нижегородская область,461,5652900,3647600,35116,24866,9418,1186,7265
2024-10-01,Мордовия Республика,90,799500,537300,5200,3863,973,15,0
2024-10-01,Чувашская Республика,341,3835900,2572600,22221,18674,5538,220,4000
2024-10-01,Новосибирская область,1913,16024500,9627500,92691,63875,31698,4004,29335
2024-10-01,Удмуртская Республика,376,5258000,3512200,35555,23976,10100,1216,3072
2024-10-01,Тыва Республика,197,411800,262000,3184,1549,906,234,0
2024-10-01,Башкортостан Республика,979,11786200,7761500,86533,54564,21343,2651,15052
2024-10-01,Курганская область,130,1176900,836200,8773,5803,1933,52,100
2024-10-01,Калмыкия Республика,34,191000,138500,913,1019,349,2,18
2024-10-01,Ульяновская область,311,2895800,1776100,17180,13228,4994,483,447
2024-10-01,Кабардино-Балкарская Республика,150,1001600,618500,3975,2938,1694,237,1813
2024-10-01,Краснодарский край,2398,31578200,20933800,281092,133553,34697,1866,19645
2024-10-01,Пензенская область,263,4903200,2894900,24695,19261,10210,600,4930
2024-10-01,Еврейская Автономная область,6,29600,19100,130,160,68,0,0
2024-10-01,Татарстан Республика,1047,13178000,8211700,78936,58532,22727,2054,24975
2024-10-01,Хакасия Республика,151,1344000,811700,8033,4690,2328,223,690
2024-10-01,Волгоградская область,502,3926200,2647500,26688,19553,6620,438,1731
2024-10-01,Магаданская область,9,117800,72800,708,708,159,1,0
2024-10-01,Воронежская область,570,9149400,5961300,68848,34959,15012,537,7017
2024-10-01,Брянская область,200,2222300,1507900,12684,10640,3222,139,224
2024-11-01,Чувашская Республика,348,3921200,2629300,22616,19136,5668,220,4172
2024-11-01,Бурятия Республика,212,1994700,1308400,12892,8582,3141,168,1125
2024-11-01,Тамбовская область,170,1598700,1119100,11514,6717,2765,148,70
2024-11-01,Удмуртская Республика,377,5278300,3524700,35874,23983,10071,1184,3143
2024-11-01,Астраханская область,144,1987500,1367200,16026,9558,2774,81,1354
2024-11-01,Калининградская область,763,7079500,4485300,48125,30803,7166,161,6891
2024-11-01,Коми Республика,54,607900,417800,3483,3284,1715,171,28
2024-11-01,Забайкальский край,89,932000,611400,6350,4952,1516,80,355
2024-11-01,Рязанская область,223,4553300,2943300,34306,19336,5584,32,3694
2024-11-01,Мордовия Республика,92,815900,547900,5282,3943,991,15,0
2024-11-01,Ленинградская область,954,15769100,10155700,182451,55195,14177,1160,8509
2024-11-01,Кировская область,232,2101300,1442300,13221,10775,5021,488,1110
2024-11-01,Пермский край,500,8252500,5306500,41571,39307,23610,2674,6830
2024-11-01,Хакасия Республика,151,1344000,811700,8032,4689,2329,223,690
2024-11-01,Сахалинская область,181,1444700,856800,8275,6877,1668,49,808
2024-11-01,Ростовская область,893,13878400,8670600,103703,56174,21630,818,16868
2024-11-01,Самарская область,605,7984700,5108700,53145,32532,13066,698,12765
2024-11-01,Адыгея Республика,198,1587000,1044700,16624,6722,1352,43,902
2024-11-01,Новгородская область,84,779800,481300,4095,3210,1597,13,56
2024-11-01,Орловская область,127,1766900,1244600,12773,6682,3560,17,212
2024-11-01,Карачаево-Черкесская Республика,25,353400,236000,2051,1078,558,55,53
2024-11-01,Волгоградская область,510,3987600,2683500,27393,19584,6611,438,1731
2024-11-01,Ульяновская область,312,2908900,1784500,17369,13228,4993,484,447
2024-11-01,Мурманская область,10,86900,59400,694,352,76,37,0
2024-11-01,Дагестан Республика,99,1530200,980900,7698,6950,1634,79,1198
2024-11-01,Ямало-Ненецкий Автономный округ,177,1004900,657700,5934,4798,2053,163,1413
2024-11-01,Вологодская область,429,3037300,2077900,19704,13868,6550,208,335
2024-11-01,Севастополь город,94,770000,513900,6534,3123,830,55,584
2024-11-01,Липецкая область,349,2211000,1473500,12542,9261,3623,363,2022
2024-11-01,Камчатский край,19,296500,178500,1287,1229,386,5,212
2024-11-01,Приморский край,587,8467200,5032100,66827,25522,8766,863,21579
2024-11-01,Ставропольский край,541,6617100,4224200,47430,27064,7221,273,6757
2024-11-01,Саратовская область,298,3476200,2262900,19989,15870,6755,86,1059
2024-11-01,Иркутская область,630,3831600,2693100,30163,16554,5972,588,1980
2024-11-01,Свердловская область,965,18467700,11726400,133792,74954,29046,2066,24856
2024-11-01,Магаданская область,9,116300,72800,708,708,159,1,0
2024-11-01,Смоленская область,273,1875100,1375200,12013,9508,3033,158,967
2024-11-01,Еврейская Автономная область,6,29600,19100,130,160,68,0,0
2024-11-01,Калужская область,237,2753300,1809200,16584,12803,4201,213,1559
2024-11-01,Воронежская область,576,9235000,6001800,69180,35227,15105,536,7255
2024-11-01,Тверская область,366,2604100,1671700,16860,11145,3566,404,713
2024-11-01,Москва город,1781,73130400,43732700,344587,291899,141343,30163,230453
2024-11-01,Белгородская область,224,1455000,934700,10731,5963,1922,51,480
2024-11-01,Омская область,105,1582100,990800,11225,5850,2032,87,1683
2024-11-01,Ингушетия Республика,11,202100,114500,272,538,425,69,382
2024-11-01,Красноярский край,462,9003000,5518600,39917,41442,19010,2862,12443
2024-11-01,Карелия Республика,117,1154000,740300,2904,7389,3829,669,836
2024-11-01,Крым Республика,463,4298400,2584500,33992,14408,3728,191,4667
2024-11-01,Нижегородская область,474,5777200,3730800,35815,25536,9624,1198,7260
2024-11-01,Тыва Республика,198,414400,263500,3220,1553,906,234,0
2024-11-01,Амурская область,128,1265900,794900,9578,5612,1565,53,350
2024-11-01,Саха (Якутия) Республика ,196,2037600,1408900,18398,8902,1855,114,942
2024-11-01,Чукотский Автономный округ,3,5300,4500,26,66,0,0,0
2024-11-01,Луганская Народная Республика,6,65400,47700,313,337,142,1,86
2024-11-01,Архангельская область,250,2299700,1515000,17904,10093,4088,246,1543
2024-11-01,Башкортостан Республика,993,12156900,7984400,90131,55190,21710,2684,15739
2024-11-01,Ивановская область,172,1702600,951800,8412,5595,2511,32,755
2024-11-01,Алтайский край,287,4246700,2666400,21529,20166,9985,1555,2503
2024-11-01,Тюменская область,948,14222100,8910600,79361,63717,26469,2909,25660
2024-11-01,Ханты-Мансийский АО - Югра,225,3026600,1772000,16704,13060,3627,153,3730
2024-11-01,Челябинская область,595,7251000,4957100,37951,37652,18887,2785,2232
2024-11-01,Ярославская область,382,3388600,2262100,20119,16701,5337,327,1122
2024-11-01,Брянская область,201,2239000,1519800,12928,10686,3222,139,224
2024-11-01,Владимирская область,339,2726900,1851800,17259,11807,4922,148,1923
2024-11-01,Кабардино-Балкарская Республика,150,1001600,618500,3975,2938,1694,237,1813
2024-11-01,Томская область,132,1218400,666200,5048,4965,2212,297,1729
2024-11-01,Марий Эл Республика,201,1672800,1097100,8461,8028,2854,42,410
2024-11-01,Кемеровская область - Кузбасс,309,2784200,1878500,21868,10939,4092,368,1645
2024-11-01,Пензенская область,268,5066500,2999900,26068,19806,10460,604,5174
2024-11-01,Новосибирская область,2014,16133800,9704100,94756,63602,31533,3959,29663
2024-11-01,Донецкая Народная Республика,18,189800,118600,1202,786,283,1,48
2024-11-01,Северная Осетия - Алания Республика,145,1429800,950100,6941,5116,2608,187,1928
2024-11-01,Тульская область,378,4254600,2866400,30494,19902,5792,62,1525
2024-11-01,Курская область,116,1297100,925400,10028,5637,1898,59,580
2024-11-01,Ненецкий Автономный округ,2,23400,16600,63,148,131,0,0
2024-11-01,Санкт-Петербург город,1405,42828400,24959600,379933,130276,50008,5010,75241
2024-11-01,Краснодарский край,2459,32298200,21394800,287025,136818,35658,1916,19655
2024-11-01,Костромская область,213,830400,584400,4827,4386,1433,15,35
2024-11-01,Калмыкия Республика,34,189500,138500,914,1019,348,2,18
2024-11-01,Татарстан Республика,1071,13497700,8373900,80316,59698,23225,2087,26413
2024-11-01,Алтай Республика,22,149100,91500,1280,524,198,17,77
2024-11-01,Чеченская Республика,48,1284000,764000,2832,3656,2486,1479,305
2024-11-01,Оренбургская область,351,3083400,2015000,22269,13400,5105,186,525
2024-11-01,Курганская область,138,1289400,907600,9613,6287,2087,52,100
2024-11-01,Хабаровский край,316,3700000,2274900,20151,15682,7510,583,4980
2024-11-01,Псковская область,129,1098800,760900,7397,4598,2452,48,70
2024-11-01,Московская область,2435,47634400,30269800,331819,230923,80210,7553,46036
2024-12-01,Калининградская область,772,7136100,4518700,48637,30971,7234,161,6890
2024-12-01,Ненецкий Автономный округ,2,23400,16600,63,148,131,0,0
2024-12-01,Рязанская область,223,4553300,2943300,34295,19347,5584,32,3829
2024-12-01,Свердловская область,975,18789400,11914100,135013,76880,29629,2102,25990
2024-12-01,Ставропольский край,555,6709300,4318100,48648,27689,7273,273,6845
2024-12-01,Архангельская область,252,2344900,1533100,18152,10184,4120,254,1581
2024-12-01,Брянская область,207,2240200,1520800,12936,10696,3222,139,224
2024-12-01,Хабаровский край,323,3794300,2335500,20606,16167,7658,628,5120
2024-12-01,Коми Республика,54,607900,417800,3483,3284,1715,171,28
2024-12-01,Еврейская Автономная область,6,29600,19100,130,160,68,0,0
2024-12-01,Псковская область,130,1111700,762100,7417,4608,2452,48,70
2024-12-01,Москва город,1785,73312800,43860200,346712,292701,141546,30132,230588
2024-12-01,Сахалинская область,186,1495600,889700,8625,7140,1750,44,808
2024-12-01,Ленинградская область,963,15995600,10311800,184730,56267,14469,1138,8498
2024-12-01,Тульская область,378,4254600,2866400,30494,19902,5792,62,1525
2024-12-01,Оренбургская область,367,3177600,2075200,22875,13799,5202,199,536
2024-12-01,Чеченская Республика,60,1458000,877000,4032,4252,2900,1479,305
2024-12-01,Воронежская область,585,9554100,6076300,70142,35680,15217,538,7343
2024-12-01,Ингушетия Республика,11,202100,114500,272,538,425,69,382
2024-12-01,Челябинская область,600,7308000,4989900,38438,37710,18938,2776,2231
2024-12-01,Бурятия Республика,215,2045600,1343600,13277,8830,3229,168,1189
2024-12-01,Пензенская область,270,4855000,3060800,26261,20217,10636,611,5653
2024-12-01,Магаданская область,9,116300,72800,708,708,159,1,0
2024-12-01,Вологодская область,430,3038700,2078300,19767,13813,6554,208,335
2024-12-01,Калмыкия Республика,35,199200,144700,970,1068,362,2,18
2024-12-01,Кемеровская область - Кузбасс,309,2785700,1878500,21868,10939,4092,368,1645
2024-12-01,Алтайский край,296,4448200,2758400,21716,20901,10280,1607,3021
2024-12-01,Красноярский край,464,9056500,5554000,40256,41861,18972,2862,12443
2024-12-01,Луганская Народная Республика,6,65400,47700,313,337,142,1,86
2024-12-01,Амурская область,128,1265900,794900,9581,5608,1566,53,350
2024-12-01,Севастополь город,95,800400,540900,7065,3231,830,55,584
2024-12-01,Камчатский край,20,314200,189300,1433,1260,426,1,212
2024-12-01,Ивановская область,174,1721100,964700,8502,5721,2531,32,755
2024-12-01,Нижегородская область,480,5941000,3824200,37058,26296,9744,1163,7818
2024-12-01,Чувашская Республика,354,4018400,2687700,23114,19476,5792,228,4323
2024-12-01,Новосибирская область,2041,16337000,9809100,97395,63571,31284,3939,30714
2024-12-01,Иркутская область,630,3831700,2693100,30169,16547,5973,588,1980
2024-12-01,Новгородская область,84,779800,481300,4095,3210,1597,13,56
2024-12-01,Томская область,133,1230000,674300,5048,5014,2280,314,1729
2024-12-01,Чукотский Автономный округ,3,5300,4500,26,66,0,0,0
2024-12-01,Тверская область,367,2605300,1672700,16861,11162,3566,404,713
2024-12-01,Омская область,107,1622700,1016900,11397,6114,2107,91,1633
2024-12-01,Мурманская область,10,86900,59400,694,352,76,37,0
2024-12-01,Ярославская область,384,3406400,2273200,20322,16751,5343,327,1122
2024-12-01,Костромская область,215,839300,590700,4865,4426,1457,15,35
2024-12-01,Северная Осетия - Алания Республика,149,1488000,989100,7223,5317,2689,189,1928
2024-12-01,Пермский край,506,8384000,5377800,42232,39854,23926,2676,7170
2024-12-01,Белгородская область,231,1471500,945400,10856,6048,1930,51,480
2024-12-01,Тюменская область,955,14461900,9049100,80734,64640,26699,2919,26602
2024-12-01,Ямало-Ненецкий Автономный округ,179,1015600,665600,5983,4866,2075,169,1413
2024-12-01,Татарстан Республика,1076,13674100,8472500,82192,59848,23163,1980,27138
2024-12-01,Башкортостан Республика,1002,12271200,8052700,91932,55200,21801,2648,15830
2024-12-01,Марий Эл Республика,206,1723100,1129000,8679,8274,2971,42,458
2024-12-01,Калужская область,237,2753300,1809200,16584,12803,4201,213,1549
2024-12-01,Владимирская область,343,2828000,1921600,18076,12352,5048,157,1923
2024-12-01,Ростовская область,930,15007700,9329500,112454,59855,23235,815,18695
2024-12-01,Приморский край,595,8597900,5115000,67789,26041,8966,868,21352
2024-12-01,Астраханская область,147,2038400,1401100,16420,9834,2941,81,1369
2024-12-01,Смоленская область,280,1928600,1411100,12270,9823,3109,160,967
2024-12-01,Мордовия Республика,97,967700,570700,5487,4114,1043,15,0
2024-12-01,Самарская область,609,8030000,5132800,53312,32701,13167,700,13152
2024-12-01,Крым Республика,477,4323100,2609300,34556,14248,3720,189,4777
2024-12-01,Курская область,117,1303700,929700,10064,5669,1907,59,577
2024-12-01,Дагестан Республика,101,1592900,1022800,7986,7089,1756,107,1347
2024-12-01,Орловская область,127,1766900,1244600,12773,6680,3554,21,212
2024-12-01,Ханты-Мансийский АО - Югра,227,3066200,1796800,17089,13087,3633,153,3692
2024-12-01,Саха (Якутия) Республика ,200,2079600,1436900,18676,9097,1926,114,942
2024-12-01,Кабардино-Балкарская Республика,153,1095800,678500,4073,3642,1926,309,2060
2024-12-01,Курганская область,139,1293900,910100,9673,6289,2087,52,100
2024-12-01,Карачаево-Черкесская Республика,25,353400,236000,2051,1078,558,55,224
2024-12-01,Донецкая Народная Республика,18,190200,118600,1202,786,283,1,48
2024-12-01,Московская область,2446,47788000,30366100,333006,231297,80449,7665,46141
2024-12-01,Забайкальский край,91,967100,633200,6680,5057,1573,80,355
2024-12-01,Алтай Республика,22,149100,91500,1280,524,198,17,77
2024-12-01,Ульяновская область,312,2908900,1784500,17369,13228,4993,484,447
2024-12-01,Краснодарский край,2497,32650400,21599500,289344,138266,36157,1920,20358
2024-12-01,Карелия Республика,117,1154000,740300,2904,7389,3829,669,836
2024-12-01,Хакасия Республика,152,1360100,823200,8162,4799,2329,223,690
2024-12-01,Удмуртская Республика,380,5321400,3554600,36120,24153,10112,1204,3143
2024-12-01,Санкт-Петербург город,1411,43024100,25075400,382407,130840,50054,5012,75352
2024-12-01,Кировская область,236,2130200,1460000,13446,10849,5097,489,1110
2024-12-01,Тамбовская область,171,1609000,1127300,11629,6755,2782,148,70
2024-12-01,Липецкая область,353,2272000,1511300,12853,9504,3736,363,2167
2024-12-01,Тыва Республика,198,414400,263500,3220,1553,906,234,0
2024-12-01,Волгоградская область,516,3999900,2690900,27688,19467,6595,438,1731
2024-12-01,Саратовская область,302,3532900,2301000,20237,16085,6913,90,1059
2024-12-01,Адыгея Республика,204,1664200,1093700,17294,7054,1427,44,902
2025-01-01,Ленинградская область,976,16246400,10472500,187541,57260,14687,1151,8920
2025-01-01,Москва город,1831,74292900,44510200,352747,297003,143964,30383,232811
2025-01-01,Саратовская область,311,3671100,2391500,20764,16691,7197,90,1059
2025-01-01,Ярославская область,385,3426800,2285500,20590,16806,5376,320,1123
2025-01-01,Орловская область,127,1769000,1244600,12773,6680,3554,21,212
2025-01-01,Магаданская область,9,116300,72800,708,708,159,1,0
2025-01-01,Северная Осетия - Алания Республика,149,1489700,990700,7243,5323,2691,189,1928
2025-01-01,Чукотский Автономный округ,3,5300,4500,26,66,0,0,0
2025-01-01,Чеченская Республика,60,1458000,872500,4035,4170,2819,1479,305
2025-01-01,Дагестан Республика,102,1636900,1046800,7988,7090,1757,108,1348
2025-01-01,Чувашская Республика,357,4083400,2712600,23364,19642,5833,231,4408
2025-01-01,Костромская область,216,841600,592700,4889,4438,1462,15,35
2025-01-01,Курская область,118,1412000,934400,10142,5689,1908,59,577
2025-01-01,Калининградская область,790,7282600,4609500,49747,31558,7352,161,6890
2025-01-01,Луганская Народная Республика,8,84000,55700,331,391,178,1,86
2025-01-01,Нижегородская область,484,5997800,3858900,37513,26460,9823,1168,7919
2025-01-01,Калмыкия Республика,36,200000,145300,970,1068,369,2,18
2025-01-01,Татарстан Республика,1084,13906700,8596200,82067,61126,24047,2138,28257
2025-01-01,Волгоградская область,525,4054600,2731300,28237,19758,6647,438,1731
2025-01-01,Архангельская область,259,2435200,1591400,18824,10624,4227,254,1648
2025-01-01,Удмуртская Республика,378,5335300,3563900,36273,24199,10131,1201,3143
2025-01-01,Забайкальский край,92,983300,642500,6778,5146,1579,80,355
2025-01-01,Амурская область,129,1281300,801800,9698,5667,1570,55,449
2025-01-01,Приморский край,608,8872400,5309300,71026,26687,9275,878,22488
2025-01-01,Белгородская область,233,1470800,945500,10856,6048,1930,51,480
2025-01-01,Московская область,2476,48523700,30821300,339483,234533,81407,7665,46751
2025-01-01,Ульяновская область,316,2966100,1824300,17652,13604,5106,484,447
2025-01-01,Владимирская область,349,2879700,1953500,18510,12563,5096,157,2018
2025-01-01,Тамбовская область,172,1625400,1138300,11852,6818,2782,148,70
2025-01-01,Ненецкий Автономный округ,2,23400,16600,63,148,131,0,0
2025-01-01,Новгородская область,84,779800,481300,4095,3210,1597,13,56
2025-01-01,Томская область,133,1231800,674500,5048,5014,2281,317,1729
2025-01-01,Еврейская Автономная область,6,29600,19100,130,160,68,0,0
2025-01-01,Тыва Республика,201,442500,280800,3441,1651,954,234,0
2025-01-01,Ростовская область,957,16075700,9958600,121439,63897,24674,823,20210
2025-01-01,Бурятия Республика,215,2037400,1343600,13227,8876,3237,166,1189
2025-01-01,Алтай Республика,22,149100,91500,1280,524,198,17,77
2025-01-01,Ханты-Мансийский АО - Югра,227,3090100,1795300,16884,13092,3651,153,3692
2025-01-01,Алтайский край,302,4552500,2803900,22256,21025,10434,1622,3181
2025-01-01,Вологодская область,432,3047400,2084800,19832,13826,6575,208,335
2025-01-01,Хабаровский край,325,3828600,2353700,20698,16330,7730,654,5173
2025-01-01,Рязанская область,224,4608600,2966100,34621,19520,5617,32,3879
2025-01-01,Крым Республика,475,4307200,2599700,34113,14376,3787,188,4777
2025-01-01,Ингушетия Республика,11,202100,114500,272,538,425,69,382
2025-01-01,Сахалинская область,186,1495600,889700,8625,7140,1750,44,808
2025-01-01,Новосибирская область,2055,16851100,9948000,98993,64292,31616,3946,31549
2025-01-01,Иркутская область,631,3837100,2698100,30216,16564,5999,588,1980
2025-01-01,Санкт-Петербург город,1419,43309100,25245400,386605,131268,50200,5014,75731
2025-01-01,Севастополь город,96,813800,547800,7143,3257,852,55,636
2025-01-01,Камчатский край,22,341700,206300,1640,1352,474,1,212
2025-01-01,Самарская область,614,8132300,5193200,53987,33244,13227,700,13072
2025-01-01,Адыгея Республика,204,1666600,1095200,17304,7083,1428,44,911
2025-01-01,Ставропольский край,563,6813700,4361600,49251,27935,7315,277,6908
2025-01-01,Башкортостан Республика,1058,12553600,8211100,93539,56518,22461,2797,16148
2025-01-01,Калужская область,241,2831400,1860700,17027,13170,4336,213,1549
2025-01-01,Карачаево-Черкесская Республика,25,353400,236000,2051,1078,558,55,224
2025-01-01,Карелия Республика,117,1155900,740500,2902,7387,3833,669,837
2025-01-01,Ямало-Ненецкий Автономный округ,179,1015500,665400,5982,4867,2075,169,1413
2025-01-01,Тверская область,366,2590500,1668200,16751,11146,3561,404,713
2025-01-01,Омская область,110,1653800,1039200,11696,6271,2107,91,1633
2025-01-01,Псковская область,131,1101400,763200,7469,4641,2444,48,70
2025-01-01,Донецкая Народная Республика,19,208200,127000,1223,849,304,1,176
2025-01-01,Пермский край,512,8474700,5426400,42888,40055,24100,2682,7215
2025-01-01,Кабардино-Балкарская Республика,153,1095800,678500,4075,3636,1930,309,2060
2025-01-01,Липецкая область,353,2272000,1511300,12845,9518,3729,363,2167
2025-01-01,Пензенская область,275,4898700,3084900,26539,20328,10702,613,5653
2025-01-01,Кемеровская область - Кузбасс,310,2803000,1878500,21983,10859,4053,369,1645
2025-01-01,Хакасия Республика,155,1426800,841900,8428,4875,2342,224,690
2025-01-01,Коми Республика,54,607900,417800,3483,3284,1715,171,28
2025-01-01,Челябинская область,603,7378200,5031500,38430,38043,19103,2791,2419
2025-01-01,Оренбургская область,373,3213300,2098900,23183,13929,5255,200,536
2025-01-01,Воронежская область,590,9770700,6110700,70586,35958,15233,536,7315
2025-01-01,Краснодарский край,2501,32682000,21658700,289936,138661,36315,1920,20396
2025-01-01,Тульская область,382,4391900,2942500,31330,20360,5948,62,1525
2025-01-01,Курганская область,139,1293600,909900,9673,6289,2087,52,100
2025-01-01,Кировская область,238,2146900,1469900,13464,10935,5110,539,1144
2025-01-01,Астраханская область,149,2069200,1423900,16666,10079,2997,81,1369
2025-01-01,Мордовия Республика,100,981000,578500,5514,4192,1067,15,0
2025-01-01,Марий Эл Республика,209,1752200,1138300,8829,8282,2981,42,623
2025-01-01,Красноярский край,464,9000400,5529900,40257,41550,18844,2863,12184
2025-01-01,Мурманская область,10,86900,59400,694,352,76,37,0
2025-01-01,Свердловская область,1027,19199200,12164400,137577,78828,30462,2147,26279
2025-01-01,Брянская область,211,2266300,1537100,13053,10809,3302,140,224
2025-01-01,Ивановская область,174,1721200,964400,8500,5719,2529,33,755
2025-01-01,Тюменская область,963,14717500,9198900,81822,66283,27102,2923,27640
2025-01-01,Саха (Якутия) Республика ,210,2128900,1470100,19278,9288,1968,113,942
2025-01-01,Смоленская область,283,1956500,1429000,12481,9939,3145,160,967
2025-02-01,Чукотский Автономный округ,3,5300,4500,26,66,0,0,0
2025-02-01,Ленинградская область,984,16316300,10534600,188314,57673,14824,1169,8680
2025-02-01,Санкт-Петербург город,1415,43033600,25089000,388214,130406,48566,4492,77419
2025-02-01,Брянская область,216,2352400,1588000,13352,11084,3491,171,224
2025-02-01,Ставропольский край,570,7095700,4479500,51419,28659,7470,298,6956
2025-02-01,Тамбовская область,173,1636300,1145200,11930,6858,2795,148,70
2025-02-01,Рязанская область,228,4615800,2977500,34679,19649,5627,42,3970
2025-02-01,Ханты-Мансийский АО - Югра,231,3157300,1836900,16857,13502,3750,158,3972
2025-02-01,Новосибирская область,2084,17085000,10059600,100147,64869,32138,3906,31671
2025-02-01,Еврейская Автономная область,7,30100,19600,142,160,68,0,0
2025-02-01,Дагестан Республика,102,1632200,1046700,7988,7090,1757,108,1348
2025-02-01,Забайкальский край,96,1026200,672300,7082,5355,1653,80,382
2025-02-01,Орловская область,127,1769000,1244600,12773,6680,3554,21,212
2025-02-01,Сахалинская область,186,1495600,889700,8625,7140,1750,44,867
2025-02-01,Калининградская область,793,7291800,4614900,49876,31584,7374,161,6896
2025-02-01,Ингушетия Республика,11,202100,114500,272,538,425,69,382
2025-02-01,Пензенская область,277,4920800,3096600,26635,20425,10728,613,5733
2025-02-01,Марий Эл Республика,212,1765100,1149700,8880,8419,3023,43,623
2025-02-01,Мордовия Республика,100,981000,578500,5514,4192,1067,15,0
2025-02-01,Карелия Республика,118,1161600,743900,2918,7419,3865,669,837
2025-02-01,Камчатский край,22,341700,206300,1640,1352,474,1,212
2025-02-01,Алтай Республика,22,134500,90300,1280,524,198,10,77
2025-02-01,Астраханская область,150,2092900,1440800,16866,10199,3037,81,1434
2025-02-01,Пермский край,514,8485200,5432700,42977,40090,24105,2682,7233
2025-02-01,Смоленская область,284,1958000,1429800,12505,9936,3148,160,967
2025-02-01,Свердловская область,1035,19486100,12326900,139349,79906,30872,2164,27530
2025-02-01,Амурская область,129,1281900,801800,9698,5667,1570,55,449
2025-02-01,Северная Осетия - Алания Республика,149,1489700,990700,7243,5323,2691,189,1928
2025-02-01,Иркутская область,629,3835000,2697300,30235,16559,5985,588,1980
2025-02-01,Коми Республика,55,610900,419500,3498,3299,1715,172,28
2025-02-01,Псковская область,132,1106000,765900,7514,4666,2444,48,71
2025-02-01,Владимирская область,348,2853900,1931100,18180,12458,5043,157,2018
2025-02-01,Волгоградская область,532,4112000,2767700,28679,20089,6695,438,1731
2025-02-01,Костромская область,218,872600,609400,5072,4514,1499,31,129
2025-02-01,Чувашская Республика,357,4072100,2713700,23427,19678,5816,231,4410
2025-02-01,Кемеровская область - Кузбасс,313,2826100,1894600,22194,10973,4089,369,1645
2025-02-01,Ивановская область,176,1744300,980100,8575,5807,2588,33,800
2025-02-01,Нижегородская область,487,6041900,3883900,37706,26597,9922,1184,8010
2025-02-01,Приморский край,612,8907000,5338000,71434,26792,9355,931,22567
2025-02-01,Хабаровский край,333,3904100,2419800,21103,16748,8169,654,5173
2025-02-01,Краснодарский край,2513,32885600,21764400,291578,139390,36344,1886,20384
2025-02-01,Липецкая область,353,2272200,1511300,12845,9518,3729,363,2167
2025-02-01,Саха (Якутия) Республика ,211,2139000,1476100,19300,9414,1968,113,942
2025-02-01,Луганская Народная Республика,9,87200,58300,347,407,186,1,86
2025-02-01,Воронежская область,592,9801500,6137700,70846,36127,15328,543,7315
2025-02-01,Архангельская область,259,2420700,1591200,18792,10622,4231,254,1648
2025-02-01,Тюменская область,963,14778700,9224700,82111,66481,27136,2923,27806
2025-02-01,Ростовская область,957,16096500,9977300,121850,63912,24664,845,20353
2025-02-01,Ярославская область,387,3433100,2290900,20651,16834,5385,327,1123
2025-02-01,Хакасия Республика,155,1425800,841900,8428,4875,2342,224,690
2025-02-01,Удмуртская Республика,378,5335300,3563900,36208,24178,10182,1236,3143
2025-02-01,Красноярский край,469,9088100,5572400,39929,42519,18978,2862,12473
2025-02-01,Ямало-Ненецкий Автономный округ,180,1014600,669300,6037,4895,2075,169,1413
2025-02-01,Кабардино-Балкарская Республика,154,1104500,684000,4129,3684,1948,309,2060
2025-02-01,Вологодская область,437,3143700,2106900,20031,14015,6647,208,335
2025-02-01,Новгородская область,84,779800,481300,4095,3210,1597,13,56
2025-02-01,Тверская область,366,2603000,1668200,16751,11146,3561,404,785
2025-02-01,Адыгея Республика,205,1672400,1099300,17356,7107,1436,47,917
2025-02-01,Севастополь город,96,813800,547800,7143,3257,852,55,636
2025-02-01,Донецкая Народная Республика,20,213800,130700,1258,895,304,1,176
2025-02-01,Бурятия Республика,217,2046900,1350400,13209,9017,3247,166,1189
2025-02-01,Омская область,111,1667400,1048300,11856,6271,2107,91,1633
2025-02-01,Белгородская область,233,1438400,944400,10856,6062,1914,51,480
2025-02-01,Башкортостан Республика,1066,12641300,8290100,94579,56812,22652,2789,16215
2025-02-01,Калужская область,243,2832000,1860100,17013,13160,4326,216,1569
2025-02-01,Чеченская Республика,54,1286800,751500,3267,3105,2693,1479,305
2025-02-01,Ульяновская область,318,2989300,1838300,17874,13698,5136,484,447
2025-02-01,Ненецкий Автономный округ,2,23400,16600,63,148,131,0,0
2025-02-01,Курская область,118,1412000,934400,10142,5689,1908,59,577
2025-02-01,Тульская область,382,4393100,2942800,31330,20360,5948,62,1525
2025-02-01,Самарская область,616,8167200,5219600,54402,33294,13251,700,13014
2025-02-01,Московская область,2461,48580600,30856100,340280,234858,81421,7645,46807
2025-02-01,Татарстан Республика,1125,14099400,8709000,83714,61825,24087,2141,28097
2025-02-01,Челябинская область,612,7417000,5060500,38719,38256,19154,2792,2419
2025-02-01,Мурманская область,10,86900,59400,694,352,76,37,0
2025-02-01,Магаданская область,9,116300,72800,708,708,159,1,0
2025-02-01,Томская область,133,1231800,674500,5048,5014,2281,317,1729
2025-02-01,Алтайский край,302,4551900,2803900,22201,21080,10433,1623,3383
2025-02-01,Карачаево-Черкесская Республика,27,392500,260400,2237,1310,587,55,224
2025-02-01,Кировская область,239,2174300,1487700,13587,11067,5229,539,1135
2025-02-01,Курганская область,141,1326200,931900,9934,6415,2145,52,141
2025-02-01,Оренбургская область,382,3284000,2142400,23791,14112,5360,200,562
2025-02-01,Тыва Республика,201,442500,280800,3440,1652,954,234,0
2025-02-01,Москва город,1842,74562800,44651300,353939,297706,144552,30548,233658
2025-02-01,Калмыкия Республика,37,201000,146300,970,1068,369,10,18
2025-02-01,Крым Республика,488,4426000,2663800,35267,14751,3874,197,4910
2025-02-01,Саратовская область,313,3699900,2405500,20862,16825,7234,100,1299
2025-03-01,Мурманская область,10,86900,59400,694,352,76,37,0
2025-03-01,Костромская область,219,875900,611800,5092,4533,1504,31,133
2025-03-01,Алтайский край,302,5100800,2818200,22674,20906,10307,1602,3567
2025-03-01,Тульская область,384,4420300,2966400,31580,20507,6007,62,1525
2025-03-01,Новосибирская область,2065,17273900,10104800,101086,64678,32185,3870,32087
2025-03-01,Калининградская область,801,7295100,4619300,49821,31597,7412,161,6896
2025-03-01,Саратовская область,314,3716300,2416100,20950,16890,7254,121,1299
2025-03-01,Кемеровская область - Кузбасс,314,2823400,1897700,22334,10922,4070,369,1645
2025-03-01,Томская область,139,1291400,716000,5636,5351,2230,296,1729
2025-03-01,Амурская область,129,1278200,799800,9652,5655,1573,55,449
2025-03-01,Ханты-Мансийский АО - Югра,233,2902900,1851300,17021,13627,3757,158,3993
2025-03-01,Нижегородская область,487,6038000,3879500,37685,26603,9881,1184,8010
2025-03-01,Приморский край,616,8970900,5359700,71827,26792,9355,943,22567
2025-03-01,Ингушетия Республика,11,202100,114500,272,538,425,69,382
2025-03-01,Татарстан Республика,1136,14198200,8779600,84694,62063,24235,2136,28688
2025-03-01,Тамбовская область,174,1652300,1156100,12010,6938,2827,148,70
2025-03-01,Алтай Республика,22,148400,90300,1280,524,198,10,77
2025-03-01,Карачаево-Черкесская Республика,27,392500,260400,2237,1310,587,55,224
2025-03-01,Хабаровский край,336,3943100,2439600,21290,16913,8216,656,5328
2025-03-01,Марий Эл Республика,220,1812100,1173400,9179,8612,3042,43,623
2025-03-01,Мордовия Республика,101,991000,585300,5633,4209,1067,15,0
2025-03-01,Саха (Якутия) Республика ,210,2120300,1470200,19279,9291,1967,113,917
2025-03-01,Московская область,2478,48739900,30953700,341394,235560,81757,7651,47207
2025-03-01,Владимирская область,352,2934600,1975600,18473,12791,5165,158,2367
2025-03-01,Москва город,1848,75027200,44922900,357196,299276,145218,30601,234893
2025-03-01,Волгоградская область,533,4128900,2776500,28785,20127,6716,438,1621
2025-03-01,Башкортостан Республика,1071,12714900,8331800,95166,57233,22753,2810,16182
2025-03-01,Севастополь город,96,813800,547800,7143,3257,852,55,636
2025-03-01,Бурятия Республика,214,2053700,1350000,12961,9182,3330,166,1332
2025-03-01,Ненецкий Автономный округ,2,23400,16600,63,148,131,0,0
2025-03-01,Чувашская Республика,359,4076200,2731400,23561,19760,5876,231,4192
2025-03-01,Брянская область,218,2344800,1578400,13351,11034,3472,161,224
2025-03-01,Ульяновская область,322,3065500,1890900,18292,14239,5249,484,447
2025-03-01,Чукотский Автономный округ,3,5300,4500,26,66,0,0,0
2025-03-01,Калмыкия Республика,37,201000,146300,970,1068,369,10,18
2025-03-01,Кировская область,240,2183000,1493200,13594,11127,5256,545,1135
2025-03-01,Коми Республика,55,697300,419500,3499,3297,1716,172,28
2025-03-01,Донецкая Народная Республика,22,231700,144200,1503,1002,314,1,30
2025-03-01,Ленинградская область,996,16479000,10634400,189816,58297,15032,1212,8659
2025-03-01,Луганская Народная Республика,8,90200,58100,374,398,180,1,86
2025-03-01,Смоленская область,292,2022000,1473500,12969,10224,3241,163,967
2025-03-01,Белгородская область,235,1470200,959600,11012,6125,1946,51,653
2025-03-01,Пермский край,516,8495200,5438500,43020,40147,24123,2689,7245
2025-03-01,Забайкальский край,98,1042000,685400,7311,5413,1669,80,382
2025-03-01,Архангельская область,259,2424200,1593900,18848,10632,4238,254,1648
2025-03-01,Ростовская область,963,16211500,10049400,122960,64205,24921,845,20402
2025-03-01,Орловская область,128,1788200,1258500,12882,6746,3616,21,212
2025-03-01,Чеченская Республика,54,1286800,751500,3267,3105,2693,1479,305
2025-03-01,Удмуртская Республика,384,5339300,3567200,36220,24214,10182,1236,3143
2025-03-01,Астраханская область,150,2092900,1440800,16866,10199,3037,81,1434
2025-03-01,Воронежская область,606,10108000,6324400,72998,37047,15979,618,7781
2025-03-01,Магаданская область,9,116300,72800,708,708,159,1,0
2025-03-01,Вологодская область,438,3194200,2108700,20059,14025,6651,211,335
2025-03-01,Калужская область,243,2830500,1858400,17001,13148,4323,216,1569
2025-03-01,Тыва Республика,206,453000,286600,3548,1664,954,246,0
2025-03-01,Тверская область,366,2606700,1668200,16751,11146,3561,404,785
2025-03-01,Курская область,118,1412000,934400,10142,5689,1908,59,577
2025-03-01,Еврейская Автономная область,7,30100,19600,142,160,68,0,0
2025-03-01,Новгородская область,86,802300,492400,4189,3295,1623,13,56
2025-03-01,Ивановская область,177,1756500,988000,8652,5863,2604,33,800
2025-03-01,Липецкая область,370,2420000,1613700,13915,10209,3936,370,2284
2025-03-01,Омская область,113,1756100,1091600,12623,6240,2193,94,2001
2025-03-01,Челябинская область,615,7445100,5084100,38846,38435,19325,2792,2419
2025-03-01,Краснодарский край,2525,33092000,21828600,292415,139857,36512,1886,20384
2025-03-01,Тюменская область,974,14954300,9332900,83411,67162,27356,2931,28569
2025-03-01,Кабардино-Балкарская Республика,154,1104500,682100,4103,3674,1948,309,2060
2025-03-01,Курганская область,141,1329200,932100,9928,6413,2144,52,141
2025-03-01,Самарская область,617,8162400,5232100,54409,33404,13309,731,13173
2025-03-01,Псковская область,137,1148800,794200,7849,4889,2490,48,71
2025-03-01,Карелия Республика,118,1161600,743900,2918,7417,3864,670,837
2025-03-01,Свердловская область,1030,19708900,12432300,141130,80450,31077,2155,27912
2025-03-01,Ставропольский край,580,7316900,4621300,52956,29619,7830,298,7054
2025-03-01,Санкт-Петербург город,1418,43191500,25183400,390555,130672,48701,4491,77861
2025-03-01,Рязанская область,228,4625300,2977500,34678,19650,5627,42,3970
2025-03-01,Адыгея Республика,206,1755400,1144400,17712,7305,1550,49,1179
2025-03-01,Северная Осетия - Алания Республика,149,1489700,990700,7243,5323,2691,189,1928
2025-03-01,Оренбургская область,385,3317700,2166200,24143,14261,5379,200,562
2025-03-01,Сахалинская область,186,1495600,889200,8653,7083,1767,44,867
2025-03-01,Красноярский край,474,9173700,5623600,40255,42923,19181,2886,12677
2025-03-01,Хакасия Республика,156,1444700,853700,8560,4995,2342,224,690
2025-03-01,Камчатский край,22,341700,206300,1640,1352,474,1,212
2025-03-01,Ярославская область,390,3445000,2299300,20698,16934,5405,327,1123
2025-03-01,Пензенская область,280,4967600,3136300,27061,20674,10824,613,5733
2025-03-01,Ямало-Ненецкий Автономный округ,181,1021300,673300,6084,4930,2075,169,1413
2025-03-01,Крым Республика,488,4574800,2758100,36533,15312,4022,202,4931
2025-03-01,Иркутская область,630,3850900,2704100,30275,16597,6005,591,2081
2025-03-01,Дагестан Республика,101,1711700,1037000,7879,7039,1737,108,1348
2025-04-01,Луганская Народная Республика,8,90200,58000,374,398,180,1,86
2025-04-01,Чувашская Республика,353,4126200,2735500,23566,19785,5888,231,4101
2025-04-01,Коми Республика,55,697300,419500,3499,3297,1716,172,28
2025-04-01,Оренбургская область,387,3325800,2171200,24187,14310,5390,200,562
2025-04-01,Калининградская область,807,7362300,4654500,50319,31815,7426,161,7078
2025-04-01,Вологодская область,440,3088200,2110300,20073,14035,6654,212,335
2025-04-01,Курская область,117,1393900,920400,10029,5572,1888,59,487
2025-04-01,Амурская область,129,1275200,799500,9668,5655,1573,55,449
2025-04-01,Севастополь город,98,820800,552200,7207,3289,852,55,636
2025-04-01,Алтай Республика,22,148400,90300,1280,524,198,10,77
2025-04-01,Хакасия Республика,152,1457900,862100,8669,5009,2375,224,690
2025-04-01,Северная Осетия - Алания Республика,150,1502700,1001500,7341,5365,2733,189,1928
2025-04-01,Алтайский край,307,5162100,2857300,23179,21111,10403,1622,3594
2025-04-01,Сахалинская область,194,1590600,926400,9180,7299,1813,44,867
2025-04-01,Нижегородская область,491,6225900,3946900,38405,27085,10015,1212,8329
2025-04-01,Брянская область,221,2355900,1586200,13402,11093,3492,161,224
2025-04-01,Ульяновская область,322,3061900,1887800,18358,14145,5256,484,447
2025-04-01,Курганская область,141,1335700,932100,9942,6413,2137,52,141
2025-04-01,Рязанская область,230,4621700,2985000,34765,19728,5628,42,3970
2025-04-01,Ямало-Ненецкий Автономный округ,181,1021300,673300,6084,4930,2075,169,1413
2025-04-01,Карелия Республика,119,1169500,749100,2931,7486,3887,670,837
2025-04-01,Воронежская область,613,10628000,6401200,73910,37527,16245,618,8206
2025-04-01,Самарская область,626,8239900,5283100,54994,33712,13434,740,13124
2025-04-01,Астраханская область,151,2108700,1457500,17018,10396,3081,81,1434
2025-04-01,Пермский край,534,8759400,5609400,44236,41481,24816,2817,7460
2025-04-01,Томская область,147,1392200,782800,6374,5575,2510,327,1853
2025-04-01,Волгоградская область,542,4158700,2799500,29023,20306,6751,498,1621
2025-04-01,Мурманская область,10,86900,59400,694,352,76,37,0
2025-04-01,Орловская область,128,1779500,1251600,12827,6676,3616,21,212
2025-04-01,Ленинградская область,1006,16718700,10798600,192500,59286,15195,1180,8659
2025-04-01,Хабаровский край,337,3970700,2458900,21169,17122,8447,689,5270
2025-04-01,Ярославская область,393,3466500,2313700,20863,17035,5421,327,1135
2025-04-01,Тамбовская область,179,1709400,1200500,12351,7291,2914,148,70
2025-04-01,Чукотский Автономный округ,3,5300,4500,26,66,0,0,0
2025-04-01,Карачаево-Черкесская Республика,27,392500,260400,2236,1311,587,55,224
2025-04-01,Саха (Якутия) Республика ,217,2200700,1526100,19888,9679,2027,116,917
2025-04-01,Ивановская область,177,1756500,988100,8652,5864,2604,32,800
2025-04-01,Саратовская область,316,3718700,2416800,20968,16890,7254,121,1299
2025-04-01,Адыгея Республика,209,1822600,1185300,18214,7693,1594,49,1179
2025-04-01,Красноярский край,477,9230300,5664100,40402,43257,19334,2904,12677
2025-04-01,Тульская область,390,4520600,3029800,32212,20935,6145,62,1525
2025-04-01,Кировская область,241,2191200,1499200,13616,11152,5295,558,1135
2025-04-01,Новосибирская область,2069,17706500,10170900,101696,65013,32396,3874,32562
2025-04-01,Иркутская область,632,3869500,2713800,30204,16599,6135,599,2246
2025-04-01,Омская область,116,1797300,1118000,12822,6403,2261,94,2001
2025-04-01,Ставропольский край,585,7375600,4645400,53334,29713,7830,298,7052
2025-04-01,Смоленская область,313,2212900,1617700,14336,11231,3563,167,997
2025-04-01,Белгородская область,236,1474000,962400,11058,6149,1946,51,653
2025-04-01,Челябинская область,620,7546300,5147100,39335,38875,19545,2825,2511
2025-04-01,Пензенская область,286,5092900,3217100,27996,21123,11094,612,5884
2025-04-01,Тыва Республика,208,460600,291500,3598,1689,979,246,0
2025-04-01,Москва город,1853,75430400,45194200,359322,300958,146170,30614,236184
2025-04-01,Ханты-Мансийский АО - Югра,233,2902900,1850200,17021,13621,3751,158,3914
2025-04-01,Архангельская область,274,2500300,1650800,19405,11068,4365,258,1706
2025-04-01,Удмуртская Республика,395,5488200,3660000,37482,24812,10356,1257,3187
2025-04-01,Татарстан Республика,1152,14373800,8872300,85445,62732,24583,2195,29287
2025-04-01,Псковская область,137,1151500,794300,7849,4889,2490,48,70
2025-04-01,Камчатский край,22,341700,206300,1640,1352,474,1,212
2025-04-01,Крым Республика,495,4750000,2863300,37913,16019,4117,202,5263
2025-04-01,Тюменская область,962,15058000,9399300,84134,67619,27483,2947,28569
2025-04-01,Свердловская область,1039,20030800,12622600,143446,81715,31398,2168,28722
2025-04-01,Владимирская область,352,2936300,1975600,18473,12791,5165,158,2367
2025-04-01,Бурятия Республика,217,2068600,1359500,13090,9262,3330,166,1332
2025-04-01,Ненецкий Автономный округ,2,23400,16600,63,148,131,0,0
2025-04-01,Кемеровская область - Кузбасс,319,2838200,1908300,22533,10930,4058,369,1645
2025-04-01,Чеченская Республика,55,1327600,781100,3447,3249,2765,1479,305
2025-04-01,Приморский край,619,9036200,5385400,72367,26879,9360,947,22608
2025-04-01,Калужская область,244,2845200,1867400,17131,13196,4349,216,1569
2025-04-01,Московская область,2493,49073100,31157100,344294,236984,82121,7702,47263
2025-04-01,Тверская область,367,2616900,1674600,16785,11185,3584,404,785
2025-04-01,Мордовия Республика,100,876100,584200,5627,4199,1063,15,0
2025-04-01,Марий Эл Республика,223,1830300,1184500,9293,8693,3063,43,609
2025-04-01,Краснодарский край,2553,33675400,22127100,296194,141895,37146,1886,21411
2025-04-01,Новгородская область,92,838600,523000,4493,3547,1643,13,56
2025-04-01,Башкортостан Республика,1076,12744500,8347400,95007,57561,22795,2836,16631
2025-04-01,Магаданская область,9,116300,72800,708,708,159,1,0
2025-04-01,Ингушетия Республика,11,202100,114500,272,538,425,69,382
2025-04-01,Калмыкия Республика,37,201000,146300,970,1068,369,10,18
2025-04-01,Еврейская Автономная область,7,30100,19600,142,160,68,0,0
2025-04-01,Забайкальский край,99,1047100,688800,7392,5422,1669,80,382
2025-04-01,Кабардино-Балкарская Республика,157,1152600,709500,4250,3853,2002,327,2237
2025-04-01,Костромская область,223,891200,621300,5129,4587,1541,43,133
2025-04-01,Санкт-Петербург город,1434,43760700,25447400,395550,131820,49095,4519,80288
2025-04-01,Донецкая Народная Республика,24,273300,165600,1622,1188,351,1,194
2025-04-01,Ростовская область,972,16374600,10178500,125105,64796,25306,845,20897
2025-04-01,Липецкая область,404,2440800,1628700,13988,10319,4012,370,2281
2025-04-01,Дагестан Республика,101,1716800,1037000,7879,7039,1737,108,1564
2025-05-01,Тверская область,394,2688700,1728600,16901,11702,3667,482,785
2025-05-01,Магаданская область,9,116300,72800,708,708,159,1,0
2025-05-01,Ямало-Ненецкий Автономный округ,213,1161500,766800,6873,5603,2365,176,1444
2025-05-01,Саратовская область,376,4609300,2995800,27171,20572,8964,121,1548
2025-05-01,Владимирская область,398,3253100,2195200,20638,14285,5638,183,2457
2025-05-01,Курганская область,162,1466700,1030000,10800,7048,2472,54,142
2025-05-01,Удмуртская Республика,481,6453100,4279800,44903,29107,11914,1387,3984
2025-05-01,Волгоградская область,609,4727300,3164100,32664,22828,7457,520,1959
2025-05-01,Ставропольский край,657,8222200,5189400,59595,33080,9080,381,7456
2025-05-01,Московская область,2844,54142100,34516900,380859,260218,89974,8084,53834
2025-05-01,Еврейская Автономная область,8,36100,23900,172,195,83,0,0
2025-05-01,Тамбовская область,188,1759900,1239600,12862,7540,3007,151,70
2025-05-01,Саха (Якутия) Республика ,261,2606500,1808100,23544,11641,2299,137,1381
2025-05-01,Амурская область,141,1364300,846600,10289,5975,1672,55,503
2025-05-01,Карелия Республика,155,1370200,893500,3759,8563,4572,839,918
2025-05-01,Калужская область,300,3248200,2157600,20189,15411,4836,246,1806
2025-05-01,Хабаровский край,381,4390400,2728500,24153,18770,9007,764,5570
2025-05-01,Псковская область,162,1355200,933300,9335,5781,2884,73,178
2025-05-01,Алтайский край,351,5802600,3292800,26289,24399,12176,1926,3773
2025-05-01,Вологодская область,463,3260900,2236000,21090,14859,7089,230,362
2025-05-01,Нижегородская область,688,7462400,4837800,46308,33177,12798,1747,9514
2025-05-01,Смоленская область,319,2246700,1641400,14551,11425,3602,169,1029
2025-05-01,Тыва Республика,208,460600,292300,3598,1692,976,254,0
2025-05-01,Карачаево-Черкесская Республика,32,464500,300500,2753,1443,701,65,413
2025-05-01,Севастополь город,114,965400,654600,7898,3981,1236,66,695
2025-05-01,Коми Республика,81,1048700,683300,7547,4171,2962,356,123
2025-05-01,Марий Эл Республика,267,2122300,1391800,11062,10166,3624,55,643
2025-05-01,Ярославская область,481,4062300,2739300,25458,19795,6224,336,1162
2025-05-01,Чувашская Республика,445,5074900,3414200,29957,24472,7254,286,4681
2025-05-01,Татарстан Республика,1290,16104500,9922200,94786,69628,27903,2452,32962
2025-05-01,Калининградская область,947,8432100,5335000,58137,36434,8681,252,8252
2025-05-01,Адыгея Республика,214,1867000,1215100,18693,7945,1596,49,1224
2025-05-01,Москва город,2026,83072400,49454700,395463,321894,157549,32482,265882
2025-05-01,Астраханская область,159,2194300,1523900,17925,10768,3167,95,1520
2025-05-01,Красноярский край,575,10989100,6784000,50393,51280,22106,3595,14747
2025-05-01,Приморский край,662,9795600,5720100,77003,27907,10321,1018,24150
2025-05-01,Свердловская область,1208,23108500,14542700,161205,93790,36262,2810,33689
2025-05-01,Мурманская область,11,100500,68800,845,411,76,37,0
2025-05-01,Орловская область,134,1822700,1281300,13259,6836,3674,21,212
2025-05-01,Кемеровская область - Кузбасс,326,2891600,1934500,22853,11135,4138,375,1771
2025-05-01,Костромская область,279,1099400,768000,6537,5582,1845,50,270
2025-05-01,Башкортостан Республика,1255,14059900,9306100,104234,64489,25491,2879,16989
2025-05-01,Дагестан Республика,110,1845900,1130200,8498,7649,1962,108,1706
2025-05-01,Крым Республика,529,5165900,3127600,41099,17601,4564,210,5533
2025-05-01,Хакасия Республика,167,1557100,926000,9418,5380,2530,224,690
2025-05-01,Новосибирская область,2245,20217400,11650400,114787,74976,37249,4606,37232
2025-05-01,Сахалинская область,206,1702400,1000800,9778,7865,1945,49,1222
2025-05-01,Ростовская область,1147,18295800,11452800,140527,73128,28481,981,24032
2025-05-01,Тюменская область,1071,16367200,10203100,93825,72167,29607,3255,30031
2025-05-01,Северная Осетия - Алания Республика,171,1766200,1144700,8440,6199,3110,200,2285
2025-05-01,Бурятия Республика,234,2185400,1428100,13865,9718,3519,170,1481
2025-05-01,Чеченская Республика,59,1232100,772500,3255,3196,2796,1509,318
2025-05-01,Самарская область,693,9287600,5975700,62784,38076,14753,759,13431
2025-05-01,Ингушетия Республика,13,218500,130700,288,610,511,96,412
2025-05-01,Ленинградская область,1113,18559800,11989100,214072,66149,16486,1203,8793
2025-05-01,Новгородская область,107,988600,631000,5611,4221,1998,23,81
2025-05-01,Омская область,132,2033600,1269800,15099,7129,2547,95,2040
2025-05-01,Тульская область,447,4943400,3320700,35830,22864,6670,77,1884
2025-05-01,Рязанская область,260,5315900,3335900,38736,21847,6409,62,4423
2025-05-01,Иркутская область,754,4695600,3178800,35131,19573,7135,663,3432
2025-05-01,Ивановская область,199,1913400,1096400,9579,6495,2898,38,855
2025-05-01,Чукотский Автономный округ,3,5300,4500,26,66,0,0,0
2025-05-01,Донецкая Народная Республика,27,303500,183900,1835,1327,370,1,216
2025-05-01,Херсонская область,1,13500,9300,84,63,28,0,0
2025-05-01,Белгородская область,276,1728600,1123400,13081,7342,2238,52,707
2025-05-01,Кировская область,295,2530200,1729300,15061,13117,6302,668,1352
2025-05-01,Забайкальский край,107,1112200,733600,7999,5747,1743,81,382
2025-05-01,Камчатский край,22,341700,206300,1640,1352,474,1,212
2025-05-01,Мордовия Республика,136,1106800,746300,7217,5322,1355,25,23
2025-05-01,Оренбургская область,447,3936400,2570500,28316,16815,6647,241,575
2025-05-01,Курская область,135,1491200,994900,10751,6020,2033,59,704
2025-05-01,Ненецкий Автономный округ,12,35700,24600,126,203,169,3,0
2025-05-01,Калмыкия Республика,42,216200,157300,1086,1139,380,10,18
2025-05-01,Кабардино-Балкарская Республика,171,1320500,818600,5350,4559,2145,342,2366
2025-05-01,Липецкая область,411,2460500,1642700,14067,10451,4039,370,2281
2025-05-01,Пермский край,545,8887300,5691200,45142,42088,25157,2818,7620
2025-05-01,Воронежская область,670,11794100,7161200,82721,41859,18038,655,9130
2025-05-01,Ханты-Мансийский АО - Югра,287,4161300,2192900,20274,16146,4520,181,4425
2025-05-01,Алтай Республика,35,219100,133100,1750,738,286,16,112
2025-05-01,Томская область,151,1488000,816200,6846,5696,2666,331,1883
2025-05-01,Ульяновская область,389,3589500,2244000,22005,16647,6180,543,625
2025-05-01,Луганская Народная Республика,9,119100,68800,414,418,217,44,213
2025-05-01,Краснодарский край,2884,38042400,25118100,337028,159405,41131,2022,23899
2025-05-01,Брянская область,259,2721100,1843500,15606,12855,4043,162,242
2025-05-01,Архангельская область,305,2669100,1767700,20562,11809,4703,270,1858
2025-05-01,Челябинская область,744,8834500,6020400,45997,45512,22072,3207,2722
2025-05-01,Пензенская область,322,5715700,3610500,31888,23433,12337,650,6387
2025-05-01,Санкт-Петербург город,1564,48103600,27896200,433545,143997,54223,4997,90509
2025-06-01,Ростовская область,1148,18314900,11464800,140758,73165,28482,981,24032
2025-06-01,Пермский край,551,8992500,5753100,45545,42510,25430,2838,7822
2025-06-01,Смоленская область,322,2253500,1643500,14581,11451,3606,169,1029
2025-06-01,Калмыкия Республика,42,216200,157300,1086,1139,380,10,18
2025-06-01,Красноярский край,579,11102600,6843000,51410,51472,22165,3614,15056
2025-06-01,Архангельская область,308,2686200,1780200,20675,11907,4740,283,1858
2025-06-01,Забайкальский край,110,1161600,760800,8417,5893,1762,81,382
2025-06-01,Новосибирская область,2249,20402300,11738700,116201,75573,37182,4614,37591
2025-06-01,Ивановская область,203,1942100,1116500,9735,6633,2953,43,855
2025-06-01,Тюменская область,1079,16604800,10327600,94940,73390,29888,3269,31459
2025-06-01,Краснодарский край,2880,38002100,25086500,336916,159088,41002,2024,23955
2025-06-01,Ульяновская область,389,3589500,2244000,22005,16647,6180,543,625
2025-06-01,Томская область,152,1496100,821300,6898,5735,2678,331,1883
2025-06-01,Мурманская область,12,147600,100200,1248,675,147,37,0
2025-06-01,Мордовия Республика,138,1125200,757700,7329,5406,1371,25,23
2025-06-01,Херсонская область,2,21400,14900,140,119,28,0,0
2025-06-01,Москва город,2018,83552200,49678200,397503,323372,158132,32518,268198
2025-06-01,Чукотский Автономный округ,4,7700,6700,36,96,0,0,0
2025-06-01,Липецкая область,459,2481200,1658300,14165,10548,4098,373,2281
2025-06-01,Оренбургская область,455,3973000,2593100,28471,17013,6690,243,653
2025-06-01,Тверская область,395,2690400,1730100,16901,11702,3677,489,785
2025-06-01,Ямало-Ненецкий Автономный округ,215,1189000,784200,7343,5537,2265,171,1444
2025-06-01,Ненецкий Автономный округ,12,35700,24600,126,203,169,3,0
2025-06-01,Карачаево-Черкесская Республика,32,464500,300500,2753,1443,701,65,413
2025-06-01,Севастополь город,114,965400,654600,7898,3981,1236,66,695
2025-06-01,Алтай Республика,35,219100,133100,1741,745,286,18,112
2025-06-01,Чеченская Республика,61,1282000,802800,3482,3285,2958,1510,318
2025-06-01,Псковская область,165,1370400,944500,9503,5858,2900,73,178
2025-06-01,Волгоградская область,618,4775300,3198100,33194,23024,7502,520,1959
2025-06-01,Ярославская область,486,4097500,2762900,25699,19989,6278,336,1162
2025-06-01,Удмуртская Республика,481,6455500,4279800,44903,29107,11914,1387,3984
2025-06-01,Самарская область,698,9411900,6040000,63780,38449,14817,767,14053
2025-06-01,Луганская Народная Республика,9,119100,68800,414,418,217,44,213
2025-06-01,Коми Республика,81,1048700,683300,7545,4169,2964,356,123
2025-06-01,Саратовская область,377,4610700,2996800,27171,20578,8967,121,1548
2025-06-01,Амурская область,143,1400700,863300,10483,6090,1712,55,503
2025-06-01,Еврейская Автономная область,8,36100,23900,172,195,83,0,0
2025-06-01,Крым Республика,531,5368300,3227300,42531,18070,4627,214,6392
2025-06-01,Ленинградская область,1170,18559800,11989100,214090,66119,16498,1203,8793
2025-06-01,Кировская область,299,2558700,1748000,15184,13224,6385,676,1352
2025-06-01,Курганская область,162,1466700,1030000,10800,7048,2472,54,142
2025-06-01,Омская область,134,2074900,1295100,15622,7166,2607,95,2083
2025-06-01,Брянская область,258,2703900,1834900,15637,12767,4022,163,242
2025-06-01,Рязанская область,261,5337200,3350600,38864,22018,6439,62,4423
2025-06-01,Чувашская Республика,446,5085300,3419700,29989,24520,7270,286,4681
2025-06-01,Кемеровская область - Кузбасс,329,2930200,1956900,23077,11276,4182,383,1879
2025-06-01,Ханты-Мансийский АО - Югра,290,4206100,2219200,20415,16312,4593,188,4547
2025-06-01,Кабардино-Балкарская Республика,171,1337800,836700,5543,4683,2118,343,2476
2025-06-01,Ингушетия Республика,13,218500,130700,288,610,511,96,412
2025-06-01,Марий Эл Республика,270,2159100,1411900,11208,10270,3685,64,690
2025-06-01,Бурятия Республика,234,2185400,1429200,13865,9718,3519,170,1481
2025-06-01,Санкт-Петербург город,1576,48494600,28091100,436805,145384,54436,4997,91857
2025-06-01,Алтайский край,351,5814400,3300100,26251,24510,12243,1986,3801
2025-06-01,Башкортостан Республика,1262,14170600,9376800,105077,64896,25630,2881,17130
2025-06-01,Магаданская область,9,116300,72800,708,708,159,1,0
2025-06-01,Новгородская область,108,996000,637900,5667,4273,2016,23,81
2025-06-01,Костромская область,282,1113700,777400,6597,5658,1872,50,270
2025-06-01,Московская область,2921,54277400,34612100,381858,260756,90163,8144,53897
2025-06-01,Челябинская область,753,8913100,6068800,46756,45706,21937,3213,2808
2025-06-01,Тыва Республика,208,460600,292300,3598,1692,976,254,0
2025-06-01,Тульская область,447,4943400,3320500,35869,22863,6650,79,1884
2025-06-01,Нижегородская область,697,7716900,5004900,48302,34360,13160,1780,9659
2025-06-01,Свердловская область,1220,23452300,14671700,162901,94709,36569,2816,34390
2025-06-01,Орловская область,134,1822700,1281300,13259,6836,3674,21,212
2025-06-01,Астраханская область,162,2256700,1568200,18410,11034,3267,95,1531
2025-06-01,Саха (Якутия) Республика ,263,2625700,1822100,23750,11734,2299,137,1381
2025-06-01,Дагестан Республика,111,1853300,1134900,8561,7676,1970,108,1706
2025-06-01,Северная Осетия - Алания Республика,171,1767600,1146700,8465,6221,3110,200,2284
2025-06-01,Донецкая Народная Республика,32,333800,197900,1914,1395,399,1,216
2025-06-01,Адыгея Республика,223,2021900,1319700,20003,9003,1744,49,1224
2025-06-01,Калининградская область,955,8461700,5347700,58344,36497,8681,252,8372
2025-06-01,Сахалинская область,207,1728900,1013800,9778,7867,2007,105,1350
2025-06-01,Воронежская область,671,11843900,7194900,83517,41930,18102,657,9118
2025-06-01,Владимирская область,398,3251200,2193800,20559,14281,5647,183,2457
2025-06-01,Ставропольский край,669,8378200,5287200,60563,33856,9211,381,7635
2025-06-01,Хабаровский край,383,4444100,2765600,24544,18956,9245,777,5678
2025-06-01,Татарстан Республика,1294,16306400,10041500,96225,70453,28061,2458,33857
2025-06-01,Курская область,136,1498200,1000300,10635,6114,2067,59,704
2025-06-01,Иркутская область,759,4753100,3214200,35606,19778,7194,664,3473
2025-06-01,Белгородская область,280,1738400,1130700,13202,7344,2253,52,707
2025-06-01,Вологодская область,463,3261100,2236200,21090,14859,7089,230,362
2025-06-01,Хакасия Республика,167,1557100,926000,9418,5380,2530,224,690
2025-06-01,Карелия Республика,156,1376400,896400,3759,8562,4575,849,941
2025-06-01,Тамбовская область,188,1759900,1239600,12862,7540,3007,151,70
2025-06-01,Приморский край,665,9870600,5748100,77226,28303,10319,1020,24732
2025-06-01,Камчатский край,22,341700,206300,1640,1352,474,1,212
2025-06-01,Калужская область,302,3276700,2176800,20329,15551,4874,246,1905
2025-06-01,Пензенская область,323,5724900,3618400,31939,23545,12331,650,6387
2025-07-01,Тверская область,396,2693100,1731800,16913,11715,3682,489,785
2025-07-01,Ямало-Ненецкий Автономный округ,215,1189000,784200,7343,5537,2265,171,1444
2025-07-01,Хабаровский край,384,4476100,2782700,24672,19141,9323,786,5685
2025-07-01,Новосибирская область,2263,20630000,11873400,117888,76086,37401,4627,38246
2025-07-01,Смоленская область,323,2260600,1647800,14621,11491,3606,169,1029
2025-07-01,Амурская область,143,1401300,857500,10440,6059,1687,55,503
2025-07-01,Архангельская область,310,2710800,1797500,20978,11971,4755,283,1858
2025-07-01,Липецкая область,461,2500000,1670100,14239,10625,4135,373,2281
2025-07-01,Пермский край,562,9133000,5842700,46269,43340,25695,2856,7857
2025-07-01,Чувашская Республика,452,5150300,3453900,30149,24741,7404,286,4681
2025-07-01,Мордовия Республика,139,1134000,763000,7401,5454,1371,25,23
2025-07-01,Приморский край,670,9912800,5780500,77534,28362,10511,1020,24732
2025-07-01,Тыва Республика,208,460600,292300,3598,1692,976,254,0
2025-07-01,Забайкальский край,110,1159600,762000,8299,5979,1784,81,382
2025-07-01,Владимирская область,399,3263900,2201400,20673,14347,5647,183,2457
2025-07-01,Ульяновская область,400,3614600,2260800,22061,16759,6217,573,645
2025-07-01,Калининградская область,959,8587200,5419800,59634,36849,8791,252,8664
2025-07-01,Сахалинская область,210,1760200,1032800,10012,8011,2007,105,1350
2025-07-01,Магаданская область,9,116300,72800,708,708,159,1,0
2025-07-01,Ханты-Мансийский АО - Югра,295,4265200,2259000,20778,16584,4655,202,4612
2025-07-01,Тамбовская область,188,1746500,1239600,12862,7540,3007,151,70
2025-07-01,Алтай Республика,35,219100,133100,1741,745,286,18,112
2025-07-01,Севастополь город,115,977800,663000,7970,4035,1263,66,695
2025-07-01,Чукотский Автономный округ,4,7700,6700,36,96,0,0,0
2025-07-01,Калужская область,302,3276700,2176800,20329,15551,4874,246,1905
2025-07-01,Коми Республика,82,1057900,690300,7543,4205,3012,356,123
2025-07-01,Саха (Якутия) Республика ,264,2636000,1828900,23844,11796,2299,137,1405
2025-07-01,Алтайский край,352,5818800,3303600,25397,24956,12637,2070,3801
2025-07-01,Волгоградская область,626,4797900,3208800,33336,23087,7518,526,2026
2025-07-01,Москва город,2027,84303900,50052500,400597,326217,159172,32614,271475
2025-07-01,Ленинградская область,1178,18656300,12056800,214723,66503,16726,1212,8825
2025-07-01,Ставропольский край,675,8501600,5363800,61107,34316,9364,394,7794
2025-07-01,Луганская Народная Республика,9,119100,68800,414,418,217,44,190
2025-07-01,Ингушетия Республика,13,218500,130700,288,610,511,96,412
2025-07-01,Херсонская область,6,77100,50600,728,314,58,0,0
2025-07-01,Чеченская Республика,43,877500,562100,3674,3175,1499,138,318
2025-07-01,Красноярский край,580,11134300,6858800,51570,51559,22226,3629,15150
2025-07-01,Северная Осетия - Алания Республика,172,1772700,1149900,8543,6227,3107,203,2284
2025-07-01,Ивановская область,203,1942100,1116500,9735,6632,2954,43,855
2025-07-01,Самарская область,701,9446100,6060700,63982,38555,14900,762,14196
2025-07-01,Томская область,151,1474000,810500,6616,5735,2584,331,1888
2025-07-01,Вологодская область,468,3316700,2268100,21190,15088,7238,243,360
2025-07-01,Кабардино-Балкарская Республика,171,1337800,837000,5543,4683,2118,343,2476
2025-07-01,Дагестан Республика,113,1893700,1163600,8707,7873,2109,79,1716
2025-07-01,Карелия Республика,157,1383100,901300,3759,8607,4594,865,941
2025-07-01,Хакасия Республика,170,1583800,942700,9597,5477,2562,240,690
2025-07-01,Костромская область,284,1120000,781000,6650,5666,1874,50,270
2025-07-01,Краснодарский край,2893,38182600,25259300,338701,160647,41275,2024,24136
2025-07-01,Саратовская область,379,4659500,3022600,27376,20763,9085,121,1778
2025-07-01,Кемеровская область - Кузбасс,330,2981900,1983000,23376,11466,4231,387,2044
2025-07-01,Московская область,2924,54471600,34726800,383058,261746,90552,8187,54656
2025-07-01,Тульская область,451,5014600,3360700,36156,23168,6698,79,2168
2025-07-01,Тюменская область,1084,16708400,10385800,95554,73783,30057,3269,31630
2025-07-01,Оренбургская область,462,4017200,2617700,28728,17198,6740,243,664
2025-07-01,Ярославская область,488,4106200,2769500,25779,20027,6287,336,1162
2025-07-01,Карачаево-Черкесская Республика,32,464500,300500,2753,1443,701,65,413
2025-07-01,Челябинская область,757,9018000,6155100,46951,46509,22498,3350,2808
2025-07-01,Камчатский край,22,341700,206300,1640,1352,474,1,212
2025-07-01,Нижегородская область,701,7756900,5031500,48595,34501,13222,1793,9682
2025-07-01,Крым Республика,545,5540800,3337500,44225,18572,4789,214,6509
2025-07-01,Астраханская область,166,2320700,1609600,18799,11451,3411,95,1531
2025-07-01,Адыгея Республика,225,2049100,1335600,20169,9152,1756,49,1224
2025-07-01,Ненецкий Автономный округ,12,35700,24600,126,203,169,3,0
2025-07-01,Новгородская область,108,996000,637900,5667,4273,2016,23,81
2025-07-01,Марий Эл Республика,271,2170800,1418700,11273,10309,3693,64,690
2025-07-01,Донецкая Народная Республика,38,396500,240000,2481,1677,453,1,219
2025-07-01,Башкортостан Республика,1263,14164100,9371600,105511,64475,25526,2917,17210
2025-07-01,Брянская область,260,2718800,1844200,15713,12838,4058,163,242
2025-07-01,Кировская область,299,2558700,1748000,15184,13224,6385,676,1352
2025-07-01,Пензенская область,323,5724900,3618400,31939,23545,12331,650,6388
2025-07-01,Рязанская область,261,5318600,3337600,38712,21931,6424,62,4423
2025-07-01,Татарстан Республика,1302,16463500,10132100,97404,71014,28222,2466,34390
2025-07-01,Мурманская область,12,147600,100200,1248,675,147,37,0
2025-07-01,Калмыкия Республика,43,224700,163000,1158,1139,380,10,18
2025-07-01,Бурятия Республика,239,2223100,1453800,14100,9909,3677,177,1481
2025-07-01,Свердловская область,1223,23479500,14702600,163190,95057,36663,2831,34704
2025-07-01,Псковская область,166,1374700,947100,9515,5882,2900,73,178
2025-07-01,Еврейская Автономная область,8,36100,23900,172,195,83,0,0
2025-07-01,Ростовская область,1153,18418200,11535600,141529,73614,28690,982,24286
2025-07-01,Удмуртская Республика,487,6552800,4335700,45280,29579,12075,1421,4204
2025-07-01,Орловская область,134,1822700,1281300,13259,6836,3674,21,212
2025-07-01,Курская область,137,1504100,1005000,10715,6134,2067,59,704
2025-07-01,Санкт-Петербург город,1577,48563500,28118100,437421,145432,54458,5003,92183
2025-07-01,Иркутская область,764,4832200,3265800,36218,20133,7252,665,3563
2025-07-01,Воронежская область,677,12054700,7291300,84669,42484,18406,696,9168
2025-07-01,Курганская область,164,1488600,1043400,10914,7165,2499,54,142
2025-07-01,Омская область,137,2143800,1337200,15900,7446,2739,102,2288
2025-07-01,Белгородская область,285,1756100,1143900,13353,7423,2278,52,707
2025-08-01,Пермский край,569,9269600,5924300,47130,43775,26059,2843,8060
2025-08-01,Брянская область,261,2735400,1853300,15786,12907,4076,163,242
2025-08-01,Самарская область,708,9458300,6068200,64030,38593,14925,770,14196
2025-08-01,Карелия Республика,157,1383100,901300,3759,8607,4594,865,941
2025-08-01,Архангельская область,314,2780800,1843400,21445,12307,4886,291,1948
2025-08-01,Пензенская область,326,5778300,3657600,32466,23684,12525,650,6388
2025-08-01,Москва город,2025,84700300,50219900,402352,327114,159310,32602,274578
2025-08-01,Оренбургская область,464,4023100,2621600,28745,17232,6745,245,664
2025-08-01,Магаданская область,9,116300,72800,708,708,159,1,0
2025-08-01,Крым Республика,550,5582600,3362000,44485,18681,4851,214,6613
2025-08-01,Хабаровский край,390,4565000,2841000,25112,19557,9497,865,5759
2025-08-01,Тверская область,397,2721200,1733400,16914,11714,3692,496,785
2025-08-01,Орловская область,134,1822700,1281300,13259,6836,3674,21,212
2025-08-01,Санкт-Петербург город,1579,48643700,28165900,438376,145720,54567,5003,92383
2025-08-01,Бурятия Республика,240,2222300,1455800,14120,9929,3677,177,1481
2025-08-01,Белгородская область,287,1778500,1158000,13552,7487,2301,52,707
2025-08-01,Камчатский край,22,341700,206300,1640,1352,474,1,212
2025-08-01,Кировская область,306,2614400,1777300,15388,13423,6513,703,1386
2025-08-01,Сахалинская область,212,1824700,1071100,10563,8161,2140,118,1597
2025-08-01,Удмуртская Республика,487,6552800,4335800,45280,29579,12075,1421,4204
2025-08-01,Еврейская Автономная область,9,36600,24400,184,195,83,0,0
2025-08-01,Калининградская область,978,8731300,5511300,60803,37369,8882,253,8831
2025-08-01,Адыгея Республика,229,2085700,1361600,20463,9340,1841,49,1224
2025-08-01,Омская область,138,2166800,1351600,15836,7544,2826,103,2369
2025-08-01,Саратовская область,381,4819100,3136600,27737,21754,9498,243,1778
2025-08-01,Херсонская область,6,77100,50600,728,314,58,0,0
2025-08-01,Чувашская Республика,455,5178200,3472600,30310,24899,7414,286,4634
2025-08-01,Иркутская область,764,4843700,3270900,36248,20164,7268,667,3615
2025-08-01,Новгородская область,108,995900,637900,5667,4273,2016,23,81
2025-08-01,Ивановская область,204,1948700,1121300,9753,6658,2971,44,855
2025-08-01,Луганская Народная Республика,15,403400,99200,622,626,321,44,190
2025-08-01,Красноярский край,585,11403700,7006800,52229,52727,22792,3748,15917
2025-08-01,Дагестан Республика,115,1931900,1185200,8991,8126,2286,89,1814
2025-08-01,Северная Осетия - Алания Республика,172,1772700,1149800,8543,6227,3107,203,2198
2025-08-01,Кабардино-Балкарская Республика,171,1363000,850900,5560,4743,2172,342,2668
2025-08-01,Ленинградская область,1206,18855800,12190000,217493,66836,16861,1277,8908
2025-08-01,Калужская область,304,3295600,2189200,20458,15632,4886,246,1805
2025-08-01,Донецкая Народная Республика,43,461500,281000,3066,2008,470,1,219
2025-08-01,Тульская область,455,5125600,3430900,36381,23594,6903,118,2969
2025-08-01,Курская область,139,1545600,1032600,10975,6359,2111,61,777
2025-08-01,Карачаево-Черкесская Республика,32,464500,300500,2753,1443,701,65,442
2025-08-01,Чукотский Автономный округ,4,7700,6700,36,96,0,0,0
2025-08-01,Воронежская область,686,12222000,7397400,85827,42936,18787,701,9726
2025-08-01,Мурманская область,12,147600,100200,1248,675,147,37,0
2025-08-01,Алтай Республика,35,219100,133100,1741,745,286,18,112
2025-08-01,Владимирская область,401,3283000,2213900,20785,14462,5672,183,2457
2025-08-01,Хакасия Республика,172,1589500,946200,9657,5505,2562,240,690
2025-08-01,Астраханская область,166,2321500,1609600,18781,11469,3411,95,1531
2025-08-01,Ярославская область,495,4183300,2816200,26231,20400,6350,337,1235
2025-08-01,Рязанская область,264,5385500,3377900,38999,22223,6489,62,4740
2025-08-01,Ставропольский край,685,8665800,5466800,62192,34895,9524,410,7863
2025-08-01,Ненецкий Автономный округ,12,35700,24600,126,203,169,3,0
2025-08-01,Приморский край,671,10087000,5783900,77584,28292,10607,1006,24764
2025-08-01,Ростовская область,1154,18613700,11728600,143167,74650,29061,985,24602
2025-08-01,Смоленская область,323,2260600,1647800,14621,11491,3606,169,1029
2025-08-01,Вологодская область,469,3333800,2280000,21342,15171,7248,243,360
2025-08-01,Курганская область,164,1488600,1043500,10914,7165,2499,54,142
2025-08-01,Калмыкия Республика,43,224700,163000,1158,1139,380,10,18
2025-08-01,Марий Эл Республика,274,2192700,1423800,11348,10343,3697,64,690
2025-08-01,Волгоградская область,629,4867100,3250100,33792,23420,7600,527,2251
2025-08-01,Ямало-Ненецкий Автономный округ,215,1189000,784700,7320,5561,2259,171,1444
2025-08-01,Ульяновская область,401,3619800,2264300,22129,16755,6215,573,645
2025-08-01,Псковская область,166,1374700,947100,9515,5882,2900,73,178
2025-08-01,Амурская область,146,1446000,886600,10840,6242,1722,56,634
2025-08-01,Мордовия Республика,139,1134000,763000,7401,5454,1371,25,23
2025-08-01,Нижегородская область,704,7848100,5081200,49030,34835,13339,1814,9905
2025-08-01,Тюменская область,1097,16901800,10495500,96686,74772,30287,3287,33004
2025-08-01,Свердловская область,1232,23874100,14971600,166327,96666,37041,2826,36316
2025-08-01,Костромская область,287,1129000,787000,6690,5734,1884,47,270
2025-08-01,Челябинская область,758,9100800,6198800,46901,46931,22751,3407,3075
2025-08-01,Коми Республика,85,1187400,722200,7756,4457,3055,375,123
2025-08-01,Краснодарский край,2910,38421000,25394600,341202,161277,41392,2024,24136
2025-08-01,Новосибирская область,2278,20791700,11990400,118465,77322,37971,4703,38331
2025-08-01,Ингушетия Республика,13,218500,131400,290,617,513,95,412
2025-08-01,Башкортостан Республика,1267,14278800,9435200,105740,65622,25890,2953,17445
2025-08-01,Ханты-Мансийский АО - Югра,295,4264700,2258900,20777,16585,4655,202,4671
2025-08-01,Татарстан Республика,1307,16694700,10247900,99048,71534,28401,2522,35911
2025-08-01,Кемеровская область - Кузбасс,331,3010600,1994300,23298,11618,4290,416,2413
2025-08-01,Тыва Республика,211,475700,302100,3716,1782,1000,254,0
2025-08-01,Томская область,150,1429300,782000,6028,5545,2602,331,1888
2025-08-01,Забайкальский край,115,1206700,791500,8700,6151,1837,82,382
2025-08-01,Московская область,2926,54546400,34754500,383741,261819,90465,8179,54656
2025-08-01,Тамбовская область,192,1775600,1259400,12980,7749,3055,151,70
2025-08-01,Чеченская Республика,43,877500,562100,3674,3175,1499,138,318
2025-08-01,Севастополь город,115,977900,663000,7970,4035,1263,66,695
2025-08-01,Саха (Якутия) Республика ,268,2697900,1868400,24311,12081,2370,142,1456
2025-08-01,Алтайский край,357,5856700,3328200,25720,25162,12667,2070,3833
2025-08-01,Липецкая область,487,2530400,1692700,14440,10771,4198,373,2281
2025-09-01,Новосибирская область,2298,20878400,12029300,119145,77442,37946,4675,38601
2025-09-01,Ингушетия Республика,13,218500,131400,290,617,513,95,412
2025-09-01,Коми Республика,85,1187400,722200,7756,4457,3055,375,123
2025-09-01,Кемеровская область - Кузбасс,334,3021800,2001300,23328,11686,4331,416,2413
2025-09-01,Татарстан Республика,1313,16830800,10327700,99010,72484,28947,2706,36376
2025-09-01,Приморский край,672,9900100,5801900,77829,28417,10631,1009,25263
2025-09-01,Омская область,139,2194000,1368800,15994,7634,2890,103,2463
2025-09-01,Санкт-Петербург город,1586,48833400,28272100,440480,146381,54640,4972,92654
2025-09-01,Ненецкий Автономный округ,12,35700,24600,126,203,169,3,0
2025-09-01,Тамбовская область,195,1792900,1271700,13164,7803,3077,151,70
2025-09-01,Курганская область,165,1490800,1045300,10934,7163,2515,54,142
2025-09-01,Ульяновская область,405,3683700,2306300,22705,17038,6292,573,645
2025-09-01,Мурманская область,12,147600,100200,1248,675,147,37,0
2025-09-01,Еврейская Автономная область,8,36100,23900,172,195,83,0,0
2025-09-01,Алтайский край,361,5901900,3356600,26065,25370,12700,2076,3923
2025-09-01,Липецкая область,487,2530600,1692700,14440,10771,4198,373,2281
2025-09-01,Брянская область,262,2772300,1877000,16066,13087,4091,163,242
2025-09-01,Нижегородская область,717,8002300,5183600,50332,35561,13533,1822,9998
2025-09-01,Костромская область,293,1158500,808700,6821,5908,1950,47,270
2025-09-01,Хакасия Республика,172,1589500,946200,9657,5505,2562,240,690
2025-09-01,Вологодская область,475,3419300,2334500,21881,15498,7468,243,361
2025-09-01,Магаданская область,10,120000,74600,728,718,161,1,12
2025-09-01,Тверская область,397,2721200,1733400,16914,11714,3692,496,785
2025-09-01,Алтай Республика,39,242000,147800,1940,857,288,18,112
2025-09-01,Новгородская область,110,1010200,645100,5740,4301,2050,24,81
2025-09-01,Камчатский край,22,341700,206300,1640,1352,474,1,212
2025-09-01,Саратовская область,382,4821200,3138200,27762,21759,9503,243,1792
2025-09-01,Оренбургская область,472,4063700,2650400,28952,17436,6787,249,664
2025-09-01,Херсонская область,6,77100,50600,728,314,58,0,0
2025-09-01,Кабардино-Балкарская Республика,176,1466100,911300,6083,5253,2187,407,2816
2025-09-01,Челябинская область,762,9187200,6246800,47483,47092,23007,3452,3242
2025-09-01,Ивановская область,207,1960900,1129600,9838,6733,2995,44,855
2025-09-01,Чеченская Республика,46,925400,592900,4064,3317,1549,138,318
2025-09-01,Сахалинская область,212,1824700,1071100,10563,8161,2140,118,1597
2025-09-01,Смоленская область,326,2276400,1658400,14678,11610,3614,169,1029
2025-09-01,Томская область,150,1429300,782000,6028,5545,2602,331,1888
2025-09-01,Иркутская область,771,4903200,3309200,36721,20367,7346,670,3720
2025-09-01,Северная Осетия - Алания Республика,175,1800700,1167700,8765,6340,3135,203,2216
2025-09-01,Архангельская область,321,2852800,1894600,21892,12633,5006,338,1948
2025-09-01,Пермский край,572,9335600,5946300,47526,43909,26143,2847,8064
2025-09-01,Волгоградская область,634,4922600,3289200,34243,23706,7699,527,2251
2025-09-01,Рязанская область,265,5427200,3404500,39341,22415,6530,62,4809
2025-09-01,Курская область,140,1560400,1042600,11057,6453,2127,61,777
2025-09-01,Псковская область,169,1400600,964700,9785,5999,2909,73,178
2025-09-01,Орловская область,135,1836300,1290800,13323,6900,3706,21,212
2025-09-01,Ростовская область,1161,18747100,11841800,144259,75538,29281,985,24602
2025-09-01,Башкортостан Республика,1306,14349900,9479400,105697,66272,26209,3011,17619
2025-09-01,Забайкальский край,119,1251700,820900,9240,6264,1870,82,382
2025-09-01,Калининградская область,985,8774100,5543700,61181,37542,8953,254,8831
2025-09-01,Хабаровский край,399,4676000,2913300,25803,20152,9632,862,5759
2025-09-01,Дагестан Республика,123,1938300,1267400,9388,8594,2555,89,2750
2025-09-01,Луганская Народная Республика,22,493000,161700,984,1024,593,44,190
2025-09-01,Калужская область,304,3295600,2189200,20458,15632,4886,246,1805
2025-09-01,Крым Республика,568,5673100,3408200,44773,19291,4856,218,6582
2025-09-01,Владимирская область,403,3290200,2216400,20805,14486,5676,183,2457
2025-09-01,Пензенская область,330,5840600,3700000,32883,23924,12636,666,6464
2025-09-01,Москва город,2037,85483700,50679300,406114,329955,160432,32771,277084
2025-09-01,Донецкая Народная Республика,58,519500,318400,3508,2191,596,1,219
2025-09-01,Карачаево-Черкесская Республика,33,491400,319000,2801,1491,761,93,442
2025-09-01,Адыгея Республика,229,2085700,1361600,20463,9340,1841,49,1224
2025-09-01,Ленинградская область,1216,19113100,12364200,219466,68437,17183,1349,8825
2025-09-01,Мордовия Республика,139,1134000,763000,7401,5454,1371,25,23
2025-09-01,Тульская область,455,5118300,3431300,36379,23590,6901,118,2969
2025-09-01,Чувашская Республика,459,5217600,3499400,30507,25103,7483,286,4798
2025-09-01,Калмыкия Республика,44,228600,165600,1177,1158,386,10,18
2025-09-01,Карелия Республика,159,1405700,914700,3865,8705,4635,893,941
2025-09-01,Ямало-Ненецкий Автономный округ,215,1189000,784700,7320,5561,2259,171,1444
2025-09-01,Ставропольский край,688,8797000,5556400,63162,35616,9615,410,7954
2025-09-01,Кировская область,308,2644200,1796400,15538,13545,6576,715,1433
2025-09-01,Амурская область,147,1466500,896300,11023,6294,1736,56,670
2025-09-01,Воронежская область,695,12457300,7542700,87857,43726,19166,689,10279
2025-09-01,Чукотский Автономный округ,4,7700,6700,36,96,0,0,0
2025-09-01,Саха (Якутия) Республика ,273,2750800,1905500,25061,12312,2330,142,1505
2025-09-01,Удмуртская Республика,492,6635000,4392400,45963,29997,12178,1421,4187
2025-09-01,Краснодарский край,2914,38641100,25520200,342953,162017,41699,2024,24136
2025-09-01,Астраханская область,167,2343000,1624800,18997,11566,3434,95,1531
2025-09-01,Тюменская область,1102,17024000,10570600,97048,75611,30693,3309,33148
2025-09-01,Тыва Республика,219,537300,337900,4169,2072,1025,254,0
2025-09-01,Белгородская область,289,1812200,1178100,13744,7617,2341,52,707
2025-09-01,Самарская область,708,9511800,6101700,64351,38823,14971,785,14225
2025-09-01,Ханты-Мансийский АО - Югра,295,4276000,2258900,20777,16585,4655,202,4671
2025-09-01,Московская область,2957,54687200,34818900,384463,262183,90567,8193,54793
2025-09-01,Бурятия Республика,245,2284900,1493800,14554,10166,3712,177,1561
2025-09-01,Марий Эл Республика,280,2307100,1475200,11631,10668,3810,65,915
2025-09-01,Свердловская область,1244,24445900,15266400,169068,98756,37543,2936,38109
2025-09-01,Ярославская область,506,4254400,2860600,26602,20708,6463,337,1260
2025-09-01,Севастополь город,117,993500,673800,8065,4122,1286,66,695
2025-09-01,Красноярский край,590,11483500,7048600,52577,53216,22861,3748,16167
2025-10-01,Кабардино-Балкарская Республика,184,1509000,945400,6371,5487,2211,407,2880
2025-10-01,Вологодская область,478,3842800,2346200,21946,15597,7504,243,361
2025-10-01,Кировская область,311,2667900,1812200,15670,13672,6669,715,1433
2025-10-01,Чувашская Республика,462,5255700,3524300,30652,25292,7550,305,4823
2025-10-01,Северная Осетия - Алания Республика,177,1828600,1184800,8921,6435,3180,203,2216
2025-10-01,Башкортостан Республика,1315,14600000,9611900,107356,67153,26376,3041,18732
2025-10-01,Курская область,143,1667200,1111500,11704,6942,2270,65,975
2025-10-01,Калмыкия Республика,44,228600,165600,1177,1158,386,10,18
2025-10-01,Томская область,151,1478700,813800,6299,5777,2729,355,1888
2025-10-01,Свердловская область,1251,24693800,15405900,170422,99645,37852,2947,38850
2025-10-01,Магаданская область,10,120000,74900,727,716,169,1,12
2025-10-01,Ярославская область,509,4282500,2875400,26817,20830,6465,337,1260
2025-10-01,Донецкая Народная Республика,58,537500,335600,3718,2368,620,2,219
2025-10-01,Курганская область,165,1490800,1045300,10934,7163,2515,54,142
2025-10-01,Бурятия Республика,245,2284000,1488600,14525,10074,3712,177,1561
2025-10-01,Рязанская область,269,5539500,3472200,40074,22924,6642,62,5063
2025-10-01,Тюменская область,1108,17191700,10683000,98127,76450,30934,3298,33141
2025-10-01,Ставропольский край,706,8955600,5628400,64283,35944,9715,422,8167
2025-10-01,Санкт-Петербург город,1597,48881700,28306400,441692,146031,54722,4968,92300
2025-10-01,Коми Республика,85,1187400,722200,7756,4457,3055,375,123
2025-10-01,Нижегородская область,723,8062900,5218200,50606,35856,13569,1880,10152
2025-10-01,Татарстан Республика,1315,17234700,10355200,99194,72602,28980,2711,36695
2025-10-01,Ростовская область,1176,19103900,12077500,145942,77870,30391,985,24916
2025-10-01,Брянская область,262,2772300,1877000,16066,13087,4091,163,242
2025-10-01,Новгородская область,110,1010200,645100,5740,4301,2050,24,81
2025-10-01,Белгородская область,303,1867700,1214500,14145,7878,2411,52,730
2025-10-01,Саратовская область,386,4888700,3183100,28279,21874,9592,243,1900
2025-10-01,Приморский край,681,10073300,5886800,79210,28688,10760,1074,26279
2025-10-01,Калужская область,305,3311600,2200400,20576,15756,4886,246,1805
2025-10-01,Краснодарский край,2955,39599700,26136200,351217,166035,42722,2024,24136
2025-10-01,Владимирская область,404,3294600,2219000,20822,14504,5685,183,2457
2025-10-01,Кемеровская область - Кузбасс,338,3099700,2049100,24554,11700,4273,415,2474
2025-10-01,Севастополь город,117,993500,673600,8069,4122,1286,62,695
2025-10-01,Московская область,3005,55004000,35006400,386916,263365,90944,8245,55742
2025-10-01,Архангельская область,326,2886800,1916700,22014,12802,5095,338,1951
2025-10-01,Алтай Республика,40,238200,153400,2010,876,305,18,171
2025-10-01,Челябинская область,770,9267600,6294800,47925,47491,23192,3496,3242
2025-10-01,Алтайский край,361,5906600,3360000,26085,25407,12698,2096,3923
2025-10-01,Карачаево-Черкесская Республика,34,503000,327200,2883,1517,788,93,442
2025-10-01,Воронежская область,694,12591100,7537700,87677,43761,19156,686,10277
2025-10-01,Сахалинская область,212,1824700,1071100,10563,8161,2140,118,1597
2025-10-01,Тамбовская область,198,1815900,1288700,13325,7920,3109,151,70
2025-10-01,Мурманская область,12,149000,100200,1116,734,177,37,0
2025-10-01,Луганская Народная Республика,24,503200,168800,1066,1142,565,44,190
2025-10-01,Ленинградская область,1232,19408700,12559200,223869,69387,17275,1349,8886
2025-10-01,Крым Республика,586,5816900,3505100,46124,19887,4946,211,6836
2025-10-01,Тыва Республика,103,498200,322000,4225,2088,1033,20,0
2025-10-01,Пензенская область,334,5931600,3757800,33333,24344,12916,698,6670
2025-10-01,Хабаровский край,412,4716300,2941700,25961,20408,9783,884,5729
2025-10-01,Калининградская область,996,8839700,5580400,61321,37893,9017,264,8912
2025-10-01,Дагестан Республика,123,1938300,1273900,9387,8597,2566,106,2750
2025-10-01,Чукотский Автономный округ,4,7700,6700,36,96,0,0,0
2025-10-01,Новосибирская область,2350,20940700,12064800,119670,77373,38034,4672,38746
2025-10-01,Марий Эл Республика,284,2362300,1511700,11898,10905,3883,65,915
2025-10-01,Псковская область,172,1417900,975200,9950,6073,2909,73,178
2025-10-01,Саха (Якутия) Республика ,273,2748100,1904200,25041,12312,2329,142,1505
2025-10-01,Москва город,2045,85918900,50896300,407532,331015,161029,32999,279386
2025-10-01,Омская область,145,2227900,1388900,16243,7744,2946,113,2461
2025-10-01,Астраханская область,168,2362700,1637600,19269,11616,3435,95,1542
2025-10-01,Карелия Республика,160,1423500,926300,3925,8833,4697,894,941
2025-10-01,Ульяновская область,407,3689300,2310600,22751,17079,6289,573,645
2025-10-01,Волгоградская область,638,4968400,3311400,34482,23851,7765,527,2290
2025-10-01,Ингушетия Республика,13,218500,131400,290,617,513,95,412
2025-10-01,Орловская область,137,1865400,1310000,13534,7017,3750,22,212
2025-10-01,Камчатский край,22,341900,206300,1640,1352,474,1,212
2025-10-01,Мордовия Республика,140,1145800,770500,7497,5509,1379,25,23
2025-10-01,Липецкая область,489,2527900,1689800,14434,10744,4189,373,2281
2025-10-01,Пермский край,577,9412700,5995600,47882,44374,26386,2892,8166
2025-10-01,Тверская область,398,2724700,1736000,16919,11744,3692,496,785
2025-10-01,Ямало-Ненецкий Автономный округ,217,1200100,792800,7425,5622,2259,171,1444
2025-10-01,Амурская область,147,1491500,904500,11058,6437,1737,56,787
2025-10-01,Иркутская область,778,5021400,3384200,37731,20792,7471,670,3905
2025-10-01,Оренбургская область,475,4139500,2701400,29887,17574,6838,252,760
2025-10-01,Смоленская область,327,2284500,1664800,14728,11650,3634,169,1029
2025-10-01,Удмуртская Республика,493,6666100,4410600,46154,30098,12205,1423,4243
2025-10-01,Самарская область,727,9565500,6132700,64921,38897,15046,784,14254
2025-10-01,Ханты-Мансийский АО - Югра,295,4277400,2262500,20441,16696,4691,202,4777
2025-10-01,Чеченская Республика,65,1242100,765700,5980,4546,1792,138,526
2025-10-01,Красноярский край,595,11530400,7084000,53033,53364,22954,3748,16167
2025-10-01,Забайкальский край,122,1288500,843700,9562,6416,1932,82,382
2025-10-01,Ненецкий Автономный округ,12,35700,24600,126,203,169,3,0
2025-10-01,Тульская область,457,5124600,3434200,36477,23613,6898,118,2997
2025-10-01,Адыгея Республика,233,2159100,1408600,20913,9820,1886,49,1224
2025-10-01,Ивановская область,209,1984800,1145700,9914,6832,3048,44,905
2025-10-01,Херсонская область,6,77100,50600,728,314,58,0,0
2025-10-01,Еврейская Автономная область,8,36100,23900,172,195,83,0,0
2025-10-01,Хакасия Республика,172,1589500,946200,9657,5505,2562,240,690
2025-10-01,Костромская область,295,1159500,809500,6821,5924,1950,47,270
2025-11-01,Чеченская Республика,66,1269500,777900,6088,4632,1814,140,938
2025-11-01,Тверская область,398,2724700,1736000,16919,11755,3681,496,785
2025-11-01,Башкортостан Республика,1145,14650700,9633800,106764,68130,26533,2899,19050
2025-11-01,Калмыкия Республика,45,231800,167800,1195,1175,386,10,18
2025-11-01,Калужская область,308,3322300,2208000,20635,15799,4918,246,1821
2025-11-01,Севастополь город,120,1023400,691700,8246,4256,1317,64,695
2025-11-01,Краснодарский край,3013,40702600,26760300,359040,170499,43853,2028,24473
2025-11-01,Рязанская область,270,5551900,3478700,40139,22978,6655,62,5082
2025-11-01,Вологодская область,484,3892900,2379900,22206,15817,7617,243,361
2025-11-01,Пензенская область,338,6010000,3810500,34241,24555,13015,718,6692
2025-11-01,Ульяновская область,408,3697500,2315700,22787,17133,6298,573,645
2025-11-01,Сахалинская область,212,1824700,1071100,10563,8161,2140,118,1597
2025-11-01,Марий Эл Республика,287,2413400,1544200,12208,11135,3934,65,906
2025-11-01,Липецкая область,490,2537700,1697000,14576,10785,4198,373,2281
2025-11-01,Удмуртская Республика,496,6729600,4448600,46516,30423,12246,1423,4304
2025-11-01,Адыгея Республика,244,2356600,1538400,22797,10719,2123,49,1224
2025-11-01,Мурманская область,12,149000,100000,1083,723,188,48,0
2025-11-01,Херсонская область,8,115400,74200,1204,418,60,0,0
2025-11-01,Красноярский край,603,11645100,7163600,53385,54137,23399,3797,16072
2025-11-01,Архангельская область,335,2993200,1994500,22741,13280,5306,338,1951
2025-11-01,Донецкая Народная Республика,64,608100,379100,4420,2604,683,7,219
2025-11-01,Калининградская область,1014,8960200,5656600,62247,38447,9110,264,8912
2025-11-01,Саратовская область,394,4923700,3204900,28415,22027,9636,276,1938
2025-11-01,Забайкальский край,122,1288500,843700,9562,6416,1932,82,382
2025-11-01,Брянская область,271,2790300,1888400,16205,13161,4113,163,242
2025-11-01,Северная Осетия - Алания Республика,181,1916600,1234900,9348,6692,3208,256,2341
2025-11-01,Ставропольский край,712,9100100,5706100,65142,36499,9835,422,8357
2025-11-01,Владимирская область,405,3299000,2221700,20839,14522,5694,183,2457
2025-11-01,Московская область,3026,55311800,35222200,389348,265203,91603,8295,56394
2025-11-01,Амурская область,149,1525600,925300,11261,6578,1763,62,967
2025-11-01,Кировская область,321,2760100,1876000,16166,14280,6885,754,1433
2025-11-01,Хабаровский край,416,4782400,2983800,26560,20583,9861,892,5730
2025-11-01,Коми Республика,86,1219800,745300,7909,4641,3092,377,123
2025-11-01,Кабардино-Балкарская Республика,193,1601200,1003500,6898,5972,2233,409,3010
2025-11-01,Тюменская область,1117,17262200,10753800,98835,76965,31054,3312,33069
2025-11-01,Ингушетия Республика,13,218500,131400,290,617,513,95,412
2025-11-01,Самарская область,732,9621800,6171300,65339,39254,15083,794,14253
2025-11-01,Ленинградская область,1243,19508100,12621600,225192,69755,17334,1348,8865
2025-11-01,Ярославская область,517,4344700,2917900,27310,21068,6559,337,1294
2025-11-01,Свердловская область,1276,25271200,15749500,174148,102128,38531,2971,40532
2025-11-01,Орловская область,139,1896000,1331500,13694,7134,3829,22,212
2025-11-01,Пермский край,588,9685200,6157200,49055,45395,27169,3038,9189
2025-11-01,Магаданская область,10,120000,74900,727,716,169,1,12
2025-11-01,Карелия Республика,161,1423300,928000,3940,8869,4686,894,941
2025-11-01,Хакасия Республика,172,1606300,946200,9657,5505,2562,240,690
2025-11-01,Бурятия Республика,249,2293600,1497800,14654,10143,3712,177,1630
2025-11-01,Мордовия Республика,144,1198800,806300,7730,5756,1531,35,23
2025-11-01,Костромская область,300,1179300,822400,6888,6033,1993,47,269
2025-11-01,Курская область,151,1601600,1142300,12216,7070,2270,65,975
2025-11-01,Волгоградская область,650,5083600,3389400,35378,24418,7907,527,2290
2025-11-01,Астраханская область,170,2380900,1650500,19441,11674,3465,95,1542
2025-11-01,Чукотский Автономный округ,4,7700,6700,36,96,0,0,0
2025-11-01,Челябинская область,782,9424300,6381700,48840,48105,23500,3496,3625
2025-11-01,Кемеровская область - Кузбасс,344,3149300,2074000,25027,11700,4273,415,2673
2025-11-01,Ростовская область,1199,19554100,12346100,149342,79562,30976,986,25556
2025-11-01,Дагестан Республика,124,1973800,1296700,9570,8668,2640,120,2811
2025-11-01,Москва город,2044,86788500,51288300,411036,333379,161902,33027,281760
2025-11-01,Тыва Республика,103,498200,322000,4225,2088,1033,20,0
2025-11-01,Ненецкий Автономный округ,12,35700,24600,126,203,169,3,0
2025-11-01,Саха (Якутия) Республика ,273,2748100,1904200,25053,12322,2307,142,1505
2025-11-01,Луганская Народная Республика,27,528600,186400,1274,1270,573,44,190
2025-11-01,Приморский край,691,10129100,5940700,79945,28940,10879,1096,26351
2025-11-01,Курганская область,167,1499900,1050700,11017,7187,2521,54,142
2025-11-01,Белгородская область,307,1877700,1222300,14199,7934,2423,54,730
2025-11-01,Санкт-Петербург город,1606,49216800,28488200,443644,147286,55076,4998,93656
2025-11-01,Ямало-Ненецкий Автономный округ,219,1208100,798300,7483,5658,2268,171,1444
2025-11-01,Тульская область,463,5181400,3477500,36790,23907,7106,118,3062
2025-11-01,Воронежская область,701,12717600,7614400,88165,44309,19553,705,10269
2025-11-01,Нижегородская область,731,8171100,5288400,51219,36321,13813,1890,10235
2025-11-01,Алтайский край,364,5948000,3384800,26187,25478,12914,2111,4119
2025-11-01,Тамбовская область,198,1815900,1288700,13325,7920,3109,151,70
2025-11-01,Ивановская область,210,2002900,1156700,9959,6872,3106,45,957
2025-11-01,Еврейская Автономная область,8,36100,23900,172,195,83,0,0
2025-11-01,Смоленская область,327,2284900,1664900,14723,11643,3636,172,1029
2025-11-01,Ханты-Мансийский АО - Югра,297,4292900,2276000,20533,16846,4733,202,4778
2025-11-01,Алтай Республика,41,252000,161900,2094,932,319,26,171
2025-11-01,Карачаево-Черкесская Республика,34,503000,327200,2883,1517,788,93,442
2025-11-01,Иркутская область,785,5109800,3442600,38594,21115,7601,670,4041
2025-11-01,Новгородская область,112,1030000,659000,5885,4377,2091,24,81
2025-11-01,Новосибирская область,2357,21256000,12172900,120879,78077,38210,4622,38567
2025-11-01,Омская область,149,2324500,1446500,16791,7928,3165,117,2603
2025-11-01,Оренбургская область,484,4167500,2720200,30040,17654,6928,253,760
2025-11-01,Камчатский край,22,341900,206300,1640,1352,474,1,212
2025-11-01,Крым Республика,585,5873100,3539700,46612,20075,4987,211,6896
2025-11-01,Псковская область,177,1464400,1008400,10338,6267,2991,73,178
2025-11-01,Чувашская Республика,467,5317200,3563700,31009,25581,7593,305,4823
2025-11-01,Татарстан Республика,1321,17317600,10403400,99749,72960,29053,2733,36831
2025-11-01,Томская область,153,1532700,846600,6482,6198,2859,355,1940
2025-12-01,Ханты-Мансийский АО - Югра,299,4312100,2286700,20667,16916,4742,207,4863
2025-12-01,Северная Осетия - Алания Республика,185,1956200,1261300,9582,6862,3234,248,2385
2025-12-01,Магаданская область,10,120000,74900,727,716,169,1,12
2025-12-01,Карачаево-Черкесская Республика,34,503000,327200,2883,1517,788,93,442
2025-12-01,Сахалинская область,212,1824700,1071100,10563,8161,2140,118,1597
2025-12-01,Тверская область,398,2724700,1736000,16919,11755,3681,496,785
2025-12-01,Ямало-Ненецкий Автономный округ,220,1217800,803400,7508,5693,2291,172,1445
2025-12-01,Крым Республика,625,6000100,3623600,47780,20530,5030,215,6896
2025-12-01,Ростовская область,1208,19768400,12476600,150901,80430,31281,986,25798
2025-12-01,Башкортостан Республика,1151,14815100,9731500,108167,68587,26692,2933,19521
2025-12-01,Чеченская Республика,70,1305000,802700,6152,4836,1866,140,1392
2025-12-01,Хакасия Республика,173,1619300,954100,9724,5558,2593,240,690
2025-12-01,Саха (Якутия) Республика ,274,2787600,1924300,25119,12494,2394,160,1604
2025-12-01,Омская область,149,2324500,1445500,16791,7928,3165,117,2603
2025-12-01,Херсонская область,8,115400,74200,1204,418,60,0,0
2025-12-01,Тамбовская область,202,1877100,1312500,13822,8003,3117,151,70
2025-12-01,Забайкальский край,122,1288500,843700,9562,6415,1933,82,378
2025-12-01,Астраханская область,174,2467200,1716600,20145,12147,3627,153,1728
2025-12-01,Амурская область,150,1534300,929400,11336,6589,1771,62,967
2025-12-01,Новгородская область,113,1035700,662500,5930,4395,2100,24,81
2025-12-01,Воронежская область,702,12725800,7619900,88156,44376,19567,705,10592
2025-12-01,Томская область,154,1563100,866600,6662,6372,2903,327,1980
2025-12-01,Тыва Республика,103,498200,322000,4225,2088,1033,20,0
2025-12-01,Волгоградская область,655,5124600,3416800,35815,24623,7949,527,2290
2025-12-01,Курская область,151,1601600,1142300,12215,7071,2269,65,975
2025-12-01,Луганская Народная Республика,35,372200,236500,1759,1734,605,44,190
2025-12-01,Пензенская область,339,6039500,3828700,34427,24688,13065,718,6692
2025-12-01,Марий Эл Республика,288,2423800,1549700,12255,11165,3953,65,906
2025-12-01,Ненецкий Автономный округ,13,38900,26800,139,224,176,3,0
2025-12-01,Алтайский край,373,6026800,3441400,26737,25942,13077,2120,4229
2025-12-01,Белгородская область,311,1922000,1243100,14420,8049,2475,54,863
2025-12-01,Донецкая Народная Республика,71,678400,422900,4872,3064,842,7,219
2025-12-01,Кировская область,324,2794000,1899100,16414,14488,6947,769,1433
2025-12-01,Саратовская область,394,4923700,3204900,27979,22242,9837,296,1938
2025-12-01,Пермский край,588,9701400,6158200,49131,45701,27010,2977,9271
2025-12-01,Чувашская Республика,472,5398300,3619600,31617,25999,7648,305,4877
2025-12-01,Смоленская область,330,2305500,1677200,14818,11764,3651,172,1029
2025-12-01,Самарская область,737,9653100,6203700,65550,39417,15188,804,14512
2025-12-01,Тульская область,466,5258800,3526700,37309,24351,7185,119,3145
2025-12-01,Москва город,2052,87340900,51568400,413739,335106,162166,33089,282965
2025-12-01,Рязанская область,270,5543300,3478700,40134,22983,6655,62,5109
2025-12-01,Еврейская Автономная область,8,36100,23900,172,195,83,0,0
2025-12-01,Ульяновская область,411,3727500,2334900,22995,17243,6351,573,645
2025-12-01,Челябинская область,791,9532600,6441800,49446,48664,23669,3514,3648
2025-12-01,Ингушетия Республика,18,291300,170500,430,789,651,109,412
2025-12-01,Удмуртская Республика,508,6880400,4555100,47722,31101,12608,1488,4446
2025-12-01,Оренбургская область,491,4240400,2764300,30518,17933,7030,256,760
2025-12-01,Ярославская область,526,4465700,2974100,28104,21363,6661,347,1221
2025-12-01,Брянская область,280,2805900,1899200,16287,13192,4174,196,242
2025-12-01,Калужская область,318,3383600,2256400,21352,16066,5060,246,1725
2025-12-01,Курганская область,169,1527200,1070900,11217,7312,2565,54,142
2025-12-01,Вологодская область,487,3809700,2384600,22230,15850,7633,244,361
2025-12-01,Владимирская область,406,3331100,2240700,21013,14682,5734,185,2457
2025-12-01,Чукотский Автономный округ,4,7700,6700,36,96,0,0,0
2025-12-01,Коми Республика,87,1232900,755700,8162,4688,3092,377,123
2025-12-01,Архангельская область,341,3033400,2019900,22956,13474,5364,371,2034
2025-12-01,Татарстан Республика,1322,17469100,10481100,100566,73540,29270,2737,37467
2025-12-01,Красноярский край,606,11674900,7181100,53512,54307,23439,3797,16073
2025-12-01,Мурманская область,15,194100,129400,1376,890,295,48,0
2025-12-01,Калининградская область,1027,9080200,5726800,63295,38959,9125,264,9068
2025-12-01,Адыгея Республика,246,2386000,1555400,23066,10815,2141,49,1224
2025-12-01,Тюменская область,1121,17418300,10839700,99385,77709,31334,3328,33260
2025-12-01,Калмыкия Республика,45,231000,167800,1195,1175,386,10,18
2025-12-01,Орловская область,139,1896000,1331500,13694,7134,3829,22,212
2025-12-01,Костромская область,303,1217900,846800,7230,6154,2029,47,269
2025-12-01,Санкт-Петербург город,1611,49476500,28614600,445362,147888,55446,5004,95056
2025-12-01,Ивановская область,212,2013400,1162800,10005,6902,3126,53,957
2025-12-01,Краснодарский край,3010,40689800,26739200,358671,170297,43805,2026,24473
2025-12-01,Ленинградская область,1246,19579500,12672200,225343,70325,17457,1321,8865
2025-12-01,Мордовия Республика,147,1223000,821900,7991,5866,1531,35,23
2025-12-01,Иркутская область,791,5175300,3484100,39037,21391,7699,671,4173
2025-12-01,Дагестан Республика,132,2014400,1314300,9812,8712,2675,124,2857
2025-12-01,Кабардино-Балкарская Республика,199,1783300,1102700,7924,6509,2356,439,3418
2025-12-01,Нижегородская область,739,8288400,5354500,51846,36763,13937,1925,10727
2025-12-01,Севастополь город,121,1003400,671300,7825,4192,1317,64,695
2025-12-01,Приморский край,693,10258800,5974300,80230,29380,10973,1048,26599
2025-12-01,Бурятия Республика,250,2311100,1508200,14791,10212,3712,177,1701
2025-12-01,Липецкая область,509,2683200,1799400,16064,11474,4277,395,2289
2025-12-01,Московская область,3029,55441000,35311200,390360,265689,91775,8347,56394
2025-12-01,Новосибирская область,2363,21507500,12275400,122351,78554,38339,4629,39283
2025-12-01,Ставропольский край,725,9291000,5785600,66127,36953,9942,419,8469
2025-12-01,Кемеровская область - Кузбасс,345,3155900,2078200,25121,11725,4265,415,2673
2025-12-01,Алтай Республика,42,262900,169300,2196,1005,319,26,171
2025-12-01,Хабаровский край,417,4791900,2990100,26616,20615,9877,909,5725
2025-12-01,Свердловская область,1284,25428300,15857000,175291,103124,38755,2999,40403
2025-12-01,Псковская область,181,1491700,1026200,10555,6397,3027,73,178
2025-12-01,Карелия Республика,167,1481200,963900,4099,9160,4872,918,994
2025-12-01,Камчатский край,22,341900,206300,1640,1352,474,1,212
2026-01-01,Ханты-Мансийский АО - Югра,300,4332300,2280600,21043,16691,4593,157,4898
2026-01-01,Красноярский край,610,11726700,7222900,53608,54785,23632,3821,16017
2026-01-01,Северная Осетия - Алания Республика,186,1989800,1284300,9854,6970,3248,248,2395
2026-01-01,Волгоградская область,670,5199100,3461300,36432,24921,8040,535,2315
2026-01-01,Севастополь город,123,1021700,677600,7893,4226,1319,69,695
2026-01-01,Камчатский край,23,355600,214800,1780,1384,500,1,212
2026-01-01,Приморский край,703,10328100,6009800,80474,29598,11197,1055,26819
2026-01-01,Ненецкий Автономный округ,13,38900,26800,139,224,176,3,0
2026-01-01,Москва город,2069,87794900,51750200,416819,336417,161750,32605,283473
2026-01-01,Тамбовская область,203,1883900,1317200,13894,8035,3117,151,70
2026-01-01,Орловская область,140,1907000,1339300,13803,7181,3829,22,212
2026-01-01,Луганская Народная Республика,38,410400,259800,2038,1935,636,44,190
2026-01-01,Ямало-Ненецкий Автономный округ,223,1247900,815200,7646,5764,2319,172,1528
2026-01-01,Ивановская область,215,2060600,1189000,10245,7109,3174,53,1147
2026-01-01,Липецкая область,519,2702400,1816000,16226,11571,4315,404,2276
2026-01-01,Белгородская область,315,1931500,1250300,14520,8102,2505,53,863
2026-01-01,Удмуртская Республика,510,6915800,4579900,48101,31250,12641,1488,4468
2026-01-01,Краснодарский край,3026,41075800,26972900,362755,171452,44168,2026,24541
2026-01-01,Ярославская область,532,4486900,2991600,28273,21481,6726,342,1318
2026-01-01,Саратовская область,396,4928800,3208800,28028,22248,9854,296,1938
2026-01-01,Кабардино-Балкарская Республика,204,1845500,1143800,8454,6794,2408,439,3530
2026-01-01,Хабаровский край,417,4793600,2989000,26919,20574,9864,814,5725
2026-01-01,Сахалинская область,212,1826400,1072400,10576,8174,2140,118,1598
2026-01-01,Калининградская область,1034,9162600,5779400,64054,39200,9157,264,9501
2026-01-01,Иркутская область,789,5185800,3488200,39178,21405,7668,675,4337
2026-01-01,Брянская область,286,2885500,1945800,16915,13479,4227,197,242
2026-01-01,Забайкальский край,123,1294900,847800,9578,6449,1953,82,378
2026-01-01,Чукотский Автономный округ,8,24800,20500,106,242,44,5,0
2026-01-01,Алтай Республика,52,328200,209100,2834,1138,400,42,171
2026-01-01,Дагестан Республика,137,2119400,1346100,10514,8812,2682,124,3013
2026-01-01,Ульяновская область,413,3755900,2351900,23209,17332,6391,580,645
2026-01-01,Чувашская Республика,476,5395400,3614400,31423,25994,7654,305,4941
2026-01-01,Ростовская область,1224,19990900,12608900,151960,81577,31824,977,26005
2026-01-01,Кемеровская область - Кузбасс,348,3226900,2115100,25577,11946,4316,417,2838
2026-01-01,Мурманская область,15,194100,129400,1376,890,295,48,0
2026-01-01,Башкортостан Республика,1163,15070600,9868900,109764,69613,27153,2917,20147
2026-01-01,Тыва Республика,103,498200,322000,4225,2088,1033,20,0
2026-01-01,Костромская область,305,1229200,853700,7288,6222,2036,46,269
2026-01-01,Омская область,151,2356700,1463900,17186,8056,3164,117,2656
2026-01-01,Томская область,156,1604200,890200,6787,6558,3023,344,2102
2026-01-01,Калмыкия Республика,45,231000,167800,1195,1175,386,10,18
2026-01-01,Московская область,3073,56138300,35765100,395265,268719,93083,8604,56362
2026-01-01,Рязанская область,270,5554700,3478700,40130,22987,6655,62,5141
2026-01-01,Новгородская область,120,1122200,707000,6477,4708,2188,26,81
2026-01-01,Тверская область,398,2724700,1736000,16919,11755,3681,496,813
2026-01-01,Вологодская область,493,3860500,2419600,22385,16157,7742,244,361
2026-01-01,Астраханская область,179,2565800,1784700,20936,12658,3849,155,1877
2026-01-01,Чеченская Республика,103,2085200,1161600,10781,5088,2791,202,4671
2026-01-01,Оренбургская область,489,4242100,2763400,30518,17897,7062,252,759
2026-01-01,Херсонская область,9,131800,84500,1452,442,60,0,0
2026-01-01,Челябинская область,800,9724000,6558900,50160,49620,24039,3573,4378
2026-01-01,Карачаево-Черкесская Республика,38,523800,342300,3078,1586,806,93,442
2026-01-01,Тульская область,466,5258400,3526300,37293,24377,7180,119,3145
2026-01-01,Хакасия Республика,175,1658500,976200,10083,5693,2605,244,785
2026-01-01,Еврейская Автономная область,8,36100,23900,172,195,83,0,0
2026-01-01,Пермский край,591,9840200,6241700,49971,46159,27303,2994,9555
2026-01-01,Адыгея Республика,276,2765100,1835500,26823,13002,2610,49,1224
2026-01-01,Смоленская область,333,2317700,1688000,14971,11799,3649,175,1029
2026-01-01,Санкт-Петербург город,1623,49800200,28788400,447968,148907,55872,5015,95865
2026-01-01,Курганская область,174,1581000,1107700,11550,7580,2650,56,142
2026-01-01,Мордовия Республика,148,1234600,829200,8051,5911,1546,35,23
2026-01-01,Бурятия Республика,253,2357500,1535700,15158,10405,3746,177,1795
2026-01-01,Тюменская область,1135,17687700,10974100,101092,78819,31545,3343,34348
2026-01-01,Псковская область,187,1541300,1054100,10974,6595,3057,73,178
2026-01-01,Ленинградская область,1255,19771900,12795300,226905,71198,17681,1323,8975
2026-01-01,Донецкая Народная Республика,75,730000,454000,5306,3267,885,17,219
2026-01-01,Алтайский край,375,6069800,3460700,26953,26065,13150,2126,4229
2026-01-01,Калужская область,324,3563900,2355200,22247,16821,5310,246,1725
2026-01-01,Амурская область,151,1540000,932400,11410,6600,1771,62,978
2026-01-01,Саха (Якутия) Республика ,281,2832900,1953600,25506,12717,2394,160,1624
2026-01-01,Марий Эл Республика,294,2471000,1579400,12495,11385,4006,74,927
2026-01-01,Кировская область,326,2823600,1917400,16520,14629,7016,775,1433
2026-01-01,Курская область,152,1593200,1142800,12215,7071,2269,65,830
2026-01-01,Коми Республика,87,1146600,755700,8169,4680,3092,377,123
2026-01-01,Татарстан Республика,1332,17634600,10562400,101366,74170,29472,2757,37974
2026-01-01,Нижегородская область,748,8467700,5462000,52992,37556,14196,1985,11193
2026-01-01,Самарская область,739,9713200,6236200,65795,39668,15263,813,14778
2026-01-01,Воронежская область,711,12902600,7667100,88488,44710,19715,704,10592
2026-01-01,Новосибирская область,2382,21921300,12430400,124732,79152,38670,4678,39364
2026-01-01,Крым Республика,634,6067900,3665800,48373,20792,5080,225,6691
2026-01-01,Архангельская область,343,3045500,2029800,23026,13585,5369,371,2050
2026-01-01,Запорожская область,5,75500,46500,1008,192,48,4,0
2026-01-01,Карелия Республика,173,1559100,1006100,4283,9593,5066,946,1049
2026-01-01,Магаданская область,10,120000,74900,727,716,169,1,12
2026-01-01,Пензенская область,344,6140900,3886900,35162,25081,13167,719,6705
2026-01-01,Ингушетия Республика,19,307900,182400,452,899,703,111,412
2026-01-01,Владимирская область,410,3355200,2257700,21145,14801,5788,185,2458
2026-01-01,Ставропольский край,729,9414400,5817700,66763,37051,9952,418,8469
2026-01-01,Свердловская область,1304,26143800,16255900,179290,106011,39989,3122,42289
2026-02-01,Курганская область,175,1592200,1115900,11503,7697,2745,74,142
2026-02-01,Саратовская область,398,4936300,3212000,28065,22269,9860,296,1938
2026-02-01,Краснодарский край,3025,41048600,26966900,362591,171352,44098,2028,24503
2026-02-01,Магаданская область,10,120000,74900,727,716,169,1,12
2026-02-01,Дагестан Республика,137,2119800,1345200,10525,8802,2685,124,3013
2026-02-01,Удмуртская Республика,514,6963500,4607500,48217,31543,12761,1537,4557
2026-02-01,Ульяновская область,414,3782500,2371200,23396,17453,6479,588,637
2026-02-01,Мордовия Республика,148,1234600,829200,8051,5911,1546,35,23
2026-02-01,Оренбургская область,494,4254700,2772600,30551,17996,7070,252,759
2026-02-01,Самарская область,739,9713200,6236200,65794,39669,15263,813,14870
2026-02-01,Рязанская область,272,5601100,3512300,41068,23049,6664,62,5141
2026-02-01,Запорожская область,5,75500,46500,1008,192,48,4,0
2026-02-01,Тверская область,396,2727900,1730600,16944,11696,3627,496,864
2026-02-01,Севастополь город,129,1080700,713100,8243,4502,1365,69,695
2026-02-01,Чувашская Республика,475,5392900,3612000,31393,25982,7651,305,4941
2026-02-01,Нижегородская область,748,8467500,5461800,52991,37555,14195,1985,11191
2026-02-01,Кировская область,329,2837300,1926700,16617,14709,7029,775,1433
2026-02-01,Северная Осетия - Алания Республика,187,2006200,1293100,9988,7010,3263,252,2395
2026-02-01,Приморский край,712,10327700,6060200,81017,29910,11307,1045,26823
2026-02-01,Алтайский край,375,6051000,3460700,26953,26065,13150,2126,4229
2026-02-01,Тамбовская область,214,1891800,1321400,13952,8065,3119,151,70
2026-02-01,Ханты-Мансийский АО - Югра,301,4331000,2280600,21044,16691,4593,156,4898
2026-02-01,Тюменская область,1144,17915000,11099500,102153,79695,31927,3388,35289
2026-02-01,Забайкальский край,123,1300900,847800,9579,6448,1953,82,370
2026-02-01,Курская область,152,1593200,1142800,12215,7071,2269,65,830
2026-02-01,Москва город,2078,88600000,52163300,418110,338470,163601,33278,286523
2026-02-01,Московская область,3108,56854300,36165400,400564,271521,93935,8694,58950
2026-02-01,Амурская область,155,1589400,965800,11655,6739,1927,78,978
2026-02-01,Ингушетия Республика,19,307900,182400,452,899,703,111,412
2026-02-01,Смоленская область,331,2308000,1681100,14851,11799,3649,175,1029
2026-02-01,Калужская область,327,3593100,2388200,22438,17017,5400,254,1868
2026-02-01,Ярославская область,540,4526700,3017900,28547,21634,6759,344,1318
2026-02-01,Саха (Якутия) Республика ,278,2816500,1943900,25320,12693,2394,160,1643
2026-02-01,Сахалинская область,212,1826400,1072400,10576,8174,2140,118,1598
2026-02-01,Чеченская Республика,103,2085200,1161600,10781,5088,2791,202,4671
2026-02-01,Калмыкия Республика,45,231000,167800,1195,1175,386,10,18
2026-02-01,Карелия Республика,175,1578100,1016300,4363,9698,5120,948,1118
2026-02-01,Челябинская область,806,9798700,6613100,50620,49905,24308,3611,4378
2026-02-01,Ростовская область,1232,20126700,12685600,152715,82149,32088,987,26245
2026-02-01,Красноярский край,610,11726700,7222900,53613,54780,23632,3821,16238
2026-02-01,Еврейская Автономная область,8,36100,23900,172,195,83,0,0
2026-02-01,Крым Республика,638,6131800,3705900,48841,20929,5216,225,6691
2026-02-01,Чукотский Автономный округ,8,24800,20500,106,242,44,5,0
2026-02-01,Пензенская область,345,6162500,3900300,35390,25174,13167,719,6705
2026-02-01,Бурятия Республика,259,2416100,1570200,15645,10584,3829,187,1863
2026-02-01,Коми Республика,87,1146600,755700,8169,4680,3092,377,123
2026-02-01,Томская область,157,1603900,890500,6877,6498,3008,344,2102
2026-02-01,Санкт-Петербург город,1630,50014800,28903700,449244,149672,56062,5033,96625
2026-02-01,Карачаево-Черкесская Республика,37,517300,337900,3006,1567,807,93,442
2026-02-01,Пермский край,595,9912100,6287900,50265,46526,27497,3014,9581
2026-02-01,Луганская Народная Республика,46,443500,280700,2125,2148,723,44,190
2026-02-01,Новосибирская область,2386,22045300,12465000,125165,79278,38739,4687,39537
2026-02-01,Волгоградская область,674,5222200,3476200,36634,24922,8091,535,2315
2026-02-01,Ставропольский край,739,9668300,5958500,68271,37979,10292,445,9015
2026-02-01,Воронежская область,712,12934900,7686100,88645,44839,19783,704,10592
2026-02-01,Татарстан Республика,1337,17679400,10593200,101667,74383,29592,2759,38009
2026-02-01,Ленинградская область,1355,19931600,12925600,228310,71769,17833,1561,8974
2026-02-01,Херсонская область,11,131800,84500,1452,442,60,0,0
2026-02-01,Орловская область,141,1926300,1351800,13941,7250,3852,22,212
2026-02-01,Липецкая область,520,2704800,1817400,16232,11586,4321,404,2276
2026-02-01,Мурманская область,15,194100,129400,1376,890,295,48,0
2026-02-01,Кемеровская область - Кузбасс,349,3246400,2125500,25795,11947,4330,417,2838
2026-02-01,Ненецкий Автономный округ,13,38900,26800,139,224,176,3,0
2026-02-01,Тыва Республика,103,498200,322000,4225,2088,1033,20,0
2026-02-01,Ямало-Ненецкий Автономный округ,222,1242200,811100,7625,5734,2307,166,1528
2026-02-01,Брянская область,289,2921300,1970200,17257,13565,4264,197,242
2026-02-01,Новгородская область,120,1122700,707300,6477,4708,2188,26,81
2026-02-01,Костромская область,309,1240700,862100,7354,6293,2052,46,269
2026-02-01,Вологодская область,493,3862000,2419900,22442,16160,7740,221,361
2026-02-01,Омская область,155,2432900,1512400,17949,8319,3224,117,2656
2026-02-01,Хабаровский край,421,4918800,3069400,28059,20921,10092,862,5833
2026-02-01,Калининградская область,1054,9330500,5875700,65030,39892,9322,264,9501
2026-02-01,Тульская область,466,5267500,3526500,37293,24377,7180,119,3145
2026-02-01,Донецкая Народная Республика,85,954600,589900,7504,3785,1199,19,405
2026-02-01,Ивановская область,216,2069100,1195100,10321,7127,3176,53,1161
2026-02-01,Псковская область,187,1541300,1054100,10974,6595,3057,73,178
2026-02-01,Белгородская область,322,1953100,1265100,14687,8204,2547,53,863
2026-02-01,Башкортостан Республика,1165,15089500,9879800,110054,69622,27237,2938,20213
2026-02-01,Адыгея Республика,276,2765100,1835500,26823,13002,2610,49,1224
2026-02-01,Иркутская область,790,5209600,3501100,39332,21481,7696,677,4451
2026-02-01,Камчатский край,23,355600,214800,1780,1384,500,1,212
2026-02-01,Марий Эл Республика,295,2478700,1582800,12511,11409,4022,74,927
2026-02-01,Хакасия Республика,179,1706600,1008500,10461,5924,2658,244,785
2026-02-01,Астраханская область,180,2584800,1798400,21166,12714,3858,155,1939
2026-02-01,Владимирская область,410,3355200,2257700,21145,14801,5788,185,2458
2026-02-01,Алтай Республика,52,328100,209100,2842,1130,400,42,171
2026-02-01,Архангельская область,345,3056300,2037400,23087,13653,5383,370,2050
2026-02-01,Кабардино-Балкарская Республика,206,1881000,1162200,8669,6892,2424,439,3618
2026-02-01,Свердловская область,1313,26393600,16408800,181144,107265,40393,3163,42590
2026-03-01,Калмыкия Республика,45,231000,167800,1195,1175,386,10,18
2026-03-01,Красноярский край,613,11854100,7290900,54231,55417,23779,3821,16575
2026-03-01,Московская область,3127,57042200,36297300,401611,272678,94438,8793,58601
2026-03-01,Чувашская Республика,477,5410100,3622200,31445,26093,7675,305,4941
2026-03-01,Крым Республика,643,6214600,3746900,48920,21417,5448,252,6743
2026-03-01,Свердловская область,1320,26604000,16515000,182979,107882,40212,3142,43642
2026-03-01,Ярославская область,546,4589400,3045600,28915,21894,6765,344,1318
2026-03-01,Вологодская область,493,3862000,2419900,22442,16160,7740,221,361
2026-03-01,Смоленская область,331,2308200,1682100,14866,11816,3649,173,1031
2026-03-01,Пензенская область,350,6276000,3975500,36435,25650,13297,719,6816
2026-03-01,Новгородская область,120,1122700,707300,6477,4708,2188,26,81
2026-03-01,Кабардино-Балкарская Республика,213,2072600,1275900,9762,7507,2608,439,4105
2026-03-01,Москва город,2090,89062400,52409200,419733,339709,164143,33371,287960
2026-03-01,Краснодарский край,3050,41637900,27271300,367970,173561,44410,2095,24001
2026-03-01,Ульяновская область,419,3874700,2428000,23858,17971,6748,617,637
2026-03-01,Курганская область,176,1604400,1123300,11593,7739,2763,74,142
2026-03-01,Хакасия Республика,179,1706600,1008500,10461,5924,2658,244,785
2026-03-01,Тульская область,477,5424700,3627500,38471,25230,7346,119,3145
2026-03-01,Псковская область,187,1541300,1054100,10974,6595,3057,73,178
2026-03-01,Мурманская область,15,194100,129400,1376,890,295,48,0
2026-03-01,Самарская область,743,9758600,6273600,66014,39933,15400,827,15252
2026-03-01,Ставропольский край,746,9820200,6012800,68779,38335,10412,445,9073
2026-03-01,Новосибирская область,2395,22333300,12620100,126882,79999,39267,4611,40745
2026-03-01,Волгоградская область,681,5279900,3507200,36966,25087,8170,535,2315
2026-03-01,Тыва Республика,109,513000,333800,4279,2106,1063,32,0
2026-03-01,Омская область,159,2555100,1568900,18636,8736,3312,138,2964
2026-03-01,Тамбовская область,215,1902200,1329700,14096,8101,3119,151,70
2026-03-01,Костромская область,309,1240700,862100,7354,6293,2052,46,269
2026-03-01,Магаданская область,10,120000,74900,727,716,169,1,12
2026-03-01,Кемеровская область - Кузбасс,351,3289600,2154800,26479,11946,4331,417,2934
2026-03-01,Запорожская область,5,75500,46500,1008,192,48,4,0
2026-03-01,Орловская область,142,1931900,1355600,13996,7285,3852,22,212
2026-03-01,Ненецкий Автономный округ,13,38900,26800,139,224,176,3,0
2026-03-01,Липецкая область,521,2727900,1829900,16333,11690,4378,404,2276
2026-03-01,Хабаровский край,424,4951900,3088900,28126,21088,10229,876,5905
2026-03-01,Иркутская область,790,5209600,3501100,39334,21495,7688,677,4451
2026-03-01,Бурятия Республика,261,2422700,1575000,15695,10634,3829,187,1863
2026-03-01,Ленинградская область,1373,20523200,13238800,234063,73249,18319,1575,10325
2026-03-01,Забайкальский край,125,1313500,855300,9674,6469,1975,88,392
2026-03-01,Луганская Народная Республика,67,698200,384700,4040,2667,848,44,190
2026-03-01,Томская область,157,1608100,890400,6877,6498,3008,344,2102
2026-03-01,Астраханская область,182,2620800,1822800,21454,12864,3934,155,2016
2026-03-01,Архангельская область,351,3156400,2100900,23814,14056,5586,381,1984
2026-03-01,Рязанская область,273,5633400,3534400,41397,23172,6682,62,5189
2026-03-01,Адыгея Республика,276,2765100,1835500,26823,13002,2610,49,1224
2026-03-01,Владимирская область,410,3355200,2257800,21144,14800,5787,186,2458
2026-03-01,Воронежская область,714,12986700,7718400,89121,45016,19904,708,10521
2026-03-01,Курская область,180,1602700,1150200,12295,7118,2269,65,831
2026-03-01,Удмуртская Республика,516,6984200,4618800,48329,31596,12795,1537,4611
2026-03-01,Ханты-Мансийский АО - Югра,302,4373100,2289500,21073,16759,4619,156,4898
2026-03-01,Тюменская область,1153,18036400,11176800,103098,80584,31650,3388,35676
2026-03-01,Татарстан Республика,1337,17693100,10600300,101789,74453,29575,2755,37969
2026-03-01,Саратовская область,400,4949800,3219700,28142,22325,9871,296,1938
2026-03-01,Мордовия Республика,149,1261100,845300,8191,6047,1570,35,23
2026-03-01,Саха (Якутия) Республика ,281,2844800,1963300,25599,12828,2393,160,1726
2026-03-01,Чеченская Республика,103,2085200,1161300,10781,5088,2791,202,4671
2026-03-01,Кировская область,335,2909100,1959600,16862,14902,7163,793,1495
2026-03-01,Сахалинская область,212,1826400,1072400,10576,8174,2140,118,1598
2026-03-01,Карачаево-Черкесская Республика,37,517300,337900,3006,1567,807,93,442
2026-03-01,Санкт-Петербург город,1640,50323100,29059400,451652,150402,56421,5060,97489
2026-03-01,Дагестан Республика,141,2238400,1413900,10695,9379,3072,131,3391
2026-03-01,Херсонская область,15,191700,120600,2228,568,62,0,0
2026-03-01,Камчатский край,23,355600,214800,1780,1384,500,1,212
2026-03-01,Челябинская область,807,9817500,6628900,50896,49911,24327,3613,4378
2026-03-01,Алтай Республика,52,342100,209100,2842,1130,400,42,171
2026-03-01,Марий Эл Республика,295,2478700,1582800,12511,11409,4022,74,927
2026-03-01,Брянская область,290,2945900,1974600,17317,13603,4264,197,242
2026-03-01,Пермский край,602,10012300,6350800,50810,46981,27876,3030,9695
2026-03-01,Оренбургская область,506,4450600,2899900,32291,18645,7278,252,759
2026-03-01,Северная Осетия - Алания Республика,189,2029200,1307300,10054,7087,3302,253,2441
2026-03-01,Ямало-Ненецкий Автономный округ,251,1268900,829300,7770,5842,2353,170,1605
2026-03-01,Калининградская область,1054,9331100,5875900,65038,39887,9323,264,9501
2026-03-01,Башкортостан Республика,1185,15484000,10125400,113691,70706,27922,2969,20787
2026-03-01,Белгородская область,324,1961800,1270500,14757,8273,2547,53,863
2026-03-01,Чукотский Автономный округ,8,24800,20500,106,242,44,5,0
2026-03-01,Алтайский край,384,6205600,3550200,27754,26706,13411,2176,4610
2026-03-01,Ивановская область,218,2077500,1201000,10360,7164,3189,54,1163
2026-03-01,Ингушетия Республика,19,307900,182400,452,901,705,109,412
2026-03-01,Коми Республика,88,1153900,761900,8228,4691,3128,377,123
2026-03-01,Нижегородская область,754,8622500,5549500,53890,38100,14382,2020,11670
2026-03-01,Донецкая Народная Республика,88,987400,609900,7851,3915,1199,19,405
2026-03-01,Тверская область,397,2734200,1733700,16974,11726,3627,496,864
2026-03-01,Карелия Республика,175,1578200,1016400,4363,9698,5120,948,1118
2026-03-01,Приморский край,718,10424000,6110800,81698,29983,11412,1067,27143
2026-03-01,Севастополь город,131,1091400,720600,8315,4550,1389,69,695
2026-03-01,Ростовская область,1245,20400800,12855000,154692,83287,32575,1010,26321
2026-03-01,Еврейская Автономная область,9,43700,28400,190,237,107,0,0
2026-03-01,Амурская область,158,1670000,972300,11709,6795,1955,78,978
2026-03-01,Калужская область,329,3599800,2393600,22503,17017,5439,254,2005
2026-04-01,Алтай Республика,52,342100,209100,2842,1130,400,42,171
2026-04-01,Ростовская область,1256,20612100,12996700,156697,84204,32730,1034,26332
2026-04-01,Санкт-Петербург город,1644,50669300,29215900,455132,151118,56500,5072,98947
2026-04-01,Адыгея Республика,280,2879100,1905600,27694,13520,2743,49,1239
2026-04-01,Алтайский край,390,6302000,3599600,28247,27104,13538,2222,4950
2026-04-01,Ставропольский край,757,10172700,6192600,70823,39522,11103,504,9888
2026-04-01,Тюменская область,1157,18122700,11232300,103517,81139,31742,3401,35636
2026-04-01,Калмыкия Республика,45,231000,167800,1195,1175,386,10,18
2026-04-01,Марий Эл Республика,297,2526300,1594500,12711,11462,4022,74,927
2026-04-01,Липецкая область,524,2771400,1859000,16638,11887,4456,404,2276
2026-04-01,Ярославская область,551,4665600,3074600,29275,22102,6821,344,1318
2026-04-01,Тыва Республика,114,539600,350100,4546,2176,1103,32,0
2026-04-01,Донецкая Народная Республика,90,1094800,632200,8331,3979,1199,19,405
2026-04-01,Коми Республика,89,1160800,767800,8289,4745,3137,377,123
2026-04-01,Дагестан Республика,146,2295300,1451300,11428,9547,3076,124,3509
2026-04-01,Саратовская область,403,4971500,3233000,28283,22403,9914,310,1938
2026-04-01,Рязанская область,276,5677700,3561700,41694,23402,6712,62,5338
2026-04-01,Чувашская Республика,482,5472600,3660300,31712,26363,7753,310,4998
2026-04-01,Нижегородская область,756,8666500,5567400,54013,38247,14452,2020,12027
2026-04-01,Волгоградская область,688,5320500,3535100,37394,25268,8227,551,2310
2026-04-01,Ненецкий Автономный округ,13,38900,26800,139,224,176,3,0
2026-04-01,Владимирская область,412,3375600,2271400,21346,14892,5799,186,2458
2026-04-01,Забайкальский край,127,1330800,864700,9820,6521,1995,88,392
2026-04-01,Воронежская область,717,13030700,7748300,89272,45206,20048,710,10521
2026-04-01,Амурская область,158,1706500,984200,11945,6868,1986,79,1395
2026-04-01,Архангельская область,356,3253400,2156500,24645,14363,5725,417,2097
2026-04-01,Ивановская область,220,2096600,1213700,10464,7250,3220,54,1163
2026-04-01,Башкортостан Республика,1198,15702200,10260400,114990,71730,28367,3043,20977
2026-04-01,Камчатский край,23,355600,214800,1780,1384,500,1,212
2026-04-01,Псковская область,191,1584000,1084000,11423,6751,3096,73,178
2026-04-01,Удмуртская Республика,517,7002600,4631100,48431,31712,12801,1536,4628
2026-04-01,Сахалинская область,212,1826400,1072400,10576,8174,2140,118,1598
2026-04-01,Астраханская область,193,2778700,1931800,23012,13550,4103,155,2051
2026-04-01,Калужская область,332,3624900,2410500,22656,17152,5475,254,2005
2026-04-01,Херсонская область,15,191700,120600,2228,568,62,0,0
2026-04-01,Северная Осетия - Алания Республика,191,2070600,1322600,10352,7101,3303,253,2441
2026-04-01,Орловская область,143,1944300,1363500,14108,7332,3868,22,212
2026-04-01,Брянская область,293,2967200,1988400,17437,13700,4289,197,242
2026-04-01,Калининградская область,1059,9400400,5921300,65464,40219,9401,264,9482
2026-04-01,Приморский край,726,10530000,6159200,82099,30459,11517,1067,27206
2026-04-01,Бурятия Республика,264,2454400,1596600,16056,10777,3829,187,1863
2026-04-01,Тульская область,484,5513800,3686400,39327,25599,7410,119,3145
2026-04-01,Ямало-Ненецкий Автономный округ,259,1270500,830300,7770,5842,2361,170,1636
2026-04-01,Ингушетия Республика,19,307900,182400,452,901,705,109,412
2026-04-01,Свердловская область,1327,26842000,16645800,184027,108893,40503,3142,44743
2026-04-01,Хакасия Республика,180,1709300,1011100,10461,5948,2666,244,785
2026-04-01,Самарская область,745,9787400,6288700,66112,40073,15429,820,15436
2026-04-01,Магаданская область,10,120000,74900,727,716,169,1,12
2026-04-01,Иркутская область,790,5254200,3493300,39408,21352,7664,672,4367
2026-04-01,Чеченская Республика,103,2085200,1161300,10781,5088,2791,202,4671
2026-04-01,Вологодская область,499,4047400,2448300,22772,16428,7772,222,361
2026-04-01,Мордовия Республика,148,1255300,842300,8162,6016,1570,35,23
2026-04-01,Ханты-Мансийский АО - Югра,298,4338600,2267200,20845,16588,4597,151,4898
2026-04-01,Краснодарский край,3057,41851900,27416800,370374,174445,44532,2114,24035
2026-04-01,Кемеровская область - Кузбасс,351,3289600,2154800,26478,11946,4331,417,2934
2026-04-01,Томская область,161,1737900,945800,7605,6797,3198,394,2483
2026-04-01,Карачаево-Черкесская Республика,39,561200,359100,3252,1632,824,104,490
2026-04-01,Оренбургская область,512,4513200,2939600,32571,18966,7345,252,859
2026-04-01,Крым Республика,651,6320900,3808300,49704,21786,5531,254,6836
2026-04-01,Луганская Народная Республика,77,2550100,473400,4845,3157,1113,116,190
2026-04-01,Ульяновская область,425,3943500,2476800,24391,18274,6914,617,637
2026-04-01,Челябинская область,808,9787900,6624000,50631,50023,24423,3641,4374
2026-04-01,Кабардино-Балкарская Республика,219,2150500,1324000,10121,7855,2682,439,4320
2026-04-01,Ленинградская область,1402,20886800,13463400,237843,74396,18801,1628,10325
2026-04-01,Татарстан Республика,1348,17953700,10749000,103791,75441,29940,2787,38457
2026-04-01,Новгородская область,122,1140400,713200,6543,4757,2198,26,81
2026-04-01,Еврейская Автономная область,9,43700,28400,190,237,107,0,0
2026-04-01,Пензенская область,352,6336500,4011400,36812,25830,13404,735,7061
2026-04-01,Мурманская область,15,194100,129400,1376,890,295,48,0
2026-04-01,Курганская область,178,1631000,1138000,11919,7828,2747,74,142
2026-04-01,Курская область,181,1638600,1174300,12509,7256,2337,65,831
2026-04-01,Хабаровский край,426,4965400,3096000,28161,21151,10269,876,5877
2026-04-01,Кировская область,336,2919900,1967300,16840,14998,7238,794,1512
2026-04-01,Новосибирская область,2407,22575300,12761300,128259,80767,39699,4653,41807
2026-04-01,Тамбовская область,218,1940500,1355000,14448,8184,3190,151,70
2026-04-01,Омская область,163,2617100,1610300,19178,8998,3363,138,2964
2026-04-01,Запорожская область,5,75500,46500,1008,192,48,4,0
2026-04-01,Севастополь город,131,1091400,720600,8315,4550,1389,69,695
2026-04-01,Костромская область,314,1264400,877500,7509,6415,2071,46,269
2026-04-01,Смоленская область,337,2365500,1724800,15274,12079,3752,173,1031
2026-04-01,Саха (Якутия) Республика ,283,2862900,1975900,25722,12940,2408,160,1701
2026-04-01,Москва город,2102,89411300,52632600,421974,341136,164692,33420,288655
2026-04-01,Пермский край,606,10076800,6387800,51165,47244,27952,3041,9829
2026-04-01,Московская область,3134,57392800,36507300,404566,273723,94779,8874,59537
2026-04-01,Белгородская область,326,1972900,1278700,14826,8345,2564,53,863
2026-04-01,Красноярский край,617,11891100,7320900,54628,55597,23913,3821,16575
2026-04-01,Тверская область,399,2747000,1742600,17115,11781,3633,501,864
2026-04-01,Карелия Республика,178,1621100,1040900,4464,9901,5285,965,1204
2026-04-01,Чукотский Автономный округ,8,24800,20500,106,242,44,5,0
2026-05-01,Марий Эл Республика,298,2536500,1600700,12746,11505,4050,74,927
2026-05-01,Сахалинская область,213,1848500,1085800,10762,8265,2157,118,1598
2026-05-01,Воронежская область,719,13074600,7770400,89605,45348,20075,711,10734
2026-05-01,Карелия Республика,180,1620100,1048600,4558,9954,5298,983,1204
2026-05-01,Челябинская область,824,9956800,6724300,51631,50588,24644,3625,4693
2026-05-01,Тверская область,405,2779900,1765200,17304,11956,3678,520,864
2026-05-01,Магаданская область,10,120000,74900,727,716,169,1,12
2026-05-01,Костромская область,315,1269300,881100,7538,6440,2079,46,269
2026-05-01,Омская область,167,2682300,1654500,19607,9263,3516,138,2964
2026-05-01,Тульская область,492,5562800,3717100,39777,25885,7446,119,3145
2026-05-01,Иркутская область,794,5291300,3518900,39971,21417,7686,672,4367
2026-05-01,Ставропольский край,761,10336300,6257800,71302,40049,11189,504,9973
2026-05-01,Томская область,161,1772400,972200,7841,7075,3282,400,2479
2026-05-01,Хабаровский край,431,5041800,3145800,28745,21842,10329,876,5877
2026-05-01,Нижегородская область,763,8728600,5604900,54328,38632,14496,2020,12206
2026-05-01,Луганская Народная Республика,78,871700,480700,4961,3179,1127,127,248
2026-05-01,Ленинградская область,1409,21034000,13562600,239521,75067,18932,1629,10325
2026-05-01,Новгородская область,129,1183200,748100,6824,5021,2308,26,81
2026-05-01,Пензенская область,356,6402600,4057700,37243,26032,13619,735,7136
2026-05-01,Коми Республика,89,1160800,767700,8295,4751,3137,371,123
2026-05-01,Ингушетия Республика,19,307900,182400,452,901,705,109,412
2026-05-01,Кемеровская область - Кузбасс,352,3300100,2160300,26559,11946,4332,416,2986
2026-05-01,Липецкая область,523,2770000,1858200,16638,11878,4450,404,2460
2026-05-01,Чукотский Автономный округ,8,24800,20500,106,242,44,5,0
2026-05-01,Владимирская область,412,3388800,2280600,21432,14970,5806,186,2458
2026-05-01,Орловская область,146,1971300,1383300,14213,7471,3932,22,212
2026-05-01,Краснодарский край,3067,42030000,27518300,371303,175180,44837,2103,24035
2026-05-01,Камчатский край,24,358000,216400,1823,1384,500,1,212
2026-05-01,Саха (Якутия) Республика ,286,2904100,1999600,26155,13040,2428,160,1747
2026-05-01,Новосибирская область,2418,22922800,12934000,130430,81404,40299,4718,42695
2026-05-01,Калужская область,334,3693100,2450200,22999,17455,5530,263,2129
2026-05-01,Ивановская область,219,2099000,1212600,10452,7250,3220,54,1163
2026-05-01,Санкт-Петербург город,1647,50821700,29274600,455918,150746,56785,5141,99037
2026-05-01,Мордовия Республика,148,1255300,842300,8162,6016,1570,35,23
2026-05-01,Хакасия Республика,181,1709400,1010400,10450,5946,2664,244,785
2026-05-01,Тыва Республика,114,539600,350100,4546,2176,1103,32,0
2026-05-01,Московская область,3171,57689300,36694400,406923,274978,95229,8897,59869
2026-05-01,Свердловская область,1332,26989800,16738300,185837,109295,40618,3142,44930
2026-05-01,Смоленская область,340,2388100,1741800,15409,12200,3816,173,1031
2026-05-01,Амурская область,159,1712200,988700,12009,6894,1996,79,1395
2026-05-01,Адыгея Республика,280,2881500,1907100,27712,13528,2747,49,1239
2026-05-01,Ульяновская область,428,3978900,2499600,24587,18430,6961,617,637
2026-05-01,Рязанская область,279,5730600,3599600,42050,23622,6833,62,5349
2026-05-01,Чувашская Республика,493,5552500,3711200,32123,26781,7829,310,5136
2026-05-01,Астраханская область,193,2778800,1931900,23060,13526,4103,155,2078
2026-05-01,Ямало-Ненецкий Автономный округ,267,1275900,833400,7785,5860,2374,170,1636
2026-05-01,Ненецкий Автономный округ,13,38900,26800,139,224,176,3,0
2026-05-01,Белгородская область,326,1972800,1278800,14826,8345,2564,53,863
2026-05-01,Пермский край,615,10218700,6436900,51527,47543,28228,3070,9871
2026-05-01,Тамбовская область,218,1940600,1355400,14448,8184,3190,151,70
2026-05-01,Калининградская область,1061,9449100,5950900,65832,40386,9459,267,9497
2026-05-01,Севастополь город,131,1091400,720600,8315,4550,1389,69,695
2026-05-01,Калмыкия Республика,45,231000,167800,1195,1175,386,10,18
2026-05-01,Татарстан Республика,1356,18139900,10856500,104773,76276,30195,2791,39180
2026-05-01,Оренбургская область,514,4569900,2965100,32855,19129,7391,252,977
2026-05-01,Чеченская Республика,103,2085200,1161300,10781,5088,2791,202,4671
2026-05-01,Удмуртская Республика,522,7137100,4711200,48957,32310,13127,1565,4732
2026-05-01,Бурятия Республика,270,2499200,1623100,16274,10905,3929,205,2019
2026-05-01,Приморский край,731,10617400,6191200,82399,30601,11567,1188,27141
2026-05-01,Карачаево-Черкесская Республика,38,554900,354800,3180,1614,824,104,490
2026-05-01,Ростовская область,1258,20645800,13014100,157003,84076,32814,1034,26439
2026-05-01,Архангельская область,359,3280300,2174900,24778,14518,5748,431,2097
2026-05-01,Еврейская Автономная область,9,43700,28400,190,237,107,0,0
2026-05-01,Донецкая Народная Республика,92,1044100,646300,8592,4018,1230,19,405
2026-05-01,Херсонская область,18,279700,169400,3156,794,73,0,0
2026-05-01,Тюменская область,1161,18227400,11311600,104208,81794,32024,3432,35890
2026-05-01,Саратовская область,403,4965000,3227100,28256,22355,9896,309,1938
2026-05-01,Ханты-Мансийский АО - Югра,300,4308800,2275300,20934,16644,4612,150,4898
2026-05-01,Брянская область,295,2986700,2002000,17541,13796,4324,197,242
2026-05-01,Запорожская область,5,75500,46500,1008,192,48,4,0
2026-05-01,Кировская область,345,3028600,2036600,17377,15350,7552,795,1833
2026-05-01,Ярославская область,564,4842100,3181300,30304,22804,7043,341,1662
2026-05-01,Вологодская область,503,4172900,2480300,23028,16660,7869,222,361
2026-05-01,Дагестан Республика,150,2382200,1511000,12060,10182,3045,124,3674
2026-05-01,Волгоградская область,690,5358500,3558000,37640,25462,8269,552,2421
2026-05-01,Кабардино-Балкарская Республика,229,2285900,1412700,10870,8365,2814,439,4681
2026-05-01,Курская область,183,1706600,1219400,13081,7458,2432,65,831
2026-05-01,Самарская область,747,9868000,6330000,66507,40403,15503,823,15024
2026-05-01,Курганская область,179,1643200,1146000,12009,7918,2747,74,142
2026-05-01,Башкортостан Республика,1203,15842000,10348900,115983,72367,28605,3087,21287
2026-05-01,Москва город,2111,89725500,52790600,422808,342144,165038,33494,289897
2026-05-01,Красноярский край,624,12010600,7384500,55080,56139,24074,3822,16773
2026-05-01,Мурманская область,15,194100,129400,1376,890,295,48,0
2026-05-01,Крым Республика,666,6474400,3906800,50971,22339,5683,254,7002
2026-05-01,Северная Осетия - Алания Республика,193,2113400,1336000,10474,7157,3326,253,2491
2026-05-01,Алтай Республика,52,343700,209000,2842,1130,400,42,171
2026-05-01,Псковская область,192,1614300,1104200,11676,6874,3133,73,178
2026-05-01,Забайкальский край,129,1368000,888500,10042,6699,2076,96,464
2026-05-01,Алтайский край,395,6372100,3643500,28599,27373,13723,2254,4991
2026-06-01,Кемеровская область - Кузбасс,353,3332600,2175700,26849,11974,4332,416,3186
2026-06-01,Пермский край,620,10337500,6502900,52296,48042,28388,3108,10119
2026-06-01,Самарская область,750,9957100,6388500,67170,40823,15644,824,15008
2026-06-01,Приморский край,735,10680200,6213500,82746,30712,11589,1189,27287
2026-06-01,Псковская область,195,1637200,1120800,11878,7001,3157,73,178
2026-06-01,Новгородская область,131,1204100,758500,6905,5075,2354,26,81
2026-06-01,Донецкая Народная Республика,97,1101400,679600,9231,4202,1230,19,405
2026-06-01,Карелия Республика,182,1635900,1058100,4570,10086,5332,1000,1240
2026-06-01,Бурятия Республика,278,2572200,1668400,17047,11047,3961,205,2115
2026-06-01,Тыва Республика,114,539600,350100,4546,2176,1103,32,0
2026-06-01,Томская область,167,1905800,1027100,8500,7390,3407,418,2842
2026-06-01,Липецкая область,536,2771200,1859500,16642,11873,4462,404,2460
2026-06-01,Рязанская область,279,5730600,3599600,42047,23625,6833,62,5338
2026-06-01,Луганская Народная Республика,89,1062500,585700,6182,3903,1260,128,287
2026-06-01,Саха (Якутия) Республика ,285,2916500,2007800,26328,13043,2445,160,1747
2026-06-01,Мордовия Республика,150,1270500,851300,8259,6098,1570,35,23
2026-06-01,Ярославская область,569,4927800,3213100,30848,23007,7070,341,1662
2026-06-01,Оренбургская область,515,4584800,2975200,32819,19305,7435,252,977
2026-06-01,Магаданская область,10,120000,74900,727,716,169,1,12
2026-06-01,Нижегородская область,768,8821500,5654500,54912,38928,14626,2020,12564
2026-06-01,Калининградская область,1079,9544600,6010500,66648,40759,9499,267,9525
2026-06-01,Воронежская область,724,13099000,7784500,89604,45517,20142,714,10762
2026-06-01,Камчатский край,24,358000,216400,1823,1384,500,1,212
2026-06-01,Калмыкия Республика,45,231000,167800,1195,1175,386,10,18
2026-06-01,Смоленская область,344,2415700,1761000,15555,12351,3856,174,1051
2026-06-01,Карачаево-Черкесская Республика,41,569200,363500,3264,1677,845,104,490
2026-06-01,Саратовская область,403,4965000,3227100,28256,22355,9896,309,1938
2026-06-01,Ямало-Ненецкий Автономный округ,268,1280500,835500,7801,5894,2374,170,1636
2026-06-01,Алтайский край,398,6426100,3676700,28983,27567,13815,2262,5105
2026-06-01,Ингушетия Республика,19,307900,182400,452,901,705,109,412
2026-06-01,Ульяновская область,428,3978800,2499600,24587,18430,6961,617,637
2026-06-01,Татарстан Республика,1359,18318300,10949300,105492,76801,30648,2819,39941
2026-06-01,Омская область,164,2772800,1668200,19970,9332,3504,146,3105
2026-06-01,Пензенская область,364,6514400,4135300,37947,26669,13993,736,7138
2026-06-01,Дагестан Республика,158,2525100,1549700,12295,10482,3137,129,3674
2026-06-01,Башкортостан Республика,1202,15861000,10355300,116401,72392,28534,3089,21626
2026-06-01,Ивановская область,221,2129100,1229700,10553,7371,3269,54,1233
2026-06-01,Ростовская область,1260,20705500,13055400,157464,84293,32936,1046,26594
2026-06-01,Санкт-Петербург город,1648,50831300,29284100,455970,150767,56819,5144,99132
2026-06-01,Курганская область,180,1656400,1154000,12067,8008,2765,74,142
2026-06-01,Кабардино-Балкарская Республика,230,2292600,1417700,10956,8393,2812,439,4681
2026-06-01,Челябинская область,826,9992500,6743100,51885,50703,24681,3635,4777
2026-06-01,Удмуртская Республика,525,7165800,4724300,49105,32410,13143,1565,4728
2026-06-01,Орловская область,145,1966400,1379200,14146,7426,3940,22,212
2026-06-01,Хабаровский край,435,5050200,3150000,28782,21878,10348,879,5914
2026-06-01,Ненецкий Автономный округ,13,38900,26800,139,224,176,3,0
2026-06-01,Коми Республика,89,1160800,767700,8295,4751,3137,371,123
2026-06-01,Чувашская Республика,494,5570900,3717900,32185,26843,7831,310,5136
2026-06-01,Херсонская область,18,279700,169400,3156,794,73,0,0
2026-06-01,Тамбовская область,224,1999000,1395800,14667,8500,3285,187,139
2026-06-01,Московская область,3162,57798700,36731900,407700,275420,95323,8832,60798
2026-06-01,Брянская область,297,3011700,2020900,17696,13902,4339,197,242
2026-06-01,Архангельская область,360,3303300,2188800,25000,14559,5765,431,2136
2026-06-01,Амурская область,160,1722100,994500,12099,6916,2018,79,1432
2026-06-01,Новосибирская область,2431,23113200,13007600,131732,81765,40488,4690,42987
2026-06-01,Чеченская Республика,103,2081900,1162800,10791,5094,2793,202,4671
2026-06-01,Ханты-Мансийский АО - Югра,301,4323400,2283200,20990,16700,4640,150,4939
2026-06-01,Мурманская область,15,194100,129400,1376,890,295,48,0
2026-06-01,Севастополь город,132,1125500,740200,8545,4635,1410,73,695
2026-06-01,Северная Осетия - Алания Республика,200,2214900,1386800,10895,7483,3414,257,2631
2026-06-01,Хакасия Республика,182,1719900,1017600,10521,5991,2682,244,785
2026-06-01,Тверская область,407,2785900,1769500,17325,11970,3702,525,874
2026-06-01,Тюменская область,1161,18227400,11310500,104208,81795,32023,3432,35890
2026-06-01,Астраханская область,194,2823300,1941200,23236,13548,4125,155,2074
2026-06-01,Курская область,184,1716900,1226900,13181,7488,2450,65,831
2026-06-01,Москва город,2114,89948700,52889700,423669,342738,165436,33559,290783
2026-06-01,Ставропольский край,770,10365100,6373300,72395,40754,11405,526,10356
2026-06-01,Алтай Республика,54,362100,221000,3038,1186,432,42,171
2026-06-01,Чукотский Автономный округ,8,24800,20500,106,242,44,5,0
2026-06-01,Адыгея Республика,280,2881500,1907100,27712,13529,2746,49,1239
2026-06-01,Ленинградская область,1427,21522900,13834600,246604,76125,19015,1620,10325
2026-06-01,Костромская область,315,1269300,881100,7534,6444,2079,46,269
2026-06-01,Крым Республика,656,6581000,3959000,51961,22536,5715,257,7291
2026-06-01,Волгоградская область,699,5426200,3601300,38167,25730,8398,557,2421
2026-06-01,Кировская область,346,3040400,2045000,17428,15417,7603,795,1833
2026-06-01,Иркутская область,800,5399800,3580700,40957,21725,7720,672,4646
2026-06-01,Вологодская область,510,4225100,2514000,23430,16857,7965,222,361
2026-06-01,Калужская область,337,3715500,2465700,23082,17578,5590,264,2129
2026-06-01,Красноярский край,624,12008800,7384500,55080,56139,24074,3822,16773
2026-06-01,Марий Эл Республика,298,2536500,1600700,12746,11505,4050,74,927
2026-06-01,Забайкальский край,133,1425400,926100,10587,6873,2142,102,464
2026-06-01,Запорожская область,5,75500,46500,1008,192,48,4,0
2026-06-01,Владимирская область,412,3388800,2280600,21432,14970,5806,186,2458
2026-06-01,Краснодарский край,3068,42068600,27535000,371514,175396,44742,2111,24237
2026-06-01,Сахалинская область,213,1849800,1086400,10762,8265,2157,118,1701
2026-06-01,Белгородская область,327,1988900,1289400,14971,8380,2589,53,863
2026-06-01,Свердловская область,1354,27245600,16848600,187106,110007,40890,3169,45440
2026-06-01,Тульская область,495,5641600,3763700,40156,26252,7552,119,3353
2026-06-01,Еврейская Автономная область,9,43700,28400,190,237,107,0,0
2026-07-01,Магаданская область,10,120000,74900,727,716,169,1,12
2026-07-01,Тверская область,418,2839900,1804500,17814,12140,3749,526,886
2026-07-01,Нижегородская область,775,8991800,5744500,55596,39608,14937,2020,12802
2026-07-01,Ленинградская область,1441,21856900,14019300,249865,77310,19248,1621,10942
2026-07-01,Запорожская область,5,75500,46500,1008,192,48,4,0
2026-07-01,Московская область,3203,58114200,36926700,409678,276572,95815,8977,61411
2026-07-01,Ханты-Мансийский АО - Югра,304,4352500,2302900,21188,16844,4675,151,4939
2026-07-01,Курская область,185,1719600,1228400,13194,7501,2451,65,831
2026-07-01,Карелия Республика,181,1632100,1055700,4497,10073,5329,1000,1240
2026-07-01,Хабаровский край,443,5210600,3226300,29695,22373,10575,882,5857
2026-07-01,Ульяновская область,433,4010400,2520600,24803,18570,7022,617,637
2026-07-01,Адыгея Республика,286,3005100,1978400,28539,13970,2918,54,1362
2026-07-01,Кемеровская область - Кузбасс,353,3334900,2175600,26742,12028,4384,420,3185
2026-07-01,Чувашская Республика,497,5594800,3734500,32322,26973,7857,310,5136
2026-07-01,Калининградская область,1104,9710300,6112600,67864,41460,9554,268,9589
2026-07-01,Чукотский Автономный округ,8,24800,20500,106,242,44,5,0
2026-07-01,Алтайский край,400,6443700,3688100,29179,27585,13832,2262,5136
2026-07-01,Москва город,2121,90491900,53151900,425691,344033,166146,33615,293050
2026-07-01,Севастополь город,132,1125500,740200,8545,4635,1410,73,695
2026-07-01,Костромская область,315,1269300,881100,7534,6444,2079,46,269
2026-07-01,Ивановская область,224,2165900,1252700,10762,7510,3309,54,1272
2026-07-01,Новосибирская область,2453,23109600,13030200,131917,81673,40263,4781,42948
2026-07-01,Архангельская область,363,3321000,2199400,25064,14621,5828,440,2136
2026-07-01,Курганская область,177,1634300,1139200,11847,7929,2725,74,142
2026-07-01,Хакасия Республика,183,1741500,1031900,10604,6047,2760,244,785
2026-07-01,Санкт-Петербург город,1650,50915300,29327400,456774,150950,56978,5114,99670
2026-07-01,Херсонская область,18,279700,169400,3156,794,73,0,0
2026-07-01,Красноярский край,629,12061700,7424300,55464,56362,24187,3822,16773
2026-07-01,Бурятия Республика,288,2605400,1689800,17330,11195,3983,205,2115
2026-07-01,Камчатский край,24,358000,216400,1823,1384,500,1,212
2026-07-01,Свердловская область,1365,27658800,17094000,190475,111610,41403,3204,46325
2026-07-01,Томская область,166,1884900,1017500,8392,7336,3389,418,2720
2026-07-01,Тамбовская область,226,2011700,1405100,14751,8566,3303,187,139
2026-07-01,Челябинская область,838,10075800,6803600,52367,51091,24909,3708,5027
2026-07-01,Тюменская область,1164,18290200,11349900,104589,82128,32101,3432,36229
2026-07-01,Смоленская область,345,2428900,1770700,15716,12402,3876,174,1051
2026-07-01,Дагестан Республика,158,2525100,1549700,12295,10482,3137,129,3741
2026-07-01,Липецкая область,569,2810400,1887500,17133,11952,4475,420,2460
2026-07-01,Вологодская область,525,4240800,2526400,23504,16925,8013,219,361
2026-07-01,Марий Эл Республика,300,2560700,1616200,12817,11631,4078,73,927
2026-07-01,Луганская Народная Республика,92,1078700,606800,6455,4013,1288,128,287
2026-07-01,Иркутская область,803,5471000,3622400,41412,21932,7809,689,4867
2026-07-01,Псковская область,198,1650800,1130800,11928,7088,3178,73,178
2026-07-01,Мордовия Республика,152,1301400,869800,8549,6204,1592,35,23
2026-07-01,Амурская область,161,1731700,999900,12184,6926,2033,79,1432
2026-07-01,Коми Республика,89,1160800,767700,8295,4751,3137,371,123
2026-07-01,Волгоградская область,719,5558900,3690100,38989,26454,8677,557,2421
2026-07-01,Северная Осетия - Алания Республика,200,2214800,1387000,10876,7483,3424,257,2658
2026-07-01,Крым Республика,672,6729800,4042800,52912,23062,5861,262,7530
2026-07-01,Калужская область,342,3755400,2486900,23288,17708,5654,266,2228
2026-07-01,Оренбургская область,521,4546000,2947500,32401,19126,7390,270,977
2026-07-01,Башкортостан Республика,1225,15943100,10405000,116602,73101,28689,3095,21692
2026-07-01,Астраханская область,199,2862900,1977600,23748,13598,4286,155,2150
2026-07-01,Кировская область,351,3107100,2082200,17562,15712,7822,818,1945
2026-07-01,Сахалинская область,214,1886000,1105500,10979,8344,2223,127,1838
2026-07-01,Саха (Якутия) Республика ,289,2934900,2021300,26467,13168,2451,160,1747
2026-07-01,Белгородская область,327,1989300,1289700,14971,8380,2589,53,863
2026-07-01,Воронежская область,730,13164000,7827600,90009,45863,20226,722,10788
2026-07-01,Мурманская область,16,209500,139500,1450,979,325,48,0
2026-07-01,Пензенская область,367,6569600,4170900,38380,26949,14051,753,7008
2026-07-01,Тульская область,500,5746700,3830300,40807,26832,7616,119,3599
2026-07-01,Ставропольский край,775,10440800,6422800,72922,41099,11482,527,10417
2026-07-01,Татарстан Республика,1359,18404700,10992400,106122,77037,30756,2811,40511
2026-07-01,Удмуртская Республика,528,7213700,4756500,49306,32605,13296,1586,4728
2026-07-01,Алтай Республика,55,372400,224800,3129,1207,432,42,171
2026-07-01,Омская область,164,2774800,1668100,19957,9362,3503,146,3105
2026-07-01,Владимирская область,424,3413000,2296900,21578,15107,5832,186,2458
2026-07-01,Еврейская Автономная область,10,61700,38400,453,237,107,0,61
2026-07-01,Забайкальский край,133,1425400,926100,10587,6873,2142,102,464
2026-07-01,Брянская область,296,3005200,2013700,17642,13831,4335,197,242
2026-07-01,Калмыкия Республика,45,231000,167800,1195,1175,386,10,18
2026-07-01,Рязанская область,281,5782900,3631300,42404,23841,6909,62,5294
2026-07-01,Ярославская область,577,5063800,3266800,31355,23382,7193,342,1714
2026-07-01,Ингушетия Республика,19,307900,182400,442,904,712,109,412
2026-07-01,Самарская область,763,10161700,6520000,68340,41803,15994,872,15114
2026-07-01,Ямало-Ненецкий Автономный округ,268,1285100,838000,7815,5925,2391,170,1636
2026-07-01,Карачаево-Черкесская Республика,41,566200,363500,3264,1677,845,104,490
2026-07-01,Краснодарский край,3076,42481500,27702400,374184,176499,44994,2104,24448
2026-07-01,Приморский край,741,10762200,6269800,83528,30982,11673,1226,27684
2026-07-01,Донецкая Народная Республика,97,1101400,681500,9230,4203,1230,19,405
2026-07-01,Саратовская область,409,5005200,3252900,28462,22468,10033,309,1938
2026-07-01,Тыва Республика,117,560500,363400,4688,2276,1161,32,0
2026-07-01,Пермский край,627,10507000,6599200,52953,48778,28868,3132,10266
2026-07-01,Ростовская область,1261,20725500,13055200,156591,85187,33026,1047,26604
2026-07-01,Чеченская Республика,104,2099100,1172100,10879,5142,2833,202,4671
2026-07-01,Новгородская область,131,1204100,758500,6905,5075,2354,26,81
2026-07-01,Кабардино-Балкарская Республика,234,2319400,1444500,11182,8532,2863,439,4626
2026-07-01,Орловская область,147,1974000,1383800,14209,7468,3944,22,212
2026-07-01,Ненецкий Автономный округ,13,38900,26800,139,224,176,3,0
