developer_id,developer_name,developer_inn,developer_ogrn,active_projects,total_construction_volume,living_construction_volume,avg_project_floors,regions_count
7364,СЗ-1 ЮСИ-ДОН,6163148597,1166196086891,136,1951758.50,1143840.40,11.46,1
154,БРУСНИКА,6671382990,1116671018958,48,1506025.88,860147.55,15.54,8
15042,СЗ СЭТЛ ЭСТЕЙТ,7810733993,1187847194490,33,1476498.20,783730.22,22.39,1
18490,СЗ ГРАДСТРОЙПРОЕКТ,2311311443,1202300058586,66,989025.26,453266.77,10.15,1
10445,СЗ А101,7751172550,1197746656095,14,927476.37,483306.70,17.29,1
19464,СЗ КАП,2312312810,1222300046319,27,892639.20,470916.60,10.96,1
17384,СЗ ЖИВЫЕ КВАРТАЛЫ,2312314158,1222300055790,48,881436.72,503063.00,12.00,1
24450,СЗ КРАСНОДАРСКИЙ ДЕВЕЛОПЕР 1,2308290151,1232300011184,49,838806.15,421449.10,9.96,1
19589,СЗ КСАР,2308183431,1112308009550,67,830791.80,417071.10,9.81,1
22850,СЗ СТОЛИЦЫНО,2366024462,1202300068761,19,814354.23,470080.40,15.74,1
20019,СЗ МАГНУМ-СТАВРОПОЛЬЕ,6102077797,1236100007483,5,705165.50,82979.50,9.80,1
24976,СЗ СТРОЙДОМКРАСНОДАР,2328006046,1122328000112,39,672182.87,319523.06,5.64,1
17148,СЗ РОСТОВСТРОЙ-ДОН,6164138746,1226100020970,13,663504.54,393908.07,24.15,1
239,ЛСР. НЕДВИЖИМОСТЬ-СЗ,7826090547,1027810227884,37,613565.79,360607.14,16.16,1
16007,КВАРТАЛ РЕСПУБЛИКИ 205. ТЮМЕНЬ,7203523143,1217200011621,18,579172.27,242673.93,15.44,4
14011,СЗ ЭТАЛОН-ЕКАТЕРИНБУРГ,7814799956,1217800171137,14,524363.34,267368.72,16.79,1
14082,СЗ ДОГМА-ПАРК 21,2311322580,1212300046771,38,507642.13,292446.10,10.00,1
27103,СЗ СТРОЙПАРК,2311250215,1172375102305,49,492826.84,280075.60,11.33,1
6316,СЗ ЕЛЬЦОВСКИЙ,5402577164,1145476072378,4,483197.94,41674.85,17.25,1
17877,СЗ НИГО-ХОЛДИНГ,8903020348,1028900577760,8,478867.58,280374.45,15.63,1
14174,ФОНД РЕНОВАЦИИ,7703434808,1177700018319,15,476218.95,280346.50,20.93,1
13738,СЗ ПАРК ПОБЕДЫ-2,2311318262,1212300023154,28,471913.40,310607.00,9.50,1
866,СЗ-20 ЮСИ,2635224470,1162651079381,35,469360.20,266321.40,13.54,1
2260,СЗ РСГ-АКАДЕМИЧЕСКОЕ,6658328507,1086658031052,18,468475.89,292339.83,14.94,1
215,СЗ ТИРОН,7709490911,1167746411799,7,462716.96,259594.60,21.57,1
16594,СЗ ПРОЕКТ-СТРАНА-18,4706057359,1234700004692,10,453918.51,278806.59,19.20,1
13681,СЗ СЭТЛ СТАНДАРТ,7810787580,1207800014487,5,444527.98,198961.27,14.40,1
12691,СЗ 1,1655458001,1211600037835,17,438034.03,61377.20,8.24,1
9364,СЗ ТПУ ЛЕСОПАРКОВАЯ,7701387380,1147746148263,5,436123.65,256217.56,37.20,1
17343,СЗ ПРОЕКТ-СТРАНА-4,2543167422,1222500017893,20,435049.61,251521.17,25.20,1
9034,СЗ КАПИТАЛЪ,2312253040,1162375047262,9,434907.77,216393.91,19.56,1
18542,СЗ СК АВАНГАРД,2308210276,1142308006774,7,433845.05,237741.90,24.00,1
16666,СЗ ССК НОВОРОССИЙСК,2315213302,1192375058083,49,433418.65,193469.04,10.45,1
12959,СЗ СЕМЬЯ-ТЁПЛЫЕ КРАЯ,2309110436,1082309001433,27,417000.34,228376.55,14.48,1
868,СЗ ЮГСТРОЙИМПЕРИАЛ,2309137163,1132309005289,11,406503.16,275927.18,18.73,1
24067,СЗ МЕГА СТРОЙ,3666267267,1233600011039,4,404177.06,54452.24,10.00,1
11543,СБЕРСИТИ,5024093941,1085024000698,21,386499.53,191995.04,10.86,1
15938,СЗ САМОЛЕТ СЕВЕРО-ЗАПАД,7813632175,1197847055691,24,372750.72,247733.51,10.46,1
728,СЗ РАЗВИТИЕ И ПАРТНЕРЫ,3662234359,1163668097229,6,362948.73,132545.16,19.00,1
1205,ЖИЛСТРОЙИНДУСТРИЯ,3525108923,1033500040530,25,362944.72,144370.34,13.72,1
14655,СЗ КП №5,6163222120,1216100005550,5,362356.77,192947.62,21.60,1
17078,СЗ СЕТУНЬ АЛГ,7730504250,1047796133330,2,351696.53,168864.26,43.00,1
18944,СЗ СТРОЙКАПИТАЛ,9731123420,1237700737295,2,343659.48,191916.71,66.50,1
13820,СЗ ТПУ ТЕРЕХОВО 9,9709057162,1197746703032,3,342935.50,174812.70,22.00,1
16400,СЗ САМОЛЕТ-НОВОСАРАТОВКА,4706047569,1224700005573,15,342162.63,235459.16,17.27,1
12944,СЗ НОРД СИТИ,7810781281,1197847230932,20,332113.38,167398.89,6.00,1
17741,СЗ НОВЫЕ ТЕХНОЛОГИИ,2366034887,1222300017213,13,328854.30,162499.50,12.69,1
30226,СЗ-ЭВЕРЕСТ,9403030036,1249400003753,15,324885.09,136668.78,9.07,1
14557,СЗ ГРАНДСОЮЗИНВЕСТ,7704802677,1127746164204,4,324241.60,128632.00,11.50,1
1304,СЗ ГРАДОЛИМП,7703788074,1137746339720,10,321290.44,193864.23,10.00,1
30594,СЗ СТРАНА СИТИ,9704228030,1237700810269,1,316233.40,137341.60,101.00,1
18880,СЗ ЭПОХА,9729332579,1227700701392,3,313795.70,152434.00,24.67,1
12545,СЗСЕМЬЯ-НОВОРОССИЙСК-2,2315215130,1202300001441,32,310280.32,142619.27,10.41,1
12234,СЗ КОНЦЕПТ ИММО ДЕВЕЛОПМЕНТ,7703529947,1047796752926,8,308981.47,130972.80,7.63,1
13827,СЗ АПД,9705087889,1177746118329,4,307379.20,225357.80,65.00,1
2438,СЗ РАЗВИТИЕ,5032085920,1035006456650,5,306984.80,149769.70,40.20,1
1119,СЗ НОВЫЙ ГОРОД,2464057265,1042402522150,7,306596.97,158197.36,16.43,1
15702,СЗ ТЕРРИТОРИЯ КОМФОРТА,7708333271,1187746672222,6,305475.46,189695.90,21.67,1
19270,СЗ ГУД-СИТИ,7714429768,1187746707191,6,303209.50,205206.90,52.50,1
23923,СЗ АНАПА СИТИ,2312319928,1232300037012,15,301320.30,112714.45,7.27,1
1339,СЗ ПАРУС,5836654615,1125836006570,7,300598.90,162884.90,20.86,1
16912,СЗ ГАЛАКТИКА 4,6162088200,1227700776797,12,299453.10,179210.21,21.67,1
16474,СЗ ТРИУМФ КАПИТАЛ,7751185848,1207700349460,3,296393.70,154593.50,49.00,1
11410,СЗ ЗИЛ-ЮГ,7725852742,1147748024170,8,294792.89,150293.50,17.50,1
3175,СЗ РАЗВИТИЕ СЕВЕР,3662218533,1153668063900,4,293332.42,93758.88,22.00,1
15962,СЗ НДК - МОРЕ,9103012773,1149102106779,15,293215.55,141644.84,13.53,1
30107,СЗ Т2-ДЕВЕЛОПМЕНТ,9715447749,1237700277781,1,292983.00,100219.00,94.00,1
14734,СЗ ДОГМА-ВОСТОК,2311317082,1212300015586,33,292106.30,172328.30,10.33,1
21876,СЗ ГОРНЫЕ ВЫСОТЫ,0100006743,1230100003033,17,289093.00,131994.39,12.29,1
11055,СЗ БАДАЕВСКИЙ,7730014425,1027700287537,3,288006.60,93412.80,17.33,1
9058,СЗ МСК ЛЮБЛИНСКАЯ,7743292998,1197746141471,5,285907.72,190523.60,26.00,1
20111,ЛЕГЕНДА ЗАЛИВА,9717106913,1217700495352,2,285110.93,151840.00,20.50,1
7354,СЗ ДСК-1,8602058789,1028600601006,13,282024.81,182443.64,16.85,1
15192,СЗ ТАЛАН-РЕГИОН-24,1841079988,1181832015606,21,279520.60,179793.70,16.71,1
6560,"СЗ УФИМСКОЕ ГОРОДСКОЕ АИК, АО СЗ УГАИК",0276056635,1020202860721,13,276456.20,188677.00,9.00,1
16452,СЗ МЕГАСТРОЙ,9729307396,1217700179487,16,274142.60,143608.60,13.81,1
1538,СЗ ОТРАДА ДЕВЕЛОПМЕНТ,5024091623,1075024008938,32,272283.90,132173.10,5.22,1
14220,СЗ КОЛИБРИ,2367014107,1202300026598,4,268439.60,0.00,8.00,1
13298,СЗ АКВАМАРИН,5402063793,1205400055552,23,266786.98,177398.62,19.30,1
19070,СЗ АНАПАСТРОЙПРОЕКТ,2312311083,1222300033757,4,266765.00,143725.50,11.50,1
14527,СЗ ТРЕНД-ГРУПП,7717701806,1117746478200,4,264218.03,106862.05,30.25,1
3445,СЗ ПЕРВЫЙ МОСКОВСКИЙ,7751036892,1177746136370,10,262869.00,200213.40,19.90,1
15801,СЗ ГОЛДФИШ,7709733836,5077746477760,4,260031.20,141516.20,14.50,1
20852,СЗ СТРАНА Е ПРУДЫ,9703136266,1237700153382,5,257018.55,144580.39,22.60,1
16335,СЗ ССК КАЛИНИНГРАД,3906412009,1223900003590,14,255141.86,146676.32,8.00,1
13544,СЗ ОСТРОВ СИТИ,7810781309,1197847230998,7,253627.26,113622.49,8.00,1
18629,СЗ Д-ФИНАНС,2311343639,1232300000899,4,253419.92,166580.17,25.50,1
12943,СЗ СТРАНА ЗАПАД,7203518337,1217200005681,10,252615.95,137071.24,14.80,1
17025,СЗ МАРЬИНО,9724098029,1227700565938,3,249240.80,148182.30,17.67,1
19315,СЗ ИНВЕСТ-ПРОГРЕСС,1655376599,1161690178374,4,247361.80,137500.30,25.50,1
12220,СЗ ЛСР,7838082999,1187847328294,9,244744.92,153109.71,23.78,1
17945,СЗ ИЗУМРУДСТРОЙ-1,2311257958,1182375034874,18,244706.96,114662.88,6.61,1
18546,СЗ ЛИГАСТРОЙ,7805779047,1217800070938,3,244024.00,148850.82,19.00,1
21020,СЗ ССК-СПБ,9705171435,1227700320572,5,238191.47,141760.78,20.20,1
16902,СЗ ГОРИЗОНТ,6500011435,1236500004069,15,236046.62,42189.50,5.00,1
28410,СЗ АТМОСФЕРА,0274394981,1250200015251,8,235380.06,142397.47,28.63,1
497,СЗ ПРИГОРОД ЛЕСНОЕ,7725790373,1137746376910,4,233690.78,152728.10,18.00,1
273,СЗ БЭСТ-СТРОЙ УНИСТРОЙ,6659158985,1076659014860,4,232115.50,137392.40,30.25,1
18385,СЗ МКС,0300018859,1230300008410,13,231835.00,174825.00,15.00,1
7719,СЗ БАСТИОН,7728458737,1197746056705,4,230867.00,130965.10,16.50,1
13649,СЗ ЭТАЛОН-ОМСК,5501271610,1215500012452,6,230127.84,111734.30,13.17,1
19165,СЗ ВЕРЕЙСКАЯ,9703146842,1237700387176,2,229497.10,131476.50,61.50,1
2482,СЗ ИНТЕР-ТЕП,2926010105,1022900529398,14,228350.27,166322.32,14.43,1
4044,СК  НОВЫЙ ВЕК,6449033429,1026401975940,4,227852.90,152940.30,26.00,1
14624,СЗ УНИВЕРСАЛСТРОЙ,5024201668,1195081094152,6,226731.68,114282.51,10.50,1
20958,СЗ БЕРЕГ,5262127571,1045207806731,5,225782.96,111738.69,12.80,1
13073,СЗ ПФК,7702815127,1137746417830,2,225296.30,133984.00,31.00,1
40295,СЗ АЛМАЗСТРОЙ,2312319131,1232300030600,16,224768.90,0.00,6.19,1
172,СЗ-3 ЮСИ КУБАНЬ,2311152539,1122311014495,13,224267.90,96742.40,10.54,1
18989,СЗ СТРАНА.КОММУНИСТИЧЕСКАЯ,7203552112,1237200003457,4,222766.20,99025.49,22.75,1
13781,"СПЕЦСТРОЙ ЯБЛОЧКОВА, 26",5903149459,1215900009093,10,222638.75,163003.70,20.40,1
12177,СЗ КОНВЕРСИЯ,6163103892,1106193004675,9,221781.42,128720.33,16.89,1
1927,СЗ ЛСР.ОБЪЕКТ-М,7725549175,1057748299113,2,221772.54,111806.10,44.50,1
13570,СЗ СЭТЛ РАЗВИТИЕ,7814783057,1207800155342,9,221338.88,119854.37,13.11,1
11964,ГРК ЭНКО,7203437864,1177232036420,6,220883.32,107297.77,18.50,1
13733,"СЗ КУТУЗОВСКИЙ, 16 (ООО)",7715865510,1117746359235,2,220356.30,141550.10,46.00,1
37439,СЗ ИНВЕСТДЕВЕЛОПМЕНТ-1,2312327943,1242300032831,3,220241.20,99430.40,15.00,1
17006,СЗ МОЙ РИТМ,1624000349,1021607361049,3,220084.49,97643.75,21.33,1
14233,СЗ НАЧАЛО,9729315076,1217700516230,2,218811.60,101303.00,39.00,1
17027,КВАРТАЛ МЕТРОНОМ,7734443778,1217700280654,2,217790.00,138678.80,32.50,1
10954,СЗ СНС,5041204154,1165012050994,4,217656.07,100871.49,21.50,1
14642,СЗ ЧАСОВАЯ,9709044935,1197746127215,2,216273.00,108698.70,28.50,1
15942,СЗ НМ-КОНСАЛТ,9721090818,1197746701877,12,215930.50,122732.20,20.92,1
16750,CЗ ФЕМИЛИ РЕЗОРТ НЕБУГ,2308288843,1222300064931,25,213382.74,0.00,4.84,1
17063,СЗ САМОЛЕТ-ТАЛЛИНСКОЕ,5027297904,1215000072110,6,212889.12,127483.16,11.67,1
14833,СЗ ИНСИТИ К-8,2311312359,1202300062821,8,212375.18,120139.80,10.38,1
21273,"ЭЛЕМЕНТ 5,6",7813682056,1247800079823,2,211901.03,112349.50,19.00,1
3751,СЗ САМОЛЕТ-ПУТИЛКОВО,5027243320,1165027057458,4,210883.58,126524.30,21.00,1
17244,СЗ ПРОСТОРЫ КРЫМА,9108127672,1229100012393,18,210049.73,112624.39,8.56,1
12842,СЗ ЦЕНТРПОЛИС,7743345103,1207700284296,4,209446.00,121686.70,29.00,1
17623,СЗГРАЖДАНСТРОЙАНАПА,2312320105,1232300038079,4,209208.70,0.00,10.00,1
8954,ГС-САВВИНО - СПЕЦЗАСТРОЙЩИК,5012080176,1135012005721,5,208724.82,144559.10,23.20,1
29873,СЗ ЖИЛСТРОЙИНВЕСТ 1,9403031209,1249400007130,18,208668.14,132326.87,12.28,1
6280,СЗ ЛЕГИС,7730618956,1097746775620,7,206982.64,141204.40,8.00,1
15926,СЗ САМОЛЕТ-САБАНЕЕВА,2543164340,1222500006354,3,205037.10,37847.20,28.00,1
14513,СЗ СТРОЙДОМ-ИНВЕСТ,3666253627,1203600039543,5,203922.93,134848.05,19.80,1
13237,СЗ ЗЕЛЕНОГРАДСКИЙ,7735092843,1027739388511,4,201363.05,125607.90,27.25,1
933,СПЕЦЗАСТРОЙЩИК КСМ,4345077227,1044316516606,10,201349.91,125479.00,15.20,1
16044,СЗ ГЛОБАЛПЛЮС,1685010048,1231600010652,6,200950.84,89476.54,17.17,1
515,СЗ БУХТА ЛЭНД,7731477627,1147746948250,2,200713.88,0.00,32.00,1
7,СЗ ГОРОДОК,7203312417,1147232033310,2,199634.90,105777.82,32.00,1
4568,СЗ ШЕРЕМЕТЬЕВО-4,5015008347,1075015000279,6,199630.30,109261.10,14.83,1
16245,СЗ САМОЛЕТ-СТРОГИНО ПАРК,5032037644,1025004069276,3,199313.45,116098.45,25.00,1
18981,СЗ МЕГАПОЛИС ТУЛА,1300010040,1241300000754,6,198938.80,103463.04,19.67,1
9045,БЕРЕГОВОЙ - СПЕЦЗАСТРОЙЩИК,7730014070,1037739783124,2,198155.50,107306.40,18.00,1
596,СЗ ЛСР. НЕДВИЖИМОСТЬ-УРАЛ,6672142550,1026605389667,7,197308.30,121134.00,21.57,1
15746,СЗ СК ТЕХЮГСТРОЙ,2311340860,1222300057760,20,196972.90,97600.21,8.35,1
27915,СЗ ГРУППА КОМПАНИЙ ПРАВОВОЙ СТАНДАРТ,2312165185,1092312007336,3,196324.50,133471.50,19.00,1
19017,СЗ СТРАНА.ЯРОСЛАВСКАЯ,7203552105,1237200003446,5,195383.19,103239.43,22.60,1
14846,СЗ ТПУ РОСТОКИНО,7702441440,1187746836980,2,193155.16,0.00,38.00,1
13473,СЗ ЛИГОВСКИЙ СИТИ,7806543527,1187847148785,4,192954.58,85598.40,15.00,1
15681,СЗ СПБ РЕНОВАЦИЯ - СЛАВЯНКА-6,7840102025,1227800124991,6,191184.13,106638.94,19.33,1
13090,СЗ ИСБ-НЕДВИЖИМОСТЬ,9705130661,1197746232804,3,191047.32,115127.04,20.33,1
22241,СЗ СПИКА,5260494939,1245200012199,5,190844.39,124344.89,14.80,1
2071,СЗ СТАДИОН СПАРТАК,7709574093,1047796801920,2,190811.80,109771.80,24.00,1
16102,СЗ ОЛИМП-КАМЧАТКА,4101187313,1194101000906,10,190310.28,104834.88,14.60,1
1006,СЗ АКВА СИТИ,5407480952,1125476185889,3,189964.62,60382.20,20.67,1
10627,СЗ ЭНЕРГОСТРОЙ,5410077581,1185476100039,11,189625.00,106948.50,14.09,1
15876,СЗ ОРЕНБУРГСТРОЙ,5610247921,1235600000580,10,189163.60,114395.41,20.90,1
18656,СЗ УРАЛЬСКАЯ 87,2312298844,1212300009536,51,189108.90,115117.74,8.49,1
17178,ООО СЗ ЩИБРОВО,9701058929,5167746459106,4,187805.39,153945.10,19.00,1
13533,СЗ МТ-ДЕВЕЛОПМЕНТ,1660363355,1211600036361,5,187519.30,100793.50,21.20,1
12935,СЗ САМОЛЕТ-ЮРЛОВО,5003136930,1195027025786,4,187450.31,106997.37,10.75,1
13696,СЗ ФРИДОМ-СИТИ,5405351743,1075405020855,2,187397.50,0.00,26.00,1
15972,СЗ САМОЛЕТ-МАРЬИНО 1,7751191111,1217700016346,4,186572.72,118745.59,19.75,1
15698,СЗ СТОЛИЦА ЮГА,7714468848,1217700064328,4,185458.20,109140.30,19.75,1
16698,ЛЕГЕНДА ВАСИЛЬЕВСКОГО,7810973191,1237800028366,8,182806.85,96750.00,9.25,1
3873,СЗ НОВЫЙ ГОРИЗОНТ,7722442850,1187746256390,2,181323.00,123059.80,26.00,1
23048,СЗ НОВОСЕЛЬЕ-2,4707053815,1234700031752,11,180417.45,117512.66,13.00,1
13663,СЗ ГАРТЕЯ,5018094457,1045003358245,1,180225.00,0.00,31.00,1
3495,СЗ К2,7204190698,1137232032728,3,180024.40,97000.85,22.00,1
433,СЗ СКГ,9102039187,1149102074197,8,179402.93,115107.99,21.75,1
3111,СЗ СОЮЗ - ИНВЕСТ,5448456469,1145476139324,7,179263.50,119737.90,16.57,1
22989,СЗ ГРАД ПЛАЗА,9721188789,1227700803857,1,178316.70,104645.50,62.00,1
24943,СЗ Б2-ДЕВЕЛОПМЕНТ,9710095229,1227700022769,16,177645.41,110334.34,6.31,1
14801,СЗ САМОЛЕТ-ЛАЙКОВО,5027297020,1215000057161,5,176520.90,102375.04,12.20,1
15959,СЗ ВЛАДОГРАД,2309151841,1162375034260,6,175753.22,107339.43,16.67,1
94,ВСЗ,3525168231,1063525104576,7,174693.10,69680.90,11.14,1
22820,СЗ ПРОЕКТ-С-23,6166128165,1236100015821,3,173954.68,90960.08,22.00,1
2784,СЗ СПБ ПРИМОРСКОЕ,7703744616,1117746394402,19,173709.81,0.00,5.00,1
38429,СЗ НОВАГРАД,7805780405,1217800091123,8,173626.22,96074.18,13.38,1
15576,СЗ К-ДЕВЕЛОПМЕНТ,9715391912,1207700405000,2,173443.65,110481.38,53.50,1
13344,СЗ КОСМОС,7207021070,1217200000830,5,173372.85,90654.30,19.80,1
15534,СЗ ЗЕЛЕНЫЙ САД - ПРЕМЬЕР,6234103362,1126234005424,3,173085.10,86353.60,20.00,1
14737,СЗ ДРЕВО.ГРИНРИВЕР,6317149441,1206300052925,7,172825.44,121506.71,28.57,1
6783,СЗ ПЕРЕДЕЛКИНО БЛИЖНЕЕ,7751035602,1177746073284,5,172751.60,122786.70,15.80,1
13011,СЗ САМОЛЕТ-КОРОБОВО,7725790366,1137746376877,6,172446.05,110958.04,18.00,1
18789,СЗ ДОГМА ВОДА,2311308923,1202300047058,19,171355.11,108069.32,8.58,1
14827,СЗ САМОЛЕТ-ЧАРКОВА,7203534716,1227200004074,7,171274.37,101265.18,20.43,1
13577,СЗ НОВЫЙ ЭЛЕМЕНТ,7810770106,1197847154229,3,170961.97,71548.40,13.00,1
15980,СЗ ФОРТУНА,5030056345,1065030023101,6,170302.86,118050.40,23.50,1
17727,СЗ СТОУН,7805586408,1127847229223,7,169914.41,106191.99,15.00,1
11079,СЗ ЦЕНТР СТРОЙ,2301102458,1202300057630,13,169633.30,79693.82,18.15,1
15374,СЗ МИЧУРИНА 27,6316259378,1196313072405,2,169366.17,83422.57,31.50,1
6426,СЗ ГСД,7727750873,1117746401123,2,169131.01,73652.20,23.00,1
498,СЗ САМОЛЕТ-ТОМИЛИНО,5027240182,1165027054059,3,167645.56,59516.47,15.00,1
6096,БАЛАНС - СПЕЦЗАСТРОЙЩИК,7721228357,1027700072520,1,167090.70,97418.10,32.00,1
13416,СЗ ПРЕСНЕНСКИЙ ВАЛ 27,7703071061,1027739183230,2,167054.32,93538.61,35.50,1
16384,СЗ ДНС СИТИ,2502062773,1202500017664,6,167043.38,109970.63,12.83,1
6189,СЗ АРТ ЭЛЬ,6501260113,1136501007830,14,166125.06,83722.19,16.36,1
9410,СЗ РАЗВИТИЕ АРТ ДЕКО,3666146223,1073667031294,2,166062.00,54603.94,24.00,1
12934,СЗ САМОЛЕТ-МОЛЖАНИНОВО,9731002497,1187746498136,3,166015.97,107139.60,17.67,1
12950,СЗ ПОТЕНЦИАЛ,7810759896,1197847132658,2,165650.00,89844.66,16.50,1
17489,СЗ УГМК-ЕКАТЕРИНБУРГ,6678129524,1236600025815,3,165617.60,63704.90,31.00,1
16957,СЗ ДОГМА-ОМСК,5503255928,1215500029370,4,165357.44,94039.53,17.00,1
45222,СЗ МЕТРИКС ДЖУБГА,2308284782,1222300014111,6,163559.52,24656.80,10.00,1
8604,СЗ НА МИНСКОЙ,7203275451,1127232013380,2,163450.61,100239.86,26.00,1
7874,СЗ ЖКС,5402015408,1165476063763,5,160744.90,21905.76,28.00,1
13555,СЗ ИНСИТИ К-16,2311312380,1202300062854,7,159950.33,79384.75,7.00,1
16463,СЗ ЖК ЯРКИЙ. РИГА,5024214427,1215000064663,4,159935.04,71503.80,6.50,1
44908,СПЕЦЗАСТРОЙЩИК ЖЕЛЕЗНО СИМБИРСК,7300051369,1267300003310,9,159924.64,107679.82,9.56,1
37320,СЗ ОКТЯБРЬ,9403032756,1259400001992,18,159424.39,103198.00,13.67,1
12828,СЗ ТЕЛЕКОМСТРОЙ,7708794240,1137746698275,4,158888.96,58402.36,14.00,1
16551,СЗ ЗЕЛЕНЫЙ САД - РЯБИНОВЫЕ ГРОЗДЬЯ,6234106878,1126234009439,25,158392.10,109613.50,6.84,1
17751,СЗ ДИВИНУС ИММОБИЛА,7730219101,5167746297648,1,158299.10,84920.70,21.00,1
15453,СЗ НОВАЯ ЛИВАДИЯ,7730646840,1117746510640,2,158242.97,81514.20,22.00,1
16228,СЗ КАПИТАЛ ЭСТЕЙТ,1655401823,1181690036087,2,157379.80,75263.70,24.50,1
6806,СЗ КАПИТАЛ ИНВЕСТ НСК,5403323525,1105476074494,2,156776.36,82811.90,29.00,1
16525,СЗ НОВОПЕСЧАНАЯ,9709059829,1207700073910,2,156692.00,100171.70,44.00,1
17681,СЗ ИК СТРОЙИНВЕСТИЦИЯ,3906395890,1203900013360,35,155950.11,89600.19,5.00,1
17560,СЗ СИМФОНИЯ,7448247148,1227400045652,4,155607.61,101939.27,16.75,1
2827,СЗ МЕТРОМАШ,7718013457,1027739733284,2,155511.44,55699.40,26.50,1
13082,СЗ ОФЕРТА,5001119992,1185053013420,1,155463.57,84910.15,25.00,1
12309,СЗ СКВ СПБ,7803048130,1027809240876,8,155440.50,77035.40,6.75,1
2803,СЗ ТЕРМИНАЛ-РЕСУРС,7820338713,1147847391834,13,155091.06,109106.90,5.00,1
14675,СЗ ТЕМПО,5402066547,1215400018019,8,155088.79,103716.70,26.50,1
14252,СЗ ИСБ-ДЕВЕЛОПМЕНТ,7203536230,1227200006000,8,155079.55,85930.42,12.75,1
12824,СЗ СЕРЕДНЕВО,7743297957,1197746246037,5,154444.05,115721.30,17.00,1
17196,СЗ ИМПУЛЬС,7707619574,1077746722437,2,153779.50,94537.30,35.00,1
17141,СЗ ЕВРОИНВЕСТ ЛАВРИКИ,7840103621,1227800166527,2,153745.87,91329.17,13.00,1
35504,СЗ СТРОЙЮГ НЕДВИЖИМОСТЬ,9725017784,1197746483208,6,153712.20,0.00,10.00,1
10491,СЗ САНИНО 1,9731034883,1197746216051,11,153693.09,94053.56,9.91,1
21126,СЗ ЮСК,0571020227,1220500005109,2,153646.64,48524.75,14.50,1
23925,СЗ СОКОЛЬНИЧЕСКИЙ ВАЛ 2А,9718108889,1187746729631,2,153375.50,92200.12,38.00,1
19056,СЗ ДЕМЕТРА,7723010211,1027739405572,1,153293.00,113836.00,39.00,1
13935,СЗ АЛЬФА,9724029635,1207700449263,3,153109.67,83572.28,29.00,1
17062,СЗ CОЮЗ-АЛУШТА-2,9103095040,1209100015805,4,152567.92,78325.69,12.75,1
14311,СЗ АРБАН-2022,2460121287,1222400009270,8,151665.60,81183.80,18.50,1
14242,СЗ ЭТАЛОН-НОВОСИБИРСК,5433978818,1215400036411,5,151341.39,82318.50,14.00,1
17478,СЗ ДЕЛО,7714576385,1047796847680,6,149652.97,104346.18,18.00,1
14309,СЗ МИКРОРАЙОН М1,1658220367,1191690071088,4,149540.38,77665.50,17.25,1
17300,СЗ С-ДЕВЕЛОПМЕНТ,7726478128,1217700260348,2,149164.70,80006.20,44.00,1
6098,СЗ РАЗВИТИЕ,2301090361,1152301002743,10,148573.30,0.00,5.20,1
7315,СЗ ВИКТОРИЯ,7804434152,1107847085323,5,147938.73,61383.70,12.00,1
19561,СЗ ДОГМА-7,2311329754,1222300004871,9,147788.70,91124.54,9.44,1
10742,СЗ БАУИНВЕСТ-ЮГ,2308268879,1192375067940,13,147306.42,89723.94,10.23,1
966,СЗ ЛОТАН,7729605705,1087746833316,5,147219.45,95351.10,25.60,1
11129,СЗ ЛСО,7708332790,1187746562915,2,147216.57,99496.10,46.00,1
12829,НИИДАР-НЕДВИЖИМОСТЬ (СЗ).,7718965054,1147746059691,1,146754.46,86566.26,18.00,1
36597,СЗ ИНКОМ СТЕЙТ,2310236497,1242300018630,7,146751.00,97349.00,16.00,1
14770,СЗ ТРОЙКА ПЛЮС,5047253888,1215000074728,9,145897.68,98184.72,12.67,1
14312,СЗ ДОГМА-РЕКОРД,2308267829,1192375058369,10,145624.25,103704.10,11.50,1
7919,СЗ ГРАНЕЛЬ АЛЬФА,5018195430,1185029018041,2,145286.07,93042.09,35.00,1
34464,СЗ АРТ КВАРТАЛ,9719066286,1247700276702,19,145215.76,102279.03,9.74,1
35680,СЗ КРАВТ ЯР ПАРК,1655497307,1231600041936,1,145196.60,0.00,28.00,1
16014,СЗ АТОМ-СТУДЕНЧЕСКАЯ,6685200129,1226600030161,3,144996.80,78886.93,27.67,1
10623,СЗ СТРОЙТРАНС № 1,7203341834,1157232016380,4,144898.31,74477.34,16.75,1
2982,СЗ ПРАЙМ ПАРК,7714964540,5167746451439,3,144815.86,94146.70,37.00,1
18841,СЗ КОНТИНЕНТ,2310233753,1232300043788,3,144805.79,79315.45,14.00,1
615,СЗ ЛСР. НЕДВИЖИМОСТЬ-М,7709346940,1027739061844,1,144291.30,87287.10,25.00,1
33925,СЗ РАЗУМ НА БЕХТЕРЕВА,3000020796,1253000003849,9,144158.46,100748.89,22.00,1
10641,СЗ СЛАВА,7714456070,1197746723239,1,144060.70,80614.90,43.00,1
17146,СЗ МАКСИМУМ,6658562761,1236600022944,9,143840.64,73961.82,6.11,1
10767,СЗ ПРОСПЕКТ,5433974098,1205400021188,6,143557.80,80946.40,15.17,1
16194,СЗ 1-Й КРАСНОГВАРДЕЙСКИЙ,7730286690,1227700570250,1,143480.18,83814.09,91.00,1
13993,СЗ ЦЕНТР ЛЕВОГО БЕРЕГА,5406797227,1195476033620,3,142740.81,0.00,20.67,1
3913,СЗ МОНТАЖНИК,3665056440,1063667239932,4,142246.90,71351.50,17.75,1
2198,СЗ СУ СТРОЙГРАД-1,2635830801,1142651015495,9,142083.32,101352.62,8.44,1
6487,СЗ КМ ПАРЛАМЕНТ,5262228019,1085262005960,6,141897.32,100819.40,24.00,1
24887,СЗ М-ДЕВЕЛОПМЕНТ,9725112653,1237700071696,1,141829.50,0.00,37.00,1
11158,СЗ ОЗЁРНАЯ 44,9729298039,1207700249965,3,141663.95,88403.20,33.00,1
17753,СЗ СОБОЛЬ,2540255737,1202500008721,5,141402.92,69880.99,23.60,1
11143,СЗ СМИТИНВЕСТ+,0326585130,1200300016795,11,141302.37,83550.08,14.82,1
6648,СЗ ПАРТНЕР-СТРОЙ,3811439884,1163850091778,7,141247.53,69688.01,18.71,1
17576,СЗ 1 КАЗАНЬ,1686019212,1221600088390,26,141049.80,75761.85,7.35,1
14460,СЗ НОВЫЕ КОТЕЛЬНИКИ,5024222795,1225000065828,2,140901.00,64622.50,27.00,1
16002,СЗ СЛАВЯНКА,4706046974,1224700004517,7,140797.84,78401.81,10.29,1
16938,СЗ МЕТРИКС АГОЙ 2,2308290828,1232300017069,21,140050.88,0.00,1.38,1
17558,НОВЫЕ АКАДЕМИКИ - СПЕЦЗАСТРОЙЩИК,7734192877,1027700342670,1,139641.10,62148.80,43.00,1
1296,СЗ АЗГИ,3849015274,1113850013815,9,139386.74,99306.05,14.89,1
17734,СЗ ЛАЙФ БОГОРОДСКОЕ,7706508254,1037739906115,1,138987.60,88405.70,45.00,1
2954,СЗ САМАРА-ЕВРОСТРОЙ,6319696390,1076319019721,8,138921.33,67667.31,12.00,1
18733,СЗ УЛИЦА ОДЕССКАЯ,9703158414,1237700702690,3,138469.30,83543.20,24.67,1
19108,СЗ ССК АНАПА,2328005229,1122328000035,49,138056.03,78804.26,4.57,1
16157,СЗ ВОРОНЦОВСКИЙ,4703182471,1214700005552,5,137975.62,81929.61,8.20,1
19163,СЗ КРЫМСКСТРОЙМОНТАЖ,2312318804,1232300028333,9,137701.04,75246.72,14.11,1
12560,СЗ ПАЛИТРА,1655432740,1201600009247,1,137697.53,69950.66,25.00,1
15367,СЗ РУСИЧ-КАНТЕМИРОВСКИЙ,9721151394,1217700586960,3,137080.60,96604.00,33.00,1
7056,СЗ ЛСТ ЭКСПЕРТ,7703435657,5177746110493,9,136978.99,78667.04,13.44,1
11294,СЗ ЛСР. ПРОСТРАНСТВО,9725032380,1207700155255,1,136807.20,71988.00,60.00,1
18435,СЗ РОДИНА ПАРК,7704638233,1077746717454,3,136684.20,52547.40,24.67,1
3948,СЗ ДСК-2,3665064521,1073667037619,1,136431.50,20100.40,33.00,1
16518,СЗ ТАЛАН-РЕГИОН-77,7702842787,1147746892061,1,136031.62,86718.10,36.00,1
22063,СЗ ГАЛС-ШОССЕЙНАЯ,7705930720,1107746845293,1,135552.50,75638.30,49.00,1
23286,СЗ ЗОРГЕ,9703131444,1237700058980,1,135466.90,0.00,35.00,1
23678,СЗ НО,7813683780,1247800109006,3,135389.79,71310.30,11.00,1
53,СЗ ВМУ-2,3661039235,1153668002388,4,135355.71,29580.00,18.50,1
17127,СЗ СЕВЕРНЫЙ ПОРТ 7,9717106889,1217700495320,1,135218.84,70202.21,61.00,1
20089,СЗ ИНДИГО-ДЕВЕЛОПМЕНТ,9710095204,1227700021010,2,135179.10,55583.90,33.50,1
19875,СЗ ЭТАЛОН ЯГОДНОЕ,9717108798,1217700604340,3,134426.00,88746.70,13.00,1
2297,СЗ ИК СТРОИТЕЛЬНЫЙ ТРЕСТ,7804181303,1047806016444,1,134010.00,63829.80,15.00,1
14137,СЗ ДОМ.РФ ДЕВЕЛОПМЕНТ,7704412966,1177746479338,6,133521.66,64390.02,14.00,2
17439,СЗ АЛЬКОР - ЦЕНТРАЛЬНЫЙ,7805789609,1227800021272,9,133055.01,55756.09,3.67,1
15917,СЗ СЕВЕРСКАЯ,2312308450,1222300011450,18,132909.43,88193.73,7.67,1
16064,СЗ УЛИСС,2537145244,1202500029038,3,132905.04,68373.66,23.33,1
24079,СЗ ПАРИТЕТ. РЕГИОНЫ,7203581554,1247200016986,3,132511.70,77152.50,24.33,1
13022,СЗ АСТРА,5406808983,1205400049645,1,132343.30,23022.12,29.00,1
16431,СЗ Л2-ДЕВЕЛОПМЕНТ,9715393860,1207700473716,1,131940.44,81824.86,58.00,1
13590,СЗ ЗЕНИТ-ДЕВЕЛОПМЕНТ,6164129396,1196196044857,4,131837.08,81736.80,20.00,1
13492,СЗ СТОЛИЦА СЕВЕРА,7714468823,1217700064240,2,131606.90,93166.00,46.00,1
22646,СЗ РУБИН,9703180071,1247700328204,5,131543.70,75134.41,22.80,1
2436,СЗ ЭКО-ГОРОД,3907206489,1093925028560,7,131417.00,55526.44,9.71,1
1945,СЗ ФРОЙДА-Ф,2301094944,1172375061759,7,131038.54,72363.19,12.57,1
10511,СЗ РОДИНА,4823061052,1144827012824,10,130676.30,70468.90,11.80,1
16118,СПЕЦЗАСТРОЙЩИК ЖЕЛЕЗНО ПЕРМЬ,4345490628,1194350004254,4,130457.69,75665.71,13.25,1
17793,СЗ ЦЕНТРФОРВАРДСТРОЙ,3900017154,1233900011960,4,130421.77,75812.19,10.75,1
16635,СЗ ДСК ПАРК,2466295314,1232400011700,5,130044.32,83234.46,20.00,1
878,СЗ СИНАРА-ДЕВЕЛОПМЕНТ,6685040700,1136685019723,5,129787.30,77372.00,22.00,2
13171,СЗ БАЗИСИНВЕСТ,7714925131,1147746016901,2,129538.70,88967.30,40.50,1
17246,ЭНКО,7203519179,1217200006759,3,129524.58,79597.52,18.67,1
8943,РНГС-АИ,5408024350,1195476053827,5,129523.90,70357.00,17.20,1
11428,СЗ КАПИТАН,7810336996,1157847043012,3,128834.27,61950.00,24.33,1
1741,СЗ РКС,6165132507,1066165052139,5,128772.20,89002.40,18.60,1
11172,СЗ МБИ,7725237240,1037725042794,2,128584.40,66310.80,29.50,1
24324,СЗ РЕНОВАЦИЯ ПЛЮС,2543181579,1242500000380,4,128424.50,62366.60,32.25,1
30654,СЗ КОНЦЕПТ,0700022803,1250700001386,9,128349.33,34674.84,14.67,1
23066,СЗ ДСК-2010,2446031137,1102468038100,3,128008.30,58238.48,10.00,1
9071,СЗ ДУБИНИНСКАЯ 59,9705121762,1187746708380,2,127709.15,86055.94,51.50,1
22764,СЗ САМОЛЕТ-ХИМКИ,9721141318,1217700401489,3,127452.90,75574.70,26.33,1
917,СЗ АДМИРАЛ,3665113923,1153668051844,4,127397.93,64962.60,15.75,1
16129,СЗ РЯЗАНОВСКОЕ 1,9731035100,1197746219593,4,127355.18,79454.40,10.75,1
3592,"СЗ УГМК-КОСМОНАВТОВ, 108",6678091743,1186658028303,4,126955.33,51581.70,26.00,1
17655,СЗ КАПИТАН,6633030420,1236600044449,4,126930.76,66524.10,15.50,1
17606,СЗ ГЕО-РЕАЛ,5003050785,1045000913132,1,126635.77,76614.01,15.00,1
956,СЗ ГК РАЗВИТИЕ,3662205510,1143668032705,5,126047.28,68350.27,19.60,3
18606,СЗ СК СЕВЕР,4100044930,1224100004006,6,125808.60,69361.52,14.17,1
27058,СЗ ЖИЛСТРОЙ,2312304103,1212300050742,10,125372.80,69064.30,9.00,1
19191,СЗ РОДИНА ПЕРЕДЕЛКИНО,9717117697,1227700444025,3,124474.56,85568.00,30.00,1
15927,СЗ Л-ДЕВЕЛОПМЕНТ,9715391937,1207700405021,3,124384.00,80878.40,34.00,1
23972,СЗ ИДЕЛЬ,0278079525,1030204598687,4,124165.81,75306.40,24.75,1
22624,СЗ ГК СУ №1,0276174798,1240200010050,2,123938.06,65484.32,33.00,1
15106,СЗ СОЗВЕЗДИЕ,7716948832,1207700287398,1,123923.90,75579.30,42.00,1
1923,СЗ ШЭЛДОМ,6453009098,1026403041345,13,123871.30,68160.80,6.23,1
6457,СЗ НОВЫЕ ГОРИЗОНТЫ,7447026763,1077447003413,4,123758.00,79176.06,21.00,1
13600,СЗ САМОЛЕТ-ВЕРЕЙСКАЯ,7705759390,1067758290390,4,123403.53,61549.53,14.25,1
14839,СЗ ТКО ЛОГИСТИК,6658538409,1206600056695,6,123199.13,73262.49,25.67,1
17841,Т-ДЕВЕЛОПМЕНТ,7707451561,1217700173360,1,123114.78,50925.40,31.00,1
16047,СЗ ПИОНЕР СИТИ,2723217697,1222700002766,2,123086.87,61862.65,27.00,1
15455,СЗ ЛАРГО,2310125910,1072310008539,1,122977.78,64113.56,32.00,1
19004,СЗ СИБИРСКИЙ УЮТ,2224214524,1232200018930,7,122557.60,81080.70,16.29,1
2751,СЗ МИДГАРД РУС,7203430428,1177232027620,4,122407.34,63877.00,17.25,1
14631,СЗ ЭР-БИ-АЙ - СЕВЕР,7801670521,1197847172533,3,122118.20,62390.30,19.67,1
8154,СПЕЦЗАСТРОЙЩИК ЖЕЛЕЗНО ИЖЕВСК,1841085318,1191832008103,6,122008.50,76637.75,9.17,1
505,СЗ СР-ГРУПП,7731319243,1167746567053,5,121602.66,65564.68,12.20,1
14929,СЗ ПРАКТИКА,9729319987,1227700093752,2,120992.80,56877.40,14.50,1
13719,СЗ ТМП №20,7715030599,1027739037457,1,120783.70,68131.10,52.00,1
18079,СЗ ВИСКЬЮ,2224188899,1172225038150,2,120670.20,38702.00,30.00,1
19166,СЗ НЬЮ ЛАЙФ,0277966228,1240200025240,4,120513.69,67648.56,33.25,1
6199,СТРОИТЕЛЬНЫЕ РЕШЕНИЯ. СЗ,5403033865,1175476089910,6,120464.75,70978.27,19.50,1
12306,СЗ ЛСР. ПРОЕКТ,7806560931,1197847119953,4,120304.10,58359.40,13.00,1
14166,СЗ ТАЛАН-РЕГИОН-30,1841083053,1181832027321,3,120206.80,72551.30,18.67,1
12397,СЗ ЮФОИНВЕСТ,2315209049,1182375093515,3,120194.30,71842.50,9.00,1
19748,СЗ ГОРНЫЙ ГЕКТАР,0400022915,1230400001864,17,119892.50,53176.21,8.06,1
2374,СЗ СТ-НОВОСЕЛЬЕ,4725483458,1134725000673,2,119753.13,75015.77,12.00,1
6434,СЗ ДЖЕВОССЕТ,5012034540,1065012024824,2,119557.30,64522.30,16.00,1
323,СЗ ДОМКОР,1650121364,1041616027298,7,119183.13,78180.30,17.29,1
2129,СЗ НАДИЯ ХОЛДИНГ,4003036203,1154025001085,6,119178.10,67002.90,19.83,1
15601,СЗ СТАНЦИЯ СПОРТИВНАЯ-3,1655468521,1211600088006,2,118867.60,68484.08,20.00,1
13971,СЗ СТРОЙГРАД,2636218479,1202600014748,9,118849.52,74356.46,16.00,1
13201,СЗ ДК СКГ,9102256311,1199112010460,6,118787.71,0.00,12.83,1
14826,СЗ РИОНИ,1841080060,1181832015991,3,118777.30,68809.90,23.67,1
19009,СЗ ЭКОРАЙОН,1655496159,1231600032927,5,118478.56,68135.98,10.60,1
22352,ВЫДАЧА КЛЮЧЕЙ,7203573031,1247200006250,3,118463.22,82031.86,10.00,1
16625,СЗ МЕГА СИТИ,0100000491,1210100002782,8,118327.90,67512.60,13.00,1
8160,СЗ РЕЗИДЕНС,9705115857,1187746247347,1,118238.90,69310.00,43.00,1
40160,СЗ АТЛАНТИС,0274399940,1260200003920,3,118195.00,65065.20,23.00,1
10298,СЗ БЕРЕЗОВАЯ РОЩА,1655431063,1201600000282,1,117878.28,62971.34,25.00,1
7854,СЗ РИМЭКО,2508121129,1142508003714,6,117506.60,35258.60,17.50,1
17873,СЗ АТЛАНТ-ДВ,2540271464,1222500022030,2,117238.41,58616.95,16.00,1
15592,СЗ САМОЛЕТ-КВАРТАЛ ЗАПАДНЫЙ,7751201289,1217700326821,4,116859.74,66054.20,12.75,1
17242,СЗ ДЕЛЬТА,2311315737,1212300006544,6,116779.68,65017.42,15.50,1
19348,СЗ ВИТАМИН ДЕВЕЛОПМЕНТ,6671275420,1236600039411,2,116594.42,71020.57,27.50,1
19355,СЗ ГОРИЗОНТ,5904388499,1215900008719,4,116522.40,72912.76,11.00,1
7842,СПЕЦЗАСТРОЙЩИК ЖЕЛЕЗНО КИРОВ,4345490152,1194350003638,11,116220.25,76565.19,9.27,1
18671,СЗ РАЗУМ НА ВИШНЕВОЙ,3000007315,1233000002840,4,116086.57,77899.83,32.25,1
17185,СЗ СЕВЕРО-ЗАПАД СТОЛИЦЫ,7714435095,1187746939269,3,115957.50,92435.50,30.67,1
10266,СЗ КУРОРТНЫЙ,2632114542,1192651015930,14,115908.60,84211.50,9.00,1
18983,СЗ ГРАДСТРОЙ,0278977102,1230200011326,8,115689.58,74821.90,9.00,1
13503,СЗ СЭТЛ ПРОЕКТ,7810787614,1207800014510,6,115567.70,70958.40,5.00,1
17469,КВАРТАЛ ГЕРЦЕНА,9704016853,1207700160337,2,115514.79,64046.15,27.50,1
16403,СЗ Б-ХОЛДИНГ,9704010040,1207700016985,5,115317.70,41809.30,5.80,1
23480,ТДСК ИНВЕСТ - 2,7000018593,1247000005812,9,115226.53,55008.11,15.11,1
288,СЗ МОНЕТЧИК,7718122544,1027739584400,2,115037.82,66460.40,39.00,1
12909,ЭСКО,6234111677,1136234000110,4,115003.68,70865.24,16.50,1
28520,СЗ РАЗВИТИЕ,9500025970,1249500003510,6,114774.96,70865.10,10.00,1
1807,РУСБИЗНЕСИНВЕСТ,7743563493,1057747410621,6,114662.19,79542.60,18.00,1
28367,СЗ ИНВЕСТ ХИМКИ,5032356792,1235000038437,1,114529.88,60318.80,28.00,1
15870,"СЗ ЗАГОРОДНАЯ, 71",7817328112,1129847006750,5,113959.77,70310.16,9.60,1
2506,СЗ ЗВЕЗДА,7203267387,1117232033786,7,113847.56,68045.11,14.57,1
24025,СЗ ГОЛЬЯНОВО,7720916713,1237700875026,3,113305.46,74338.80,22.33,1
3935,СЗ АВЕРУС,5001119047,1185053005830,9,112972.65,74992.37,8.00,1
19571,СЗ ДОГМА-5,2311329793,1222300004959,6,112901.60,71328.40,13.33,1
16817,СЗ-1 ПОРФИР,9310009271,1239300008870,10,112320.59,70485.10,10.60,1
12406,СЗ МСК-ДОН,6164123490,1186196041074,4,111869.50,53701.20,23.50,1
18568,СЗ ЖК НА СТАЧКИ,6161086634,1196196001011,4,111597.80,64605.40,21.75,1
14054,СЗ САМОЛЕТ-КАЛИНОВКА,9731066268,1207700220859,6,111473.29,68197.88,13.67,1
11449,СЗ КВС-МОСКОВСКИЙ,7802683107,1187847388310,9,111304.36,54735.06,5.33,1
12338,СЗ ЭТАЛОН РАУТА,6686131319,1216600011143,2,111125.21,56806.92,25.50,1
11340,СЗ САМОЛЕТ-ДУДКИНО,9731058556,1197746731841,3,111052.64,0.00,17.33,1
14435,СЗ ВЕРБЕНА,5407982536,1215400035399,7,110840.70,73976.60,19.29,1
17048,СЗ АВАНГАРД,6164138560,1226100019298,3,110576.81,0.00,7.33,1
17642,СЗ АТЛАНТ,9102287648,1239100002547,2,110434.14,0.00,16.50,1
20530,СЗ РАССВЕТ,0572016054,1160571065797,2,110305.81,0.00,14.00,1
17019,СЗ ДОННЕФТЕСТРОЙ-ТЕАТРАЛЬНЫЙ,2311348838,1232300024406,3,110280.00,74801.50,26.00,1
30509,СЗ СТРАТЕГ-КАРУСЕЛЬ,0274980288,1230200025813,2,110180.74,60489.08,29.50,1
2845,СЗ СМУ 88,1655367964,1161690132394,3,110112.03,57975.06,23.00,1
13521,СЗ ОХТИНСКИЙ,4705080411,1194704007189,1,109883.00,69665.90,23.00,1
20313,СЗ ПАРК АПРЕЛЬ 2,5030099324,1205000105606,7,109866.48,76491.61,6.00,1
13683,СЗ ПРОХАУС,7202189390,1087232035142,3,109783.50,55319.70,19.00,1
13795,СЗ ЭТАЛОН В ШУШАРАХ,7814799508,1217800167309,2,109535.08,59716.00,13.00,1
19622,СЗ ЭЛЛАДА,5406819520,1225400005291,3,109333.92,35381.60,17.00,1
2578,СЗ ИНСИТИ,2311196416,1152311012655,2,109310.56,40818.34,16.50,1
13164,СЗ РЕНЕССАНС ИНВЕСТ,2537142437,1192536036428,2,109195.11,54224.09,25.00,1
16192,НСИ-ЮГ,2308069908,1022301191571,7,109162.76,44556.19,6.86,1
13884,СЗ ГРАНЕЛЬ ПЛЮС,9715315848,1187746452211,2,109067.66,71984.63,27.50,1
16858,СЗ САМОЛЕТ-БОГДАНОВСКИЙ ЛЕС,5027297478,1215000064740,6,109023.60,68753.66,13.00,1
20322,СЗ ГРИНВУД ЭСТЕЙТ,1655401830,1181690036098,1,108998.20,56902.60,25.00,1
13787,СЗ ПИК БЛАГОВЕЩЕНСК,2801265933,1212800006583,7,108946.02,71935.90,16.43,1
7949,СЗ РЕЗИДЕНЦИИ СКОЛКОВО,5015014703,1175024025626,2,108943.60,62142.50,10.00,1
12632,СЗ ГЛАВСТРОЙ-4,2635248664,1212600003098,5,108818.35,68536.35,11.00,1
11607,СЗ КАЗАНСКИЙ ПОСАД +,1215234064,1201200004983,4,108652.04,48245.41,8.75,1
16964,СЗ ЮГО-ЗАПАД СТОЛИЦЫ,7714434581,1187746919315,3,108466.10,82270.60,25.67,1
8914,СЗ НЬЮТОН,6234078540,1106234002654,4,108334.46,69974.35,22.75,1
15069,СЗ ТИК,7751069714,1177746930503,3,108184.70,66137.60,10.67,1
8,СЗ ГРАНЕЛЬ СТРОЙ,5044094862,1155044001892,3,108132.00,71271.98,18.00,1
23087,СЗ КАПИТАЛСТРОЙ,2460123485,1232400011799,1,108130.10,50294.70,27.00,1
7594,СТАЙЛ-СТРОЙ,7842473201,1127847216375,3,108101.73,0.00,18.33,1
13819,СЗ АГАТ,7722485685,1207700091807,3,108093.60,57823.30,24.33,1
11217,СЗ ИНВЕСТАЛЬЯНС,7722856273,5147746144387,3,107989.02,70038.35,25.00,1
13670,СЗ МСК-ГРУПП,6164136072,1216100027560,3,107855.49,60694.07,26.00,1
13284,СЗ АНТЕЙ ГРУПП,2320203564,1122366010910,2,107581.50,0.00,9.50,1
14089,СЗ СЕРГЕЯ МАКЕЕВА,7703216430,1027739381141,2,107533.20,61876.20,14.00,1
15884,СЗ УНИСТРОЙ-ЕКАТЕРИНБУРГ,6671230973,1226600050412,3,107481.10,57328.13,16.00,1
15423,СЗ ЯСЕНЕВЫЙ ПАРК,7720799799,5137746208694,1,107394.00,63793.50,32.00,1
1156,СЗ СТРОЙТРЕСТ №3,2128007123,1022101134978,10,107335.25,64985.20,11.00,1
813,СЗ БЛАГОВЕЩЕНСКСТРОЙ,2801014471,1022800513383,10,107292.60,41305.70,9.30,1
6954,СТРОЙ-АРТ,5501096060,1065501053980,1,107032.65,18047.13,16.00,1
7784,СЗ ЛАЙФ ПАВЕЛЕЦКАЯ,7717577210,1067761499618,1,106865.10,65902.10,48.00,1
10959,СЗ ФАВОРИТ,5903145013,1205900009590,4,106807.28,71553.50,19.25,1
9649,СЗ КОМПАНИЯ АРБАН,2464228175,1102468040620,2,106683.50,51387.70,19.00,1
6414,СЗ КРАСНОДАРСКОЕ СТРОИТЕЛЬНОЕ ОБЪЕДИНЕНИЕ,2309136314,1132309003210,9,106666.35,41516.56,9.89,1
13545,СЗ СЭТЛ ДЕВЕЛОПМЕНТ,7810759889,1197847132427,10,106654.27,43876.16,3.40,1
13488,СЗ ФОРМУЛА-ДВ,2540257879,1202500023802,4,106597.50,53335.10,20.00,1
16451,СЗ ЮНИКЕЙ,2722137216,1222700002557,5,106242.70,39449.10,14.40,1
7740,СЗ ЛЕВЕНЦОВКА ПАРК,6168034064,1106194005301,10,106233.90,66121.90,12.30,1
20031,СЗ АПРЕЛЬ,6318069943,1226300040460,2,106085.22,50568.55,24.00,1
8660,СЗ РЕАЛИНВЕСТ,5027208125,1145027003571,4,105773.89,71128.69,17.25,1
304,ДУДЕРГОФСКИЙ ПРОЕКТ,7811387979,1077847647613,2,105607.00,56115.13,25.00,1
16450,СЗ СПБ РЕНОВАЦИЯ - КРАСНЫЙ КИРПИЧНИК-5,7840102032,1227800125145,5,105528.42,70574.88,12.00,1
17174,СЗ АВРОРА,5404375389,1085404029292,1,105497.20,0.00,32.00,1
15898,СЗ ТРИ ЭС ДМИТРОВСКОЕ 2,7743234178,5177746232417,2,105393.80,73093.20,18.00,1
3825,ПИОНЕР-М,7731180270,1037700173895,1,105355.00,0.00,15.00,1
27493,СЗ СМОЛЕНСКОЕ,7810079883,5067847545002,1,105314.00,57547.82,27.00,1
6647,СЗ ПСК СМУ88,1655252120,1121690066057,3,105027.37,44876.71,18.00,1
19392,СЗ ПРОЕКТ-С-29,1686030093,1231600040077,2,105012.54,46415.33,21.50,1
15695,СЗ СК10 №9,6163222610,1216100011522,2,104887.71,70223.79,26.00,1
10574,СЗ САМОЛЕТ-ЖИЛИНО,5027279550,1195027018735,2,104831.12,63654.66,15.50,1
25011,СЗ АВАНГАРДЪ-ТЕХНИКА,7725145969,1037739307715,6,104782.29,0.00,7.83,1
2924,СЗ ДИСК,0711004475,1020700749497,4,104779.90,53925.12,14.00,1
16933,СЗ ИСК ЦЕНТР,2130227888,1212100007041,2,104669.30,28265.00,17.00,1
19046,СЗ КРОНВЕРК,6453177021,1246400006291,6,104501.08,67545.50,18.00,1
28006,СЗ МИЦАР,1655502236,1241600020023,3,104479.89,50051.22,9.00,1
13106,СЗ МИР,7722489986,1207700257160,1,104473.60,59487.80,27.00,1
21914,СЗ КУРСКИЙ КВАРТАЛ,6200004902,1246200003609,5,104456.76,66973.44,15.60,1
23973,СЗ ТВОРЧЕСТВО В СЛОБОДЕ,7203580744,1247200015875,6,104271.04,55323.51,15.00,1
13801,СЗ ЭТАЛОН НА ПЕТРОГРАДСКОЙ,7814794355,1217800111220,1,103916.60,45206.50,11.00,1
15330,СЗ ОЗЕРНАЯ,9729299441,1207700313908,1,103791.10,63569.50,31.00,1
11267,СЗ ТЦЖ,6658529027,1196658068353,2,103784.30,0.00,29.50,1
43875,ЕСЗМ-ФОРТИС,6658549200,1216600063492,2,103587.35,60322.26,26.00,1
16160,СЗ СЫЙФАТ,1650416897,1221600071835,5,103000.38,63853.82,19.80,1
7924,СЗ ДОМСТРОЙ,6168074726,1156196031309,1,102997.78,48437.76,27.00,1
8086,ЖИЛСТРОЙ,5038099044,1135038004903,2,102889.82,49604.90,11.00,1
22622,СЗ ДОННЕФТЕСТРОЙ ДЕВЕЛОПМЕНТ,2311365664,1242300031137,1,102785.40,50766.29,26.00,1
17320,СЗ ДАРСТРОЙ-РЕГИОН,0100006302,1230100002604,7,102634.26,51458.20,10.29,1
10759,СЗ ЭКОСТРОЙТРАНС,2902055788,1072902003107,8,102564.50,66891.30,11.50,1
17705,СЗ ИНКО,7203545010,1227200016834,2,102504.60,58013.10,24.00,1
16828,СЗ ИНВЕСТ СИТИ,2511095479,1152511004183,1,102501.20,42704.90,22.00,1
13396,СЗ СОКОЛ-1,6319199286,1156313063818,2,102265.98,48932.12,25.50,1
275,СЗ ИНГРАДСТРОЙ,5260322471,1125260001734,7,102151.20,71679.80,23.86,1
29414,СЗ АСПЕКТА,9102282022,1229100006794,1,101994.00,0.00,14.00,1
25861,СЗ ЛИДЕР,6659155222,1076659008799,1,101943.30,58831.40,54.00,1
43201,СЗ ГЛОРАКС-ОМСК ЗАОЗЕРНАЯ,5501286776,1245500008225,2,101639.44,65195.48,24.50,1
12743,СЗ ФЕНИКС,6168007590,1056168087568,7,101298.80,52809.65,7.57,1
40108,СЗ ОСТРОВ,0274399933,1260200003910,2,101292.56,54024.35,29.50,1
952,МАКСИМА,7805469623,1089847318098,5,100450.97,51322.03,9.40,1
8879,СЗ ВЫБОР-ЮГ,3662274986,1193668017344,4,100438.70,62837.40,15.50,1
28147,СЗ СОЛНЕЧНЫЙ ЛУЧ,2317021726,1022302715082,1,100360.00,0.00,9.00,1
16777,СЗ ЯКОРНАЯ ЩЕЛЬ,2318030530,1052310481871,6,100358.28,0.00,5.17,1
16749,СЗ РАЗУМ-АКАДЕМИЧЕСКИЙ,3000005533,1233000001079,8,100314.21,56696.25,16.63,1
17151,РСТИ НА ТАМБАСОВА (СЗ),7813652809,1217800060521,2,100302.25,54184.94,10.00,1
716,СЗ ИВА-ДЕВЕЛОПМЕНТ,5902241525,1135902010309,2,100210.00,64457.70,17.00,1
39039,СЗ МАСТЕРС,7714176429,1037700017541,1,100107.88,53665.90,27.00,1
13489,СЗ ЮСТИНА,7707696593,1097746046661,2,100038.90,47497.50,18.00,1
3352,СЗ РЕЗУЛЬТАТ,5610163661,1145658027844,9,99961.95,41870.12,11.33,1
36591,СЗ ИНВЕСТСТРОЙ,0726005785,1120726000680,2,99947.11,59153.60,11.50,1
10889,СЗ СК КАПИТАЛ,0274957120,1200200029776,4,99787.19,63543.09,21.00,1
1143,СЗ КВС ДЕВЕЛОПМЕНТ,7802825802,1137847192295,6,99784.40,72428.94,7.67,1
22836,СЗ ПРИВИЛЕГИЯ ПАРТНЕРС-4,7453354667,1237400027963,9,99474.88,70990.64,4.00,1
18820,СЗ ГРИНВИЧ,1655396740,1171690128301,2,99381.92,50871.00,26.00,1
13574,СЗ АВАНГАРД,7716950920,1207700418640,1,99309.70,59491.10,33.00,1
10933,СЗ ДЕРБЕНЕВСКИЙ,9725031757,1207700131759,1,99144.10,72788.40,55.00,1
17143,СЗ СМОРОДИНА,2312316236,1232300005695,6,99051.72,68110.14,16.50,1
6367,СЗ ИНФИНИТИ,7731531602,1057748420575,1,98804.96,62676.94,33.00,1
17126,СЗ СЕВЕРНЫЙ ПОРТ 6,9717106871,1217700495319,1,98775.79,57985.93,56.00,1
2104,СЗ СИБАГРОПРОМСТРОЙ,2465050449,1022402485181,2,98721.30,57833.90,26.00,1
194,ЭНКО ГРУПП,7203271129,1117232053840,1,98653.36,48972.36,31.00,1
17135,СЗ РП ЯКУТСК,1435130166,1021401050945,3,98627.84,51982.80,16.00,1
16056,СЗ АЛЕБАШЕВО,7203539111,1227200009475,3,98614.22,49880.63,19.33,1
17711,СЗ РЕСУРС,2540177976,1122540000021,3,98547.78,49030.37,16.33,1
17872,РСТИ НА КОНДРАТЬЕВСКОМ (СЗ),7813652728,1217800059080,3,98544.16,51714.27,18.00,1
28532,СЗ ПРОЕКТ-С-62,0274982849,1230200042698,1,98508.13,49740.89,26.00,1
17429,СЗ Ч-ДЕВЕЛОПМЕНТ,7726478110,1217700260359,1,98205.00,56605.00,51.00,1
15377,СЗ ЮНИДО,3849086596,1223800002843,3,98084.25,48270.56,18.33,1
19680,СЗ ФОРУМ - ПАРК,6652012881,1026602173619,3,97713.59,54068.33,32.67,1
18556,СЗ СК МИР,0700003649,1220700002203,4,97699.54,55870.24,14.50,1
13619,СЗ КОНТИНЕНТИНВЕСТ,2310225343,1212300034847,10,97384.10,52333.08,10.90,1
16530,СЗ ЭС ПИ РАЙТЕРС,5038064980,1085038012180,3,97378.36,53079.62,13.67,1
19368,СЗ ПЕРМИТ,5903157403,1235900013788,3,97133.40,55090.30,7.00,1
8036,СЗ СЕВЕРНЫЕ ТЕХНОЛОГИИ,7840423501,1099847018150,3,96990.90,60659.96,9.00,1
16639,СЗ САМОЛЕТ-ДОНЕЦКАЯ,7751233523,1227700606561,3,96928.57,59192.83,22.33,1
33182,СЗ БАЗИС РЗВ,3662309396,1243600005538,3,96907.27,57332.92,17.00,1
17116,СЗ ЛЕВЕЛ НИЖЕГОРОДСКАЯ,9705087984,1177746120804,1,96787.00,63652.20,46.00,1
14210,СК МЕГАПОЛИС,0544013252,1200500006211,7,96761.35,85560.33,16.86,1
25277,СЗ АКСИС ДЕВЕЛОПМЕНТ - СТАВРОПОЛЬЕ,0100008959,1240100001789,1,96584.00,46686.00,16.00,1
19865,СЗ ТИТУЛ,7729521974,1057746375290,1,96487.10,31496.20,48.00,1
8207,СЗ ФОРМУЛА СТРОИТЕЛЬСТВА ДЕВЕЛОПМЕНТ,6671376997,1116671018144,6,96403.53,53196.82,19.00,1
40585,СЗ НОВЫЙ ГОРОД,2502079061,1242500027835,4,96331.06,63132.80,21.00,1
19506,СЗ ПРОЕКТ-С-37,7840108725,1237800110020,2,96190.63,51413.61,13.00,1
1475,СЗ АРБАН,7708658784,1077764497766,3,96018.50,49317.80,13.67,1
9872,СЗ АТТИК,7801344214,1187847012748,1,95985.74,48930.83,14.00,1
19349,СЗ АТЛАНТ-ЕКАТЕРИНБУРГ,6671281304,1236600050862,2,95790.68,62851.95,26.00,1
19276,ЦЕНТР-К,4205415155,1234200008712,4,95784.81,52393.49,21.75,1
34066,СЗ СОКОЛЬНИКИ,9709126659,1257700343548,1,95596.50,53395.70,41.00,1
24400,СЗ ЛОК ВЕРА,7707448632,1217700052228,1,95389.31,0.00,11.00,1
10978,СЗ САН ХИЛЛС ОЛЬГИНКА,2311301540,1202300009064,7,95288.49,42389.81,10.71,1
18261,СЗ ЛИСТ,5610240595,1215600000230,6,95123.07,60957.93,15.83,1
16616,СЗ НЕДВИЖИМОСТЬ МАГАДАНА,4909132481,1204900001877,7,94922.72,60000.74,7.29,1
17693,СЗ НОВЫЙ ДОМ,2464133815,1172468004796,6,94471.00,49223.60,11.67,1
19052,СЗ ЗЕЛЕНЫЕ КВАРТАЛЫ,2464162816,1232400019367,13,94462.80,54939.10,8.62,1
17807,СЗ КВАРТАЛ СОКОЛЬНИКИ,9718082775,5177746262315,1,94450.49,45984.20,36.00,1
16074,СЗ ЛУЖНЕЦКИЙ КВАРТАЛ,7716945447,1207700077375,1,94401.80,56094.20,26.00,1
10543,СЗ ИЖОРСКАЯ,7743555005,1057746552115,3,94380.33,53049.48,24.00,1
14408,СЗ АВАНТ,7839091604,1177847316646,3,94207.56,32702.73,9.67,1
19387,СЗ ПРОЕКТ-С-70,5105015620,1235100006525,8,93942.67,59404.19,14.38,1
20393,СЗ ЛБМ ИНЖИНИРИНГ,7714985758,1177746325800,2,93848.40,52461.30,34.00,1
24968,СЗ ЮГ,5404958260,1255400009369,11,93631.80,0.00,4.55,1
9802,СЗ ВЕКТОР НЕДВИЖИМОСТИ,7723918772,1147746973703,2,93512.30,44684.60,22.50,1
3962,СЗ ДСК,3665005205,1023601540258,3,93297.40,62673.70,18.00,1
15203,СЗ АНТЕЙ,5406817032,1215400046850,9,93266.64,66896.64,18.00,1
22019,СЗ ЯРКИЙ 4.1,0278980169,1230200040234,3,93264.20,58967.05,26.00,1
12866,СЗ ПОЛИС НОВОСЕЛЬЕ,7816718945,1217800093830,4,93257.69,65959.77,10.50,1
17631,СЗ ГАГАРИНСКИЙ,3918016095,1223900001357,2,93130.41,57194.57,11.00,1
15251,СЗ ГОРОД,6234199819,1226200003831,2,93122.98,56302.55,26.00,1
1202,СЗ РУСТ,6027146907,1136027000119,15,92990.40,54797.21,12.20,1
20674,СЗ ТРЁХГОРНАЯ,2722062715,1162724069199,4,92869.60,54074.88,13.00,1
15591,СЗ УНО,5905071840,1225900014372,3,92806.90,50539.26,32.00,1
9250,СЗ ГРАНЕЛЬ ГАММА,5018195423,1185029018030,2,92543.72,58677.78,18.00,1
38922,СЗ НОВАЯ ИВАНТЕЕВКА,5038189273,1245000068939,4,92490.00,62858.96,24.75,1
14914,СЗ КИНОКВАРТАЛ,5029265538,1215000105374,3,92322.30,48050.00,9.00,1
22760,СЗ ИНТЕРНАЦИОНАЛ,0571022993,1230500008640,1,92288.00,0.00,12.00,1
13410,СЗ ТОРГОВЫЙ ДОМ СПУТНИК,7743272279,1187746788833,2,92179.30,59978.30,28.50,1
2987,СЗ СПЕЦПРОЕКТЖИЛСТРОЙ,6027053667,1026000975076,8,92005.64,64489.20,12.63,1
22439,СЗ УРАЛЬСКИЙ РАБОЧИЙ,6670514041,1236600009194,2,91733.30,54070.20,30.00,1
14906,СЗ ЕВРОИНВЕСТ ПЕТРОГРАДСКАЯ,7841090125,1207800097460,3,91674.70,44932.40,7.00,1
15614,ЭФФЕКТ ДЕВЕЛОПМЕНТ. СЗ,0542021466,1220500011401,3,91632.90,41436.79,8.67,1
11275,СЗ НОВОЕ РЕШЕНИЕ,5835121117,1165835071665,5,91623.72,63700.60,19.00,1
15964,СЗ ПРОЕКТ СТРОЙ,9724115958,1227700918565,7,91126.52,51174.98,10.29,1
15937,СЗ ГЕОПАРК,7718853752,1117746560799,4,91116.69,49083.30,21.50,1
5148,СИГМА,2465138407,1162468050766,2,91085.18,43568.59,25.00,1
9834,СЗ РЕНТ-СЕРВИС,7325124442,1137325006477,25,91005.81,65182.85,5.64,1
17820,СЗ НОВЫЙ ДОМ,1655494391,1231600017417,4,90978.11,58656.86,13.00,1
17447,СЗ МОССТРОЙ,0571022802,1230500007517,6,90956.70,23530.97,8.83,1
8888,КС СЕЗАНН СЗ,1831191300,1181832017950,9,90812.50,60905.20,11.00,1
12302,СЗ ИНИЦИАТИВА,6671084257,1186658019492,6,90522.84,56010.29,14.33,1
1037,СЗ ШИФТ,7841039217,1167847204876,1,90439.70,45668.50,20.00,1
2375,СЗ ОБЪЕКТСТРОЙ,7725760555,1127746502597,2,90349.70,55900.08,20.00,1
14208,СЗ НОВАЯ ЖИЗНЬ-ЛЬВОВСКАЯ,7327100430,1227300000993,3,90301.21,55770.82,19.67,1
3975,СЗ ЛЮБЛИНО ДЕВЕЛОПМЕНТ,7703433829,1177746995183,3,90056.20,60043.20,26.00,1
13508,СЗ РЕЗИДЕНЦИЯ РОЩИНО,7814778868,1207800095513,18,90023.98,0.00,6.11,1
5746,СЗ КАРЬЕРОУПРАВЛЕНИЕ,7017343591,1137017025683,3,89994.09,28114.80,16.67,1
34334,СЗ ЗЕЛЁНЫЙ ДВОР,0278987238,1250200014723,2,89916.50,50029.50,27.50,1
17306,СЗ ЛЕНИНСКОЕ,7801721649,1237800028069,195,89853.92,89853.92,2.00,1
15627,СЗ СЕЛИГЕР ПАРК,7743225864,1177746974184,4,89673.14,54934.34,19.75,1
12307,СЗ ЛСР. ЛО,4703175682,1204700009580,7,89650.00,53334.10,14.14,1
16736,СЗ СОЛНЕЧНЫЙ,6234202927,1236200001575,2,89559.63,53835.11,24.00,1
19022,СПЕЦСТРОЙ ПЗСП-КРОНШТАДТСКАЯ,5903152807,1225900006815,4,89508.18,49629.75,20.50,1
17428,СЗ СРЕДАСТРОЙ НОВОРОССИЙСК,2312317060,1232300012064,14,89457.03,46006.20,8.64,1
18395,СЗ СОЛНЕЧНОЕ,7453276761,1147453013817,6,89205.37,51307.56,18.83,1
19376,СЗ - УКЗ № 19,0276974145,1230200008422,2,89180.08,54914.21,18.00,1
13633,СЗ УНИВЕРСАЛ ИНВЕСТ КАМЕНКА 1,4703182182,1214700004705,4,89154.83,46487.62,15.50,1
16647,СЗ ЛЕВЕЛ,7736337567,1217700512270,4,89114.63,50414.33,12.25,1
16471,СЗ СТАНДАРТ,0274978440,1230200013560,4,89019.49,52182.11,25.75,1
10863,СЗ КОРАБЕЛЬНЫЙ,9201527876,1199204002140,9,88936.54,53663.86,9.11,1
17682,СЗ САКИ,9102283467,1229100009808,4,88886.22,0.00,11.00,1
3123,СЗ УК ТРАНССТРОЙ,1901096758,1101901003600,13,88797.52,56018.31,9.62,1
16110,СЗ УРБАН БИЛД,5836897456,1225800000678,3,88758.30,54394.90,23.00,1
33299,СЗ ДЕЛКОМСТРОЙ,1655396718,1171690128290,1,88592.84,39773.60,24.00,1
15899,СЗ ТРИ ЭС СИТИ,7722474122,1197746247247,1,88536.50,45861.00,44.00,1
14201,СЗ ОПУС,7841050517,1167847488247,2,88422.61,25294.70,13.00,1
18436,СЗ МДТ,9725036522,1207700350747,1,88365.60,53957.80,44.00,1
16273,СЗ ПРИБРЕЖНЫЙ,9200008719,1229200000765,1,88300.05,0.00,16.00,1
14151,СЗ МАГНОЛИЯ,5405030179,1185476085519,8,87984.98,53208.00,16.00,1
19212,СЗ ЭЛЕМЕНТ 3,7802950874,1247800026143,1,87936.00,51170.00,23.00,1
17121,СЗ ОМЕГА,6319254321,1216300032816,1,87897.20,44974.00,25.00,1
27360,СЗ АСПЕКТ ПЛЮС,7801735754,1247800081759,2,87878.00,52575.42,10.00,1
2201,СЗ СК СОЮЗ,6678004243,1116678004178,3,87859.09,43775.72,18.33,1
28215,СЗ САНАТОРИЙ БЕЛЫЕ НОЧИ,2318024818,1022302786880,4,87844.00,0.00,9.00,1
23314,СЗ ВЛАТРУАН,9103008713,1149102073306,4,87789.75,47275.02,11.00,1
24459,СЗ ПРАВОБЕРЕЖНЫЙ. ЦЕНТРАЛЬНЫЙ,6658484714,1169658035205,4,87714.59,16915.91,14.25,1
14334,СЗ СИМВОЛ,6234197723,1216200010124,2,87543.56,56841.22,26.00,1
6918,СЗ ЭКО-МЕХАНИКА,0274155623,1110280014460,3,87172.51,58089.61,19.00,1
19982,СЗ ПРАВОБЕРЕЖНЫЙ. НОВЫЙ ГОРОД,6671284224,1236600057506,3,87144.67,51227.59,28.33,1
32424,СЗ СТРОЙ-13,2014039932,1232000009053,3,86965.30,38793.02,31.00,1
19096,СПЕЦЗАСТРОЙЩИК СМУ - 21,4347036441,1034316527992,6,86889.20,53270.00,25.00,1
18954,РАЗВИТИЕ САХАЛИНА - СПЕЦЗАСТРОЙЩИК,6501315098,1216500003367,3,86785.96,49580.00,16.00,1
21734,СЗ КВС-ПУЛКОВСКИЙ,7802895817,1217800094632,1,86746.23,45399.70,18.00,1
18950,СЗ ДЖС,7203272838,1117232060912,6,86548.23,36244.07,10.67,1
35234,СЗ АТЛАС ЛЮКСО,6671341930,1256600043094,1,86534.71,42599.18,32.00,1
19296,СЗ СИЯНИЕ,7731009298,1027700242030,1,86485.60,51720.80,43.00,1
18824,СЗ СТРАНА.МЕЛЬНИКАЙТЕ,9726011457,1227700217040,2,86386.85,38244.76,20.00,1
18602,СЗ КМ СИТИ СТРОЙ,5260480710,1215200041627,3,86351.52,45695.26,19.67,1
18846,РСТИ НА ФУЧИКА-1 (СЗ),7813659071,1217800188539,2,86300.00,50126.89,15.00,1
22503,СЗ ПИК,2014040085,1232000009383,4,86184.46,42576.12,11.75,1
10922,СЗ ИК АВАНГАРДИНВЕСТПРОЕКТ,3912504547,1143926013835,1,86127.60,47865.10,15.00,1
17814,СЗ МЕТРИКС МАЙКОП,2311348330,1232300022350,5,86117.45,42932.80,9.60,1
16274,СЗ СТАТУС СТРОЙ,0725024489,1180726001213,3,86026.50,53852.20,11.67,1
17239,СЗ ДОМСТРОЙАНАПА,2312320144,1232300038233,4,85784.85,0.00,8.50,1
4053,СЗ ЭНЕРГОАВТОМАТ,3662084382,1033600153201,2,85688.60,41490.20,26.50,1
42288,СЗ ГУРЗУФ-ПУШКИНО,9103104632,1249100011192,1,85686.86,44851.88,20.00,1
17367,СЗ МФК ЕХЕ,7448204384,1177456059109,2,85604.70,36532.86,21.50,1
13126,СЗ АНМАР,0278149758,1080278005994,1,85600.70,54167.30,24.00,1
11048,СЗ КВС-ЛЮБОГРАД,7802683058,1187847388079,7,85531.88,62080.95,5.00,1
17406,СЗ ИНСТРОЙ,7839127106,1207800044033,1,85465.60,0.00,24.00,1
11967,ДСК ЭНКО,7203437871,1177232036431,3,85414.08,57327.00,17.33,1
2628,СЗ ЦЕНТР-ИНВЕСТ,7702745198,1107746890987,4,85351.70,40766.20,14.50,1
18826,СЗ ЕВРОИНВЕСТ КУДРОВО-2,4706075037,1244700004890,3,85329.06,52918.91,10.00,1
18763,СЗ СТРОЙ-ИНВЕСТИЦИИ,6321408410,1166313088677,1,85323.27,48517.53,25.00,1
11134,СЗ АЛГОРИТМ-СТРОЙ,2225212801,1202200016435,6,85211.40,52142.70,14.00,1
10458,СЗ СТРУКТУРА-2,7814674379,1167847468348,1,85088.00,45000.01,12.00,1
22997,"СЗ СИТИ, 4",9703194469,1247700701467,2,84972.00,0.00,18.00,1
15190,СЗ РОСТ,3015105072,1153015001083,4,84935.12,66255.32,25.00,1
14287,ДИКА-СТРОЙПРОЕКТ,2015044068,1092031001468,3,84768.00,60660.00,31.00,1
15482,СЗ ЖИЛОЙ КОМПЛЕКС ГРИНХИЛС,2543146454,1202500001615,3,84692.30,60380.60,22.00,1
27169,СЗ ТРЕНД,7842228263,1257800023689,2,84683.60,58352.54,22.00,1
13187,СТРОЙИНВЕСТПРОЕКТ,7606088292,1127606004349,3,84677.07,18210.18,19.00,1
17730,СЗ СМАЙНЭКС ТИШИНСКИЙ БУЛЬВАР,7703430017,1177746674203,3,84662.40,40241.80,17.00,1
1813,СЗ МЕГА-МЕЧТА,5007036044,1045001633907,20,84622.89,61347.17,3.55,1
1032,СЗ СТЭЛ-ИНВЕСТ,3662058103,1033600035820,3,84622.20,26797.40,13.00,1
18537,СЗ УАМ-СТС. ЗАТОН-1,0274981940,1230200036780,3,84530.16,51201.14,26.00,1
2473,СЗ ПРОМЕТЕЙСИТИ,5024147530,1145024006490,2,84345.00,27752.30,17.50,1
12264,СЗ СТРОЙ-ЭКСПЕРТ,7743345110,1207700284307,5,84265.79,52419.89,13.00,1
17476,СЗ ПИК БАЙКАЛА,0300018055,1230300007607,3,84148.18,57080.89,14.67,1
13618,СЗ СИГМА-2,6165229682,1216100018199,1,84086.52,35655.68,16.00,1
37882,СЗ КРОНУНГ СОЛНЕЧНОЕ 1,7813680980,1247800065369,4,84056.21,41109.78,11.50,1
38043,СЗ СПК,7606131741,1227600015015,9,83910.16,49313.37,10.78,1
14491,СЗ 45-Й КВАРТАЛ,6678110379,1206600067849,6,83894.11,53430.49,4.67,1
16857,СЗ ЭЛЕМЕНТ 1,7813671417,1237800037672,1,83736.00,0.00,10.00,1
12067,СЗ СК УНИСТРОЙДОМ-3,1657246517,1181690046735,1,83706.33,48269.34,20.00,1
17938,СЗ ВЕСТА,7203561244,1237200014567,2,83554.75,54265.60,26.00,1
530,СЗ ПРОГРАНД,7702549732,1057746693157,3,83468.32,36623.60,17.67,1
18255,СЗ МАКРОСТРОЙ ДЕВЕЛОПМЕНТ,3910005976,1213900009069,23,83462.40,50447.10,5.00,1
13689,СЗ ВОСТОК,1700001629,1211700001050,15,83455.83,51647.54,6.67,1
6638,СЗ ТПУ РАССКАЗОВКА,7701387398,1147746148538,2,83452.87,48812.90,21.00,1
15689,СЗ РЕВЕРС,7728495224,1197746747660,11,83375.76,0.00,8.27,1
14773,СЗ САМОЛЕТ-ОЛИМП,7722635669,1087746000594,2,83257.35,43248.58,13.50,1
19697,СЗ ИКАР ГРУПП,7453332744,1197456054905,2,83198.80,47241.10,19.00,1
24846,СЗ ВЕКТОР,7810842382,1117847418556,1,83194.18,38101.30,13.00,1
18447,СЗ ХАЙДАУТ,7729058636,1027739319420,1,83172.00,50144.30,52.00,1
22302,СЗ ДОМ АРТ,2700032266,1242700008946,7,83163.68,55623.70,11.00,1
19211,СЗ ПРОЕКТ-С-47,7500014558,1237500007018,7,83067.42,56523.17,18.00,1
2144,СЗ ФЛАВОСИНТЕК,7728038193,1027739242882,1,83053.20,33618.80,31.00,1
3028,СЗ НОВОЕ СТРОИТЕЛЬСТВО,0105008695,1020100702643,1,83047.10,45177.90,17.00,1
17798,СЗ ЗВЕНИГОРОДСКАЯ ИНВЕСТ,9705157744,1217700332321,1,82947.00,57206.80,66.00,1
2217,СЗ ИМПЕРИЯ,5406433830,1085406010381,3,82917.69,45699.14,24.33,1
16128,СЗ ТЕКТА-НАГОРНАЯ,9729043023,5167746408000,1,82914.60,54797.60,30.00,1
19253,СЗ ГЛОБАЛМЫТИЩИ,1685011450,1231600025535,1,82905.75,37483.52,23.00,1
19378,АКВАМАРИН КАПИТАЛ,0571021171,1220500012083,2,82858.20,55897.20,16.50,1
40394,СЗ ГАММА,1500012430,1231500004691,4,82750.40,13428.40,5.00,1
33025,СЗ СТРОЙЛЮКС,7203304600,1147232006437,4,82683.64,52098.81,15.75,1
18363,СЗ СУ-17,0274985180,1240200006507,4,82621.76,52290.58,9.00,1
11105,СЗ САМОЛЕТ-МЫТИЩИ,5024186378,1185053015740,1,82557.00,53301.29,18.00,1
13446,СЗ ИСКРА,7703429621,1177746644646,4,82536.80,56983.20,24.25,1
18001,СЗ БАШНИ НА ФРУНЗЕ,5407977864,1205400013994,1,82443.78,40193.70,33.00,1
13907,СЗ ПЕРСПЕКТИВНЫЕ РЕШЕНИЯ,7715988656,1147746026801,1,82236.80,44228.40,34.00,1
36697,СЗ НОВЫЙ ЯМБУРГ,4707021940,1044701428298,4,82162.00,62588.39,3.75,1
3298,"ОРДЖОНИКИДЗЕ, 44",7825665048,1027800556519,3,82141.00,0.00,27.00,1
21107,СЗ ЛЕТО НА ТИТОВА,6671284023,1236600056934,2,82099.30,52121.00,28.00,1
17261,СЗ ИНВЕСТГРУПП,2301101687,1202300030459,7,82097.03,29402.17,6.00,2
14049,"СЗ ТУХАЧЕВСКОГО, 80",2536328492,1212500014462,4,81958.15,50293.07,18.25,1
17875,СЗ АН ИНВЕСТИЦИИ,2301109816,1232300040411,4,81949.20,0.00,5.75,1
260,СЗ МИЦ-МИЦ,7702271396,1037739460395,2,81939.78,61454.64,23.00,1
10228,СЗ ГЛОРИ,7718083824,1027739733328,1,81884.30,46597.10,28.00,1
20794,СЗ РАЗВИТИЕ КУРОРТОВ КМВ,2632123297,1242600000543,9,81882.35,37865.09,6.33,1
3706,СЗ КИРОВСКИЙ ССК,4345146992,1064345114096,9,81767.40,55310.80,16.22,1
17554,СЗ ЖК АРБЕКОВСКАЯ ЗАСТАВА,9729219816,1187746005908,2,81709.40,56174.34,19.00,1
18405,СЗ ЖИЛЬЕ,5836312033,1065836024572,2,81703.42,56174.95,19.00,1
16379,СЗ ДАРС-ВОСТОК,2721255400,1222700014404,2,81648.85,52880.72,11.00,1
18996,СЗ ГОЛОС.КОСМОС,7448211504,1187456017847,2,81613.60,42732.00,17.00,1
21559,СЗ СТ-3,4707050067,1234700008718,2,81399.42,55528.13,13.00,1
6127,ПРОГРЕСС.СЗ,5433964607,1175476111469,4,81388.53,46894.94,24.50,1
8558,СЗ ПИОНЕР-1,7704454300,1187746418530,1,81181.78,47618.51,26.00,1
1535,СЗ КБР СТРОЙ-ИПОТЕКА,0721020518,1070721000811,4,81017.78,49298.36,12.00,1
16876,СЗ ЯНИНО,7843020846,1227800057100,4,80981.96,57144.60,16.25,1
25165,СЗ ГОЛОС.ПРИТЯЖЕНИЕ,7448255156,1237400047191,2,80946.76,42900.40,13.50,1
658,СЗ МЕГАПОЛИС-СТРОЙ,3250518136,1103256002190,3,80787.44,50929.82,16.67,1
16959,СЗ МАСШТАБ,6234195451,1216200004173,11,80658.49,36321.87,7.73,1
14232,СЗ ЗАЛИВ,2540255832,1202500009337,25,80642.55,50984.67,3.68,1
18760,СЗ СИБИРСКИЙ,7203562512,1237200016096,2,80593.80,43895.16,18.00,1
12698,СЗ ССД МСК ВОСТОК,7707436820,1197746754590,7,80489.06,57777.78,4.00,1
20350,СЗ РАЗВИТИЕ,7203545130,1227200016999,4,80262.40,38009.80,18.50,1
17152,СЗ МОЛОТ,5904378356,1195958035525,2,80160.80,42464.50,31.00,1
15089,ГОРСТРОЙТОРГ,2016004886,1192036005468,6,80082.20,38648.80,15.67,1
13562,СЗ ГРАНЕЛЬ ГОРОД,7751184989,1207700323478,6,79978.19,57682.76,7.00,1
13505,СЗ БОРИСОВСКИЕ ПРУДЫ,7714983239,1177746289005,1,79906.10,47005.70,31.00,1
30522,СЗ АТРИУМ,3812166372,1253800006646,2,79900.51,13774.48,17.00,1
2895,СЗ СТК-59,1501035052,1031500150318,7,79765.52,31546.85,11.71,1
39305,СЗ БИЗНЕС КОНТАКТ,7727435367,1197746722480,1,79692.37,42752.91,58.00,1
12119,СЗ КЛЕВЕР ПАРК,7203363490,1157232042274,7,79659.43,53311.61,15.29,1
16166,СЗ НОВОСТРОЙ,0725005800,1110725001265,4,79631.20,57257.28,13.00,1
21607,СЗ КК ЛУЧИСТЫЙ,9110031960,1239100004989,8,79545.31,37107.64,9.25,1
18754,ИДК ЭНКО,7202247691,1137232029890,4,79527.75,48062.75,27.75,1
10770,СЗ СДК,9102264697,1209100006796,2,79466.08,21337.82,19.50,1
12758,СЗ СТРОЙГРАД-КМВ,2636219000,1212600005243,6,79364.40,55045.20,13.33,1
15226,СЗ САМОЛЕТ-САБУРОВО-1,5027298746,1215000082395,2,79360.77,48416.64,10.00,1
13836,СЗ СТЭК-ПАРК,0274960549,1200200058189,1,79246.24,34668.80,24.00,1
2846,СЗ ДУБЛЬ Л-РИЭЛТ,6455029861,1026403677167,8,79055.03,48755.17,6.50,1
20166,СЗ ГРАНИ,7720914875,1237700851640,2,78995.00,47642.70,32.00,1
13937,СЗ АГРОТЕХНОЛОГИИ,0725001570,1100725000089,2,78935.18,54109.75,17.00,1
299,СЗ СТРОИТЕЛЬНАЯ ИНИЦИАТИВА,2221040076,1022200911490,4,78874.40,4126.80,10.25,1
23246,ДВА КОНТИНЕНТА. ЕКАТЕРИНБУРГ,6671297047,1246600013880,1,78791.50,47977.60,27.00,1
1229,СЗ СТРОЙМАСТЕР,4826071443,1104823003339,4,78731.77,44972.97,16.25,1
7894,СЗ ЦЕНТР-КОМ,5038065817,1085038014082,1,78724.91,34132.66,25.00,1
17592,ООО СЗ МОНОЛИТ,7726476603,1217700197362,2,78723.68,52395.98,26.00,1
15396,СЗ СТРОЙКОМ,7743341691,1207700209782,1,78707.68,43538.90,17.00,1
18397,СУ 19,2318022602,1022302791884,3,78535.32,15985.78,10.00,1
12949,СЗ СЭТЛ ОКТЯБРЬСКАЯ,7810747019,1197847001230,2,78509.11,34914.92,10.00,1
15353,СЗ КРЯЖ,6312211449,1226300005205,4,78272.21,47392.11,11.00,1
734,СЗ ВЛАДАВТОРЕСУРС,3327122570,1143327003500,2,78240.00,42225.40,18.00,1
16213,СЗ СУРИКОВ,2460122682,1232400000711,2,78217.10,41277.60,25.00,1
18838,СЗ ГРАНД,5001135962,1205000089128,1,78214.81,0.00,22.00,1
12726,СЗ ГАЛАКТИКА,2901304671,1212900001225,3,78193.48,48315.28,17.00,1
16163,СЗ НЕБО,2721246974,1202700008367,1,77988.84,37247.20,25.00,1
6769,ДЖИ.И.АР. БРОКЕР,5406312306,1055406142758,2,77974.04,15540.96,25.00,1
6800,СЗ КОМФОРТИНВЕСТ,7714909436,1137746559268,4,77890.90,49670.10,10.00,1
16652,СЗ СИЛИКАТДЕВЕЛОПМЕНТ,7734440512,1217700055539,1,77735.60,0.00,30.00,1
15772,СЗ СЕВЕРНЫЙ ГОРОД,7801720123,1237800003561,3,77731.94,39117.44,15.00,1
19246,СЗ СК-12,0275931710,1230200039497,7,77679.57,50376.17,15.43,1
26972,СЗ КОМПАНИЯ 2К,9725132650,1237700572669,1,77627.00,41373.70,47.00,1
924,СЗ ПРОСТОРНАЯ ДОЛИНА,7725299158,5157746142901,6,77330.98,15983.81,11.50,1
16548,СЗ ПРОГРЕСС АЛЬФА,6671259757,1236600009557,3,77075.71,50070.50,22.00,1
17833,СЗ ПРОЕКТ-СТРАНА-3,6500004710,1226500003597,9,77014.54,50020.94,12.67,1
22404,СЗ ТКН-НЕДВИЖИМОСТЬ,6150101714,1216100030926,2,77013.95,43880.65,26.00,1
19482,СЗ ЗАВОДСКАЯ-1,5038177415,1235000053100,4,76921.90,53161.58,24.75,1
23540,СЗ ЯБЛОНОВСКИЙ,0100007105,1230100003396,8,76732.83,40902.00,6.25,1
13611,СЗ ФЛАГМАН ИНВЕСТ,0725024471,1180726001224,3,76636.46,50023.17,10.33,1
138,СЗ РУС,7530008329,1027501178022,5,76610.00,43637.10,14.20,1
11541,КОМОССТРОЙ КРАСНАЯ ГОРКА СЗ,1831194501,1191832011535,6,76574.70,54870.00,18.83,1
13882,СЗ ГРАНЕЛЬ МОНОЛИТ,5018198590,1195081007208,2,76488.00,50011.07,15.00,1
22743,СЗ ЕДИНСТВО,3300003270,1233300005674,4,76413.46,44412.87,17.50,1
23322,СЗ АРТ-СИТИ,0274976475,1220200044789,2,76387.36,41742.38,26.50,1
40847,СЗ ОКТАВА,1683021069,1241600023170,1,76283.50,39795.38,21.00,1
196,ЭНКО СТРОЙ,7203395205,1167232081280,5,76133.34,51880.66,18.20,1
17675,СЗ ТРАТТА-ЦЕНТР,7743039385,1157746021730,1,76127.00,50937.00,39.00,1
2292,СЗ ЖСК,1515915160,1081515000984,4,76104.17,48326.40,8.25,1
17552,СЗ МАССАНДРА ПАРК,9102226941,1179102007864,2,76004.61,24894.56,16.50,1
11430,СЗ ТАЛАН-РЕГИОН-31,1841087700,1191832016199,3,75955.48,48320.20,18.67,1
14907,СЗ ЖК УМНЫЙ ДОМ ЛИТЕРА 10,0278968789,1210200037772,2,75953.70,35727.80,26.00,1
9266,СЗ ПЕРХУШКОВО-ДЕВЕЛОПМЕНТ,7705776099,1077746278280,2,75933.00,37376.40,7.00,1
15628,СЗ КВС-ПУШКИН,4706051734,1224700015484,4,75907.31,45940.79,5.00,1
12253,СЗ ЭКСТРАГРАД,7743345216,1207700288510,4,75877.70,49372.70,16.00,1
20874,СЗ ТРОИЦКЖИЛСТРОЙ,7751174839,1197746757240,6,75753.90,49560.50,13.00,1
16648,СЗ СУ-2007,9310008599,1239300007000,6,75747.86,48166.47,13.67,1
35158,СГМ СТРОЙ,9001031696,1259000000522,5,75490.73,46490.58,14.40,1
23051,СЗ СК10 №15,6163233725,1246100022904,1,75439.01,45195.15,27.00,1
602,СЗ БЕРЕНДЕЙ,5016018436,1095038004610,28,75386.57,62840.85,3.00,1
16660,СЗ ИКАР ЗАПАД,7453338538,1207400044378,9,75297.78,46560.99,5.44,1
17164,СЗ ИНВЕСТСТРОЙ,5837084358,1235800006518,2,75255.37,40272.31,21.00,1
17001,СЗ СИРИУС,7453348790,1227400036885,4,75219.17,48869.59,19.00,1
16802,СЗ ЭС АЙ ЭС ДЕВЕЛОПМЕНТ,7722490780,1207700291996,3,75122.64,34736.98,14.33,1
8285,ИНСК СПЕЦМОНТАЖ,5007044373,1045001601677,2,74689.70,51035.70,14.00,1
7673,СЗ УЛЕЙ ДЕВЕЛОПМЕНТ,7203285756,1127232067621,3,74573.86,47667.45,18.33,1
29836,СЗ НОВАТОР-1,7203590982,1257200005589,2,74564.20,42783.71,15.00,1
14382,СЗ ЦЖС,6670314878,1156658007659,1,74443.64,37589.58,20.00,1
9042,СЗ РАСЦВЕТАЙ НА КРАСНОМ,5406655430,1105476104084,2,74398.90,43467.10,32.50,1
12118,СЗ ОЛИМП-Н,3460078019,1203400001265,4,74335.60,49630.40,18.75,1
14938,СЗ ССК СТРОЙ ГРУПП,2636218486,1202600014814,5,74310.00,25240.70,6.60,1
5159,СЗ ДОНСТРОЙ,6316056963,1036300551979,1,74309.10,37531.80,25.00,1
2916,СЗ-21 ЮСИ,2635224494,1162651079403,6,74150.50,42704.10,10.17,1
31640,СЗ НИКС НА ЭНТУЗИАСТОВ,7451466372,1237400044265,1,74094.90,28536.00,32.00,1
16827,СЗ РЕНОВАЦИЯ-БАЛАШИХА,5027300762,1215000110324,4,73809.90,49087.02,19.75,1
15572,СЗ ТКФ СТРОИТЕЛЬ,3661003197,1033600042277,3,73723.20,49523.92,17.67,1
15610,СЗ ДОНСТРОЙ,6319194231,1156313013669,1,73669.50,47379.60,25.00,1
9123,СЗ СОДРУЖЕСТВО,2801202330,1142801009999,3,73652.46,41556.38,27.33,1
21053,СЗ РСП,9303036299,1249300002380,5,73496.14,31095.35,13.20,1
10263,ПДСФ АГРОДОРСТРОЙ ООО,2015037423,1032001204036,6,73480.53,33585.54,12.50,1
12168,МАЯК,0608022400,1130608000731,5,73401.55,40489.95,10.60,1
15267,СЗ АСС,2309155229,1172375037251,4,73347.06,48571.25,14.00,1
2089,СЗ КОШЕЛЕВ - ПРОЕКТ САМАРА,6312134360,1136312010999,7,73340.20,41473.50,16.86,1
967,СЗ ФИЛАТОВ ЛУГ,7708305161,5167746372701,2,73012.58,50890.40,20.50,1
1651,КОЛЬЦО,6316177069,1126316006431,1,72805.17,49453.95,33.00,1
36423,СЗ ЮГРЕСУРССТРОЙ,9500030602,1259500001584,4,72784.44,43397.97,11.75,1
5443,СЗ ИНВЕСТСТРОЙГРУПП,5040069939,1065040010463,12,72755.40,59580.60,5.00,1
16834,СЗ СЕЛИГЕРСКИЙ,9705160970,1217700514877,1,72600.80,51060.80,43.00,1
9532,СЗ СЕРЕДНЕВО,7714911058,1137746624828,1,72592.80,45628.80,17.00,1
16762,СЗ БЕЛЫЙ ГОРОД,3100000962,1223100006359,4,72545.22,43121.29,9.25,1
33548,СЗ А. ЛИНЁВА,9403032097,1249400009616,6,72493.90,45592.49,12.00,1
184,РИМЭЛИТСТРОЙ,5405422024,1105476067993,1,72449.90,30424.20,22.00,1
23699,СЗ УЛИЦА ХАДИ ТАКТАША,7703469230,1197746011253,2,72428.68,48843.06,25.50,1
22178,СЗ ПАРК РАЗВЛЕЧЕНИЙ,7708398448,1217700419001,1,72401.10,45901.00,28.00,1
13195,НЬЮТОН ДЕВЕЛОПМЕНТ,7724494477,1197746701932,1,72339.50,0.00,32.00,1
23517,ЗАСТРОЙ СПЕЦЗАСТРОЙЩИК,7813654242,1217800091190,10,72252.47,41111.11,9.70,1
7669,СПЕЦГАЗСТРОЙ,7704307104,1157746150858,2,72236.00,51406.60,18.00,1
14928,СЗ ОТРАДА ВИЛЛАДЖ,5024087680,1075024004725,4,72183.30,42119.30,10.00,1
28896,СЗ ПРОМЕТЕЙ,9108004367,1149102063274,9,72037.75,0.00,6.56,1
17490,СЗ УЛИЦА БОТАНИЧЕСКАЯ,1686029299,1231600034819,2,72033.40,33246.00,14.50,1
8411,СЗ ФЛАЙ ПЛЭНИНГ,7453326701,1197456009178,5,71986.45,47552.69,8.00,1
17568,СЗ СЕМНАДЦАТЫЙ КВАРТАЛ,5902146769,1045900084581,1,71951.50,40970.70,15.00,1
11700,СЗ СМТ,7743321180,1197746652113,1,71919.40,47284.30,21.00,1
21994,СЗ АТЛАС ТИТОВА,6671292754,1246600005398,1,71881.98,50396.18,29.00,1
284,СЗ МИК,1326183513,1021300979127,5,71620.15,45733.66,18.40,1
3295,СЗ КОМ-БИЛДИНГ,3444118218,1043400339432,5,71534.80,33161.09,18.80,1
18037,СЗ СИВЕРСА,6150100975,1216100005054,2,71514.19,41019.06,9.00,1
7956,СЗ ПРЕСТИЖ,7842405353,1097847073543,1,71316.90,31747.94,11.00,1
14459,СЗ Ю-ДЕВЕЛОПМЕНТ,2724226895,1182724002900,5,71290.32,33966.89,18.20,1
18738,СЗ ГОРАКС,7725270350,1157746357801,2,71240.84,58097.90,17.00,1
14572,СЗ ПАРИТЕТ,9705093145,1177746323622,1,71230.00,0.00,18.00,1
10667,СЗ ВИРА НА КОМИНТЕРНА,5401982272,1185476013360,1,71119.80,18134.70,15.00,1
27695,СЗ ГРАНД АВЕНЮ,0274394847,1250200014734,2,70982.17,46171.22,29.50,1
17869,СЗ НИКОЛЬСКАЯ КОЛЛЕКШН,0272921840,1230200021281,3,70947.32,35443.34,24.33,1
18667,СЗ РАЗУМ НА ТИТОВА,3000010879,1233000006425,2,70900.44,46612.20,29.00,1
15157,СЗ МИЦ-6,9705166315,1227700121516,4,70888.13,53972.00,19.00,1
44595,СЗ СИБГРАД ПАРК,5501293396,1265500005594,5,70701.00,44127.20,19.60,1
40681,СЗ АЛЬТЕРНАТИВА,4400020175,1244400002307,1,70684.31,35266.30,9.00,1
2171,СПЕЦЗАСТРОЙЩИК ТСИ,1656078980,1141690063052,4,70645.40,41759.69,10.75,1
10324,СЗ СОЮЗ-СЕВЕР,2224201116,1192225040138,3,70511.20,53280.80,18.00,1
13572,СЗ РУТ,2311307895,1202300042251,6,70401.14,48101.88,8.50,1
2869,АРСЕНАЛ ГРУПП,4703142302,1144703003840,2,70365.54,35096.53,13.00,1
11984,СЗ ОСТАНКИНО,9715337922,1197746097262,1,70269.72,42588.20,30.00,1
3282,СЗ ТЦС РАЗВИТИЕ,3664043840,1033600030727,2,70174.14,45645.63,18.00,1
15449,СЗ НОВА-СТРОЙ,1513078614,1191513007014,6,70162.10,36359.60,12.67,1
17379,СЗ ГРУППА,2543154582,1212500000085,1,70098.10,37837.06,24.00,1
17269,СЗ ТЕМЕЛ,2536328661,1212500015640,1,70004.00,40260.60,25.00,1
18664,СЗ ПРОСТРАНСТВО - СТРОЙ,3000006992,1233000002520,2,69985.97,43003.83,25.50,1
17608,СЗ СТАТУС,5038164977,1225000060416,2,69830.75,37518.50,25.50,1
17033,СЗ ЧЕТЫРЕ ГОРИЗОНТА,7806567158,1197847231515,1,69803.60,26677.90,14.00,1
17491,СЗ РАДИУС,1686029098,1231600033730,5,69787.44,47740.20,16.40,1
11023,СЗ ГКС,1101168940,1201100003081,4,69741.70,50035.60,14.00,1
3015,СЗ СИБСЕЛЬМАШ,5404200318,1025401489244,1,69626.40,39313.30,24.00,1
18569,СЗ ПРОФИ-ПЕРВОМАЙСКАЯ,5038175915,1235000040230,2,69612.77,38024.83,15.50,1
1504,СЗ ФИНПРОЕКТ,5904151980,1065904124846,6,69576.00,49199.50,10.67,1
1542,СЗ ГСК АРБАН,2460068548,1052460039334,2,69529.50,35324.40,19.50,1
29750,СЗ СОЛНЕЧНАЯ,9311026992,1249300021079,5,69414.21,42870.95,12.20,1
21966,СЗ ПРАКТИКА-А,6671291101,1236600077944,3,69332.06,39142.34,28.33,1
23178,СЗ ЗАПАДНЫЙ ПРОСПЕКТ 82,9109026814,1219100016915,1,69288.87,32692.81,23.00,1
20577,СЗ ЛЕВЫЙ БЕРЕГ,3602011975,1183668018599,2,69064.50,41969.30,26.00,1
12912,СЗ СТРОИТЕЛЬ-ЮГ,2310128974,1072310014303,2,69032.47,32627.10,12.00,1
7348,СЗ КОНГРАДА,1655395672,1171690121888,2,69019.60,34511.51,17.50,1
3846,СЗ СТРОЙГРУПП-07.,0725018380,1160726050946,4,68953.13,47012.97,8.00,1
13059,СЗ ЛИСТСИТИ,5610240690,1215600000670,3,68925.88,44811.59,23.33,1
2415,СЗ ГЛОБУС,6215031641,1176234020159,4,68834.88,36700.78,13.75,1
14373,СЗ ЗОДЧИЕ,3664074936,1063667255277,2,68583.17,37387.84,29.00,1
17858,СЗ ТЕРМИНАЛ,2901250659,1142901008799,1,68575.88,44036.81,29.00,1
7904,СЗ ГОЛДГЕОПРОМ,7536170310,1187536001256,3,68551.11,39911.27,16.00,1
14015,СЗ ТАЛАН-РЕГИОН-45,2543103122,1162536087108,5,68524.12,44016.50,20.40,1
13408,СЗ СОЮЗ-АЛУШТА-1,9103094663,1209100013100,3,68507.43,0.00,20.00,1
17334,СЗ РАЗУМ-БОЕВАЯ,3000006520,1233000002069,5,68492.16,45310.96,18.00,1
11193,СЗ ЮПИТЕР,7203378344,1167232061347,3,68339.52,45734.52,21.00,1
1028,СЗ ИК ПАРАПЕТСТРОЙ,3810331790,1133850025407,5,68245.19,49122.33,9.00,1
32694,СЗ Ч1,5800014019,1255800002138,2,68215.00,48604.56,18.00,1
19158,СЗ КВАНТ РЗВ,3662309389,1243600005527,3,68174.31,48447.36,19.00,1
19244,СЗ ТАЛАН-РЕГИОН-54,1800002295,1231800012575,1,68062.00,48362.20,25.00,1
13623,СЗ БЛИЗКИЙ,1657261674,1201600041169,3,68005.20,34514.52,5.00,1
19516,СЗ НОВЫЙ РАЙОН,2901310516,1222900004150,7,67937.85,43611.46,7.43,1
18418,СЗ ФДБ,3702240591,1203700005772,8,67925.08,45278.47,10.00,1
16765,СЗ ДВ КРИСТАЛЛ 2,2700005880,1232700002391,5,67899.12,44572.13,11.00,1
31232,СЗ ПРАКТИК,2635258341,1232600010191,6,67813.00,35453.30,15.17,1
12761,СЗ МАЛЫШЕВА,6679139758,1216600006017,3,67673.23,35451.52,34.00,1
31802,СЗ ГАРМОНИЯ,0274389491,1240200030212,1,67666.61,37135.40,28.00,1
1640,СЗ СТРОИТЕЛЬ,1841052048,1151841005271,5,67646.70,35353.20,13.20,1
537,СЗ КОРТРОС-ПЕРМЬ,5902197019,1055900309497,3,67593.99,38820.27,15.33,1
19451,СЗ ПМ-ДЕВЕЛОПМЕНТ,9714056333,1247700543408,1,67413.00,43837.00,26.00,1
1491,СЗ ВЕСЁЛОВКА-4,5836658151,1135836003654,5,67359.40,42500.60,11.00,1
3224,СЗ СТОЛИЦА,7452143582,1177456075367,3,67350.77,39942.19,21.00,1
727,МЕГАПОЛИС ГРУП,7703820909,5147746296253,1,67338.10,27222.60,76.00,1
40661,СЗ РОДИНА-ПАРК,0278983346,1240200020455,1,67283.50,41707.00,26.00,1
17274,СЗ НКП,1200010470,1231200002131,3,67279.67,39759.73,10.00,1
30414,СЗ ПРОФСТРОЙ ГРУПП,5038188054,1245000033112,1,67272.95,32647.45,25.00,1
13794,СЗ ПРОМСТРОЙ-М,4205090997,1054205204316,4,67242.40,47020.40,16.00,1
11547,СЗ ПОРТАЛ,7813298435,1187847018237,4,67229.78,47358.12,17.00,1
14652,СЗ ТРЕСТ-17,7447295195,1207400020332,1,67094.00,45747.40,26.00,1
43859,СЗ МДЦ-СТРОИТЕЛЬСТВО,1686056373,1261600006645,1,67088.29,32713.91,25.00,1
27767,СЗ 17-Я ЛИНИЯ,7801720846,1237800015705,2,66928.63,33024.69,11.00,1
15171,СЗ ОНИКС,5904385025,1205900023999,2,66730.00,20738.50,7.00,1
10844,СЗ ТПУ ЭЛЕКТРОЗАВОДСКАЯ,9701052148,5167746212057,1,66660.90,42116.00,29.00,1
37975,СЗ ЛИНИЯ ЖИЗНИ,9303018282,1229300110050,2,66603.78,34535.20,13.00,1
37309,СЗ РАЗУМ НА УКТУСЕ,3000022909,1253000005983,1,66576.69,33130.41,23.00,1
12534,СЗ АТОМ-СУХОДОЛЬСКАЯ,6685168098,1196658071158,6,66551.02,38666.90,15.17,1
13625,СЗ ГРАНДСТРОЙ ДЕВЕЛОПМЕНТ,3808274978,1213800024470,4,66435.00,38303.58,17.50,1
16024,СЗ ДЕЛОВОЕ ПАРТНЕРСТВО,2312118428,1052307177416,3,66398.80,45880.11,17.00,1
35544,СЗ УЛЬТРАСИТИ,0277969420,1250200019453,2,66362.85,35189.54,25.50,1
12675,СЗ СЕВЕРНАЯ КОМПАНИЯ,6234145860,1156234009986,1,66038.52,44164.80,26.00,1
14048,СЗ КАТЕРНАЯ,2536330653,1212500026034,4,66001.14,40862.36,13.50,1
37905,ХИМСТРОЙ,0561002130,1020502529079,3,65966.00,33296.59,10.00,1
22201,СЗ НАНЖУЛЬ 12,2465364082,1242400023084,4,65926.79,45756.44,18.00,1
19794,СЗ ТАЛАН-РЕГИОН-48,1841106896,1221800018692,2,65925.16,35634.00,19.00,1
16880,СЗ ЖК ГРЭС,9102269462,1209100017059,8,65860.40,41882.83,7.75,1
14901,СЗ ГРАНД ДЕВЕЛОПМЕНТ,0276967204,1220200002241,1,65777.80,0.00,34.00,1
13814,ПАРУС-СТРОЙ,1513071584,1181513005288,11,65579.33,31345.92,6.55,1
12237,СЗ СТРОЙСИТИ,2635246057,1202600008380,2,65460.60,36697.30,17.00,1
5072,СЗ НАРАСТРОЙ-М,7727507100,1047796184842,3,65458.06,36367.95,14.00,1
18988,СЗ ГРИНСТРОЙ-ЮГ,6165209460,1176196043110,5,65390.86,0.00,6.60,1
17530,СЗ СЕНС.СУХАРЕВСКАЯ,7743341250,1207700201235,2,65363.90,18938.60,12.00,1
17039,СЗ АКВИЛОН ЯНИНО,7801693222,1217800003970,2,65342.34,42340.80,13.00,1
29468,СЗ ВИРА 27,5410135057,1235400015080,3,65334.25,27679.33,20.67,1
10157,СЗ ПОКОЛЕНИЕ,3665800732,1183668030820,3,65311.10,43064.30,21.00,1
41372,СЗ МЕТА-ГОГОЛЯ,5405090516,1235400047079,1,65290.15,40429.92,26.00,1
17366,СЗ ПРЕМЬЕР ПАРК ТУЛА,7100043258,1237100012005,1,65269.05,38438.02,22.00,1
2941,СЗ ИСК АВАНГАРД,2222849462,1162225082062,3,65257.10,37907.80,20.67,1
15044,СЗ МИХЕЕВА ПАРК,7100018558,1227100003349,2,65208.50,41836.80,26.00,1
17585,СЗ ВОСТОК-СТРОЙ,0554008519,1210500016870,1,65200.70,26870.10,16.00,1
17789,СЗ ФАМИЛИЯ,7100034574,1237100003084,2,65142.33,35682.29,26.00,1
7964,СЗ ГКХ,3662132710,1083668014517,2,65133.72,37660.34,23.50,1
17803,СЗ ФАРМЭЛЛИНРУС,7714599865,1057746809790,1,65025.96,0.00,23.00,1
21399,СЗ ПРИБРЕЖНЫЙДОМ,9102273620,1219100008126,7,64949.98,44134.04,9.43,1
23865,СЗ АТЛАНТИС ОДИНЦОВО,5032336901,1225000002468,2,64881.80,41606.40,19.00,1
18467,СЗ БИРЮЗА,5402063803,1205400055563,6,64833.12,47571.30,17.00,1
21839,СЗ ПРОФИ-КОРОЛЕВ,5038183320,1235000124809,1,64802.91,28743.00,24.00,1
23637,СЗ ЗОЛОТОРОЖСКИЙ 11,9701194992,1227700039951,1,64755.20,32160.20,30.00,1
9103,СЗ ФЛАЙ ПЛЭНИНГ ПАРТНЕРС,7453326726,1197456009200,50,64721.46,0.00,1.48,1
13485,СЗ ЗАРЕЧЬЕ,7723089807,1027739830777,1,64705.30,35046.35,28.00,1
18711,СЗ ЮНИТ,2722137417,1222700004020,5,64703.10,34666.80,21.20,1
17213,СЗ СКАЗОЧНЫЙ ЛЕС-7,1655488670,1221600090832,1,64397.53,39237.95,25.00,1
15221,СЗ РАЗУМ - ЗЕЛЕНЫЕ КВАРТАЛЫ,3019028647,1203000003491,2,64368.72,42750.60,26.00,1
17663,СЗ ЗАРЯ,1685007140,1221600081746,1,64345.30,24884.87,10.00,1
13486,СЗ ЭКОСТРОЙ,9709068598,1217700009482,4,64221.25,43123.40,22.00,1
31200,СЗ ЛУЧ,7733567146,1067746533117,2,64175.20,29180.70,22.00,1
37369,СЗ ПРАЙМ ЦЕНТР,0272926951,1240200030443,3,64110.96,40541.10,26.00,1
17455,СЗ НОВЫЙ КВАРТАЛ,5243039658,1205200009475,4,64037.60,19798.10,9.50,1
13304,СЗ ПЕРЕСВЕТ-ЮГ КВАРТАЛ,3443147470,1213400009360,4,64021.00,35335.12,9.00,1
16424,СЗ ВЕРХНЕКОТЕЛЬСКИЙ,9724099632,1227700595044,1,63963.62,51322.42,33.00,1
18750,СЗ БЕЛЯЕВА 17,5903147780,1205900029686,1,63780.00,38271.00,15.00,1
18885,СЗ АВТОР. ПРО,8601074315,1238600008679,5,63776.05,42419.90,18.00,1
42,СЗ 5 ДОНСКОЙ,7709414460,1037709027839,1,63763.14,39992.93,80.00,1
4815,СЗ ЗСЖБ №6,5506035536,1025501247100,3,63759.97,42141.16,15.33,2
3373,СЗ ФИНСТРОЙ,6316051073,1026301160115,2,63746.84,37805.44,19.00,1
18577,СЗ НД - 1.3.1 КПД,0276956114,1200200054977,3,63739.20,40362.70,19.00,1
19513,СЗ ПРОЕКТ-С-32,1686030960,1231600045280,2,63723.28,41270.27,21.00,1
13699,СЗ ГРАНЕЛЬ СТОЛИЦА,7751184690,1207700314711,1,63688.81,32292.42,31.00,1
23141,СЗ АВТОЗАВОДСКАЯ 22,9717144860,1237700675035,1,63619.50,45238.00,45.00,1
13401,СЗ АТЛАС ПАРК СТОЛИЦ-3,6671119100,1206600053472,1,63573.50,29037.10,33.00,1
7691,ПЕНЗГОРСТРОЙЗАКАЗЧИК,5836689368,1195835005046,2,63551.40,44694.91,21.00,1
10340,СЗ АТОМ-ПАРИНА,6685172425,1206600011925,4,63469.08,39674.54,19.25,1
22137,СЗ ПРОЕКТ-С-33,6658566413,1236600051269,1,63455.74,31253.30,32.00,1
13427,СЗ ТПУ ШЕЛЕПИХА,9701021809,5157746084007,1,63357.00,39288.00,37.00,1
22095,СЗ ТАЛИСМАН,5906170402,1215900012811,1,63331.87,36939.18,31.00,1
24685,СЗ СТРОЙ МИР. ДЕВЯТЫЙ,7203580399,1247200015391,1,63323.04,38675.91,23.00,1
34628,СЗ ПРОЕКТ-С-55,1658249750,1231600057941,1,63314.43,25328.36,30.00,1
18371,СЗ ФАДЕЕВ,5402077066,1235400008117,4,63213.24,37399.78,19.25,1
6086,СЗ ГРАНЕЛЬ ИНВЕСТ,7714869543,1127746264744,1,63200.20,38613.30,24.00,1
15303,СЗ КОМПЛЕКС,3811474279,1213800012073,6,63113.56,31228.26,13.83,1
15950,СЗ УЮТНЫЙ ДОМ 2009,2465331376,1202400009250,3,62873.80,34941.00,25.00,1
16923,СЗ ОКТАКРОН,1650275639,1131650021216,4,62859.82,33671.23,20.00,1
23231,СЗ ТЭН ШИРОКАЯ РЕЧКА,6658550950,1226600004641,13,62768.47,30499.92,5.85,1
8817,ВЕРХОВОЕ,2635825953,1132651032051,1,62765.45,31742.25,26.00,1
400,СЗ СК КОНТИНЕНТ,3305055169,1063332011159,13,62736.37,44087.27,4.38,1
2566,СЗ СОЮЗ ИНВЕСТ,7813232681,1157847338329,1,62714.00,0.00,24.00,1
17643,СЗ Д-СТРОЙ,6319250447,1206300069766,1,62656.10,0.00,21.00,1
18611,ЭРА-СТРОЙ,1513069200,1181513000668,4,62647.00,42343.95,8.00,1
13886,СЗ ГРАНЕЛЬ ТН,5018196410,1185053033516,1,62618.00,40940.94,13.00,1
15696,СЗ БАЛАНС ОДЕССКАЯ,7203542700,1227200013897,2,62533.31,32631.08,23.00,1
17372,СЗ БАЗИС,7100039269,1237100007990,15,62410.38,38895.89,5.00,1
15027,СЗ ФЛАГМАН,2311176025,1142311010820,2,62408.87,28263.59,9.00,1
13309,СЗ ННДК МЕЩЕРА,5260471829,1205200022510,2,62380.00,37157.30,25.50,1
7149,СЗ АТОЛЛ,7719673738,1087746366070,4,62279.20,35528.00,12.50,1
3609,СЗ ТЕРМОДОМ-ИНВЕСТ,5838045094,1075838000391,2,62167.00,40083.50,18.00,1
20317,СЗ ВОСТОЧНЫЙ,7714374251,1167746167511,24,62138.00,51205.72,3.08,1
19295,СЗ СК-11,0275931702,1230200039486,5,62094.37,40216.25,17.00,1
13487,СЗ АРТСТРОЙ,9709068340,1207700502602,3,61995.82,30997.90,23.00,1
3613,СЗ ИН-ГРУПП БОЛЬШОЙ,7733150031,1027733019236,3,61911.40,43998.90,14.00,1
17909,СЗ СВ ДЕВЕЛОПМЕНТ,5610250353,1235600007950,3,61899.08,40744.62,18.00,1
11814,СЗ ОСК 7,2536314820,1182536046626,1,61856.30,32639.40,27.00,1
1323,СЗ СМИТИНВЕСТ,0326514530,1130327009559,7,61845.83,28048.81,9.29,1
16045,СЗ АТОМ-БАБУШКИНА,6685203641,1226600056297,2,61784.18,35833.88,29.00,1
14671,СЗ РИА ВЕГА,1400006270,1221400002768,10,61770.49,41875.30,6.30,1
23243,СЗ МЕТЕО-КОМФОРТ. СОВЕТСКИЙ,3444279840,1233400007389,4,61723.00,47198.00,25.00,1
18621,СЗ НОВОЕ ИЗМЕРЕНИЕ МИСТОЛОВО,7805800436,1227800159080,7,61699.94,44411.13,4.71,1
15179,СЗ ЦЕНТР БИЗНЕСА ПАРИТЕТ,6316140492,1086315013553,1,61522.49,27124.97,31.00,1
16473,СЗ СТРОЙЖИЛСЕРВИС-4,2628051000,1082628000795,3,61489.70,33685.16,11.00,1
6558,АТЛАНТИКС,2536231980,1102536008123,1,61400.10,25078.00,29.00,1
18710,ПРИЗМА,5837082745,1225800007597,4,61396.40,41364.96,15.00,1
30432,СЗ ОСТРОВСКИЙ ДЕВЕЛОПМЕНТ,1655507393,1251600009902,1,61362.00,25640.00,23.00,1
846,СЗ СОВРЕМЕННОЕ СТРОИТЕЛЬСТВО,1650266930,1131650011790,4,61177.30,30348.65,12.25,1
17688,СЗ АК БАРС НЕДВИЖИМОСТЬ,1660238957,1151690018996,2,61106.04,0.00,20.00,1
19060,СЗ БРИК,5503267377,1235500000526,6,61061.95,33994.25,12.50,1
10613,СЗ АКТИВ ДЕВЕЛОПМЕНТ,6686109761,1186658074800,2,60877.80,18692.40,17.00,1
33278,СЗ ВЕГА,9724193106,1247700414752,1,60848.25,0.00,23.00,1
17218,СЗ ГОЛОС.КАШИРИНЫХ,7447099930,1067447048140,2,60840.92,36855.30,21.00,1
14895,СЗ ОПАЛИХА-ПАРК,7734447807,1217700550022,2,60831.57,39102.95,15.00,1
18993,СЗ СОЗИДАНИЕ,2100008007,1232100004510,7,60739.38,23965.83,4.71,1
374,СЗ СТРОИТЕЛЬНЫЙ ТРЕСТ,7804004544,1037808001890,1,60600.00,35286.09,25.00,1
35346,СЗ ГОРОДСКОЙ БОР,5074085304,1235000143949,3,60585.00,30238.07,15.00,1
24266,СЗ КАПИТАЛ,7810731072,1187847148994,1,60552.85,31940.56,13.00,1
10208,СЗ ЮРСК,2312288109,1192375079973,4,60516.00,43799.20,10.00,1
4055,ЭКСТРАРЕГИОН,6228045088,1026200950621,3,60412.65,46074.86,24.00,1
9284,АЛЬЯНС ЭСТЕЙТ,5836690557,1195835010590,2,60382.69,37125.23,16.50,1
24392,СЗ ПАТРИОТ ПАРК-3,7100058631,1247100010420,1,60363.43,38792.14,26.00,1
10573,СЗ ПЛАМ,9718128966,1197746104082,1,60361.80,24411.40,23.00,1
43312,СЗ БЕЛОКУРИХА ГОРНАЯ,9704266050,1257700475702,5,60294.13,0.00,7.60,1
13897,СЗ ТАЛАН-РЕГИОН-9,1841076521,1181832001801,1,60281.00,36276.20,25.00,1
13660,СЗ КОНСТРУКТИВ ДЕВЕЛОПМЕНТ,2461048015,1212400018511,2,60252.30,39493.00,24.50,1
32620,СЗ МЕДИНА ХОУМ,0500009749,1240500006977,2,60249.24,43071.06,14.00,1
14145,СЗ СК ПЕРСПЕКТИВА,0274958807,1200200043262,1,60222.89,39688.75,29.00,1
23293,СЗ ПРОЕКТ-С-66,8602312594,1238600011297,3,60214.67,32762.05,9.00,1
37935,СЗ СТРОЙКОМПЛЕКТ-2,7100005157,1217100005022,1,60198.65,38452.76,26.00,1
13457,"СЗ СМАРТ ДЕВЕЛОПМЕНТ, ООО СЗ СМАРТ ДЕВЕЛОПМЕНТ",2536323448,1202500011702,2,60182.41,29302.15,22.50,1
12640,СЗ ВОСХОД,6141057554,1216100009784,5,60131.62,44678.84,14.60,1
14999,СЗ РОЯЛТА,9103006709,1149102057390,1,60104.50,25331.51,12.00,1
8457,СЗ МИХАЙЛОВСКИЙ ПАРК-КВАРТАЛ,7017424586,1177031073141,2,60006.60,15423.20,16.50,1
8526,СЗ ГВ ДЕВЕЛОПМЕНТ,6314040421,1156313030917,4,59999.44,38723.48,19.75,1
27512,СЗ ФОРТУНА,0700007178,1220700005833,6,59953.20,40519.20,10.00,1
7304,НАЙОМЕ-ИНВЕСТ,9705057330,5157746211651,1,59914.30,36100.00,18.00,1
15034,СЗ СБК ТЮМЕНЬ,7203525503,1217200014448,2,59911.96,34440.54,15.00,1
15417,СЗ МЕТРИКС НЕБУГ,2308286934,1222300041721,5,59910.77,23689.79,10.60,1
15074,СЗ УЮТНЫЙ КВАРТАЛ,4205399464,1214200012256,2,59866.70,32234.90,12.50,1
15579,СЗ СТРОЙКОМПЛЕКТ-1,7100005140,1217100005011,2,59826.17,39732.94,26.00,1
13470,СЗ ОКТЯБРЬСКАЯ НАБЕРЕЖНАЯ,4703180467,1204700022780,1,59804.25,0.00,18.00,1
3311,ЭНКО ТРЭЙД,7202247645,1137232029769,2,59758.14,30242.98,13.00,1
220,НОВОЕ ВРЕМЯ,6316161887,1116316000800,3,59743.06,24833.30,18.67,1
2285,СЗ КСИ-СТРОЙ,3810044393,1063810030360,2,59735.90,34301.20,12.50,1
17385,СЗ МАРЬЯНСКИЙ ПАРК,2308288265,1222300057275,10,59722.60,41852.50,4.00,1
15036,СЗ А-19,5260472702,1205200028990,2,59676.55,27143.70,13.50,1
17529,СЗ А74,7452158892,1227400007636,6,59670.52,44781.54,10.83,1
23031,СЗ БИЗНЕС ЦЕНТР,0274949658,1190280058540,1,59523.00,29857.21,30.00,1
19006,СЗ ГВОЗДИКА,5405043058,1195476044224,3,59522.10,34181.90,25.67,1
6649,СЗ СМУ 88 НЕДВИЖИМОСТЬ,1660069836,1041630202679,1,59497.00,29696.53,25.00,1
5734,СЗ ИСК СТРОЙТЕХСЕРВИС,5611022790,1025601715149,3,59488.20,42144.11,19.00,1
15616,СЗ ДВ КАПИТАЛ,2543042342,1142543003415,1,59367.20,26749.36,25.00,1
14771,СЗ БСП,1655458428,1211600039738,2,59350.48,25756.20,21.00,1
15176,СЗ СИГМА-СТРОЙ,6316266008,1206300037195,1,59107.96,28716.13,39.00,1
23090,СЗ СТРОИТЕЛЬ,6164142728,1236100027910,2,58863.36,0.00,6.00,1
18582,СЗ СУ-16,0276974635,1230200012460,3,58772.18,39837.71,13.00,1
16097,СЗ СУ-8,0274972417,1220200017311,3,58726.38,39060.00,26.00,1
9899,СЗ ЛУГОМЕТРИЯ 11,5835134740,1195835016464,2,58676.00,41008.58,18.00,1
24596,СЗ ДЭЛЬТА,2540256040,1202500011097,7,58673.56,42857.60,5.00,1
16304,СЗ СТРАТЕГ,0276972807,1220200043040,3,58670.48,38104.35,21.00,1
14989,"СПЕЦСТРОЙ ПЗСП - АВТОЗАВОДСКАЯ, 5",5903153776,1225900013085,2,58606.59,38144.05,17.00,1
8587,СПЕЦЗАСТРОЙЩИК САЛЮТСТРОЙ,4345489492,1194350002769,6,58578.90,40393.70,17.17,1
20596,СЗ ВАРХАУС,7726759513,5147746283471,1,58547.20,30075.60,15.00,1
19076,СЗ ДУБНИНСКАЯ,9702056226,1237700311122,1,58494.70,33133.30,31.00,1
41723,СЗ АКВАТОРИЯ 4.0,7203590848,1257200005446,1,58481.07,33265.75,18.00,1
13792,СЗ СПЕКТР,6164133064,1206100033490,1,58462.14,32996.70,20.00,1
1827,СЗ СФ КОМПЛЕКС,2124012066,1022100909490,3,58439.94,37686.70,17.33,1
22673,НСИ-ЮГ,2308297069,1242300027848,4,58434.27,24428.67,12.50,1
20309,СЗ СПЕЦ ТЕХ СЕРВИС,5902065848,1235900013700,2,58408.62,20460.86,16.00,1
34273,СЗ А КЛАСС,7710552190,1047796571734,4,58373.69,9935.59,7.75,1
19063,СЗ ВЛАДИМИР,6316275309,1216300054101,1,58352.34,27715.28,10.00,1
8621,СЗ ЮГ-ЦЕНТР,6685165435,1196658052645,1,58329.99,32071.03,28.00,1
17547,СЗ РИВЕРПАРК 3,6671271779,1236600033625,2,58322.00,41057.91,26.00,1
20532,СЗ КОМБИНАТ БЛАГОУСТРОЙСТВА Г. МАХАЧКАЛЫ,0560035704,1070560002798,1,58312.70,0.00,13.00,1
31792,СЗ АТЛАС НОВОМОСКОВСКИЙ,6671334450,1256600027640,2,58239.89,30122.47,27.00,1
17665,СЗ АТЛАС РИВЕР ПАРК,6671179893,1216600051084,1,58147.02,39709.40,26.00,1
16415,СЗ ИСТОК-ИНВЕСТ,2100004718,1232100001220,3,58121.81,23418.87,17.00,1
6416,СЗ ТД ГРАЖДАНСТРОЙ,6731053270,1066731002777,3,58111.40,35662.23,11.00,1
2543,ВОЛГАСТРОЙДЕВЕЛОПМЕНТ,2127027670,1062128153141,4,58097.69,39095.86,12.25,1
15269,СЗ АЛЬФА,7708397268,1217700326634,1,58060.40,35441.00,14.00,1
11902,СЗ СТРОЙ ПРОЕКТ,2543104912,1162536092245,2,57933.75,32524.71,21.50,1
22212,СЗ ЭЛЬ-САМ,0545020855,1080545000832,2,57919.40,39773.49,14.50,1
17243,СЗ СНЕГОВАЯ-КОМФОРТ,2543157110,1212500010249,2,57896.49,28365.02,26.00,1
16686,СЗ ПРАВОБЕРЕЖНЫЙ 3,4706046357,1224700003142,2,57893.17,36168.00,21.50,1
12821,СЗ ПРИБРЕЖНЫЙ ПАРК,5027294766,1215000031377,3,57856.85,27844.66,14.33,1
15123,СЗ РИВЬЕРА-ЦЕНТР,6670510022,1226600044472,1,57855.20,33668.30,32.00,1
12860,СЗ НЕДВИЖИМОСТЬ,5007102191,1175007011783,2,57663.45,27000.32,12.50,1
31629,СЗ ПРАЙМ СКВЕР,5404221300,1215400040646,2,57630.87,25877.90,31.50,1
15660,СЗ ПРОЕКТ 94,6316269560,1206300070701,5,57610.62,34555.50,14.00,1
6774,СЗ ГИМ ГРУПП,3328019537,1173328016938,6,57598.60,38016.60,10.00,1
3871,СЗ ИНВЕСТ-СТРОЙ,5029169930,1135029000182,2,57525.80,32774.80,23.50,1
17435,СЗ АЛЬКОР - НА НАБЕРЕЖНОЙ,7805789856,1227800024517,1,57504.00,21480.09,5.00,1
17671,СЗ МД ПРОЕКТ,9725093249,1227700514073,1,57497.00,31710.60,26.00,1
12750,СЗ НОРДСТРОЙ,5501264927,1205500015082,2,57496.52,29081.32,11.50,1
33882,СЗ СК ВОЗРОЖДЕНИЕ,9308026880,1249300017196,3,57484.20,36483.70,15.00,1
33190,СЗ СУ-56,5609205959,1245600007080,10,57472.57,29512.26,8.80,1
13253,СЗ ПРОГРЕСС,7734565448,5077746932665,1,57324.50,27347.20,39.00,1
18530,СЗ АЛЬРЕКО,0544014190,1210500000589,6,57270.25,39910.69,14.00,1
13626,СЗ ДОМ АРТ,2724231486,1182724027640,6,57269.48,38060.96,11.00,1
9504,СЗ МОЙ РИТМ 3,1660212500,1141690050831,1,57004.75,30056.21,26.00,1
13784,СТАНДАРТ-СТРОЙ,0547010394,1160571064796,4,56894.50,38924.20,8.25,1
16624,СЗ ЭЛИТСТРОЙ,0542017847,1170571017264,15,56890.20,34793.54,7.67,1
15128,СЗ БСК,3918010223,1073917005580,1,56887.22,32506.45,7.00,1
17206,СЗ НОВЫЙ ДОМ,0272921713,1230200016386,2,56858.68,35000.70,14.00,1
15739,СЗ ТРЕСТ-14,7447295156,1207400020244,1,56780.60,44535.50,26.00,1
20678,СЗ ФЕМИДА,2543125334,1182536015199,1,56775.10,25348.60,27.00,1
20806,СЗ БАЛТИК-СКАН,3917017466,1033902805530,3,56772.70,30509.60,11.00,1
10895,СЗ ТПУ МИЧУРИНСКИЙ ПРОСПЕКТ,9701041192,1167746497555,1,56756.00,30303.14,30.00,1
17434,СЗ ПРОГРЕСС ПРОЕКТ,3000005244,1233000000782,2,56727.90,34570.70,24.00,1
13380,СЗ БИЗНЕСПРОЕКТ,2312264725,1172375074079,5,56683.50,29093.70,11.00,1
16370,СЗ ИСБ-ЗАУРАЛЬЕ,4500003952,1224500005025,4,56545.93,34792.67,13.00,1
14807,ФИРМА ТРЕСТ 12,6319054555,1026301702613,2,56514.76,29469.91,15.50,1
13984,СЗ МОСКВОРЕЦКИЙ ДОМ,7716951338,1207700441420,1,56512.50,26779.60,14.00,1
13349,СЗ ЭКО-ГОРОД,7203463991,1187232030050,13,56455.89,29893.49,2.69,1
26655,СЗ СИК ДОМ,3918011604,1153926010369,9,56453.05,35991.72,6.00,1
13471,СЗ ФОРТУНА,5752053664,1105752001740,2,56408.90,35285.20,22.00,1
17816,СЗ СТОУН ДЕВЕЛОПМЕНТ,7203532966,1227200001896,1,56369.99,21207.49,26.00,1
11720,СЗ ЮСК-ЮГ,2634107879,1202600016520,1,56352.80,32494.60,20.00,1
18424,СЗ ЖИЛСТРОЙ-35,2014038897,1232000006611,3,56349.95,33821.50,17.00,1
26705,СЗ СИТИ СТРОГИНО,7735191428,1217700258214,1,56307.90,0.00,22.00,1
18893,СЗ ПРОГРЕСС СТРОЙ,2311363201,1242300019818,1,56230.64,34916.24,19.00,1
3288,СЗ ЛСТ ДЕВЕЛОПМЕНТ,7841354900,1077847032614,5,56218.30,33476.60,11.60,1
24573,СЗ КВАРТАЛЫ НЕМИРОВИЧА 2,5407977631,1205400010012,1,56217.80,28714.10,33.00,1
13789,СЗ СКАЗОЧНЫЙ ГОРОД,2464229877,1102468052719,1,56194.17,35798.86,18.00,1
34165,СЗ СИНЕРГИЯ-РИЭЛТИ,7810989219,1147847332544,1,56078.62,30026.64,13.00,1
23879,ДОМЭЛИТСТРОЙ,2015001184,1102031003370,2,55978.20,37391.40,21.00,1
19013,СЗ ЦЕНТР НЕДВИЖИМОСТИ,7729741151,1137746432097,2,55952.00,40996.12,18.00,1
17362,СЗ ЦЕНТРСТРОЙ,2511117700,1212500019819,8,55815.80,40851.50,8.00,1
13057,СЗ ТЕХСТРОЙ-Т,1651035012,1031619000159,4,55762.40,25858.20,16.25,1
16742,СЗ РИТМ ДЕВЕЛОПМЕНТ,4706043395,1214700017432,5,55724.30,34994.70,9.00,1
1089,СЗ ДСК КПД-ГАЗСТРОЙ,5410045452,1125476007260,3,55707.10,40239.70,20.00,1
28869,СЗ ЭВИЛИН-ПАРК-1,2635265250,1252600005338,1,55696.50,30589.40,23.00,1
8519,СЗ ЭКО-СТРОЙ,7203456754,1187232021162,2,55602.40,34270.00,7.00,1
2653,СЗ ШЕФ ПОВАР,3904048756,1023900584619,1,55582.70,0.00,6.00,1
16939,СЗ РЕСУРС ДЕВЕЛОПМЕНТ - ОСТРОГОРНАЯ,2543167976,1222500019763,1,55483.00,29372.57,28.00,1
23327,СЗ БЕЛЫЙ КВАРТАЛ,7453357210,1237400047334,1,55365.76,33495.91,25.00,1
8654,СЗ НЕКРАСОВСКИЙ,0275914256,1180280011262,2,55352.28,36059.89,30.00,1
369,СЗ УНИСТРОЙРЕГИОН,1657102240,1111690007835,3,55177.20,34779.91,12.67,1
3139,КГИС,2311150637,1122311012361,2,55126.48,0.00,4.50,1
798,СЗ СК ВЕК,1001010821,1021000527965,3,55118.10,28341.21,11.33,1
14810,СЗ СИМСТРОЙПРОЕКТ,9102264739,1209100006862,6,55089.56,31401.58,12.00,1
3343,СЗ ВОРОНЕЖБЫТСТРОЙ,3665056545,1063667239844,4,55082.60,37065.45,18.75,1
15472,СЗ СИНЕРГИЯ-ПРОЕКТ,7810955322,1147847358878,1,55000.00,29030.00,19.00,1
9380,КС КАЗАНЬ СЗ,1660320312,1181690085720,1,54932.20,27402.40,24.00,1
14602,СЗ ОМЕГА САЛГИР,9102261304,1199112020469,3,54905.40,32435.70,19.00,1
22054,СЗ ЛАЗУРИТ,7714477497,1217700497112,1,54866.60,35659.20,54.00,1
18878,СЗ АТЛАНТИС СКАЙ СИТИ,7734459619,1227700551616,2,54826.38,29134.10,26.00,1
14576,СЗ РКС-НАХАБИНО,5024217650,1215000115615,2,54760.90,30868.20,9.00,1
22442,СЗ ПРОЕКТ-С-44,2540280726,1232500029035,1,54749.91,32457.68,31.00,1
18564,СЗ РАЗУМ НА МАТВЕЕВА,3000010710,1233000006260,1,54747.60,31682.40,26.00,1
13668,СЗ ОГНИ,2540215300,1152540007608,17,54713.12,39368.96,6.00,1
1547,СЗ ЭРБИАЙ-7,7801282166,1157847199993,1,54694.25,27082.10,21.00,1
2340,СЗ УНИКОМ,3307021246,1163328056605,4,54628.87,37131.81,8.00,2
22755,СЗ-ТАССАМ,2014042879,1242000006148,5,54567.33,23359.94,11.40,1
15137,СЗ РИВЕРСАЙД,7729326349,1027700206159,1,54437.70,44118.20,30.00,1
18501,СЗ РАЗУМ НА ЗВЕЗДНОЙ,3000009640,1233000005193,3,54426.84,38411.46,26.00,1
2689,СЗ УК ЭФЕС,6670333768,1116670008905,4,54419.70,32325.60,13.00,1
3368,СЗ СТРОЙСОЮЗ,4345276039,1104345006160,6,54393.94,22314.60,9.33,1
14021,СЗ ЗЕЛЕНЫЕ АЛЛЕИ,7203506363,1207200012227,3,54323.81,30769.35,5.00,1
18978,СЗ СК-НОВЫЙ РОСТОВ,6164133240,1206100035514,3,54191.45,27329.85,11.67,1
18634,СЗ СВОЙ КВАРТАЛ,2700004773,1232700001280,2,54147.02,34130.67,18.00,1
18808,СЗ БАЙКАЛ ПЛЮС,7730317067,1247700028883,7,54135.30,32176.39,13.14,1
31140,СЗ ТИМИРЯЗЕВСКИЙ ПАРК,9703027891,1217700084898,1,54112.60,33217.90,27.00,1
18976,СЗ ДОМСТРОЙ-БАРНАУЛ22,2221237570,1172225049590,5,53997.80,22888.20,12.60,1
6121,ГОРСТРОЙЗАКАЗЧИК,3525016782,1023500880370,2,53982.10,36450.50,12.00,1
16860,СЗ ДСК-3,1000006830,1231000000758,4,53870.54,34584.09,18.00,1
1122,СЗ СК СМУ88,1660200103,1141690025223,2,53851.69,23437.19,23.00,1
14605,СЗ ЯРД ИНВЕСТ,3906406291,1213900011467,3,53825.35,29228.70,6.33,1
16380,СЗ ЮГ-СТРОЙ,2540274962,1232500004890,2,53742.80,25618.20,27.00,1
23288,СЗ АРЕНА,7100053016,1247100004370,1,53694.45,25867.68,11.00,1
16989,СЗ КВАДРО,3459065689,1153443028408,2,53662.09,33150.94,24.00,1
21869,СЗ АКВАТОРИЯ ВЛ,2540277360,1232500014559,3,53654.10,28879.57,19.33,1
7377,СЗ ОБД,2312016730,1022301172453,4,53527.38,33061.90,11.50,1
3403,СК НОВЫЙ ГОРОД,0572005126,1130572001372,4,53513.11,44523.13,10.25,1
9347,СЗ БМ-ГРУПП,7453321358,1187456021895,1,53469.25,28233.14,31.00,1
9918,СЗ ТСК КАСКАД,2352055982,1192375066036,3,53452.37,20644.25,6.67,1
12922,СЗ ПИК-ПРИМОРЬЕ,2540257614,1202500022152,7,53432.70,30756.70,11.14,1
17712,СЗ СОСЕДИ М-ЛЕВЕЛ,5638081352,1235600007884,8,53426.74,38940.44,4.00,1
2092,НУВЕЛЬ,6215019242,1066234043270,4,53335.36,38307.77,19.00,1
2534,СЗ РУСАГРОСТРОЙ,1215078778,1021200782173,4,53308.42,21652.56,11.00,1
20685,СЗ ИМЕНА. КЛЮЧЕВОЙ,3700012529,1233700010554,1,53304.36,30073.27,11.00,1
28805,СЗ КОМЕТА,7810733390,1187847183259,1,53273.05,28010.32,13.00,1
14744,СЗ ФОРВАРД ГРУПП,9103095265,1209100016685,1,53184.55,25720.46,18.00,1
10884,СЗ КРЫЛЬЯ,7207020736,1207200009510,1,53140.97,31205.11,25.00,1
16649,СЗ ГК СУ-1,0276944983,1190280055459,2,53119.78,27459.54,26.00,1
21474,СЗ АКВИЛОН ИВАНОВО,3700017453,1243700002160,2,53092.20,29559.60,14.00,1
37211,СЗ ЭЛИТ.СТРОЙ,7806600983,1227800098844,1,53033.18,27815.17,13.00,1
10891,СЗ КИСЛОРОД,2367015397,1202300044462,2,53007.90,0.00,4.00,1
225,СЗ ПАРТНЕР-СТРОЙ,7203062823,1027200785842,5,52969.99,33242.07,5.00,2
7523,СЗ СТМ,5904032855,1025900894425,1,52951.79,27361.70,25.00,1
9356,СЗ ДОК,7203480852,1197232014154,1,52839.46,30546.81,25.00,1
15554,СЗ АЛЬФА,7100011055,1217100010907,5,52826.96,36448.52,14.00,1
39403,СЗ ДОМСТРОЙ,7604402315,1257600007422,1,52816.20,15354.24,26.00,1
19269,СЗ ДА НА АМУНДСЕНА,6678135951,1246600013747,1,52753.30,29307.80,34.00,1
9625,СЗ МЕГАТЕК-СТРОЙ,2801255484,1202800001029,3,52709.30,26733.40,13.00,1
39226,СЗ МОДЕРН ПАРК,0500047342,1260500000804,1,52613.89,35303.55,17.00,1
34071,СЗГЕОЛОГ ЯМАЛА,2365020666,1132365000019,3,52603.65,0.00,3.00,1
11067,СЗ РОДНЫЕ БЕРЕГА,2221248109,1202200014477,1,52572.50,27359.10,24.00,1
448,СЗ КОТАР,5027112060,1055013038706,2,52561.67,33897.70,23.00,1
15429,ЖК ПАРКМАЯК СЗ,1840104053,1211800008045,1,52482.10,29958.00,18.00,1
15966,СЗ ЛЕГЕНДЫ НОВОСИБИРСКА,5406801138,1195476071328,1,52318.73,9787.88,26.00,1
17382,СЗ АТЛАС ШАТУРСКИЙ,6671277481,1236600044240,1,52274.60,29867.00,34.00,1
16646,СЗ БАЗИСНЫЙ ЭЛЕМЕНТ,5262115978,1035205765319,1,52162.00,24245.00,21.00,1
12622,СЗ УНИСТРОЙРЕГИОН-1,1660313450,1181690045030,4,52156.80,29796.13,5.00,1
27130,СЗ ТЕКТУМ-1,1655491778,1221600104186,1,52070.00,25419.84,26.00,1
40989,СЗ ЛЕВЕЛ СПБ,7840112351,1247800031346,3,51984.52,18842.30,8.33,1
29087,СЗ ЗАОСТРОВКА,5902064763,1235900001985,1,51951.75,29578.85,26.00,1
134,СЗ СК РБ ИЛИ АО СЗ СК РБ,0326012555,1020300987420,5,51936.02,29623.33,12.40,1
17268,СЗ ОСКАР,5405045312,1195476055610,3,51929.60,28816.90,22.33,1
16013,СЗ МЕГАПОЛИС,0300007141,1220300005342,4,51924.80,34817.60,17.00,1
16769,СЗ БЛИЗНЕЦЫ,5260484627,1225200024719,1,51874.93,33018.41,33.00,1
13954,СЗ НД - 1.2.1 КПД,0276956795,1200200060356,3,51870.90,37642.05,19.00,1
22926,СЗ АСПЕЙС ХОРОШЕВСКАЯ,7725520786,1047796725448,1,51774.63,0.00,23.00,1
19835,СЗ ПМД-ПАРКОВЫЙ,5904402513,1225900016253,2,51739.70,35062.60,21.50,1
147,СЗ УДС-ДЕВЕЛОПМЕНТ,1841036511,1131841006318,1,51731.00,26157.40,27.00,1
10833,СЗ ГРАНЕЛЬ ЖЛ,5018198181,1195081001455,2,51721.00,33193.92,9.00,1
27754,СЗ ИНВЕСТ-СТРОЙ,9103084908,1179102014354,1,51713.37,27841.84,21.00,1
27745,ЛЕГЕНДА МАГНИТОГОРСКОЙ,7810405791,1257800017485,1,51699.50,26673.20,15.00,1
8571,СЗ ВИРА НА БРОННОМ,5410076757,1185476086377,2,51661.64,34020.10,25.00,1
8866,СЗ МАРГО,2318030032,1042310483500,4,51649.20,29636.70,12.25,1
14351,СЗ ПРОГРЕСС,5404084566,1195476006164,1,51541.60,31065.50,26.00,1
15682,СЗ К11,7716945454,1207700077386,1,51526.20,29656.70,34.00,1
11907,СЗ СПЕЦИНЖСТРОЙ,6318111144,1026301527823,1,51517.95,24816.72,19.00,1
188,ГЛАВСТРОЙ-СПБ СЗ,7839347260,1069847534360,3,51517.23,37082.69,23.00,1
12893,СЗ ДОМОСТРОЙ,5836623303,1065836012813,2,51507.17,30079.12,19.00,1
12337,СЗ ДС-ИНВЕСТСТРОЙ,2223613734,1162225093425,3,51503.80,28698.90,19.33,2
32230,СЗ ДЕКОМ,9714022038,1237700682119,1,51438.44,26418.80,22.00,1
15522,СЗ СКМ-БЛЮХЕРА,6670506650,1226600003740,4,51399.51,31605.39,17.75,1
11930,СЗ ЗЕЛЕНЫЙ ПАРК,0722005093,1190726002994,2,51234.00,34276.02,18.00,1
33089,СЗ СИНИЦА. РЕФОРМА 1,6658580104,1256600034240,1,51225.73,35244.63,29.00,1
10541,СЗ ПРИМОРСКИЙ,2901301840,1202900003745,2,51185.44,30147.35,27.00,1
8198,СЗ ВОСТОК ДЕВЕЛОПМЕНТ,7202197553,1097232016254,5,51128.58,19401.50,8.00,1
20142,СЗ КРОНУНГ ЮГ,7840109567,1237800124341,2,51096.00,30840.20,6.00,1
14457,СЗ ДАГЖИЛСТРОЙ,0554007459,1210500003306,1,51057.90,33083.18,18.00,1
18437,СЗ СТРОЙЖИЛСЕРВИС-6,2628062235,1242600000170,1,51018.73,25290.15,10.00,1
31303,СЗ РАУМА,5032381196,1245000074571,2,51006.59,32587.75,13.00,1
34715,СЗ ПАРТНЕР,7604362782,1197627028829,2,50893.12,15071.86,19.00,1
22001,СЗ АСИ-7,0278941882,1180280038289,1,50878.11,30206.80,32.00,1
20819,СЗ РКС-ЮЖНЫЙ ФОРТ,6900012338,1246900008101,2,50875.20,32921.16,10.00,1
17044,СЗ МЕРИДИАН ВОСТОК,7203551944,1237200003237,2,50847.87,35107.01,21.50,1
37678,СЗ СУ-7 ГРУППА А,2635266014,1252600009045,1,50817.60,34453.00,19.00,1
1269,СЗ ПЕТРОВА-1,1831157235,1121831008705,3,50791.60,30777.20,13.67,1
17543,СЗ ГРАНИТ,5038180672,1235000088630,3,50771.64,31479.96,13.00,1
12722,СЗ ПЕРЕСВЕТ-ЮГ МЕТИЗНЫЙ,3443142955,1193443009176,3,50763.50,21287.70,9.00,1
30629,СЗ ИНВЕСТРЕСУРСПЛЮС,1650321123,1151674004415,1,50732.24,28822.89,23.00,1
14579,СЗ ЮГ-СТРОЙФОРТ,6150101320,1216100018507,3,50561.36,22902.91,18.33,1
17202,СЗ АТЛАНТСТРОЙ-3,2502068976,1222500018366,2,50501.00,27536.40,26.50,1
398,СЗ ОМСК-ТРЭЙС,5507061970,1025501380519,1,50466.10,30491.50,17.00,1
37457,СЗ ХАНСА МОСКОВСКИЙ,7802705248,1207800038786,1,50428.71,0.00,13.00,1
15570,СЗ ЮНИТ,5402072540,1225400016710,1,50401.02,12375.80,26.00,1
11113,СЗ ЭТАЛОН БАЛТЫМ,6686128299,1206600054088,8,50339.25,35640.46,6.00,1
12915,СЗ МЕГАСТРОЙ,2366021006,1202300030602,1,50333.00,0.00,9.00,1
14238,СЗ НЕОПОЛИС,3906397865,1203900016176,1,50330.65,26996.41,11.00,1
11161,СЗ ЛОГИСТИК 48,4824063550,1144824000628,4,50330.45,37185.30,16.75,1
10594,СЗ К ПРОЕКТ,7751164527,1197746384010,20,50296.80,42612.40,4.00,1
23352,СЗ ОРБИТА,7842192169,1217800073501,1,50279.00,23887.10,13.00,1
14680,СЗ ЦВЕТНОЙ БУЛЬВАР,3257077762,1213200000144,3,50229.51,31489.44,14.67,1
21087,СЗ ПРОГРЕСС-32,5406830876,1235400015553,2,50206.00,31413.30,28.00,1
23895,СЗ СТРАНА.ТОПОЛЁВАЯ,6165204247,1166196107142,2,50202.06,27788.49,21.00,1
13981,СЗ АЛГОРИТМ СЕРТОЛОВО,7802917676,1217800174283,1,50167.00,27246.74,9.00,1
16238,СЗ К-25,7802935467,1237800005673,1,50023.64,0.00,13.00,1
20850,СЗ ЛОДОЧНАЯ,7733813507,1127746682755,1,50004.80,30134.80,31.00,1
11394,СЗ ТРИ ЭС НОВЫЙ ГОРОД,9701144617,1197746527439,2,49962.58,32525.62,10.00,1
8136,СЗ ПАНОРАМАИНВЕСТ,7460044666,1187456058426,3,49957.96,40416.37,11.00,1
23175,СЗ РАЗВИТИЕ КУРОРТОВ ПЯТИГОРСК,2632124981,1242600015052,6,49902.78,24390.42,9.83,1
11062,СЗ ДС,2464123327,1152468053880,2,49897.36,36165.09,18.00,1
19781,СЗ КОМФОРТ,2901305820,1212900003304,1,49896.16,32159.40,13.00,1
22175,СЗ ЭКОПЛЮС,2006008497,1242000001055,2,49880.00,30134.12,29.00,1
7849,СЗ КАПИЛИР,3528098110,1053500217517,4,49859.06,30941.09,14.25,1
33067,СЗ ЭРИДАН,1655502243,1241600020034,1,49837.19,24650.70,21.00,1
24600,СЗ СТРОЙКОМ,0100007190,1230100003484,4,49816.68,36273.84,9.00,1
13698,СЗ КПД-ГАЗСТРОЙ СИТИ,5410088086,1215400022694,2,49797.10,36181.50,20.00,1
6350,СЗ ТЕРИБЕРСКИЙ БЕРЕГ,7701511447,1037739970773,1,49734.50,27063.30,18.00,1
3945,СЗ РИК,3665048336,1053600015886,2,49720.00,34009.60,18.00,1
12432,СЗ КОРОНА,7751179883,1207700161151,1,49620.10,30814.10,32.00,1
16042,СЗ НОВАЯ ЖИЗНЬ НАГАНОВА,7300007000,1227300010717,1,49526.98,30070.01,25.00,1
12926,СЗ ПСК ДОМ - ЦЕНТР,7203380897,1167232064394,2,49467.00,27649.00,13.00,1
10837,СЗ СИБИРСКИЕ ЗВЁЗДЫ,5410083955,1205400022332,1,49369.43,30810.86,26.00,1
18465,СЗ ТАЛАН-РЕГИОН-38,1841099906,1211800013150,1,49315.80,24811.80,21.00,1
19214,СЗ АРИСТОВО-СИТИ,9717125289,1227700825538,1,49284.00,33187.80,13.00,1
18956,СЗ САМОЛЕТ-КОРОЛЕВ,5027310217,1225000108893,1,49276.95,31093.23,18.00,1
1848,СЗ КАСКАД,7448189746,1167456063092,3,49200.21,34039.21,14.67,1
23708,СЗ ДИНАСТИЯ,1400033612,1241400003613,6,49170.81,33382.64,11.33,1
22896,СЗ ШИРОТА-2,2221261702,1242200011998,3,49145.20,29949.70,12.33,1
14268,РСУ СЗ РАЗВИТИЕ,3662134153,1083668020303,3,49066.30,37145.57,18.33,1
16673,СЗ РНГС,5408027390,1205400030362,2,49056.14,27173.99,18.00,1
16145,СЗ ЮЖНОЕ,9727001740,1227700376837,2,49049.50,30493.65,17.50,1
16982,СЗ ДАГДОМСТРОЙ,0554007480,1210500003625,1,49032.13,27128.45,18.00,1
17887,СЗ ГАЛС-ШЛЮЗОВАЯ,9705211180,1237700744005,1,48951.30,28558.10,29.00,1
23569,СЗ АВИОР,7810734161,1187847196184,1,48930.00,24969.60,13.00,1
17363,СЗ СМ ЭНТАЗИС,5800000312,1235800008498,4,48921.20,35818.20,10.00,1
10526,СЗ ЛИДЕР-1,2543149279,1202500011031,2,48912.17,22435.97,10.00,1
802,СЗ РИЧ-ПЛЮС,9201004259,1149204012638,5,48912.05,28832.99,9.80,1
17684,СЗ НОВЫЙ ГОРОД,9102256047,1199112010107,5,48843.92,28495.69,11.60,1
19087,СЗ БЛЭКСМИТ,7842184263,1207800116699,3,48829.00,11779.81,11.00,1
7468,ТЕННИС-ПАЛАС,7204098445,1067203209292,1,48824.00,0.00,9.00,1
164,СЗ ГРАЖДАНСТРОЙ,6730033514,1026701441634,5,48798.10,31220.67,11.00,1
30242,СЗ ЭВИЛИН - ЮГ,2635261930,1242600007825,1,48727.27,25080.50,24.00,1
17205,СПЕЦЗАСТРОЙЩИК ПРОФИ-ЭЛИТСТРОЙ,5038153622,1205000043203,1,48713.60,23062.00,29.00,1
18843,ЦЕНТР УРАЛ,6670515729,1236600025903,3,48559.38,23307.18,19.00,1
21097,КОМФОРТ И ФУНКЦИОНАЛЬНОСТЬ. СЗ,6671307993,1246600037529,2,48530.13,31600.97,14.50,1
17017,СЗ НОВОЕ ВРЕМЯ - ХИМКИ,5047278674,1235000088553,3,48518.00,29555.70,12.33,1
19028,СЗ СЕВЕРНЫЙ-Л,0900010724,1240900001077,2,48502.00,35554.20,22.00,1
23566,СЗ ДОМБАЙ-КУРОРТ,2628062330,1242600002171,1,48495.12,0.00,12.00,1
9421,СЗ ХУТОР,5261047394,1065261002080,3,48375.84,31187.81,17.33,1
18832,СЗ СНЕГИРИ,5404950568,1235400051193,1,48297.80,24932.00,22.00,1
14790,СЗ ПРОЕКТСТРОЙ,2721164369,1082721447820,2,48293.37,31841.25,20.00,1
11619,СЗ КВАРТАЛ-2,3662280796,1193668043854,1,48279.77,27823.46,23.00,1
17632,СЗ КИТ,1500010520,1231500002777,4,48279.35,31143.49,8.00,1
1396,СЗ ВНЕШСТРОЙ,7105005841,1027100684214,5,48213.60,34835.70,14.60,1
19656,СЗ ВИРА НА ДЕРЖАВИНА,5405066048,1215400034651,1,48206.34,25267.90,33.00,1
40985,СЗ ВИДНЫЙ,7447319110,1247400026510,2,48178.90,32852.20,20.00,1
7344,ЯРКИЙ МИР,7722442868,1187746257038,1,48164.40,30024.80,26.00,1
237,ИСК АРКАДА,2536148933,1042503032846,1,48151.46,23344.03,28.00,1
18963,СЗ КРЫЛЬЯ ДЕВЕЛОПМЕНТ,7203575504,1247200009341,1,48149.72,28729.70,28.00,1
12728,СЗ ЭЛИТСТРОЙИНВЕСТ,7604365328,1207600005513,1,48128.90,26233.54,10.00,1
8929,СЗ ГРАДЭК,5838013906,1195835006894,2,48089.93,31699.15,16.50,1
17046,СЗ КВАРТАЛ ПОЛЯНЫ,6234184587,1196234008673,13,48073.70,34209.36,3.69,1
806,СЗ НАДЕЖДА ДЕВЕЛОПМЕНТ,3257008751,1133256013384,3,48032.25,28500.07,16.33,1
16386,СЗ СМОЛДОМСТРОЙ,6732240040,1226700022757,6,47960.68,34314.04,11.00,1
17136,СЗ СТРАНА.НОВОСИБИРСК,9703112561,1227700650066,1,47940.06,26518.90,29.00,1
1740,СЗ АКФЕН,7728306340,1037728055331,1,47913.30,26912.69,26.00,1
402,СЗ ТЕРМОДОМ,5838041075,1025801501274,5,47891.79,29074.78,13.20,1
40994,СК АЛИКОЛОБ 1,0500049100,1260500002597,1,47776.12,33666.60,17.00,1
13645,СЗ КОСМОС,2724237167,1192724022589,1,47751.00,21864.56,25.00,1
1378,СЗ ПЕРМСКИЙ,5902137958,1025900512076,3,47702.59,27166.80,11.67,1
17015,СЗ ФОРУМ - ЖК ФОРМА,6671189186,1216600062634,3,47687.10,26031.20,18.67,1
36050,СЗ ТЕРРИТОРИЯ,9403032072,1249400009561,2,47660.43,28917.76,14.50,1
21998,СЗ ГК АБС ЖБИ,3663161456,1233600006606,2,47567.72,13396.18,17.00,1
108,СЗ ВЕГА,3123204306,1093123015556,2,47545.04,23669.92,19.00,1
14189,СЗ КАНТРИ КЛАБ,7751215690,1227700080420,5,47465.43,33996.07,9.00,1
17070,СЗ ГАЛС-ФРИДРИХА ЭНГЕЛЬСА,7714476782,1217700458139,1,47446.00,29443.50,29.00,1
30592,СЗ КОРПОРАЦИЯ СМУ-5,9310017508,1259300000299,6,47417.56,36025.13,12.17,1
21515,СЗ КОНТРАКТСТРОЙ,1200015158,1241200002009,2,47415.40,32686.77,17.00,1
22367,СЗ ЛИТЕРАТУРНЫЙ КВАРТАЛ,9701209688,1227700354837,2,47252.24,27747.08,18.00,1
19254,СЗ АРКТУР,3300009867,1243300001603,1,47232.39,32488.52,18.00,1
15622,СЗ ТВОЕ МЕСТО,0100003090,1220100002572,1,47221.00,0.00,19.00,1
22433,СЗ УВИЛЬДЫ-РЕЗОРТ,7453361230,1247400026323,1,47200.66,0.00,9.00,1
24286,СЗ ГЕРМЕССТРОЙ,9721079765,1197746265452,1,47153.40,27341.38,37.00,1
14023,СЗ ОНИКС-ДУБРАВА,3102050870,1213100015490,10,47149.44,33015.08,4.90,1
27806,СЗ КАСТОР,5190099428,1245100002290,1,47123.82,31464.48,17.00,1
21974,СЗ ТАЛАН-РЕГИОН-58,1800002506,1231800012784,2,47115.91,25275.80,8.50,1
33008,СЗ ОРГТЕХСТРОЙ,0800008834,1230800003213,2,47017.60,13810.46,18.00,1
6458,СЗ СТРОЙИНДУСТРИЯ,7701620421,1057748493098,1,47000.00,27817.79,18.00,1
20385,СЗ ГОРОД,7714328368,1157746095165,1,46940.90,24927.10,21.00,1
17874,СЗ СТРОЙБИЗНЕС,1200013471,1241200000326,1,46939.67,26612.70,16.00,1
14587,СЗ САМОЛЕТ-ЛАВРИКИ,7813656377,1217800130679,1,46893.06,27489.30,13.00,1
9431,СЗ НИКИНВЕСТ-СТРОЙ,3905070955,1053900201805,2,46872.00,28652.90,10.00,1
17026,СЗ ПАРТИКЛ-ЛИНЕЙНЫЙ,3000006939,1233000002465,4,46856.50,27646.20,16.25,1
2561,СТМ,1513054148,1151513001969,3,46836.57,29847.80,6.67,1
8095,ПЕРВАЯ ИК - МИКРОРАЙОН САДОВЫЙ ЖИЛЫЕ ДОМА 1-8,5503200735,1075543006593,8,46835.68,36511.12,11.00,1
21083,СЗ РИЖСКИЙ 26,7804097130,1037808056879,2,46822.63,20109.23,10.00,1
3156,СЗ АНДОР,5257145631,1145257003022,4,46774.23,27183.31,15.50,1
17661,СЗ ПРИМОРЬЕ 1,2540272700,1222500027023,1,46769.00,24707.20,25.00,1
2529,СЗ МАГМА СИМБИРСК,7321316785,1117321000510,4,46677.69,29018.45,10.25,1
22190,СЗ СЧАСТЛИВЫЕ ЛЮДИ,7100035137,1237100003645,2,46668.80,32893.80,17.00,1
702,СЖК,5433192206,1135476036750,2,46647.36,20955.60,13.00,1
19038,СЗ ДОМ46,4632171706,1124632015870,4,46645.71,35343.84,11.00,1
20853,СЗ СТ УЛЬТРА-ДЕВЕЛОПМЕНТ,0278978360,1230200021237,1,46600.45,26093.61,26.00,1
23078,СЗ ЛУННАЯ ПОЛЯНА 1,0900010643,1240900000990,3,46573.21,0.00,7.00,1
7242,СЗ МАСТЕР-УНИВЕРСАЛ,9204009047,1149204017918,5,46545.84,30991.70,9.60,1
7965,СЗ СЛАВЯНСКИЙ ДОМ БЕТА,3702211216,1183702024230,1,46527.49,30168.94,10.00,1
16751,СЗ КБС-ДОМИНО,2464162534,1232400016463,4,46517.30,33093.00,18.00,1
7533,СЗ ГК ОСТ,7105520088,1137154037790,3,46511.26,29099.55,13.33,1
31805,СЗ ОМЕГА ИНВЕСТ,7806606181,1227800165075,1,46508.04,0.00,11.00,1
27960,СЗ УЛЬТРА-2,0272930242,1250200008486,1,46385.71,26726.24,26.00,1
10469,СЗ РИВЬЕРА ЕВПАТОРИЯ,9201527940,1199204002282,1,46381.90,0.00,13.00,1
15982,СЗ ЭКОЛОГИКА,6678118995,1226600019689,2,46365.65,30306.14,8.00,1
11147,СЗ СЕМЬЯ,3665118880,1153668071006,2,46334.40,29428.90,10.00,1
18712,СЗ ШАНТЬЕ ДЕВЕЛОПМЕНТ,1655403820,1181690051960,4,46197.03,23978.80,16.75,1
16975,СК ИР-СТРОЙКАПИТАЛ,1503016016,1021500674722,2,46178.80,30570.93,9.00,1
17186,СЗ ПАРК,6320074323,1236300011750,1,46165.70,21613.40,25.00,1
13056,СЗ ТАЛЛЕР,7716887724,1187746026379,1,46134.86,0.00,13.00,1
19438,СЗ ЮНИТИ,2536327121,1212500006476,1,46072.01,21801.76,17.00,1
16613,ООО СОЗДАТЕЛИ. ПЯТЫЙ,7203557569,1237200010080,1,46038.28,31620.80,20.00,1
17786,СЗ ТОЧКА ОПОРЫ,5402068382,1215400034222,1,45944.20,20600.40,22.00,1
26,СЗ СИБГРАДСТРОЙ ИНВЕСТ,5501253026,1135543048684,10,45928.69,26745.60,5.00,1
14497,СЗ ЗАРЕЧЬЕ,1656111330,1191690101624,5,45876.48,24770.19,8.00,1
16219,СЗ СМАРТ ДЕВЕЛОПМЕНТ,6685201549,1226600040501,1,45849.60,26679.09,33.00,1
1336,СЗ ЮПИТЕР,6213011713,1156234011471,1,45821.87,29089.13,26.00,1
6834,СЗ СПЕЦСТРОЙКРАСНОДАР,2312244278,1162375014746,1,45730.30,0.00,9.00,1
28632,СЗ ЗАКАЗЧИК,5835129797,1185835013330,2,45713.00,33183.77,19.00,1
11290,СЗ СТРОЙИНДУСТРИЯ,2460089932,1152468027491,1,45702.60,20969.40,16.00,1
18847,СЗ УГМК-НАГОРНЫЙ,6678136352,1246600018994,1,45662.20,22723.50,31.00,1
6396,СЗ ПЕРВЫЙ БЕТОННЫЙ ЖБИ,7604304861,1167627070313,4,45556.56,28165.33,13.00,1
17713,СЗ ЖК ТЕКУЧЕВ,6164142894,1236100030616,1,45493.63,25812.20,25.00,1
37461,СЗ СИТИ ПАРК,0725026493,1190726001696,1,45486.48,26580.77,14.00,1
19189,СЗ ВЕРШИНА,0277959439,1220200024560,1,45460.95,21235.59,26.00,1
12008,СТРОЙГРАД-ЮГ,2310163143,1122310003870,4,45382.69,31365.44,10.00,1
17550,СЗ ТЕКСТИЛЬЩИКОВ,7300024654,1237300011024,1,45320.07,30771.25,17.00,1
29616,СЗ БЛЮХЕРА 7,6679176421,1246600029191,2,45287.43,24328.90,22.00,1
42929,СЗ АЛЬТЕРНАТИВА,2465220010,1092468009688,4,45268.80,32118.60,18.00,1
1825,СЗ БСК,3234047962,1023202744003,7,45260.43,32975.28,10.71,1
11733,СЗ АКВАСТРОЙ,5407978353,1205400024048,1,45220.35,9741.67,18.00,1
16572,СЗ МАГНУМ,6163229172,1236100013269,5,45206.08,20999.68,6.00,1
7840,СЗ РЕКА,7716915450,1187746587665,1,45182.00,24302.10,18.00,1
21947,СЗ РЯБИНИНА,6679168815,1236600051621,1,45175.91,29599.74,28.00,1
27986,СЗ КВАРТАЛ НА МАРГЕЛОВА,6200003786,1246200002487,1,45174.70,25170.98,26.00,1
23289,СЗ ОСНОВА ДВ,7500013152,1237500005600,3,45160.51,26879.42,16.00,1
22907,СЗ СЭМ И К,2463134446,1242400024019,4,45127.00,29360.80,16.00,1
3699,СЗ ИЗМАЙЛОВСКИЙ,7842349677,1079847031659,1,45122.00,18640.00,13.00,1
18406,СЗ ЭВИЛИН КМ-7,2635260492,1242600001599,1,45114.00,25754.00,23.00,1
23522,СЗ ВИРА НА ОКРУЖНОЙ,5410098285,1225400045650,1,45112.90,23304.70,15.00,1
14370,СЗ ОКЕАН СИТИ,1841076200,1181832000349,2,45072.11,21972.39,26.00,1
15716,СЗ ДОННЕФТЕСТРОЙ-АКСАЙ,2311310859,1202300055946,2,45031.00,29790.20,16.00,1
7061,СЗ АЛЬФА-ИНВЕСТ,5904252674,1115904011750,4,45009.20,6901.40,5.00,1
2611,СЗ ДАРСТРОЙ-КРАСНОДАР,2311248382,1172375094055,3,45003.30,25656.80,10.00,1
3626,СЗ СОЗВЕЗДИЕ,5829004207,1185835004915,3,44974.45,22735.34,18.33,1
2671,СЗ ПРОМЕТЕЙ,1435101278,1021401051528,3,44954.70,32390.23,16.00,1
17614,СЗ ЖК НА ПУТЕЙСКОЙ,7100031421,1227100016318,2,44891.77,29085.98,18.00,1
27428,СЗ РАЗУМ НА БАКИНСКОЙ,3000009658,1233000005204,2,44886.75,38695.86,30.00,1
10982,СЗ БЕРЕГОВОЕ-ИНВЕСТ,5405477471,1135476100627,2,44863.01,30989.27,28.50,1
18807,СЗ СИТИ-5,7733405554,1237700165328,1,44801.00,26100.00,24.00,1
3469,СЗ ГЛОРАКС-ЯР ПРИВОЛЖСКИЙ,7804601276,1177847211882,4,44797.91,30217.84,17.50,1
20824,СЗ СУ-5 ГРУППА А,2630053799,1242600007627,6,44767.80,27963.20,5.00,1
11388,БТК,7805276607,1037811065456,1,44749.75,0.00,26.00,1
24492,СЗ СИТИСТРОЙ,1800017654,1241800006370,3,44684.80,26985.50,18.33,1
14939,СЗ СТРАНА Е 1,6685198381,1226600017049,1,44657.68,27575.15,25.00,1
21376,СЗ ЯНТАРНЫЙ БЕРЕГ,3906193300,1083925009145,1,44619.45,26320.32,19.00,1
24477,СЗ КОМФОРТ Б,9703203748,1257700041411,1,44533.18,31581.87,23.00,1
17880,СЗ КВАДРО,6674300033,1086674010048,3,44530.95,29796.91,8.00,1
19035,СЗ МЕГАПОЛИССТРОЙ-ЮГ-1,6168120348,1236100015502,5,44524.20,0.00,7.60,1
12247,СЗ СПЕЦСТРОЙ,3917518705,1133926040753,3,44440.30,26665.40,8.00,1
20653,СЗ КВАРТАЛ А,5032337888,1225000011741,2,44440.10,28480.70,5.00,1
13107,СЗ ТРИ ЭС НОВАЯ ТУЛА,9706003874,1197746693792,4,44427.72,28968.42,6.00,1
33544,СЗ ЖИВИ В ТУЛЕ,7100057490,1247100009309,2,44427.30,28710.12,14.00,1
841,СЗ САРАНСКСТРОЙИНВЕСТ,1326194603,1051326028160,5,44386.68,28101.16,12.80,1
14777,СЗ ГК СОЧИОЙЛСТРОЙ,2320094347,1022302950020,3,44357.70,0.00,6.67,1
15915,СЗ ИНСТЕП.ПЕРОВА,3666264900,1223600016397,1,44354.04,28861.08,20.00,1
22427,СЗ ПРАЙМ-ЗАТОН,0275931653,1230200038804,2,44346.96,26627.38,28.00,1
298,СЗ НОВОСИБИРСКИЙ КВАРТАЛ,2221136980,1082221007153,1,44338.42,19237.35,27.00,1
20881,СЗ ФРИХАУЗ,9731048290,1197746427372,1,44261.35,0.00,22.00,1
33447,СЗ СУ-2007 ИНВЕСТ,9310015807,1249300015249,2,44234.42,30963.36,14.00,1
16360,СЗ ИМПЕРИЯ-1,2635253840,1222600007585,2,44126.70,30618.70,12.00,1
13615,СЗ ЮГ-СТАНДАРТ,6330094939,1216300038350,2,44102.49,30617.36,18.00,1
40986,СЗ ИНТЕРСТРОЙ,0573006490,1160573050087,2,44095.75,29563.20,17.00,1
370,СЗ СТРОЙИНВЕСТ КСМ,1001155425,1041000025065,6,44026.66,30260.64,10.17,1
20992,СЗ СТЭК-АРТ,0275930610,1230200020599,1,43981.32,21966.79,18.00,1
24068,СЗ ЛИДЕР ИНВЕСТ,3666267274,1233600011040,1,43959.14,26842.58,18.00,1
20816,СЗ РКС-ТЕПЛИЧНЫЙ,5800003754,1245800002007,1,43916.06,27928.56,17.00,1
37106,СЗ АМАЛЬ,2013013280,1252000010129,2,43899.64,27432.10,13.00,1
41083,СЗ СИРИУС,9102302624,1259100001346,4,43893.16,27297.42,13.00,1
18617,СЗ МАРТ ПАРК,7751040384,1177746298025,94,43885.84,37714.87,3.02,1
35294,СЗ ОБЪЕКТ ГАРАНТ,9722071920,1247700204916,1,43821.18,0.00,20.00,1
15121,СЗ ВИРА НА ГРИБОЕДОВА,5410076740,1185476086366,1,43788.90,21391.70,25.00,1
790,СЗ ГЛАВСТРОЙ,2631029929,1062648016100,7,43770.54,28530.64,6.86,1
23333,СЗ КВАРТАЛ КОМСОМОЛА,6660126360,1026604965958,3,43726.20,28633.60,19.33,1
7960,СЗ ШОРИЯ ГРАД,4205379475,1194205008557,4,43707.75,25077.70,14.50,1
166,ПРОГРЕСС,3019016289,1153025004274,2,43691.92,26716.75,12.50,1
17743,СЗ АСТОН. ДВИЖЕНИЕ 2,6658565522,1236600045087,1,43657.06,29458.69,33.00,1
15320,СЗ ПЕРВЫЙ,5402073840,1225400027544,1,43656.63,18627.95,27.00,1
16656,СЗ СКАНДИА. СЛОБОДА,7203548451,1227200021036,2,43605.97,27763.49,15.00,1
13378,СЗ КБС-БЕРЕГ,2464157140,1212400026244,4,43605.20,33190.50,18.00,1
19331,СЗ ГОЛОС.ЗАРЯ,7448244130,1227400027733,1,43600.50,25263.20,31.00,1
8570,СЗ ВЫБОР-СЕВЕР,3662274993,1193668017366,1,43583.99,18719.40,19.00,1
12007,СЗ ЭКРАН,7705014485,1027700419780,1,43565.60,14344.50,10.00,1
17322,СЗ БЕЛЫЙ ГОРОД,7452023486,1027403771988,11,43548.90,27753.70,4.64,1
19358,СЗ МЕНСИС КОНСАЛТИНГ,7728332413,1167746221642,1,43529.00,20678.00,7.00,1
17948,СЗ ТАЛАН-ЕКАТЕРИНБУРГ,1841078864,1181832010964,1,43257.50,26358.80,18.00,1
8576,СЗ СДС-ФИНАНС,4205096445,1054205257204,4,43167.68,29025.40,15.00,2
10979,СЗ НИЖЛИДЕРСТРОЙ,5260465039,1195275036912,4,43152.87,27590.21,19.00,1
12574,СЗ М.О.Д,5044084938,1125044003424,4,43151.55,19328.17,8.75,1
35656,СЗ УРБАНИКА 4,0274394558,1250200013030,2,43129.60,26917.40,23.50,1
1200,СЗ ИНКОСТ,2129003280,1022101269673,3,43121.65,25980.30,11.33,1
19351,СЗ ЗЕЛЁНЫЙ ГОРОД - ЗАПАД,2536331985,1222500002900,1,43121.42,20153.81,23.00,1
17735,СПЕЦЗАСТРОЙЩИК ТСИ-161,1658238156,1221600031916,2,43100.12,23125.90,11.50,1
13045,СЗ МСК,5047208420,1185029002950,4,43098.20,28684.10,16.00,1
17145,КС БАРС СЗ,1660320337,1181690085730,1,43075.10,23108.10,16.00,1
13407,СЗ КОМПАС,5904385057,1205900024087,2,43049.00,28234.30,26.00,1
31319,СЗ КОБЛОВО,1500020014,1241500005460,1,43034.50,20787.67,17.00,1
16149,СЗ ПОСЕЙДОН 2,9727004565,1227700450010,2,42979.90,28929.30,17.00,1
16193,СЗ МОСКОВСКОЕ ШОССЕ,7801719720,1227800166230,1,42965.14,0.00,18.00,1
21967,СЗ ПРАКТИКА-ИНВЕСТ,6671290813,1236600076910,1,42952.55,24379.40,33.00,1
23385,СЗ ПРОСПЕКТ ПЕРВЫЙ ЮЖНЫЙ,6685212692,1236600048431,1,42951.87,22347.72,33.00,1
18365,СЗ БАЛЧУГ ЭСТЕЙТ,9705062309,1167746249406,1,42921.70,22665.31,19.00,1
37161,СЗ БЦ АПСАЙД ОСТАНКИНО,9715494040,1247700631947,1,42873.90,0.00,17.00,1
39864,СЗ ДИНАСТИЯ,1500022163,1251500000608,2,42850.04,13229.16,9.00,1
7590,СЗ ФОНД РЖС,4205376611,1194205000142,3,42847.64,29156.80,17.33,1
453,ИНВЕСТКАПИТАЛ,7813353502,5067847210547,6,42768.00,0.00,5.00,1
27481,ГЁТЕБОРГ. ЕКАТЕРИНБУРГ,6671270253,1236600029270,1,42761.76,21642.00,30.00,1
38241,СЗ АЛЬФА.КАРКАС,3100045265,1253100004321,3,42751.88,28258.45,19.00,1
10709,СЗ СК КОНТИНЕНТ СТАЛИНГРАДСКИЙ БУЛЬВАР,3328024689,1203300003279,2,42750.00,28742.20,18.00,1
18875,СЗ МЕКСА,4000007701,1234000009825,2,42715.86,17291.60,17.00,1
1135,СЗ ИСКО-Ч,2126003691,1022101134186,6,42694.50,27625.90,10.83,1
17746,СЗ ПРОЕКТ-3,7100011418,1217100011260,1,42678.65,26590.64,20.00,1
17648,СЗ СТРОИТЕЛЬНЫЕ ТЕХНОЛОГИИ БУДУЩЕГО,1655422005,1191690066039,6,42654.62,20446.74,7.67,1
16121,СЗ ТСД,2543166718,1222500015319,2,42651.70,28595.70,13.00,1
30590,СЗ КПМ,1200019233,1251200002118,2,42631.20,25644.72,11.50,1
12701,СЗ БИЗНЕС-СТРОЙ,6215027109,1136215001053,1,42579.90,23247.81,27.00,1
19182,СЗ КСТ,1686021300,1221600099137,1,42516.60,21169.70,20.00,1
37362,СЗ ДА НА АМУНДСЕНА 2,6685219715,1246600026001,1,42493.30,21876.80,27.00,1
18393,ЭЛЬСТРОЙ-ЛАБ,2015008415,1212000002620,1,42472.40,27081.80,17.00,1
9077,СЗ ОЛИМП,7703463982,1187746738761,1,42456.94,26537.86,20.00,1
19084,КАСКАД ПРОЕКТ СЗ,5260476464,1215200005943,1,42446.00,23646.30,26.00,1
18242,СЗ УРАН,7203513191,1207200020356,2,42438.63,25870.03,16.00,1
21033,СЗ ЧЕРНИГОВСКАЯ НАБЕРЕЖНАЯ,5260462133,1195275016012,1,42409.00,23470.90,22.00,1
33295,СОЗДАТЕЛИ. СЕДЬМОЙ,7203592355,1257200007272,1,42399.55,28307.17,20.00,1
15361,СЗ СНАБТЕХНО,5836689819,1195835007202,2,42364.10,26316.85,18.00,1
28495,ТАКТИЧЕСКИЙ УРБАНИЗМ,5405097582,1245400028235,1,42349.04,25247.90,27.00,1
1645,СЗ ЗАВОД ЖБИ-3,7203321348,1147232045014,4,42329.50,31025.40,17.25,1
19790,СЗ ТАЛАН-РЕГИОН-55,1800002432,1231800012718,1,42301.14,22376.10,16.00,1
2118,СЗ ТАЛАН-ПЕРМЬ,1835080424,1071841008381,1,42277.00,19083.50,31.00,1
93,СЗ СК МАКРОСТРОЙ,3910502135,1143926032128,7,42246.30,25379.10,6.43,1
19316,СЗ ГРИНКОД,8601074347,1238600008756,2,42169.61,22736.40,10.00,1
16992,СЗ ИМПЕРИЯ-2,2635257764,1232600007936,2,42153.60,26670.90,10.00,1
7445,СЗ ТЕРМИНАЛ СК,5256129066,1145256003133,3,42150.50,28246.77,13.33,1
3468,СЗ ЖК АКАДЕМИЯ,5405341390,1075405009866,2,42146.67,22303.98,22.00,1
18982,СЗ ЭВО ДЕВЕЛОПМЕНТ,2308289572,1232300004100,4,42145.60,29414.80,4.00,1
9675,СЗ ИК ОСТОВ,5030063247,1085030003222,1,42044.84,23233.10,24.00,1
35530,СЗ МЕТР,2222902229,1232200008490,4,42044.20,26871.30,9.00,1
24461,СЗ СОКОЛ ТЫСЯЧЕЛЕТИЯ,3812991167,1223800013502,2,42014.40,27167.20,20.00,1
21986,СЗ РОМАНОВКА 1,4706069611,1234700032093,9,42010.14,24373.36,5.00,1
28121,СЗ СК АЗОВСКИЙ БЕРЕГ,9308026872,1249300017174,3,42003.00,26978.10,14.33,1
21480,СЗ АК БАРС-ИНВЕСТ,1657192580,1151690019128,1,41994.40,29749.70,22.00,1
2513,СЗ СТРОЙКОМ,8901027468,1138901000171,56,41863.84,36061.23,2.77,1
16781,СЗОХТА,4705096965,1224700017156,4,41852.62,23428.17,9.00,1
19844,СЗ ЭВИЛИН КМ-9,2635260622,1242600001940,1,41832.50,21537.00,23.00,1
17344,СЗ ИСТОК,6234204434,1236200005216,2,41828.99,26752.62,26.00,1
8658,СЗ СЕВЕРНЫЙ КВАРТАЛ,5005067343,1195081059172,2,41825.32,26748.13,17.00,1
15888,СПЕЦЗАСТРОЙЩИК ЖЕЛЕЗНО ЕКАТЕРИНБУРГ,4345513138,1214300008031,4,41822.67,24672.65,6.75,1
18804,СЗ АВАСТРОЙ,2222900180,1222200021130,4,41757.35,20310.20,11.75,1
33349,СПЕЦЗАСТРОЙЩИК ЖЕЛЕЗНО ВОЛГОГРАД,4345533215,1244300006389,2,41721.71,26269.42,9.00,1
24084,СЗ МЕТРОПОЛИС,3808285345,1233800023841,2,41718.24,25528.49,17.50,1
12252,СЗ ТРИУМФСТРОЙ,2536303709,1172536020470,4,41645.22,22314.73,17.75,1
16033,СЗ АИС ДЕВЕЛОПМЕНТ,7804586966,1177847001034,2,41642.00,20658.80,18.00,1
17690,СЗ ТЕХСТРОЙ,5406585455,1155476058693,1,41631.23,24582.34,27.00,1
16355,СЗ СМУ-2,0245960294,1190280029774,1,41620.50,27195.14,25.00,1
33344,СЗ ЛИФТ С,9102298463,1249100010730,5,41604.78,22027.95,4.80,1
2256,СЗ ГОЛДЛАЙН,1435168723,1061435013452,2,41562.63,29111.94,15.00,1
16227,СЗ УРБАНСТРОЙ,1655396531,1171690127828,3,41467.23,16973.10,8.00,1
17618,СЗ ЭРА,9731100039,1227700601810,3,41459.71,27962.44,16.00,1
19066,СЗ РАЗВИТИЕ ВЕКТОР,3662306797,1233600016561,4,41350.40,30549.52,9.00,1
21723,СЗ Т-ИНВЕСТ,0900009334,1230900002882,3,41346.60,24427.17,12.00,1
14823,"СЗ СОЙМОНОВСКИЙ, 3",9725043463,1217700031658,1,41336.90,20855.10,8.00,1
500,СЗЧЕМПИОНСКИЙ,7203278438,1127232026195,1,41244.30,30966.60,26.00,1
3370,СЗ ИЗУМРУДНЫЙ ГОРОД,6213013407,1176234030444,2,41184.00,25174.83,16.00,1
16112,СЗ СДК,5406827626,1225400049467,2,41099.12,27874.16,26.00,1
21758,СЗ ЭДЕЛЬВЕЙС-5,2540262452,1212500016519,1,41088.50,19036.80,22.00,1
2547,СЗ ДЕЛОВОЙ ПАРТНЁР,5321065062,1025300788853,3,41074.70,12521.20,10.33,1
14423,СЗ ИЗМАЛКОВО НЕДВИЖИМОСТЬ,7729720056,1127746754630,4,41061.80,27948.90,18.00,1
1625,СЗ БОРЕЙ-ИНВЕСТ,2901233212,1122901028414,2,41049.07,22038.01,8.50,1
17634,СЗ ТРИЕРА,2304001786,1022300769413,8,41027.20,27211.80,9.00,1
23239,СЗ ЛСР. ОСТРОВ,7838115443,1237800082981,2,40999.60,25088.38,18.00,1
1422,КС ЭКСТРА СЗ,1833031083,1031898004324,1,40965.46,21539.30,24.00,1
12139,СЗ ЗАПАДНАЯ РЕЗИДЕНЦИЯ 3,6163221906,1216100002634,2,40965.00,26727.40,24.00,1
7535,СЗ ИСК Г. УФЫ,0275916687,1180280077889,2,40939.29,25997.06,25.50,1
19045,СЗ ВЫСОТА,2721250018,1212700003108,2,40932.15,22227.13,25.00,1
1272,СЗ ЖК КЛЕВЕР ПАРК,6685118428,1169658096981,1,40921.14,24263.12,33.00,1
12260,СЗ БАРНАУЛ-СИТИ,2221228247,1162225079389,1,40870.98,20821.64,23.00,1
18046,СЗ ОСНОВА,3812536305,1213800012491,1,40864.00,25596.20,19.00,1
3064,СЗ МОНОЛИТ,7107548770,1147154012169,2,40845.52,27238.99,15.00,1
16976,СЗ ЗАРЕЧЬЕСТРОЙ,0274980425,1230200026726,1,40820.71,26095.31,22.00,1
17421,СЗ НК ТРАСТ,2540259259,1212500003110,1,40790.10,20318.60,28.00,1
15606,СЗ ЮЖНЫЙ,7447307891,1227400027634,1,40756.71,22524.80,24.00,1
15220,СК ЭКОСТРОЙ,2006007510,1212000005271,1,40756.08,29030.40,20.00,1
16078,СЗ ОСНОВА,4826100285,1134827006808,2,40723.08,0.00,13.00,1
19515,СЗ ОРИОН,9102255519,1199112009084,4,40696.39,25969.35,9.00,1
6668,СЗ ЗЕЛЕНЫЙ САД - РЯЗАНЬСИТИ,6215030567,1166234069210,1,40665.30,22345.10,26.00,1
9344,СЗ ПАЛИТРА,4401180615,1174401004018,2,40656.90,23942.60,9.50,1
14286,СЗ НЬЮТОН,5829005313,1205800000658,1,40641.38,21282.23,19.00,1
7570,СЗ МОСТОВИК,4510031589,1184501004830,3,40626.30,27692.60,10.33,1
17297,СЗ КУРКИНСКИЙ ПРОЕКТ,7733323975,5177746185733,1,40621.40,25503.80,24.00,1
16505,СЗ МКД 2,7842060740,1157847295935,5,40620.30,27179.50,12.00,1
11304,СЗ РАЗВИТИЕ,6234192676,1206200011082,3,40584.09,23737.83,8.00,1
21214,СЗ СЕВЕР-АЛЬЯНС,0277964118,1230200045360,2,40550.19,22253.22,22.00,1
19199,СЗ ПОЭЗИЯ,5406839597,1245400011449,2,40536.56,28233.98,25.00,1
16655,СЗ СЕВЕРНАЯ ВЕНЕЦИЯ,7810740292,1187847287946,6,40532.39,22788.19,6.00,1
33168,СЗ ЮНИКА НН-2,5260485733,1225200030923,1,40506.60,20122.90,13.00,1
18961,СЗ АТЛАНТ-5,3849098714,1233800022785,2,40478.45,26642.89,17.00,1
17094,СПЕЦЗАСТРОЙЩИК ЖЕЛЕЗНО ЗАРЯДНОЕ,4345524919,1234300003850,3,40458.66,26528.04,9.00,1
36146,СЗ АРЕАЛ,5406837279,1235400051721,3,40453.20,29658.91,11.00,1
35699,СЗ АРСЕНАЛ,7810591700,1107847183036,1,40382.00,20958.34,13.00,1
36925,СЗ ГРИН СИТИ,0700016359,1240700002344,1,40360.53,20822.40,11.00,1
6447,СЗ ГЕРМЕС,4501207677,1164501052650,3,40355.30,27202.70,11.00,1
36997,СЗ ИСКРА,3000021430,1253000004487,2,40295.56,24282.64,24.00,1
29025,СЗ УРЗ-4,9707014501,1237700750737,1,40261.31,28654.32,25.00,1
24975,СЗ МЕРА-НОВОКУЗНЕЦК,4217209735,1234200015741,3,40251.34,20331.97,14.00,1
13762,СЗ ИНСТЕП.БАБЯКОВО,3666262710,1223600001492,2,40251.32,25579.93,16.00,1
10086,СПЕЦСТРОЙ-1,9709048633,1197746290851,1,40241.00,0.00,13.00,1
1828,СЗ ГЛАВСТРОЙ,4633019990,1074633000815,8,40228.59,28945.04,11.00,1
2088,СЗ ПТС,8602216731,1148602005067,3,40187.45,23155.53,11.00,1
31016,СЗ ВИТА НОВА СИТИ,2801260420,1202800007684,1,40011.20,20203.50,23.00,1
13169,СЗ ИКАР ЮГ,7453338464,1207400043663,1,39997.70,21984.30,11.00,1
13624,СЗ ГЕФЕСТ,3906238897,1113926019745,1,39990.00,24039.50,19.00,1
16077,СЗ ПОДОЛИНО,5044057405,1065044034901,1,39932.70,0.00,27.00,1
11479,СЗ ПРЕОБРАЖЕНИЕ,6234091205,1116234004094,3,39919.58,21446.88,11.67,1
28691,СЗ МИКС,7751313232,1247700373909,1,39890.30,16944.50,28.00,1
6202,СЗ НОВЫЙ ГОРОД,4025084289,1064025003437,2,39867.40,24334.37,16.00,1
12937,СЗ ПИК-САХАЛИН,6501306985,1196501007218,3,39862.50,15403.50,14.00,1
19290,СЗ СПРИНГС,7731011025,1027700276890,1,39852.10,20775.80,28.00,1
7637,СЗ КВАРТАЛ,3662124645,1073667032669,2,39837.91,27148.93,15.00,1
21724,СЗ ГУДГРАД,7606127093,1227600000836,3,39821.68,23793.20,11.00,1
14947,СЗ ТАЙВАС,7842197880,1217800183028,1,39818.00,0.00,22.00,1
17445,СЗ ТАЛАН-РЕГИОН-36,1841096687,1201800024337,2,39809.30,25114.70,20.50,1
17462,СЗ ЗЕЛЁНЫЙ БУЛЬВАР-2,2536331431,1212500030490,1,39733.60,24509.16,26.00,1
15369,СЗ СУ1-ЗАТОН,0276967860,1220200006795,1,39713.40,29457.98,27.00,1
36818,СЗ ДОМ,7715927477,1127746536785,1,39702.40,14802.70,29.00,1
16943,СЗ УКС ГОРОДА ИРКУТСКА,3808220549,1113850038675,4,39681.12,20511.80,10.50,1
14332,СЗ ЖК НА МОСКОВСКОМ,2901305114,1212900002039,3,39675.00,25904.31,15.00,1
45090,СЗ ДК ГРУПП,2367038387,1242300037980,1,39603.70,0.00,9.00,1
1287,СЗ СК МАРКЕТ СЕРВИС,6686065200,1156658025710,1,39558.94,26168.88,17.00,1
78,СЗ КВАРТАЛ,5406258698,1035402499659,3,39538.21,20177.51,17.33,1
18428,СЗ ТЕПЛЫЙ КВАРТАЛ 5,6671293331,1246600007598,1,39513.40,23772.87,28.00,1
16144,СЗ ТУРГОЯК-РЕЗОРТ,7415108124,1217400030649,3,39505.53,0.00,6.00,1
6678,КСАР-СЕРВИС,7729052240,1027700076623,1,39502.70,0.00,22.00,1
14722,СОЗДАТЕЛИ. ТРЕТИЙ,7203520953,1217200009014,4,39479.86,26511.68,15.75,1
19452,СЗ РОДИНА-2,7203575487,1247200009330,1,39472.68,29411.65,18.00,1
18641,СЗ МИЛЛЕННИУМ,0700012080,1230700004600,1,39461.60,30183.30,8.00,1
3712,СЗ КВС-ВЫБОРГСКИЙ,7813294543,1177847380138,1,39446.41,22776.22,11.00,1
17518,СЗ БЕРЗАРИНА 37,7734670820,5117746037613,1,39408.85,24151.18,26.00,1
15427,СЗ МАГЭЛ СТРОЙ,5032318349,1205000043852,6,39383.59,30886.72,4.00,1
17533,НОВЫЙ ЗВЕЗДНЫЙ,5902061480,1215900015968,4,39368.61,23757.00,10.50,1
13824,СЗ КОМПАНИЯ РУСАГРОСТРОЙ,1200004766,1221200000702,3,39352.00,19733.25,13.33,1
14472,СЗ СУ №1,0276966874,1220200000240,2,39337.45,23372.15,18.00,1
9658,СЗ КОМПАНИЯ СИНАРА-ДЕВЕЛОПМЕНТ,6685169140,1196658078847,3,39309.20,22570.00,15.33,1
11545,СЗ СЕВЕРНАЯ КОМПАНИЯ,6234117968,1136234007579,2,39249.74,25595.18,26.50,1
18819,СЗ ФОРВАРД,1800007960,1231800018350,1,39221.00,20188.80,17.00,1
14431,СЗ ВОСТОК-ЛИДЕР,2502051404,1152502000551,1,39197.66,18061.98,19.00,1
13676,СЗ СТК,7327033085,1047301331461,2,39197.60,26870.61,17.00,1
19123,СЗ ДОВЕРИЕ,2310220063,1202300035541,3,39196.70,20935.20,11.67,1
22614,СЗ ВЕКТОР КВАРТАЛ,3849101036,1243800005547,2,39129.73,18116.30,13.50,1
14719,СЗ ДЕМУС ГРУПП,3025037953,1203000004460,2,39126.27,24923.20,17.00,1
7687,СЗ НЬЮ,9102182807,1159102090355,1,39121.30,0.00,24.00,1
13235,СЗ ПРОФВЫБОР РАЗВИТИЕ,3666218862,1173668026025,1,39091.56,24861.69,19.00,1
17726,СЗ ТОРХОВСКИЙ,7100044879,1237100013700,2,38974.98,26898.48,26.00,1
9915,СЗ НОВАЯ ЖИЗНЬ-УЛЬЯНОВСК,7327094377,1207300003789,2,38878.60,25291.72,25.00,1
24859,СЗ ВОЗРОЖДЕНИЕ,9500024616,1249500002157,4,38865.28,26950.72,9.00,1
23176,СЗ РЕНЕССАНС,2372033000,1232300064150,1,38811.00,15361.50,16.00,1
6903,СЗ СЕВЕРСТРОЙСЕРВИС,8904043595,1048900302263,2,38765.30,20033.20,9.00,1
19840,СЗ ПМД-ИНДУСТРИАЛЬНЫЙ,5904408360,1235900021191,2,38720.80,27752.90,16.00,1
1639,СЗ АНК,2801048449,1022800511150,2,38700.00,10326.60,13.00,1
16861,СЗ СК-4,0275930730,1230200021897,1,38684.87,25748.57,22.00,1
1869,СЗ ПРОМСТРОЙ-РП,4205244566,1124205008927,3,38671.60,27965.30,8.33,1
17861,СЗ КАПИТАЛСТРОЙ,6000006331,1236000005020,3,38626.65,30244.20,9.00,1
14212,СЗ МОНТАЖСТРОЙ,7743305076,1197746389895,3,38597.30,21278.50,8.33,1
19297,СЗ СК-13,0275931727,1230200039530,4,38584.51,24416.80,10.75,1
3622,СЗ ТЕРМОДОМ-СТРОЙСЕРВИС,5829004221,1185835004937,1,38580.10,22637.60,18.00,1
25781,СЗ ДРГ - ТВЕРСКАЯ,1800033127,1251800004103,1,38580.00,26496.42,18.00,1
1188,СЗ АВРОРА,7840011219,1047839001980,1,38568.70,24698.63,13.00,1
16785,СЗ ПРОГРЕСС-СТРОЙ НЧ,1639061418,1211600037648,2,38549.70,25809.10,22.00,1
17197,СЗ БЕРЕГОВОЙ,0542032838,1100542000283,1,38547.48,0.00,7.00,1
6403,СЗ ПЗТИ,5905024600,1025901214437,1,38536.00,26547.80,26.00,1
35321,СПЕЦЗАСТРОЙЩИК ЖЕЛЕЗНО ПЕРМЬ 2,5902067958,1245900009959,2,38517.27,24741.55,9.00,1
19149,СЗ НВ - 2,0272925884,1240200023249,4,38491.90,25208.47,10.00,1
317,СЗ КВАДРОЖИЛСТРОЙ,2130103956,1122130006547,2,38483.62,25231.70,15.00,1
10625,СЗ СТОЛИЦА,7725445592,1187746233707,2,38457.39,14185.40,17.00,1
15285,СЗ ЛАГОЛОВО-1,4706051212,1224700014109,4,38377.30,25263.24,12.75,1
1277,СЗ ДОН-ИНВЕСТ,3662191063,1133668031200,1,38331.23,5617.39,15.00,1
16921,СЗ ЖИЛИНВЕСТ,2463256290,1142468033773,4,38315.88,19408.32,14.75,1
446,СЗ СК КАСКАД,2301089398,1152301001820,3,38294.20,21213.45,6.00,1
3877,СЗ НОВЫЙ ГОРОД,6952034082,1126952020414,4,38285.50,21560.20,12.75,2
17898,СЗ ЕВРОСТРОЙ,7707413693,1187746467248,2,38251.00,26546.70,16.50,1
8528,СЗ ОРСО ДОМ,5902054420,1195958022204,1,38207.00,22304.60,23.00,1
120,СЗ ВАШ ДОМ,6731039170,1026701461434,3,38158.20,25749.17,15.67,1
10388,СЗ СТРОЙТЭКС-НЕДВИЖИМОСТЬ,5029060403,1025003513545,1,38135.00,25501.20,25.00,1
21261,СЗ ОЛИМП,6234204628,1236200005700,1,38130.15,22669.57,23.00,1
14506,СЗ АЛЬЯНС ЦЕНТР,6161096230,1226100008397,2,38102.71,18242.88,9.00,1
15997,СЗ НОВЭЛЛА-3,5829005360,1205800001197,2,38102.60,22339.60,16.50,1
984,СЗ КОММУНАЛЬНОЕ ХОЗЯЙСТВО+,3443114933,1123443001527,2,38095.56,22798.80,25.00,1
9131,СЗ НАШ ГОРОД,2310217977,1202300000814,2,38063.00,25391.07,17.00,1
16719,СЗ УАТАТИ,2634111106,1222600014560,1,38057.98,18458.19,15.00,1
42449,СЗ ТРОИЦА,9102241675,1189102004013,7,38047.03,0.00,5.00,1
18862,СЗ ДОМ АРТ ДВ,2700031960,1242700008649,3,38012.60,24088.20,11.00,1
3482,СЗ ГОРОДСКОЙ ПАРК,8602272528,1168617070764,1,37999.00,16767.32,24.00,1
9588,СЗ ВОСТОЧНЫЙ1,5032312749,1195081081216,1,37969.70,24992.00,18.00,1
22033,СЗ СТАЛЬ,3460084566,1233400006509,2,37956.32,25700.92,20.50,1
22428,СЗ НОВЫЙ ДОМ-2,0272922474,1230200036681,1,37941.10,17931.90,23.00,1
2650,СЗ КАМЕЯ,5407111747,1025403211855,1,37860.74,16782.90,27.00,1
24528,СЗ АНТЕЙ,0700014129,1240700000111,10,37858.40,23199.00,8.00,1
18759,СЗ ЖК НЕВСКИЙ,5406837543,1245400000317,3,37801.16,22317.57,18.33,1
13425,СЗ АЛТЫН,1655079910,1041621007691,3,37795.09,16149.00,15.00,1
1454,СЗ ГК КРОНВЕРК,6450096705,1176451001407,2,37789.91,24169.50,24.00,1
28093,СЗ СТК-2023,5402079948,1235400041337,2,37775.69,25049.50,16.00,1
16502,СЗ ГОРШКОВА 24,2540272690,1222500027001,1,37690.30,16190.50,32.00,1
17386,СЗ ДЕЛОВОЙ КВАРТАЛ ДЕВЕЛОПМЕНТ,6672329742,1116672000400,1,37632.96,14355.94,26.00,1
8416,СЗ АЛЬЯНС - ГРУПП,0233005795,1060262018410,2,37631.12,23573.14,16.50,1
19469,СЗ ЮНИТ,9703187704,1247700547852,1,37628.33,24476.27,23.00,1
14767,СЗ ГЛОБАЛ ДЕВЕЛОПМЕНТ,0275926607,1210200049234,1,37605.91,0.00,34.00,1
14656,СЗ КП №4,6163222138,1216100005593,5,37583.00,22397.60,8.20,1
12546,СЗ СТРОЙМАСТЕР-Л,4826147170,1214800001668,1,37568.36,23658.70,25.00,1
16985,СЗ ДИВНОГОРСКИЙ,5404311392,1225400022902,2,37552.20,24873.40,10.00,1
6535,КС ШОПЕН СЗ,1831189798,1181832008192,3,37544.10,25527.30,17.00,1
3973,СЗ КАПИТАЛ,5050016132,1035010209497,3,37530.00,21631.00,14.67,1
22135,СЗ ТУРИСТ ЭКО-ПАРК,5260492755,1235200033860,1,37527.81,21606.89,24.00,1
17825,СЗ СТРОЙГАРАНТ2,6141059801,1226100034940,2,37520.07,24851.73,21.50,1
6502,ГЕЛИОН,3443138194,1173443029385,2,37504.83,18613.15,11.50,1
17749,СЗ ИМПЕРИАЛ-2,0278977649,1230200015341,1,37492.60,20592.20,25.00,1
23860,СЗ СТРАНА Е МАЯКОВСКОГО,9704204247,1237700191145,1,37483.47,18031.70,26.00,1
20725,СЗ РИКОМ НОВА,0268096909,1230200000337,2,37473.70,26011.50,10.00,1
1434,СЗ СТРОЙСИБ,2208008370,1022200769755,4,37469.08,26417.41,11.00,1
23774,СЗ БЕТОТЕК НА КОСМОНАВТОВ,7453361255,1247400026444,4,37460.11,27929.83,11.00,1
12567,КОМОССТРОЙ БОРН СЗ,1831200321,1201800022291,3,37460.05,24322.80,6.00,1
13124,СЗ ДОМСТРОЙ,3810084861,1203800013801,6,37453.51,29853.32,12.33,1
16756,СЗ АРЕАЛ,0278976934,1230200009621,2,37433.61,22989.14,28.00,1
16588,СЗ НЕОСТРОЙ,3661178729,1223600002064,1,37428.00,23458.90,14.00,1
31472,СЗ ЮНИТ КВАРТАЛ,9703205745,1257700088579,1,37402.25,27673.05,25.00,1
16965,СЗ ФИЛОСОФИЯ ИДЕАЛИСТОВ,6658561454,1236600014188,2,37337.46,22563.13,26.00,1
8574,УК СЕТЬСТРОЙ БАЛАШИХА,5001092042,1135001000023,2,37286.50,22871.30,18.00,1
16536,СЗ ТЕЛЕВИЗОРНЫЙ,2463124222,1212400014430,1,37281.88,18071.05,17.00,1
11703,СЗ ЗЕЛЁНЫЙ ГОРОД,5405043964,1195476049900,1,37235.77,19627.10,25.00,1
1260,СЗ ОТДЕЛФИНСТРОЙ,2128023414,1022101132822,3,37179.12,25179.01,12.00,1
15721,СЗ ПРОФЕССИОНАЛСТРОЙ,9102061785,1149102133971,1,37139.39,18346.59,20.00,1
9089,СЗ ЛУЧИСТОЕ,9102251634,1199112000999,5,37121.82,23498.72,13.80,1
14899,СЗ ВОЛГА-ЛАЙФ РЕЗИДЕНЦИИ,7606128040,1227600003542,2,37104.77,20417.03,12.00,1
27043,СЗ РСМУ-5,3662308561,1243600002139,3,37100.93,23224.30,16.00,1
17303,СЗ ПАТРИОТ ПАРК,7100026870,1227100011775,1,37095.88,24478.57,26.00,1
23359,СЗ СГ ГРУПП,3662309413,1243600005660,2,37093.32,25173.26,18.00,1
18367,СЗ ИМПЕРИЯ-СТРОЙ,3500003076,1233500013229,2,37080.00,12241.88,10.00,1
14970,СЗ СИТИСТРОЙ,5406808704,1205400046906,1,37074.99,0.00,30.00,1
23497,СЗ ГАРАНТ-НЕДВИЖИМОСТЬ,0726015818,1160726053652,2,37059.30,25079.95,10.00,1
7938,СЗ АДАЛИН,2221243904,1192225015828,3,37016.67,12253.09,10.67,1
13398,СЗ РАЗВИТИЕ ЦЕНТР,3662284705,1203600015497,1,37001.61,17831.50,14.00,1
18700,СЗ СИТИ КОМПЛЕКС,2543126137,1182536018312,1,36968.07,17345.94,19.00,1
15392,СЗКВАРТАЛ,7203530662,1217200020443,7,36963.10,19795.60,9.57,1
18766,СЗ ГОРСТРОЙ,3808152610,1073808015819,1,36932.52,18795.84,9.00,1
19800,СЗ ТАЛАН-РЕГИОН-46,1841106906,1221800018703,1,36929.70,23864.80,10.00,1
22068,СЗ КНЗ-1,5503267120,1225500029061,2,36911.40,25473.58,17.00,1
9700,СЗ БАЗИС,6321342656,1146320005677,3,36897.00,25307.22,11.00,1
6092,СЗ ИК КАСКАД,5030054700,1065030021100,1,36865.58,21954.27,18.00,1
14490,СЗ ВАЛДАЙ,6950240241,1206900005938,2,36865.23,23783.26,16.00,1
31535,ГРОЗЭСТЕЙТ,2014040134,1232000009482,2,36863.50,16875.60,11.50,1
22993,СЗ ЖК ПРИАЗОВЬЕ,9500018299,1239500007108,1,36810.00,17859.38,8.00,1
23886,СПЗ СТАВНИ ОБВОДНЫЙ,7840111990,1247800025494,1,36755.47,16794.46,12.00,1
19363,СЗ АЛЬЯНС ИНВЕСТ,6161095068,1216100026900,2,36748.48,18702.14,9.00,1
15326,СЗ ДРУЖБА,0107037123,1210100000615,2,36741.20,21589.08,9.50,1
15041,СЗ СНЕГОВАЯ-ДЕВЕЛОПМЕНТ,2536309852,1182536012670,2,36649.58,19626.39,25.50,1
22125,СЗ РУБИН,0500007928,1240500005096,1,36603.90,25860.42,6.00,1
13345,СЗ ИНВЕСТ СТРОЙ УРАЛ,6671098940,1196658061819,3,36549.15,8136.35,6.67,1
18388,СЗ ИМПЕРИАЛ,7708577743,1057748701559,1,36537.80,0.00,9.00,1
3270,СЗ БИК-СЕРВИС,4501110241,1044500017616,3,36476.63,24242.20,15.00,1
9747,СЗ ДОМ НА НАБЕРЕЖНОЙ,5212510845,1125228000490,1,36446.38,23500.01,26.00,1
17211,СЗ РАСЦВЕТ,7203522559,1217200010873,1,36443.46,22584.04,26.00,1
18940,СЗ ПЕРСПЕКТИВА И РАЗВИТИЕ,9108125403,1209100017081,1,36433.93,0.00,20.00,1
32637,СЗ НАМУС,1800037266,1251800008250,2,36431.95,22258.99,15.00,1
26165,СЗ СМАЙНЭКС РОЖДЕСТВЕНКА,9714030462,1237700918795,1,36413.30,17789.20,12.00,1
29963,СЗ ПРАКТИКА ВОСТОК,6671299661,1246600018004,1,36383.30,17962.60,34.00,1
13358,СЗ СЕРВИСПРОЕКТ,6950159061,1126952028334,4,36371.77,19629.61,10.50,1
17539,СЗ ПМК-84,9110005826,1149102105151,4,36364.90,20632.30,5.00,1
12649,СЗ РЕМСТРОЙСЕРВИС ПАРУС,4826142278,1194827016053,1,36345.37,25164.64,20.00,1
23537,СЗ ЖК СИМФОНИЯ,5959009260,1235900023325,2,36321.10,22418.28,18.00,1
19287,СЗ МИР,3663164457,1233600018398,8,36315.12,30830.80,9.00,1
24120,СЗ РИВЕРДОНПАРК,6163232263,1246100009055,1,36302.09,0.00,10.00,1
15578,СЗ 535-ПЛЮС,3906403029,1213900006990,3,36296.83,22795.30,10.00,1
18483,СЗ РАНТА РЕЗИДЕНС,4705109237,1244700006055,8,36217.08,15191.59,5.00,1
19027,СЗ ИНВЕСТИЦИЯ,6501246060,1126501002418,1,36165.00,18994.30,18.00,1
28784,СЗ МЕРКУРИЙ,9102302430,1259100001049,6,36163.79,22487.14,10.00,1
36269,СЗ ИНВЕСТ ПРОЕКТ,0273954535,1250200031124,1,36137.04,25650.85,32.00,1
20507,СЗ ПСК,0277963280,1230200033580,1,36119.20,24916.87,31.00,1
2714,СЗ ЗЕЛЕНЫЙ САД - СТРОЙ,6215014389,1056212001944,1,36096.50,23909.80,26.00,1
10695,СЗ МКД РОМАНОВО-2,4826144187,1204800006256,25,36080.72,23878.88,2.40,1
14589,СЗ СПБ РЕНОВАЦИЯ – СОСНОВАЯ ПОЛЯНА 7-17,7841094419,1217800083159,1,36078.00,22178.00,18.00,1
19768,СЗ ЭР-БИ-АЙ - ВОСТОК,7801674639,1197847228974,1,36045.50,18565.40,10.00,1
7250,СЗ СИБИНВЕСТСТРОЙ,5402563683,1135476089473,2,35991.58,22983.96,26.00,1
20724,СЗ УНИСТРОЙ-ЮГ,0572034046,1230500009959,1,35972.80,19500.81,13.00,1
16325,СЗ ВИНОГРАД,2224212735,1232200000053,6,35943.20,19760.70,7.67,1
19317,СЗ ГРЁНА ЛУНД,7814841936,1247800078855,8,35876.26,22488.99,7.00,1
23394,СЗ ГК РАЗВИТИЕ 5,3662311807,1243600016219,4,35865.52,20470.24,16.25,1
16692,СЗ АККОРД,3812994619,1233800003051,3,35861.63,21634.94,19.67,1
15568,СЗ ЭКО,2465344311,1212400032569,4,35852.00,28529.17,9.00,1
19312,СЗ СКМ-РИВЕР ПАРК,6671274392,1236600037288,1,35851.49,21876.51,25.00,1
21995,СЗ СКАНДИА У ЛЕСА,7203576258,1247200010353,2,35830.51,19898.02,11.00,1
18677,СЗ СИРИУС,0274974301,1220200029147,1,35830.24,18899.37,25.00,1
8028,СЗ СОЮЗ-4,2635238514,1182651023180,2,35779.60,22859.60,22.50,1
14104,СЗ ЛАЗУРНЫЙ БЕРЕГ 9,2801267232,1212800008497,2,35716.11,18912.92,21.50,1
18995,СЗ СД-КРАСНОАРМЕЙСКАЯ,7017489657,1217000011777,1,35711.49,19679.12,32.00,1
18438,СЗ РИВЬЕРА БЕЛАЯ БАШНЯ,6679171374,1236600069562,1,35645.31,23245.00,26.00,1
2127,СЗ РЕГИОНИНВЕСТ52,5260315837,1115260022877,2,35639.00,18269.70,10.50,1
15657,СЗАРТ ДЕВЕЛОПМЕНТ,2722135561,1212700010071,2,35613.91,19164.42,20.50,1
20201,СЗ ДОНСТРОЙ,3849094082,1233800006362,3,35545.50,24291.53,19.33,1
20563,СЗ ВАШ ДОМ ЦЕНТР,5612062490,1075658011131,4,35539.03,10530.82,4.00,1
18758,СЗ СИТИ ДЕВЕЛОПМЕНТ,0500009604,1240500006801,3,35534.91,23576.12,2.33,1
15648,СЗ СТРОЙУСЛУГИ-3,1660313322,1181690043369,1,35465.33,28245.18,8.00,1
27108,СЗ АНТАРЕС,9310014480,1249300011102,1,35461.41,20460.27,14.00,1
13542,СЗ РЕСУРС,9703035109,1217700233167,2,35441.15,23990.23,20.00,1
37070,СЗ ЮНИКА ОКУЛОВА,5948072118,1245900004613,2,35440.40,18501.20,19.00,1
10768,СЗ СИНЕРГИЯ ДЕВЕЛОПМЕНТ,7801303881,1167847135268,1,35440.00,0.00,14.00,1
7432,ИСК ФИНАНСИНВЕСТ,7725843265,5147746154078,2,35438.83,23871.98,24.00,1
11640,СЗ ТЕХНОСТРОЙ 1,5720024967,1205700007028,2,35424.82,24384.26,25.00,1
1803,СЗ ЖСК,1435245110,1111435009531,2,35414.25,23078.03,16.00,1
1876,СЗ ИВЕСТСТРОЙ,5032232821,1105032009972,2,35405.40,25272.00,13.00,1
14165,СЗ СИТИ,1435291950,1151447001980,1,35384.74,22217.81,16.00,1
15355,СЗ РАКЕТА,7536137994,1137536005672,4,35383.96,21535.26,10.00,1
13476,СЗ СЕРВИСВЕРТИКАЛЬ,5012088697,1155012001836,1,35367.90,23883.60,18.00,1
22430,СЗ АТЛАНТ,7810731080,1187847149027,1,35356.40,16437.52,13.00,1
1617,СЗ ПОДСОЛНУХ,9102063687,1149102169468,3,35315.32,22919.80,10.00,1
13995,СЗ СТРУКТУРА-4,7814779371,1207800102212,1,35263.38,19912.72,11.00,1
1926,СЗ ДСО СЭТТЭ,1435190479,1071435011340,4,35255.69,21801.51,12.25,1
18481,СЗ КОМПЛЕКС,7100044910,1237100013743,4,35173.26,23180.78,8.50,1
10533,СЗ РАДУГА,7715168050,1027700092078,1,35171.70,19989.31,35.00,1
2668,ПЕТРОЦЕНТР,7841457408,1117847691257,1,35150.10,15972.40,10.00,1
22249,СЗ КАСКАД ДЕВЕЛОПМЕНТ,6316285177,1236300026379,1,35085.10,18950.27,26.00,1
35340,СЗ ГРАНАРД,9703142848,1237700299528,1,35081.02,17944.34,30.00,1
6684,СЗ ГРАДСТРОЙ,3906263766,1123926018369,2,35065.75,21837.41,8.00,1
19377,СЗ АЛЬФАСТРОЙИНВЕСТ - КРАСНОЯРСК,2463131318,1232400025285,2,35008.06,22070.48,14.00,1
21511,СЗ АСИ-8,0278941924,1180280038344,1,34994.90,20035.30,25.00,1
22397,СЗ АЛЕКСАНДРОВСКИЙ,7224089978,1247200006910,2,34989.66,22943.30,16.00,1
23449,СЗ БАЗА - ПЕРОВСКОЕ,9725118214,1237700200781,1,34936.00,19845.00,30.00,1
17014,СЗ СУ №4,3525481846,1223500009787,2,34924.50,22059.85,9.50,1
35232,СЗ АЛЬФА.БРИЗ,9102308577,1259100015602,2,34922.21,20540.09,10.50,1
7760,СЗ УЮТНЫЙ ДОМ,6950210783,1176952015250,10,34875.67,18223.66,5.90,1
15501,СЗ МЕТРА СТРОЙ,3811179844,1143850021798,1,34874.63,17619.17,11.00,1
8059,КОМОССТРОЙ СИНАЙ СЗ,1831194117,1191832009148,2,34869.90,23485.50,18.00,1
14231,СЗ КОМФОРТНЫЙ ДОМ,3906395642,1203900013041,2,34866.47,22291.94,10.00,1
22286,СЗ ТРЕНД,4205416102,1234200010880,1,34858.50,23338.40,26.00,1
1643,СЗ ПСКОВЖИЛСТРОЙ,6027154129,1146027000569,4,34842.83,23242.39,12.00,1
24487,СЗ ГЛОБАЛ СИТИ,0726014170,1150726001040,1,34819.85,16999.92,9.00,1
18855,СЗ ПРОЕКТ-СТРАНА-16,0274978049,1230200010787,1,34803.11,21856.57,26.00,1
13785,СЗ РАЗУМ-КОСМОНАВТОВ,3025038957,1213000002687,2,34775.08,24688.20,25.00,1
31896,СЗ СПЕЙС,9721242147,1247700721102,1,34768.30,27956.20,46.00,1
19413,СЗ АСД-2,1686027870,1231600026415,1,34747.00,13345.12,9.00,1
163,СЗ КОНТИНЕНТ,1831185257,1171832012758,2,34738.94,16546.60,20.50,1
23128,СЗ АЛГОРИТМ-ИНВЕСТ,2225212819,1202200016446,2,34736.20,24078.30,11.00,1
3955,СЗ ПСФ КРОСТ,7712005280,1037739184537,1,34723.70,22664.90,31.00,1
19008,СЗ - ГОРЫ ПРИКАМЬЯ,5902066168,1235900016164,2,34718.00,22761.26,9.00,1
18416,СЗ ДАЛЬНЕВОСТОЧНЫЙ,2700018818,1232700015646,2,34641.20,25260.47,25.00,1
13383,СЗ РЕНТЕК К-4,1841088407,1191832018685,2,34634.24,23443.25,18.00,1
16804,СПЕЦЗАСТРОЙЩИК АКСИОМА,2632119815,1222600005099,2,34605.20,17202.73,13.00,1
148,СЗ ТУС,2129005369,1022101137398,2,34602.80,22117.80,17.00,1
16661,СЗ СК ПРАКТИКА,6670397458,1136670003161,1,34596.90,19474.88,27.00,1
17565,СЗ СТРОЙ РЕГИОН ХОЛДИНГ,5902197001,1055900309519,1,34591.10,19822.58,26.00,1
7097,ГЛОБАЛИНВЕСТ,7702814356,1137746381563,1,34530.00,25768.00,17.00,1
17457,СЗ БМ-ГРУПП ВОСТОК,5247057070,1235200030273,4,34506.00,28418.41,8.00,1
1975,ВЕЛЛКОМ,6234169363,1176234011535,1,34481.19,18712.01,15.00,1
26199,СЗ ТОРГОВЫЙ ДОМ СОЮЗ,7202105400,1027200877109,1,34480.65,18066.26,25.00,1
13891,ЖК СЕМЕЙНЫЙ-6,5834127973,1215800009600,2,34453.85,24317.95,15.00,1
18666,К-7,2311360916,1242300009544,5,34450.00,21368.14,12.20,1
24485,СЗ СД ПРОГРЕСС,5406834567,1235400036937,1,34430.34,17904.51,17.00,1
19067,СЗ АВАНГАРДСТРОЙ,4000012973,1244000003268,3,34425.01,23131.26,19.00,1
17615,СЗ СУ-3 ГРУППА А,2635092696,1062635128995,2,34412.76,22414.60,10.00,1
16180,СЗ ЭДИКОН,9102191008,1159102109605,2,34406.79,15170.67,10.50,1
8491,СЗ *КАПИТАЛ - ФИНАНС,6829033337,1076829004779,2,34370.20,24356.30,17.50,1
17526,СЗ КАПИТАЛ-СТРОЙ,5250044000,1085250002584,1,34348.84,17999.33,15.00,1
20716,СЗ ОМЕГА ИНВЕСТ,0300017982,1230300007530,2,34343.14,22355.90,17.00,1
18341,ДАГЕСТАНСТРОЙМАТЕРИАЛЫ,0554001062,1150554001311,1,34338.50,24469.30,17.00,1
28453,СЗ ФЕНИКС,2700040179,1242700016921,6,34323.27,22337.84,9.00,1
17781,СЗ МАКСИМУМ,6166072890,1106193000540,1,34321.09,21319.19,21.00,1
19205,СЗ МЕРИДИАН,7810732020,1187847160929,1,34295.00,16080.00,13.00,1
1516,СЗ МЕГАПОЛИС-ЖИЛСТРОЙ,3905048484,1023900783796,2,34269.02,22341.63,9.00,1
17433,МОНОЛИТ-БЕТОН,1513076825,1191513004605,3,34234.00,13641.50,7.33,1
16432,СЗ НОВЫЙ-ПЛЮС,9102039130,1149102074109,6,34226.89,15047.64,7.50,1
12888,СЗ ЗЕЛЕНАЯ ГОРКА,2317024364,1022302719713,1,34221.20,0.00,11.00,1
20537,СЗ ЖК ПРИМОРСКАЯ БУХТА,3906259110,1123926009987,5,34220.47,19789.26,5.00,1
9848,СЗ СТРОЙХОЛДИНГ,0269038917,1140280060986,3,34213.75,23076.06,14.67,1
17410,МАСТЕР,0554002080,1160571063400,1,34210.44,19494.90,14.00,1
17050,СЗ АЛЬМЕТЬЕВСК ЖИЛСТРОЙ,0264081644,1230200006849,4,34182.30,20498.40,7.75,1
6643,СЗ АЛЬФА-ГРУПП,5904241880,1115904000409,1,34176.40,14166.86,13.00,1
2788,СЗ МАКССТРОЙ,3812068329,1023801754404,1,34146.69,20437.54,19.00,1
16881,СПЕЦЗАСТРОЙЩИК ХАЛИТОВА,1658248193,1231600033081,3,34121.18,15831.34,9.00,1
18852,СЗ ПЕРСПЕКТИВНЫЙ ПРОЕКТ 1,2536328414,1212500013956,1,34095.39,17221.14,26.00,1
10873,СЗ ГРАНДПАРК,5402056404,1195476073770,1,34087.70,18769.80,11.00,1
17157,СЗ КАРПИНСКИЙ,5904385522,1205900026606,2,34070.50,22668.40,9.50,1
23052,СЗ ВЕГОЛОС ПАРК,9200024206,1249200004107,1,34045.10,21694.00,18.00,1
20818,СЗ РКС-РЕГИОН,5835143230,1235800007475,1,34025.38,22622.03,21.00,1
16724,СЗ СК РОДНЫЕ БЕРЕГА,0411147842,1090411005266,1,34008.27,17306.90,22.00,1
14292,СЗ ЮГ-ЦЕНТР-4,2315220758,1212300027323,1,33974.10,13083.20,16.00,1
16947,СЗ СУ №17 ПСК-6,0277930912,1180280053370,1,33959.70,19110.34,35.00,1
15340,СЗ ТАЛИСМАН-2,1840115545,1221800018780,1,33952.38,23751.35,18.00,1
34676,СЗ СЕРВИС-КРЫМ,9204019655,1149204041381,1,33940.48,0.00,9.00,1
15511,СЗ ГРАД,4501216350,1174501005910,2,33923.80,20120.20,16.50,1
12810,СЗ СТИМУЛ,7726380436,1167746590098,2,33852.45,21644.32,17.00,1
21590,СТРОЙМАКС СЗ,5010057654,1205000067645,1,33843.30,0.00,12.00,1
15678,СЗ ВЫСОТА+,1435357047,1201400012714,2,33830.19,22442.53,15.50,1
22671,СЗ ПРОГРЕСС-3,0278980828,1230200047054,1,33793.53,18267.90,32.00,1
21059,СЗ ИРСЗ - ГРУПП,0268100312,1240200008454,1,33753.80,20772.00,14.00,1
1466,СЗ НОВОТУТИНКИ,7727765559,1117746915406,4,33749.00,26549.00,4.50,1
11280,СЗ БИЗНЕС ПАРК,1655392061,1171690096082,1,33719.29,0.00,27.00,1
13411,СЗ РОЗА СЕВЕР,9102258809,1199112015123,13,33709.98,21122.40,6.15,1
18722,СЗ СПЕЦСТРОЙМОНТАЖ,2634808440,1132651004518,1,33698.40,17670.10,18.00,1
12871,СЗ ВОСТОЧНЫЙ ЛУЧ,2543097430,1162536071290,2,33669.10,21273.70,22.50,1
19007,СЗ,6234123009,1136234012859,1,33657.65,19623.24,26.00,1
14202,СЗ ИРИС,5406808951,1205400049546,3,33654.00,25744.79,11.33,1
15363,СЗ ДОМ XXII,9703012077,1207700154661,1,33653.10,16071.40,15.00,1
17308,СЗ ПАТРИОТ ПАРК-2,7100044660,1237100013479,1,33603.06,22121.99,26.00,1
582,ГК ЖИЛИЩНАЯ ИНИЦИАТИВА СЗ,2221030960,1022200911688,2,33583.50,23325.50,9.00,1
25407,СЗ СМУ 88 ЗАКАМЬЕ,1655507322,1251600008208,2,33575.42,20178.21,10.00,1
16187,СЗ СИ ДЖИ ЯРОСЛАВЛЬ,5034060906,1215000111127,5,33555.70,22115.30,5.80,1
23526,СЗ СУДАКСКИЙ,9102243947,1189102008446,3,33552.19,22837.51,11.33,1
13770,СПЕЦЗАСТРОЙЩИК ФЬЮЖН,4345338574,1124345020832,3,33540.20,21398.27,16.67,1
6546,СЗ ВПСК,3445068383,1043400423120,2,33533.30,20343.80,13.00,1
7813,СЗ ЦЕНТРАЛЬНЫЙ,7813534227,1127847264302,1,33516.47,0.00,35.00,1
19976,СЗ СТРОЙ-ИНВЕСТ НОВОСЕЛЬЕ,4725009174,1204700015277,1,33463.64,22830.38,9.00,1
19975,СЗ ПРОЕКТ-СТРОЙ НОВОСЕЛЬЕ,4725009150,1204700015255,1,33463.64,22830.38,9.00,1
2935,СЗ ГЛАВАЛТАЙСТРОЙ,2224169222,1142224005021,1,33415.40,17339.00,11.00,1
2901,СТРОЙЭВЕРЕСТ-Н,5407493359,1145476006565,1,33376.20,22106.00,19.00,1
13929,СЗ МААТ,2014012031,1152036007640,1,33363.39,16652.99,15.00,1
31665,СЗ СОСНОВЫЙ ПАРК,5024174220,1175024012020,36,33346.64,33346.64,2.00,1
12255,СЗ ЛИДЕР-БЕТОН,4028054540,1134028001667,2,33266.46,22209.52,14.00,1
19747,СЗ ОКТЯБРЬ,2225224162,1222200001957,2,33247.70,19233.80,12.50,1
14391,СЗ СТРОЙСФЕРА,7536181947,1207500003050,2,33216.60,22078.50,13.50,1
17214,СЗ КОНТУР-М,1200012005,1231200003660,2,33216.40,12499.82,13.00,1
29918,СЗ ЖИЛСТРОЙИНВЕСТ 2,9403031216,1249400007141,8,33142.10,21623.88,4.00,1
44464,СЗ АЛТЫН ШОР ДЕВЕЛОПМЕНТ,4214046708,1254200014969,1,33133.40,0.00,16.00,1
17294,СЗ НТЦ ЭКСПЕРТИЗА,0726005432,1120726000328,1,33106.44,0.00,6.00,1
17359,СЗ СТРОЙНОВЫЙГОРОД,2309169574,1182375112039,2,33097.85,24166.85,14.00,1
24065,СЗ ЯСНЫЙ 2,2461052653,1242400013129,1,33093.90,25139.55,10.00,1
3624,СЗ ТЕРМОДОМ-ГАРАНТ,5829000058,1145809011590,1,33089.60,20258.70,17.00,1
12241,СЗ МИГ,7705745968,5067746006686,1,33078.38,21255.74,22.00,1
17194,СЗ ЗАО СМС Р,5406807524,1205400036027,1,33067.46,18695.14,23.00,1
17431,СЗ ИМПЕРИАЛ,5610249213,1235600004738,2,33039.70,25601.10,17.00,1
40006,СЗ ЯШИНА,1500027429,1251500005877,3,33030.00,4648.20,3.67,1
16259,СЗ СИЛЕНИ,3662996075,1153668022848,3,33018.72,22557.71,26.00,1
14294,ТАЙМС-С (СЗ),7802896105,1217800098460,6,33000.00,25586.00,4.00,1
15605,СЗ ЗАПАДНЫЙ,7451459657,1227400027678,1,32982.74,17699.36,33.00,1
17540,СЗ ПРИЧАЛ 55,5503257837,1225500004663,2,32968.36,20380.24,17.00,1
19157,СЗ СВ,5638059942,1125658000423,2,32936.36,22341.06,16.00,1
10775,СЗ СКАНДИА. КОМАРОВО,7203490579,1197232025540,2,32898.83,14613.64,12.50,1
14482,СЗ ВОСТОК,7727468115,1217700297847,3,32885.47,26269.58,11.00,1
18497,СЗ СОЮЗ,3808284863,1233800021366,2,32840.44,22693.19,19.00,1
35729,СЗ КАМЕРТОН,5405056593,1205400038733,3,32821.80,24682.20,18.00,1
24443,СЗ ССК ЯНИНО,7841095130,1217800113080,1,32797.00,20296.75,9.00,1
17508,СЗ БАТАШИ ПАРК-3,7100045199,1237100014029,2,32777.40,22609.01,16.00,1
19567,СЗ Д ПРОЕКТ-9,2311330679,1222300008842,1,32757.78,17017.89,10.00,1
438,СЗ ТАЛАН-ТВЕРЬ,1835073466,1061841049511,1,32740.60,21217.90,18.00,1
13154,СЗ СЧАСТЛИВЫЙ ДОМ,2464135604,1172468021770,3,32729.60,19588.90,19.67,1
6941,УЗ НОРД-ИНЖИНИРИНГ,7734165746,1027739014093,1,32726.20,0.00,26.00,1
23143,СЗ ФИНАНСОВАЯ ГРУППА,5836677771,1165835060412,2,32707.50,21078.83,12.50,1
28182,СЗ ЛЮДИ НА МАШИНИСТОВ,6685220686,1246600035472,1,32693.85,20179.16,26.00,1
16099,СЗ СПОРТИВНАЯ-2Б,5027308458,1225000085947,1,32693.63,19439.16,19.00,1
28553,СЗ РИВЬЕРА БАЛТИКИ,3900008142,1233900002490,4,32691.28,0.00,5.50,1
6300,СЗ ПРОФИТ,3525281276,1123525009871,1,32665.04,18583.68,16.00,1
14677,СЗ АДС-АЛЬМЕТЬЕВСК,1644098734,1211600058174,2,32656.60,23437.90,15.00,1
11256,СЗ ЭНЕРГИЯ,6671101720,1196658083885,1,32634.39,16751.94,25.00,1
27786,СЗ ЦСМ,9710133940,1247700416941,1,32624.79,17868.95,9.00,1
18835,СЗ ТЕМП-80,9310011376,1239300017230,2,32617.20,19561.10,10.00,1
6156,СТРОЙДОМ,2465182460,1182468035595,1,32601.20,21147.90,16.00,1
19771,СЗ ЭРБИАЙ - 5,7801704682,1217800152393,8,32599.80,5819.40,4.75,1
39265,СЗ МОРСКАЯ РОСА,9102305390,1259100007803,1,32579.80,16812.30,10.00,1
17509,СЗ САХАЛИНДОМ,6500012823,1236500005444,1,32565.00,20920.92,16.00,1
18050,СЗ КОРДОН,5836696647,1215800007708,2,32529.32,20777.14,18.50,1
6747,СЗ ВЫМПЕЛСТРОЙ,6319230345,1186313063584,2,32523.39,14097.94,12.50,1
19314,СЗ ФИРМА ФЛОРЕАЛЬ,3329012982,1023301290121,1,32459.50,20465.00,18.00,1
16458,СЗ КОМЕТА 21,4027145917,1214000002424,1,32451.71,20784.71,19.00,1
15298,СЗ АЛЮАР,6658457894,1146658011543,1,32451.26,14296.00,22.00,1
21247,СЗ СД СЕМЕЙНЫЙ ПАРК,7000015610,1247000002853,1,32443.80,15412.10,30.00,1
19404,СЗ НОВЫЙ ГОРОД,0542022050,1230500006681,12,32352.90,20503.00,5.00,1
29966,СЗ ЯГОДА,9703155854,1237700623544,1,32328.00,17224.19,19.00,1
16868,СЗ ДОМ ОКТЯБРЬСКОЕ ПОЛЕ,9729258420,1187746167377,3,32327.80,22968.13,12.00,1
3369,СПЕЦИАЛИЗИРОВАНННЫЙ ЗАСТРОЙЩИК ЭЛЛИПС,3918505459,1143926011195,4,32327.78,21219.89,5.00,1
32247,СЗ ГОРИЗОНТ,6200006868,1246200005590,1,32282.43,22107.38,24.00,1
17412,ЖИЛСТРОЙ,0554000118,1150554000178,1,32232.52,20636.30,13.00,1
1667,СЗ МОНОЛИТСТРОЙ,2127312036,1022100971496,2,32229.00,21326.11,16.50,1
11269,СЗ АТМОСФЕРА ПЛЮС,3257077201,1203200006547,1,32207.81,20695.02,16.00,1
3657,ГРИНТАУН,1831121711,1071831003947,1,32166.00,20196.40,11.00,1
32229,СЗ ЛЕСОМ,9714022084,1237700682295,1,32142.60,23546.50,18.00,1
15952,СЗ ПРЕМЬЕРА,5406816039,1215400041450,1,32127.88,17989.00,28.00,1
9198,СЗ ПГС,5903046340,1045900354807,1,32127.00,23495.80,8.00,1
12753,СЗ НОВЫЕ УСАДЫ,1657146255,1141690065550,2,32121.98,20248.90,18.50,1
9897,СЗ ВОЛГА СТРОЙ ДЕВЕЛОПМЕНТ,6319215322,1176313015746,2,32061.98,14552.48,12.50,1
3203,МПК-ИНВЕСТ,3918505191,1143926001955,3,32056.20,21559.52,9.67,1
44030,СЗ ПАРТНЕР,9102302060,1259100000290,1,32052.02,19267.75,13.00,1
15138,ДЛВ ИНВЕСТ,7723669734,1087746857516,1,32046.20,14727.10,22.00,1
17697,СЗ ДОМОТЕЛЬ № 1,7203468252,1187232031271,1,32017.41,21104.65,27.00,1
6542,КС ВАГНЕР СЗ,1831189808,1181832008203,1,32012.10,20658.40,18.00,1
19730,СЗ РЭС-КУЙБЫШЕВА,3000011640,1243000000715,1,32010.90,23464.70,26.00,1
24611,СЗ СК УНИСТРОЙДОМ-6,1686040581,1241600032277,2,31985.33,20741.42,22.00,1
11685,СЗ СБ ЛИДЕР,2464154283,1202400028973,1,31969.70,18883.60,27.00,1
16300,СЗ МИЦ-3,9705160049,1217700475343,3,31944.80,25747.20,17.00,1
550,СЗ СТАРТ-СТРОЙ,5262059353,1025203739120,2,31916.50,20552.00,13.00,1
17521,СЗ АСПЭК-ТЮМЕНЬ,7203526105,1217200015152,2,31913.50,19792.40,9.00,1
14409,СЗ ОЛЧЕЙ-КЕЖИК,1700003707,1221700000873,4,31897.40,19081.60,10.00,1
7788,СЗ КВАРТАЛ-ИНВЕСТСТРОЙ,5029070497,1035005518020,3,31829.60,19682.00,9.00,1
8965,СЗ ВОЛЖСКИЙ ПАРК,7722311022,1106453003227,1,31829.10,20479.70,25.00,1
19728,СЗ РЭС-БАБЕФА,3000012604,1243000001672,2,31825.40,20208.30,25.00,1
11758,СЗ ЮГО-ВОСТОК-1,3906398121,1213900000170,1,31762.75,17071.98,10.00,1
13867,СЗ СЦ,2902088906,1212900003282,4,31757.47,20223.19,4.50,1
17640,СЗ АКСИОМА ДЕВЕЛОПМЕНТ,3000005036,1233000000573,4,31695.48,22878.78,12.50,1
6663,СЗ КЕРЧЬ ДЕВЕЛОПМЕНТ,9111023842,1179102026905,2,31686.30,10950.55,9.50,1
29257,СЗ АРТ-ПАРК,7100053009,1247100004360,1,31673.89,17594.50,9.00,1
11506,СЗ АРКАДА ПАРК ОДИН,9102262932,1209100003056,1,31661.40,14240.60,17.00,1
18900,СЗ АКТИВ ЭФФЕКТ,6686155599,1236600061818,1,31660.90,15343.80,18.00,1
1346,СЗ АГИДЕЛЬ - ИНВЕСТСТРОЙ,0278093946,1030204618652,3,31657.84,22726.20,19.00,1
43202,СЗ ТРЕСТ-ЮГ,0100013998,1250100003053,1,31622.72,15584.16,13.00,1
1115,ГОРЕМ-3,0411144305,1090411001658,7,31617.80,22263.40,10.00,1
44660,СЗ МАЛИНОВКА,3914025613,1243900000761,10,31555.90,19788.60,5.00,1
21308,СЗ ЭЛЕКТРА,7810734570,1187847199693,1,31502.70,15214.27,10.00,1
19843,СЗ ЭВИЛИН КМ-8,2635260615,1242600001930,1,31494.50,17549.20,17.00,1
15615,СЗ БУРАН-2,3000001377,1223000002664,1,31475.25,18892.28,22.00,1
39650,СЗ ИНШИНКА-1,7100053305,1247100004667,4,31473.86,21089.33,11.50,1
28716,СЗ ЭВИЛИН - ПАРК,2635261947,1242600007858,2,31389.30,16193.00,11.00,1
38217,СЗ ЖК СПУТНИК,5948069570,1235900013381,1,31387.60,18167.50,11.00,1
23212,СЗ СПК - КАВКАЗСКАЯ,5904412906,1245900019540,3,31386.76,22245.09,9.00,1
18350,СЗ РИВЬЕРА-ИНВЕСТ-АЙВАЗОВСКИЙ,6679162490,1236600004728,1,31363.80,18304.71,32.00,1
17114,СЗ ГРАНД СИТИ,0900005756,1220900004467,1,31358.56,19951.21,13.00,1
23871,СЗ СТРОЙКАТЕРИНБУРГ,6658477548,1156658072108,1,31341.70,21874.07,27.00,1
4762,СЗ ПСК,6027137388,1116027010186,2,31279.65,24273.12,12.00,1
12170,СЗ АКФЕН ПРЕСТИЖ,3906384432,1193926013863,1,31257.98,16367.60,16.00,1
16874,СЗ ЖИЛОГО КОМПЛЕКСА АЛЕКСАНДРИЯ,9204010892,1149204021460,5,31246.43,11061.17,9.60,1
18586,СЗ СТРОЙДОМ,0554001834,1160571060176,1,31231.70,21429.60,13.00,1
18873,СЗ ЖК РАССВЕТ,6658569171,1236600074281,2,31229.70,20349.51,14.00,1
37262,СЗ КИТ-НСК,5505075504,1255500008477,1,31224.51,18278.45,22.00,1
13715,СЗ ВИРА-ПЛЮС,6319231204,1186313071834,1,31222.70,15906.69,10.00,1
19445,ФЛАГМАН,0562053610,1020502624768,1,31166.00,20374.10,10.00,1
40067,СЗ ВИКТОРИ,5404953914,1245400023934,2,31161.70,22126.60,15.00,1
18550,ВСЗ СЗ ОСАНОВСКИЕ ЗОРИ 1,3500004190,1243500001601,2,31127.80,22036.10,11.00,1
6231,СЗ ССК,6316202981,1146316008827,1,31122.60,19426.62,24.00,1
20427,СЗ ЭХО,7203579227,1247200013829,4,31115.42,23119.06,14.00,1
3233,СКЭЙЛС,7811327377,1057812484905,1,31111.00,0.00,5.00,1
13849,СЗ АНЮТИНСКИЙ,2540258713,1212500000261,11,31093.36,19317.69,5.00,1
30392,СЗ КОМСОМОЛЬСКАЯ,5260488082,1225200046675,1,31088.60,19214.30,31.00,1
15038,СЗ БАЙКАЛ,7708393111,1207700497762,5,31078.56,20331.47,11.60,1
17724,СЗ БЛАГО,9110029898,1229100002482,1,31011.55,0.00,16.00,1
19143,СЗ ОПТИМА-СТРОЙ ПЛЮС,1400035560,1241400005560,6,30952.44,21061.87,7.17,1
27298,СЗ АЛЬФА-ЦЕНТР,2634814596,1142651020555,4,30938.78,16540.34,7.25,1
4082,СЗ РЕГИОНСТРОЙ,2223616608,1172225009571,2,30937.70,19540.20,11.00,1
11544,СЗ СК УНИСТРОЙДОМ-1,1657246556,1181690046977,2,30932.95,21338.29,9.50,1
16813,СЗ ГК ОСТ-5,7100014458,1217100014339,1,30919.49,20171.46,26.00,1
11574,СЗ ПЛАНЕТА,3906397079,1203900014933,4,30888.28,20815.31,6.00,1
32448,СЗ МЕГА П,5835075742,1085835000987,2,30886.00,22817.14,19.00,1
30726,СЗ АСПЭК-ВЕГА,1800037756,1251800008756,2,30884.80,21277.07,18.00,1
15039,СЗ СТРОЙ-ИНТЕГРАЛ,5405463221,1125476168157,1,30873.80,12709.74,11.00,1
19068,СЗ КПД-1 ТАМБОВ,6800003379,1236800002273,3,30863.07,21538.95,10.00,1
13815,СЗ ЛЕГИАН,2221254007,1212200017182,3,30856.84,15497.15,12.00,1
1280,СЗ АРКАДА,5905296699,1135905001638,1,30851.83,15585.90,10.00,1
17652,СЗ ПЕГАС,2536311259,1182536021832,1,30830.50,14845.30,25.00,1
23021,СЗ А6440 РАЗВИТИЕ,2901313500,1232900002940,5,30754.69,19738.69,15.00,1
8474,СЗ КОНСТРУКЦИЯ,2465324354,1192468019336,1,30741.01,21081.99,19.00,1
15871,СЗ СТАРТ,6234197995,1216200010828,1,30687.45,19542.69,19.00,1
17053,СЗ СВЕТЛОЯР СИТИ,7736352501,1237700523499,2,30670.70,17840.00,19.00,1
7473,СЗ КСМ,1001000982,1021000508825,3,30652.50,19812.46,7.33,1
15896,СЗ ОХТА ГРУПП - ПЕТЕРГОФ,7839138845,1217800047156,7,30649.80,19748.80,4.00,1
16664,СЗ АТЛАНТ 27,2700008489,1232700005218,2,30646.64,21022.53,21.50,1
31103,СЗ НОВЫЙ ГОРОД СТУПИНО,5030103066,1225000070382,4,30617.07,19924.28,11.00,1
9770,АЛЬГЕБА,5407025216,1065405138457,2,30579.80,17136.07,30.50,1
20310,СЗ НОВЫЙ ГОРОД,3906397872,1203900016165,6,30559.70,17634.20,5.00,1
10624,СЗ ЗЕМЛЯ,2801244436,1182801008972,2,30516.00,18679.10,16.00,1
16766,РЕКОНСТРУКЦИЯ-2000,7202099429,1027200819997,6,30497.20,15482.20,6.83,1
17467,СЗ АКВА-ТРАСТ,9103101631,1239100005100,3,30479.02,19944.42,9.33,1
17596,СЗ ОЛИМП,9719052300,1237700459710,2,30456.02,21082.38,11.00,1
7814,ПРОЕКТ-КРЫМ,6311169603,1166313165919,6,30444.13,18064.24,8.83,1
18231,СЗ ПЕРВОСТРОИТЕЛЬ,6670318897,1156658037304,1,30434.46,18384.96,27.00,1
24817,СЗ НОВЫЙ ПАРК СТОЛИЦ,6671289624,1236600072906,1,30412.50,18343.60,31.00,1
17528,СЗ БАЗИС,1200011026,1231200002681,2,30395.45,19489.84,15.00,1
41727,СЗ АРТ ХОУМ,1650423164,1231600018198,1,30394.22,21258.24,26.00,1
14932,СЗ САМАН,0268094637,1210200051522,1,30393.11,24522.30,33.00,1
26936,СЗ МИНЕРАЛ,5032364105,1235000091370,6,30384.01,14719.56,3.33,1
6339,МОССТРОЙ,0571010966,1170571012633,3,30355.33,14863.56,17.00,1
372,СЗ ПМК-5,1215012600,1021200769908,2,30319.90,15327.29,11.50,1
18872,СЗ ДОМСТРОЙ,2014040656,1232000010582,1,30315.29,13404.70,33.00,1
27204,СЗ КАСКАД,3900038436,1253900002652,6,30309.06,18347.70,5.50,1
18,СЗ ККПД-ИНВЕСТ,6168014188,1076168000952,2,30302.40,19011.80,14.50,1
3493,СЗ ДСК-1,3665064514,1073667037620,1,30291.20,17036.70,18.00,1
23966,СЗ УНИСТРОЙПЕРМЬ-2,5903157844,1235900016527,1,30280.06,16887.72,20.00,1
6472,СЗ КЗП,2460059536,1032401794810,1,30265.80,15378.10,21.00,1
2095,СЗ СТРОЙ-РИЭЛТИ И К,5257150504,1155257003307,1,30252.90,15049.80,27.00,1
23387,СЗ ДСК,7500008547,1237500000891,4,30245.67,20300.49,10.50,1
6471,СЗ СВОЙ ДОМ,1650355852,1171690111636,2,30240.63,16901.00,13.50,1
9527,СЗ СПУТНИК,1841070495,1171832008677,1,30220.60,16117.60,18.00,1
804,СЗ ЗОЛОТАЯ МИЛЯ,0571008572,1160571062079,2,30199.84,22055.51,16.00,1
30094,СЗ ВОЛГА,9103103653,1249100004152,3,30189.70,19285.20,13.33,1
37835,СЗ АКРУА,9102256086,1199112010140,3,30186.60,20286.00,17.00,1
6107,СЗ ДОНСТРОЙ,6165197180,1156196068940,2,30180.20,14850.00,14.50,1
17474,СЗ НОВАЯ ЖИЗНЬ,0554007297,1210500000721,1,30156.20,14794.40,17.00,1
8651,СЗ СФС-С,4826140400,1194827010025,2,30152.58,18761.50,13.50,1
17501,СЗ ЖБК - СЕВЕРНЫЙ,3123483392,1213100014160,4,30149.70,20455.71,8.25,1
18796,СЗ БУЛЬВАР ГАГАРИНА 72,5903157001,1235900011490,1,30121.36,20864.50,7.00,1
12202,СЗ СТРОЙ АКТИВ,8602288976,1188617014992,3,30120.39,21494.98,9.67,1
19010,СЗ ИНТЕГ. БРИК,6685208939,1236600013627,3,30096.98,13873.60,6.33,1
14117,СЗ ЗЕЛЁНЫЕ ХОЛМЫ,1648054600,1211600081626,3,30094.57,20450.72,13.33,1
16605,СЗ ФУТУРО,7203521890,1217200010103,1,30086.20,16958.70,24.00,1
16547,СЗ ПРОГРЕСС УРАЛ,6671253561,1226600083896,1,30083.01,18280.08,25.00,1
2158,СЗ ВОСТОК,6213011720,1156234011889,1,30043.70,18953.81,22.00,1
37308,СЗ РАЗУМ В АКАДЕМИЧЕСКОМ 2,3000023035,1253000006104,1,29968.01,19228.92,22.00,1
24574,СЗ АТЛАНТСТРОЙ-2,2502067242,1222500002548,1,29962.30,13820.16,28.00,1
35150,СЗ АРТСТРОЙ,7727470160,1217700359315,1,29941.90,14983.90,24.00,1
6116,СЗ СЭТЛ МОСКОВСКОЕ ШОССЕ,7810825066,1117847155810,1,29941.00,14616.40,14.00,1
19478,СЗ ПРОЕКТ ПЛ,6671257414,1236600005476,1,29936.89,18739.98,25.00,1
31295,СЗ ЛОТОС,2901319011,1242900005303,1,29898.60,18421.60,17.00,1
39298,СЗ ДРУЖБА,9102302159,1259100000488,3,29879.70,17240.29,11.67,1
18505,СЗ КОРВЕТ,3663153198,1213600000833,1,29873.14,19534.42,8.00,1
18462,"СЗ ВОРОВСКОГО, 44",1800012448,1241800001156,1,29871.70,20618.40,18.00,1
16540,СЗ АЙГРИН,7743058525,1027739640466,1,29855.85,0.00,15.00,1
27392,СЗ АЛЬТУМ ГРУПП,7452166029,1247400001100,5,29845.30,22479.00,8.00,1
11616,СЗ АРБАТ,0916002415,1060916016480,1,29840.25,19991.79,17.00,1
19467,СЗ КИТ,5506236779,1235500020722,1,29836.12,18416.57,20.00,1
23380,СЗ АСК-ВИЛОНОВА,6685168066,1196658070872,1,29809.60,20555.47,29.00,1
11273,СЗ КАЛИНИНГРАДСТРОЙ,3918014669,1193926006174,1,29763.84,15855.32,9.00,1
16405,СЗ УТЁС,9103094504,1209100012318,3,29724.20,0.00,16.00,1
2162,СЗ ВКД-1,5407496663,1145476063017,1,29714.00,0.00,15.00,1
13653,СЗ СООБЩЕСТВО РЯЗАНСКИХ СТРОИТЕЛЕЙ,6234132839,1146234007930,1,29707.46,15436.26,20.00,1
565,СЗ СИБИРЬ-РАЗВИТИЕ,5403339290,1125476106634,1,29677.00,18575.63,19.00,1
17514,СЗ БСК - РАЗВИТИЕ,5029106859,1075029010286,4,29671.30,19629.30,9.00,1
13793,СЗ ЭТАЛОН ИНВЕСТ,2632117053,1202600014451,3,29656.69,14021.14,10.00,1
20916,СЗ БЕРИНГ ВЫСОТЫ,2700022645,1232700019507,1,29560.01,14421.15,24.00,1
3164,СЗ КЛАССИКА,2901243588,1132901012727,2,29540.46,17939.65,6.00,1
27385,СЗ УРЗ-2,9707014526,1237700750781,1,29535.94,22320.90,25.00,1
11285,СЗ СТРОЙУСЛУГИ-2,1660313308,1181690043303,1,29513.01,13432.21,26.00,1
354,СЗ СМУ-60,2129056902,1052128024079,2,29505.40,22112.18,21.00,1
12679,СЗ ККФЖС,2461045286,1192468039169,1,29495.70,20996.18,10.00,1
16447,СЗ ВГС 35,3525468228,1213500003199,4,29423.30,18761.24,8.50,1
16694,СЗ ДОМ НА УСПЕШНОЙ,5507272890,1195543027426,1,29423.00,20124.07,17.00,1
14560,СЗ АПРИ ФЛАЙ ПАРТНЕРС,7453345060,1227400004974,6,29399.37,16580.48,3.83,1
15587,СЗ НОВАЯ ЖИЗНЬ-РОЙКА,5262387570,1225200029779,16,29388.80,23225.60,4.00,1
19082,ООО СЗ АИБ,2311361701,1242300013196,3,29377.00,19197.60,11.00,1
1834,К-РИШУВИЛ,2724195439,1142724007690,2,29374.01,20689.42,27.50,1
17284,СЗ ОТДЕЛЬНЫЙ 5,6671267469,1236600024165,1,29351.00,15412.30,31.00,1
16286,СЗ АЛЬЯНС ГРУПП,6161093783,1216100009619,1,29330.57,14529.49,9.00,1
16008,СЗ СПУТНИК,6162088218,1227700776808,1,29315.59,17372.04,24.00,1
13771,СЗ ОЗОН,1831202618,1211800012115,2,29232.62,18155.10,18.00,1
3742,СЗ АЛЬЯНС,2464131014,1162468111475,1,29232.30,17758.20,18.00,1
16148,СЗ ПОСЕЙДОН 1,9727004580,1227700450053,5,29227.18,20628.00,17.00,1
26244,СЗ КМГ-КОМФОРТ,5003160523,1235000158997,1,29219.88,0.00,13.00,1
2266,СЗ ТАЛАН-ЯРОСЛАВЛЬ,7602038340,1037600001350,1,29203.20,18630.30,19.00,1
3796,СЗ СПСИТИ,7709944001,5137746238526,1,29201.15,18919.08,18.00,1
21810,СЗ АТАМАН,6168120443,1236100016646,2,29194.15,18939.21,10.00,1
16026,СЗ ПРОГРЕСС СТАНДАРТ,3000004307,1223000005601,3,29189.07,19180.56,21.33,1
126,СЗ КВС-СЕРТОЛОВО,7811523068,1127847296389,2,29160.05,19796.66,9.00,1
20854,СЗ ФРИОБА,0275929968,1230200006222,1,29096.49,0.00,33.00,1
496,СЗ КОМПАНИЯ СТРОЙ-СЕРВИС,3702694570,1133702006712,2,29065.20,18710.39,15.00,1
15382,СЗ РЕГИОНЖИЛСТРОЙ,2116498910,1092135000407,2,29044.40,16708.66,17.00,1
38733,СЗ МОТОВИЛИХИНСКИЙ 17,5904412945,1245900019639,3,29008.00,20070.47,11.67,1
18407,СЗ СИБИРСКИЙ КВАРТАЛ,5904298990,1135904022561,1,28984.67,13464.00,17.00,1
23596,СЗ ВЫСОТА,9402015395,1239400009507,1,28975.98,10802.90,26.00,1
19053,СЗ ПРЕМЬЕР,9102233949,1179102022153,1,28960.60,0.00,8.00,1
39579,СЗ ЦЕНТР НА ТЕССИНСКОМ,9731054953,1197746645656,1,28951.90,15250.90,13.00,1
39292,СЗ СТЭК-АТП,0275930674,1230200021260,1,28940.67,13954.23,25.00,1
23405,СЗ ЯРОСЛАВЛЬСТРОЙПРОЕКТ,3900026790,1243900006910,2,28913.11,19634.06,15.50,1
16049,СЗ СТРОЙ ДЕВЕЛОПМЕНТ,7203511476,1207200018134,6,28902.77,20919.97,4.00,1
16216,СЗ АСПЭК-А,1831202512,1211800011521,3,28882.46,21514.00,15.33,1
18706,СЗ РОТОНДА,3663161640,1233600007420,1,28868.30,18303.11,29.00,1
16672,СЗ ЭДЕЛЬВЕЙС-6,2540262445,1212500016520,1,28839.90,13468.80,23.00,1
28316,СЗ ВМЕСТЕ,3812161582,1243800009496,1,28835.10,20161.60,20.00,1
37275,СЗ БРИЗ МАРИНА,0500012678,1240500009914,1,28800.00,0.00,6.00,1
1919,СЗ АЛТАЙ-СТРОЙ,4345090468,1044316571694,2,28779.16,16177.74,16.50,1
32576,СЗ КАПЕЛЛА,7806589634,1217800119987,1,28732.82,19566.46,13.00,1
34192,СЗ СПОРТ ИНВЕСТ,9102281903,1229100006508,8,28702.40,0.00,5.00,1
10001,СЗ ДСК,2801106556,1052800098251,4,28696.00,15331.60,11.25,1
22786,СЗ СК НСЗ,0264084469,1240200040046,3,28679.29,18211.72,12.67,1
12476,СЗ ФСК,2465336423,1202400030260,1,28651.00,0.00,7.00,1
11108,СЗ КБС-ЦЕНТРАЛЬНЫЙ,2464150754,1192468036859,3,28629.80,20920.50,17.33,1
6278,ИСК ВОЛГОСТРОЙ,3443126640,1153443030212,3,28619.48,16945.35,14.00,1
11312,СЗ СТРОИТЕЛЬНАЯ КОМПАНИЯ СТЭЛ,3662142764,1093668013812,1,28616.50,18969.00,18.00,1
1867,СЗ ПРОМСТРОЙ-ЦЕНТР,4205207268,1104205015650,2,28615.70,16248.90,16.00,1
11360,СЗ ФОРА,7604213276,1117604016463,1,28612.03,19652.50,19.00,1
7841,СЗ ПРОСПЕКТ ФЕДЕРАЦИЯ,6685151129,1186658052756,1,28597.00,16734.20,32.00,1
4086,СЗ ТЕХНОСТРОЙОЛИМП,7709628581,1057748065550,3,28593.30,18743.14,10.00,1
11125,СЗ ЗАПАДНЫЙ ЛЕС,3904057334,1043900806344,1,28571.30,13431.30,16.00,1
22635,СЗ СК УНИСТРОЙДОМ-5,1686028560,1231600030364,1,28540.03,15114.04,18.00,1
18466,СЗ ПРОСПЕКТ,6318071533,1236300011001,2,28536.20,14386.44,6.00,1
15860,СЗ АЗИЯ-КОНТРАКТ-ХАБАРОВСК,2721251741,1212700012733,1,28523.87,14728.09,19.00,1
16108,СЗ ПОБЕДА,6319258862,1226300040944,4,28498.70,22024.55,17.00,1
10909,СЗ САМОЛЕТ-ЗАРЕЧЬЕ,7731471424,1147746543658,1,28495.11,18039.44,10.00,1
13667,СЗ НИЖНЕИСЕТСКИЙ ПРУД,6685119693,1169658108839,1,28490.98,17299.93,27.00,1
19132,СЗ ГАРДЕН-18,0274985617,1240200008520,2,28430.00,18516.22,13.00,1
8113,КОМОССТРОЙ ОЛИМП СЗ,1831194100,1191832009126,1,28429.30,18414.90,17.00,1
8904,СЗ ЖИЛСТРОЙ ДЕВЕЛОПМЕНТ,5835103598,1135835003886,2,28427.16,20987.32,18.00,1
16747,СЗ ЮГ-ОПТИМУМ,6330099214,1236300003752,3,28417.55,17910.67,12.67,1
17679,СЗ ЕВРОСТРОЙ,0572027666,1210500000919,1,28414.58,16656.38,13.00,1
18515,СЗ СИРИУС,1831205672,1221800006405,1,28379.06,18562.95,17.00,1
1878,СЗ СОЛНЕЧНЫЙ,3257043241,1163256057865,3,28372.80,19487.70,17.00,1
202,СЗ СТРОЙУСЛУГИ,1660075460,1041630233699,1,28357.54,9943.41,21.00,1
15577,СЗ АВИАТОР,7100007041,1217100006925,3,28354.32,20521.38,16.00,1
37800,СЗ ОСЕНЬ,0700022433,1250700001012,1,28350.39,18615.00,13.00,1
17544,СЗ ГК ПРАЙД ИНВЕСТ,2204092109,1202200021220,2,28316.54,17253.30,13.00,2
20888,СЗ БУРАН-3,3000001352,1223000002653,1,28315.99,16923.80,23.00,1
14536,СЗ ФИРМА АСПЕКТ ПЛЮС,2634110085,1222600004395,2,28309.30,16265.40,11.00,1
9282,СПЕЦЗАСТРОЙЩИК РАЗВИТИЕ,1840009120,1121840003768,2,28290.63,19375.30,9.00,1
32849,СЗ УРБАНСТРОЙ,2100026334,1252100004232,2,28284.51,13919.34,17.00,1
14466,СЗ КОМПАС,3906972265,1153926031412,1,28238.80,0.00,8.00,1
16240,СЗ МАНХЭТТЕН,6167201918,1216100026339,1,28207.75,15724.59,31.00,1
14629,СЗ МЕТА-КРАСНООБСК,5433973217,1205400003720,2,28204.53,19130.42,9.00,1
32906,СЗ ЛЕНИНА 100,6678101279,1196658028698,1,28180.00,19023.66,25.00,1
957,СЗ ГРАД-РАЗВИТИЕ,3666173241,1113668034050,2,28170.94,20584.83,20.00,1
17804,СЗ АКВАРЕЛЬ,3444278540,1223400010382,1,28142.50,18150.25,18.00,1
23778,СЗ КОНСОЛЬ,2901319290,1242900005699,1,28129.50,19708.00,18.00,1
14753,СЗ ЗЕЛЕНАЯ ДОЛИНА,1648053131,1201600088579,3,28128.70,16415.10,9.33,1
1429,НОВЫЙ ГОРОД,1840044284,1151840009771,1,28108.50,15090.20,16.00,1
1977,СЗ СОЮЗ-8,2635831883,1142651018927,1,28097.00,16086.90,11.00,1
16396,СЗ ПЗСП ВЫШКА-2,5903153663,1225900012678,2,28070.88,21040.60,10.50,1
39227,СЗ СТРОИТЕЛЬНЫЕ ИННОВАЦИИ ПЛЮС,2540256240,1202500012208,1,28064.88,17020.40,22.00,1
15018,СЗ ВЫШКА,2225225825,1222200011285,1,28048.10,15166.90,9.00,1
12920,СЗ ГОЛОС.НОВЫЙ ГОРОД,7448229445,1207400044235,1,28021.20,13750.90,9.00,1
3473,СЗ КОМПАНИЯ ВЫБОР,2315115369,1052309101118,2,28007.70,15512.70,22.00,1
24554,СЗ ВЗЛЕТ,2536338268,1232500007332,2,28001.91,18227.70,15.00,1
45328,СЗ ЭТАЛОНСТРОЙ,7453367641,1267400002121,1,27999.90,16322.70,10.00,1
19841,СЗ ЭВИЛИН КМ-10,2635260647,1242600001995,1,27980.00,14149.70,24.00,1
10936,СЗ ВОЛГОГРАДРЕГИОНСТРОЙ,3443096924,1103443001111,4,27968.00,18415.80,14.50,1
19334,СЗ ЮГКУРОРТСТРОЙ,9102063655,1149102170315,3,27953.59,18125.18,10.00,1
35930,СЗ АКФЭС,7000011245,1237000008684,1,27927.00,15798.13,18.00,1
34882,СЗ САФИЙА,0700027304,1250700005863,1,27920.88,15385.22,12.00,1
17702,ПАТЕФОН,3905032371,1023900991070,1,27918.35,15722.90,8.00,1
18728,СЗ ИНВЕСТ РЕЗУЛЬТАТ,7735201115,1237700715955,1,27838.10,17966.40,13.00,1
1452,СТРОЙПРОЕКТСЕРВИС,6311018869,1026300520872,2,27775.58,20228.74,19.50,1
16824,СЗ ЧЕТВЕРТЫЙ КВАРТАЛ,7203334019,1157232006733,2,27765.00,14434.90,13.50,1
17893,СЗ РИВЬЕРА-ГАЛАКТИКА,6679170444,1236600062005,1,27717.04,15072.00,20.00,1
17426,СЗ АНДОР ИНВЕСТ,5260488808,1235200005281,2,27702.50,16988.99,13.00,1
13207,СЗ РЕЗИДЕНЦИЯ 15,3460059954,1153443023535,3,27697.61,0.00,6.33,1
17057,СЗ Т-ОТЕЛЬ,5029253959,1205000011226,1,27676.60,0.00,17.00,1
17541,СЗ ПРО-СЕРВИС.ЮГ,7842195314,1217800136432,1,27646.40,0.00,9.00,1
2636,СЗ АДАЛИН-СТРОЙ,2221195827,1122225001216,1,27607.80,14277.00,16.00,1
16642,СЗ СЕВЕРНОЕ СИЯНИЕ,9102289719,1239100007343,2,27579.21,15019.45,9.50,1
18650,МЕРКУРИЙ-1,3900025638,1243900005690,3,27536.90,17126.11,8.00,1
9953,СЗ ТАМБОВСТАРСТРОЙ,6829141082,1186820002786,3,27499.20,17916.30,9.00,1
17042,СЗ СМК ДЕВЕЛОПМЕНТ,0542021610,1220500014481,2,27499.00,15248.95,10.00,1
2454,СЗ БЕРЕЗОВАЯ РОЩА,5904285944,1135904004940,1,27498.90,16048.20,23.00,1
3992,СЗ ЖИЛСТРОЙ-ИНВЕСТ,5752043909,1075752002314,3,27493.20,18708.74,16.00,1
6728,СЗ КАМЕЛОТ,7826152585,1027810263491,1,27485.50,0.00,7.00,1
137,СЗ ЗЕЛЕНХОЗ,2540173481,1112540006149,7,27484.81,15398.45,7.43,1
13310,СЗННДК АВТОЗАВОД,5260473343,1205200034632,2,27427.00,16506.40,5.00,1
40103,СЗ ГОРОД ПАРК,3662315431,1253600011070,1,27415.20,18962.40,18.00,1
19685,СЗ ПСК-ИНВЕСТ,8904093444,1228900003727,1,27392.70,13796.63,11.00,1
22924,СЗ ЯСНЫЙ 1,2461052660,1242400013140,1,27391.62,19828.11,10.00,1
16678,СЗ МЕРИДИАН ВК,2508136220,1192536027683,3,27385.67,16455.40,11.67,1
1929,СЗ ФСК ЗАПАДНЫЙ ЛУЧ,7453324060,1187456040111,1,27382.50,19311.07,25.00,1
16796,СЗ НАСЛЕДИЕ,7604376432,1217600009087,1,27335.51,15298.91,6.00,1
19020,СЗ ГАММА,6658570120,1246600002945,1,27332.90,14944.20,26.00,1
297,СЗ СМУ-58,2129040518,1022101273006,3,27328.60,18389.92,12.67,1
21430,СЗ-ПРИБРЕЖНЫЙ,2723218725,1222700008607,1,27324.38,11514.40,25.00,1
27813,СЗ ФОРТЛАЙФ,2222911505,1252200006563,2,27321.02,18073.47,18.00,1
19733,СЗ ПРИТЯЖЕНИЕ 3,7448243496,1227400025082,2,27284.95,18336.05,22.50,1
14651,ФОРТИС 1,6678105731,1196658086767,2,27283.00,18640.90,21.50,1
16094,СЗ НОВАЯ ЗЕМЛЯ,7203530951,1217200020762,10,27261.02,18371.31,5.50,1
22203,СЗ ЛЕГЕНДА,0268054232,1100268001327,1,27232.62,14148.84,19.00,1
13692,СЗ ФАЙВ СТАРС,2367020291,1212300033483,3,27229.20,0.00,5.00,1
17259,СЗ МАГИСТРАЛЬ,1400014610,1221400011458,1,27213.69,14374.37,16.00,1
2034,СЗ АРТМАСТЕР,3904043116,1033900800680,2,27179.59,18258.78,10.00,1
6807,СПЕЦИАЛИЗИРОВАНЫЙ ЗАСТРОЙЩИК СТРОЙ ЦЕНТР,2458012844,1132452001440,2,27160.82,17879.35,22.50,1
12439,СЗ ДОХОДНЫЙ ДОМ,9729301450,1207700397145,2,27143.01,17739.00,9.50,1
17342,СЗ ТВОРЧЕСТВО НА МЕЛЬНИКАЙТЕ,7203544418,1227200016020,1,27119.90,14781.00,26.00,1
18839,СЗ КОМФОРТСТРОЙ,6714051210,1206700018140,2,27102.40,18355.60,17.00,1
2200,СЗ ПАРУСА,9103079841,1169102067573,1,27092.99,0.00,12.00,1
24601,СЗ ШЕЛЕСТ,3917519191,1133926047815,2,27091.85,15543.17,10.00,1
18608,СЗ КМ,7203571637,1247200004501,1,27064.67,13566.03,25.00,1
16011,СЗ СТРОЙПРОЕКТ-ВОСТОК,6165232981,1226100016230,2,27043.19,15354.27,20.00,1
18451,СЗ ИМПЕРИЯ,5029257978,1205000081450,2,27023.20,18313.40,18.00,1
37180,СЗ СФЕРА,2130162398,1152130013980,3,27011.75,16683.33,11.33,1
30351,СЗ СТРОИТЕЛЬНАЯ КОМПАНИЯ АТЛАНТ,0900008852,1230900002398,1,26944.64,18551.60,17.00,1
19836,СЗ ПМД-ГОРОДСКИЕ ГОРКИ,5904402506,1225900016220,1,26943.50,17252.50,26.00,1
2472,СЗ ЮГСПЕЦСТРОЙ,6161068787,1136193005740,4,26937.62,18312.83,8.75,1
9506,СЗ ЕВРОСТРОЙ,4703140305,1144703001827,2,26925.96,14690.40,6.00,1
156,СЗ КВАРТАЛ,1832100680,1121832004117,1,26872.60,17954.20,25.00,1
1224,СЗ ГАРАНТ-ЖИЛЬЕ,6732076930,1146733013350,4,26865.27,21580.80,11.00,1
18500,СЗ КОМПЛЕКС. ВОЛГОГРАД,3460085305,1233400011657,1,26811.78,17053.45,14.00,1
23096,СЗ МОТОВИЛИХИНСКИЙ 12,5904412920,1245900019562,2,26802.89,18687.09,11.50,1
17307,ГРИНХИЛЛ СЗ,9704222567,1237700656710,1,26801.00,18048.37,17.00,1
17774,СЗ ЭДЕЛЬВЕЙС-4,2540262438,1212500016508,1,26780.80,13006.00,24.00,1
19395,СЗ АТМОСФЕРА СМАРТ,3200004086,1243200000340,2,26772.00,17609.28,16.50,1
28887,СЗ РЕГИОН СТРОЙ,0300023094,1240300003305,1,26757.40,17369.10,15.00,1
12436,СЗ ЛИДЕР-СТРОЙ,2623030543,1192651013499,2,26724.50,15886.60,7.50,1
18618,СЗ ПАВЛОВО ПАРК,5003152265,1225000080799,8,26716.70,19863.60,3.00,1
28827,СЗ СВОЙ ДОМ В ТАМБОВЕ,7449152996,1247400008239,3,26713.16,18025.00,10.00,1
38054,СЗ СГ,0268106730,1250200029034,1,26664.50,12252.50,8.00,1
22051,СЗ СК УНИСТРОЙДОМ-7,1686038825,1241600022047,1,26647.27,17772.68,14.00,1
35892,СЗ КЛЕВЕР 3.0,9102302720,1259100001600,1,26629.30,14729.40,17.00,1
15488,СЗ АГОЙ-ПАРК,2312314101,1225500023495,3,26624.55,16656.81,11.00,1
14465,СЗ К-ДЕВЕЛОПМЕНТ,3666260600,1213600022954,2,26623.70,18198.80,15.00,1
18791,СЗ МС-16,7606136524,1237600007688,1,26617.13,16321.82,10.00,1
18493,СЗ ЮНИТ.ЦЕНТР,5402079602,1235400037872,2,26614.00,11020.75,12.50,1
17341,СЗ ВОСТОК 314,6950255713,1216900014891,8,26598.67,0.00,5.25,1
17824,СЗ ПМ-ГРУПП,3123324667,1133123009942,14,26587.83,16727.66,6.07,1
18955,СЗ НДК - СКИФСКИЙ,9103101110,1239100001172,2,26581.40,13179.07,12.00,1
16909,СЗ СМК-СТРОЙ,2902090648,1232900002390,4,26570.86,17338.27,14.25,1
16688,СЗ ДИАГОНАЛЬ,1300002716,1221300004166,2,26559.35,16369.92,18.00,1
13004,СЗ СТРОЙЗАКАЗЧИК,0269041317,1200200067264,6,26553.95,15930.27,5.17,1
19766,СЗ ЦЕНТРАЛЬНЫЙ 4,3000012650,1243000001727,3,26535.20,22022.80,17.33,1
2044,СЗ СТРОЙИНЖИНИРИНГ,3128095971,1133128004900,1,26527.20,15491.54,18.00,1
23915,СК ГЕФЕСТ. СЗ,7451456014,1217400029164,1,26526.80,14951.96,8.00,1
1467,КМЗ АЛЕКСАНДРИЯ,5009088111,1135009003414,31,26501.20,21740.22,2.00,1
16255,СЗ ЖК ФЛОТИЛИЯ,1000003797,1221000005258,2,26499.35,16521.70,18.00,1
23182,СЗ ЛАПЕРУЗ ДВ,6501299128,1186501004370,1,26494.24,13047.34,17.00,1
2762,СЗ СК ВОЗРОЖДЕНИЕ-10,6027140849,1126027000802,2,26480.21,18540.20,12.00,1
8625,СЗ СВОЙ,7203432841,1177232030788,2,26448.00,17019.00,17.00,1
8776,СЗ ПАРК ПОБЕДЫ,6658528320,1196658061808,1,26440.80,14212.00,26.00,1
13450,СЗ СТРОЙФ,3459079018,1193443010067,4,26436.75,15961.64,10.00,1
17610,СЗ ШАРТАШ ПАРК,6678130576,1236600035627,1,26386.80,16951.00,33.00,1
16789,СЗ КАПСТРОЙСК,2635256305,1232600001633,2,26376.60,15011.30,10.00,1
13174,СЗ ЮГСТРОЙЗАКАЗЧИК,2301024680,1022300517656,3,26339.14,0.00,5.00,1
10872,СЗ АТМОСФЕРА КОМФОРТА,3257075148,1203200003710,1,26334.56,16961.06,16.00,1
15893,АРХЫЗ ИНВЕСТ,0912003961,1150912000084,1,26323.97,14537.24,17.00,1
15477,СЗ ТИМ-ГРУПП ДЕВЕЛОПМЕНТ,2540227137,1172536010020,1,26317.20,11275.40,23.00,1
2691,СЗ НИЖНЕВОЛЖСКАЯ СТРОИТЕЛЬНАЯ КОМПАНИЯ,3017039989,1043001823391,1,26308.00,14853.80,19.00,1
18376,СЗ ДВ КРИСТАЛЛ,2725103952,1112722005087,3,26307.00,17490.39,11.00,1
6856,СЗ ДОСТОЯНИЕ,6234114318,1136234003003,2,26304.62,16465.55,10.00,1
12087,АРЕНА,7604356517,1197627012626,3,26298.91,14569.27,13.00,1
2635,СЗ КАЛИНИНГРАДИНВЕСТСТРОЙ,3906262040,1123926015883,2,26276.20,17507.20,10.00,1
14499,СЗ ЭВЕРЕСТ,0300003570,1220300001712,4,26269.59,15053.82,6.00,1
23870,СЗ РЭС-РЫБАЦКАЯ,3000013164,1243000002233,3,26213.80,16679.80,15.67,1
19145,СЗ ВОЗРОЖДЕНИЕ-2023,9402014698,1239400004843,6,26194.25,19965.00,9.50,1
9020,СЗ ГК АТЛАНТ,7203455253,1187232019325,3,26187.63,14485.60,11.67,1
18597,СЗ МАНГО,6229086390,1176234013438,1,26181.51,15064.30,13.00,1
24257,СЗ СТАНДАРТ,4000021840,1254000001199,5,26178.45,10128.33,5.80,1
2984,СЗ КОРПОРАЦИЯ ЛЭК ИСТЕЙТ,7825670898,1037843053489,1,26173.60,13489.00,14.00,1
10,СЗ АМУРСТРОЙ,2801005205,1022800526572,2,26168.00,14265.80,11.50,1
17299,СЗ МС-ИНВЕСТ,7453345768,1227400011508,4,26157.07,19376.74,4.00,1
15892,СЗ КВАРТАЛИНВЕСТСТРОЙ,5473006150,1225400040414,1,26148.80,15692.40,17.00,1
17258,СЗ ТАЛАН-РЕГИОН-29,1841083046,1181832027310,1,26143.70,12894.30,25.00,1
7900,СЗ ТЕРМОДОМРИЕЛТ,5829003115,1165835060270,1,26143.20,16751.80,18.00,1
306,2МЕН ГРУПП,7701651356,1067746424899,3,26128.00,11065.00,8.00,1
516,СЗ КМАПЖС,3128001437,1023102357266,3,26118.38,18175.90,10.33,1
19049,СЗ ЭРБИАЙ - 6,7801704668,1217800152283,1,26081.10,10127.30,13.00,1
18361,СПЕЦСТРОЙ ПЗСП - ТАНЦОРОВА,5903152814,1225900006826,2,26038.77,18367.20,14.00,1
17619,СЗ ГСИ,3808285592,1233800025249,1,26031.96,16421.78,20.00,1
12840,МОНОЛИТ СТРОЙ,2311263616,1182375066807,2,26027.72,11880.92,10.00,1
18535,СЗ И2-ДЕВЕЛОПМЕНТ,7714494171,1227700652948,1,25989.14,14889.00,23.00,1
15571,СЗ РЕНОВА-Н2,3328028436,1223300005895,2,25988.52,15793.44,12.00,1
35465,СЗ ТСКМ-СТРОЙ,0500019708,1240500017042,1,25981.20,17439.41,17.00,1
12157,СЗ ДОМ-СТРОЙ НОВОСИБИРСК,5406674264,1115476075120,1,25976.40,11158.36,29.00,1
13911,СЗ ИППЕКО ДЕВЕЛОПМЕНТ,2536321507,1202500000724,4,25973.20,16192.20,12.50,1
12961,СЗ КРАСИВЫЙ ГОРОД,3443143042,1193443009704,2,25966.93,12291.82,14.00,1
2904,СЗ ТЭКОРЕСУРС,1658047987,1031626804549,2,25957.79,10160.11,6.00,1
24212,СЗ АЛЬФА,3525406616,1173525025244,2,25946.60,17232.50,12.00,1
9414,СЗ АКВА-ИНВЕСТ,7204208458,1147232031550,1,25895.70,17824.70,26.00,1
40601,СЗ ТАВР,9102303554,1259100003447,1,25894.73,15149.36,17.00,1
2215,СЗ РАДЧЕНКО,7536056600,1047550025995,2,25892.70,16693.20,8.00,1
6467,СЗ ОПАЛИХА-СИТИ,5024147481,1145024006434,1,25881.40,0.00,8.00,1
10285,СЗ ИНТЭСКА-СТ,5904149797,1065904122723,2,25876.10,17947.70,5.00,1
16910,СЗ ДЕВЕЛОПМЕНТ АН,3100015951,1233100004390,1,25875.40,17710.11,20.00,1
37617,СЗ ЖК СЕВЕРНЫЙ,1655509295,1251600030351,1,25826.45,12676.94,13.00,1
13364,СЗ СК СТРОЙИНВЕСТИЦИЯ,3906396212,1203900013767,3,25818.36,15130.70,8.00,1
15961,СЗ РАЗВИТИЕ ДЕВЕЛОПМЕНТ,9108125450,1209100017653,2,25793.08,16468.29,5.50,1
17106,СЗ КАЛЛИСТО,9704123238,1227700114575,1,25786.40,12349.40,16.00,1
12932,СЗ ГЛОБУС,6229066154,1096229001087,1,25775.00,17827.87,19.00,1
19152,СЗ СКАЙ,6319038948,1026301708762,2,25768.08,16438.26,18.00,1
17801,СЗ СТК,2460106480,1172468070114,1,25682.20,17275.62,18.00,1
19817,СЗ ИЗМАЙЛОВО,7720916720,1237700875070,2,25673.00,16033.20,20.00,1
10081,СЗ СТРОЙ-ИНДУСТРИЯ,1435344337,1191447010490,1,25657.48,18670.56,13.00,1
32143,СЗ АВАНГАРД,0725021618,1170726000499,1,25657.20,16208.00,10.00,1
14404,СЗ ФСК ФЛАГМАН,3849085715,1213800028265,3,25648.00,17784.50,13.00,1
13452,СЗ ДСИ,1660369935,1211600072122,1,25644.69,9996.98,25.00,1
27694,СЗ НОВЫЙ ДОМ,6671294617,1246600011921,1,25636.70,19277.30,34.00,1
13388,СЗ КГС-БУЛЬВАР,4205394378,1214200000431,1,25607.82,8950.95,8.00,1
7439,КС ПАСКАЛЬ СЗ,1831157080,1121831008397,1,25596.60,16835.90,18.00,1
19011,СЗ СВОЙ ДОМ НА НЕЙБУТА,5503273620,1235500020381,1,25570.10,18502.50,17.00,1
16146,СЗ ЧЁРНОЕ МОРЕ,7727491273,1227700219493,1,25566.75,15189.60,18.00,1
2992,СЗ БАТАЙСК-ЦЕНТР,6141033793,1106181000749,3,25546.03,14876.45,8.67,1
19498,СЗ ТРОИЦКОЕ ПОЛЕ,7811767642,1217800173580,1,25535.29,0.00,14.00,1
22804,СЗ ЭЛЕМЕНТ,5027287737,1205000062431,1,25519.98,17391.56,13.00,1
1897,СЗ КАЛУГА-ЛИДЕР,4028051443,1124028003604,2,25493.40,17344.90,24.00,1
16956,СЗ СЕМЬЯ,6141060170,1236100010794,2,25492.90,18602.60,20.00,1
35523,СЗ УЛЬТРА,0700027311,1250700005874,3,25471.68,18107.20,9.00,1
6760,СЗ СПЕКТР-М,1215121350,1071215004717,1,25471.31,16672.35,16.00,1
90,СЗ ФИРМА МАЯКОВСКАЯ,4346041022,1024301306732,4,25467.90,16523.90,15.50,1
14172,СЗ КАМАСТРОЙ-НЧ,1650345692,1171690022965,2,25435.19,21314.40,15.50,1
14637,СЗ ЭЛИТСТРОЙ,8904092507,1228900001109,2,25406.80,19130.00,11.00,1
13015,СЗ СТРОЙКОНТИНЕНТ,2635046442,1022601980037,1,25406.70,13691.20,21.00,1
23100,СЗ ТРОИЦКАЯ ГОРА,7801700670,1217800096513,1,25374.74,16365.09,5.00,1
14621,СПЕЦЗАСТРОЙЩИК ДИНАСТИЯ,1658239142,1221600047096,2,25372.00,17181.02,16.00,1
6333,СЗ ВОСКРЕСЕНСКИЙ ДОМ,0275910808,1170280021229,1,25362.31,17245.89,29.00,1
20224,СЗ ДОМВЕРС,3300001113,1233300003529,1,25329.80,18465.80,10.00,1
19285,СЗ КЛИПЕР,3663164400,1233600018244,3,25316.50,16607.03,19.00,1
6575,СЗ АЛЬЯНС-СТРОЙ,7838423409,1097847053776,1,25299.93,14614.78,19.00,1
33433,СЗ СЛОБОДА ВЕРЕВО,4705114396,1244700015867,3,25291.00,15440.00,4.00,1
10372,СЗ МЕТАЛЛУРГ-5,1659197696,1191690022644,2,25289.00,17810.39,18.00,1
26010,СЗ КРАСНЫЙ ФЛОТ,6732231511,1226700011438,2,25282.17,17052.76,11.00,1
13710,СЗ ВКС ИНВЕСТ,7704597763,1067746554886,1,25280.51,6000.00,19.00,1
19019,СЗ ОБЪЕДИНЕНИЕ-26,2635258623,1232600011511,1,25264.00,15195.60,19.00,1
6452,СЗ ЭВЕРЕСТ,4501124540,1064501178774,3,25259.70,16054.00,6.67,1
35292,СЗ АТМ-СТРОЙ,6318067664,1226300000717,1,25251.00,15439.00,21.00,1
12289,СЗ АНТАРСИТИ,5432003142,1215400001563,11,25239.10,19378.40,5.00,1
13289,СЗ КОНГРЕСС-ЦЕНТР,9103004645,1149102041945,2,25235.45,0.00,9.50,1
20776,СЗ СК ТРАСТ-ИНВЕСТ УФА,0277960434,1220200037078,1,25215.16,12487.11,27.00,1
6106,СЗ КАТУАР ДЕВЕЛОПМЕНТ,5029165879,1125029007916,5,25211.33,18327.17,3.80,1
11941,СЗ ПРИМОРСКИЙ ПЛЮС,2901301832,1202900003734,1,25210.04,15733.73,10.00,1
15314,СЗ НОВГОРОДСКАЯ,4703180548,1214700000107,1,25174.00,13508.45,11.00,1
13760,СЗ ОРЕЛСТРОЙ-5,5751065184,1205700005158,2,25142.10,18245.20,17.00,1
33080,СЗ ПРАЙМ-НОВО,0272926817,1240200029574,1,25124.61,13005.00,27.00,1
8940,СЗ ЮЖУРАЛСЕРВИС,5638054775,1085658038223,4,25122.47,16441.08,7.00,1
14183,СЗ С.К. ВЫСОТА,7606125160,1217600015764,5,25077.60,13696.58,4.20,1
15552,СЗ СМУ-11 СБ ЮЖНОЕ,5501280573,1225500025123,1,25063.50,16842.40,20.00,1
18703,СЗ ЛСК,3808283179,1233800013204,1,25050.68,15607.90,20.00,1
7088,СЗ СИБПРОДТОРГ,7224028742,1047200670186,1,25046.03,18045.19,16.00,1
3734,СЗ АТЛАНТ-ИНВЕСТ,2901258802,1152901005102,3,24995.55,16472.66,9.00,1
19427,СЗ М115,7813678003,1247800011942,1,24993.54,0.00,11.00,1
7260,СЗ ЗАМЕЛЕКЕСЬЕ НЧ,1650304706,1151650005000,3,24972.74,15806.94,8.00,1
8560,СЗ АСТРА-ВОСТОК,6658524445,1196658025739,1,24969.00,14928.80,16.00,1
20207,СЗ АТЛАНТ,5262278482,1125262006308,1,24955.68,12146.05,21.00,1
39006,СЗ РЭС-ЗВЕЗДНАЯ,3000013051,1243000002123,1,24929.50,17295.60,25.00,1
32047,СЗ СУ №2,2464204791,1082468002638,1,24914.50,13816.40,25.00,1
1073,МБЛ,2318027826,1022302787605,2,24895.40,18826.89,14.00,1
17029,СПЕЦЗАСТРОЙЩИК ДИНАСТИЯ-4,1658248549,1231600042134,2,24891.00,15898.39,13.50,1
17588,СЗ МАЙТА,9103101222,1239100002020,1,24881.24,0.00,9.00,1
36761,СЗ МОРЕ,2536342722,1232500035151,2,24879.00,18052.16,17.00,1
18599,СЗ НСК,2635258870,1232600012853,1,24856.30,13712.80,17.00,1
28158,СЗ НВ-3,0274391356,1240200040266,1,24854.20,15770.83,15.00,1
16606,СЗ ДОМСТРОЙСЕВЕР,0542021995,1230500005614,8,24841.72,11877.51,5.38,1
17548,СЗ ЛЕДОВСКАЯ,7300024647,1237300011013,1,24835.17,17889.50,18.00,1
17,СЗ ДЮПОН-ИНВЕСТ,0323341463,1080326008212,1,24790.10,14904.20,17.00,1
8972,МНОГОПРОФИЛЬНАЯ КЛИНИКА,5406533922,1095406017926,1,24789.00,0.00,19.00,1
14452,КОМОССТРОЙ РОДЕН СЗ,1831200339,1201800022302,1,24746.60,15587.00,18.00,1
7401,ПСК РАДИАЛ,6324037322,1136324002440,1,24737.68,6666.67,17.00,1
24774,СЗ ВЕЛОДРОМ,1300012344,1241300003064,1,24734.48,16263.74,19.00,1
12542,СЗ ДОМ,1435255969,1121435008518,1,24723.59,17809.11,16.00,1
18755,СЗ ЮПИТЕР-КОСТРОМА,4400006406,1224400000054,2,24719.53,17063.70,9.00,1
1433,СЗ СТРОЙСЕРВИС,3446030706,1083460004308,2,24711.60,17258.40,10.00,1
22494,СЗ АВАНПОРТ НН,5260490116,1235200014697,2,24690.69,15154.46,18.00,1
24944,СЗ БРИГАНТИНА,3663172063,1253600002380,1,24677.31,16116.65,16.00,1
10323,СЗ ИНСИТИ-СТРОЙ,2311298312,1192375081645,1,24672.10,0.00,15.00,1
19050,СЗ РЕГАТА ДВ,2700006361,1232700002886,1,24656.19,13556.88,22.00,1
8513,СЗ СК УНИСТРОЙДОМ-2,1657246531,1181690046768,1,24642.70,16749.64,9.00,1
17747,СЗ ФАВОРИТ,6000004253,1236000002920,2,24639.75,14351.10,10.00,1
38366,СЗ М2М КОЦЮБИНСКОГО,9402017064,1259400002069,1,24621.80,13210.60,25.00,1
17440,СЗ ЭЛЛИПССТРОЙ,1841093686,1201800011390,1,24597.80,17024.72,18.00,1
8180,СЗ ПЕРЕСВЕТ-ЮГ ЦЕНТРАЛЬНЫЙ,3443142377,1193443005172,2,24591.50,14939.75,15.00,1
13714,СЗ ЮГ-СТРОЙФОРТ-1,6150101707,1216100030706,2,24588.36,13612.46,16.00,1
9487,СЗ ВЛАДСТРОЙГРУПП,2536303716,1172536020480,1,24585.62,12795.04,27.00,1
18814,СЗ М 10,7842480382,1127847431359,1,24567.40,11170.00,12.00,1
7404,СЗ АРХГОРСТРОЙ,2901247381,1142901004234,3,24564.40,14204.31,6.00,1
22142,СЗ ПРОЕКТ-С-31,6658566357,1236600050554,1,24564.14,15515.82,31.00,1
24238,СЗ ЗОЛОТОЙ ПЛЯЖ,9103069353,1159102065693,3,24560.35,12992.94,8.33,1
29338,СЗ БМ-ГРУПП ЦЧР,3652905061,1253600008364,1,24556.06,16789.14,10.00,1
12556,СЗ СБЕР-КАПИТАЛ СТРОЙ,4826147710,1214800003989,2,24552.75,17531.40,21.00,1
17207,СЗ ПЫЖЕВСКИЙ 5,7706419283,1157746289359,1,24535.40,11284.70,17.00,1
7541,СЗ ДИВНОЕ-СИТИ,5003126924,1185027003391,3,24524.94,16860.82,9.00,1
30336,СЗ ПРАВОБЕРЕЖНЫЙ.СИТИ,6678142660,1256600025571,2,24524.12,15109.90,13.00,1
22758,СЗ РЕГИОНДОРСТРОЙ ПОВОЛЖЬЯ,6449105306,1236400004543,1,24510.30,14336.70,11.00,1
13550,СЗ СКРИПКА СК,6450098491,1176451017071,1,24510.10,11658.00,11.00,1
24217,СЗ ЗС,1900014745,1241900002068,2,24461.20,17488.80,10.00,1
19111,СЗ МАРУСИНО,5027302103,1215000128122,1,24445.30,14828.90,8.00,1
403,СЗ ИН-ГРУПП МАЛЕНЬКИЙ,7743637794,5077746450117,3,24438.90,15425.10,9.33,1
17817,СЗ ВАРИАНТ ИНВЕСТ,5904407631,1235900017121,2,24432.90,14472.20,14.00,1
24945,СЗ ГОРОД БСС,0278976645,1230200007542,1,24407.80,14862.60,27.00,1
13695,СЗ ЭТАЛОН-КАЗАНЬ,1657267813,1211600029222,1,24387.41,13900.76,20.00,1
161,СЗ СМУ-1,3729011599,1033700064804,2,24386.79,15927.77,9.00,1
23130,СЗ ЖСЗ,3528342745,1243500009610,2,24339.30,15179.20,18.00,1
41242,СЗ РИВЕР СТРОЙ,0700025466,1250700004048,2,24291.32,14965.76,10.00,1
17768,СЗ ФЛАГМАН,6200001443,1246200000133,2,24288.40,16397.61,10.00,1
842,СЗ СПЕЦМОНТАЖ,6829135650,1176820010883,8,24283.96,17585.02,5.38,1
1075,СЕЛИГЕР,3445127208,1123460005316,1,24279.50,13577.80,21.00,1
19342,СЗ МОСКОВСКИЙ КВАРТАЛ-1,6658565610,1236600045692,1,24264.70,15212.58,18.00,1
19330,СЗ ИЗУМРУДНЫЙ КВАРТАЛ,2543150860,1202500016938,1,24261.70,13733.20,28.00,1
2724,СЗ ВИКТОРИЯ Т,3904023060,1023900600327,1,24223.32,14231.20,7.00,1
3490,СЗ ДВ НОВЫЙ МАТЕРИК,6501162557,1056500737622,2,24141.50,13442.90,11.00,1
15855,СЗ - МИНИПОЛИС КУЛТАЕВО ПАРК,5904397550,1215900013537,2,24132.40,15464.84,6.00,1
26061,СЗ ЭЛЬКОР,6229063435,1086229003024,1,24093.10,14942.43,16.00,1
240,СЗ РЕСПЕКТ,3123339014,1143123002747,1,24052.58,11387.90,19.00,1
8638,ПРОЕКТДЕВЕЛОПМЕНТ,6672251729,1076672041225,1,24051.00,13808.40,27.00,1
1507,СЗ ПМК-8,2115902400,1042137002489,1,24050.90,15442.60,14.00,1
27955,СЗ ОЛИМПСТРОЙ НР,9309027678,1249300011058,3,24034.53,17015.66,14.67,1
210,СЗ ТАЙГЕР,3017064343,1103017001845,1,23996.59,17900.42,24.00,1
14697,СЗ ФОРМАТ,1326257878,1221300000415,1,23996.50,14776.70,19.00,1
29423,СЗ ЛЮДИ В ЕКАТЕРИНБУРГЕ,7203593045,1257200008141,1,23992.18,14818.48,30.00,1
16468,СЗ ТАВРИДА,7017490733,1227000001238,1,23988.06,9470.16,20.00,1
23418,СЗ ЭНЕРГИЯ,2221224002,1152225028592,6,23986.48,0.00,3.00,1
12408,СЗ БОЕР КОНСТРАКШН,4826144596,1204800007653,1,23976.80,14421.36,23.00,1
17115,СЗ ТРЕТИЙ РИМ,7704452461,1187746257764,1,23954.10,11928.50,11.00,1
229,СЗ ГК БСМ,3123281540,1113123007018,4,23954.00,15652.90,9.00,1
2153,СЗ СТРОЙ ГАЗ СЕРВИС,0608024615,1130608002898,1,23945.34,14557.64,21.00,1
6222,ИНСКИЕ ЗОРИ. СЗ,5405429830,1115476019042,1,23928.00,15864.86,16.00,1
13987,СЗ ЛЮДВИГСТРОЙ,1900005250,1221900000497,2,23922.50,14863.40,8.00,1
37433,СЗ МИР,2625129121,1252600001697,1,23880.35,13569.40,16.00,1
3177,СЗ АКВА,7203151985,1047200624239,1,23877.40,16018.76,25.00,1
17630,АРТ РУМ,9717106906,1217700495341,1,23870.84,0.00,17.00,1
14762,СЗ СТРОЙКИРПИЧХОЛДИНГ,0269042399,1210200037519,2,23864.89,15901.46,16.50,1
17147,МЕТРЫ СЗ,3443149125,1223400008864,4,23855.26,9529.66,4.50,1
36020,СЗ ПРЕМИУМСТРОЙ 3.0,4000028860,1254000008195,2,23817.39,14470.58,10.00,1
21659,СЗ ГЕО,3811468229,1203800004210,2,23810.03,14355.17,12.50,1
21694,СЗ ДС ДЕВЕЛОПМЕНТ,3849096280,1233800014029,1,23797.77,12942.03,17.00,1
17513,СЗ КАПИТЕЛЬ,5406823759,1225400026940,1,23789.00,18060.86,12.00,1
2294,СЗ СТРОЙЭКОНОМ,3811439059,1163850088412,1,23760.52,13632.16,19.00,1
17703,СЗ БМК-ДЕВЕЛОПМЕНТ,2700001170,1222700017726,2,23746.90,14113.61,6.50,1
13564,СЗ НОВЫЙ СТИЛЬ,7810770096,1197847154230,3,23734.05,0.00,5.00,1
218,СЗ КУТУЗОВСКОЕ-1,5044074560,1105044001930,1,23724.20,16732.80,18.00,1
17557,СЗ ГРАД ИНВЕСТ СХОДНЯ,5032347766,1225000121433,2,23723.66,14283.94,21.00,1
35757,СЗ - УКЗ № 13.1 КПД,0276177855,1240200032379,1,23723.55,14763.10,19.00,1
30685,СЗ ГК-МОРСКОЙ КВАРТАЛ,2367000496,1172375034468,1,23700.90,0.00,14.00,1
1275,СЗ ОТДЕЛФИНСТРОЙ И ПАРТНЕРЫ,2130097685,1122130000167,2,23690.04,16223.10,10.00,1
939,СЗ СУ-1,2204032090,1072204017434,3,23671.15,13953.72,12.67,2
16422,СЗ СТРОЙСЕРВИС,5256044510,1035204881612,1,23667.40,14934.20,19.00,1
13197,СЗ МЕГАТРЕЙД,5407009768,1055407136212,1,23628.14,14673.43,18.00,1
17708,СЗ СТРОЙ-КВАРТАЛ,0300011290,1230300000699,4,23619.55,15760.34,9.00,1
9742,СЗ ЖБИ-ЖИЛСТРОЙ,3665808918,1203600003144,1,23600.20,17368.20,19.00,1
15227,СЗ ДЕЛЬТА,7721825900,1147746273828,1,23598.69,13864.45,9.00,1
19465,СЗ ЛАДДОМ 1,2700018688,1232700015514,1,23589.90,13549.30,17.00,1
16327,СЗСУПЕРСТРОЙ,2466163967,1152468035290,1,23561.70,15557.90,26.00,1
22990,СЗ ВРАЖСКИЙ,7704398937,1177746269095,1,23552.80,12170.60,13.00,1
13811,СЗ ЗАРЕЧНАЯ,7730248529,5187746035208,1,23544.89,0.00,17.00,1
7613,ИНТЕРСТАР-РЕСУРС-СЕРВИС,9103064644,1159102031230,1,23524.80,0.00,11.00,1
23095,СЗ АСТОН. А ЗОРИ ЗДЕСЬ ТИХИЕ,2540280719,1232500029024,1,23521.92,11129.96,20.00,1
8670,СЗ САМОЦВЕТЫ,4205382911,1194205016367,6,23521.38,16397.68,6.00,1
16139,СЗ БИК-СТРОЙ,3100009098,1223100014543,1,23519.64,13097.11,6.00,1
23434,СЗ КУРОРТЫ СОЧИ,2366042140,1232300032139,2,23515.31,0.00,9.50,1
1854,СЗ ЮГСТРОЙИНВЕСТ ПЛЮС,3459013232,1143443034240,3,23507.10,16017.20,8.33,1
13846,СЗ ЭНЕРГОСТРОЙ,3460067994,1173443004778,1,23505.69,15983.36,18.00,1
22506,СЗ ТРУДОВОЕ 1,2543180656,1232500033325,2,23501.70,16138.22,20.00,1
19105,СЗ РУССКАЯ ДЕРЕВНЯ,6501301120,1186501007186,5,23492.93,16703.89,9.80,1
22248,СЗ ЭТАЛОН,3665095512,1133668040516,1,23487.52,13052.85,11.00,1
22085,ЮЖНЫЙ КАПИТАЛ,0571021213,1220500012325,1,23483.90,0.00,12.00,1
19732,СЗ РЭС-МАКСАКОВА,3000011248,1243000000319,1,23475.10,17618.00,25.00,1
28786,СЗ НИКОЛАЕВСКИЙ,9109023411,1199112012329,3,23463.20,0.00,8.00,1
14279,СЗ СТРОЙ ДОМ,6321381535,1156320007359,2,23461.62,15234.18,18.00,1
16352,СЗ МИХАЙЛОВСКИЙ,7100006866,1217100006727,1,23441.37,16547.20,26.00,1
16674,СЗ ЖСК НОРСТРОЙ-ИНВЕСТ,8601072967,1228600008317,3,23429.10,14516.34,10.00,1
13813,СЗ ГЛОБАЛ,0274950276,1190280063797,1,23403.57,12873.91,26.00,1
13228,СЗ ЕВРОСТРОЙ-ДЕВЕЛОПМЕНТ,0275902966,1150280048225,2,23402.00,17820.20,13.50,1
8664,СЗ АСТРА НА ВИКУЛОВА,6658425243,1136658000929,2,23394.60,12453.10,14.00,1
18414,СЗ ТРЕСТ-82,7447302050,1217400024291,2,23389.22,16985.13,23.50,1
35801,СЗ ПИОНЕР-ВП,5402082651,1245400010866,2,23387.00,14178.90,15.00,1
25159,СЗ ВЕРТИКАЛЬ НР-1,9310014722,1249300011795,2,23379.22,17209.16,14.50,1
35152,СЗ СТРОЙРЕСУРСТУЛА,7106087734,1207100002603,1,23360.40,14870.99,20.00,1
23384,СЗ КАЛИНКА СМАРТ 4,1840098459,1201800014019,1,23354.22,15368.15,18.00,1
35336,СЗ НИКС ЛАЙН 2,7451468355,1247400008932,2,23353.15,16631.23,11.00,1
15551,СЗ ТАРСКИЕ КОЛОКОЛА,5505069966,1225500025321,1,23350.50,12641.33,12.00,1
16971,СЗ БУДМАР-ИНВЕСТ,2308291187,1232300020787,2,23345.24,5701.58,8.50,1
7984,СЗ ЭНЕРГОУЧЁТ,5838000907,1105838000036,2,23334.00,14315.85,12.50,1
18545,СЗ ПРОГРЕСС ИДЕАЛ,6679174907,1246600015870,1,23319.37,14838.31,15.00,1
6906,СЗ НОВОСФЕРА,2311136390,1112311005201,2,23307.20,0.00,3.00,1
19459,СЗ ПЕРВЫЙ,3700017090,1243700001808,3,23282.80,15143.50,10.00,1
1448,СИМОН ДЖЕССО,7703769586,1127746436179,1,23282.40,18851.00,4.00,1
22953,СЗ Е-ГРУПП,3200006679,1243200002924,1,23274.10,14831.78,17.00,1
2205,СЗ КАМСКИЕ ОГНИ,5902030683,1155958109438,2,23273.60,13580.26,14.00,1
18452,СЗ ПРИОРИТЕТ,3812996503,1233800011345,1,23262.33,16521.24,20.00,1
24678,СЗ АУРА,0800008062,1230800002443,1,23233.97,15469.00,17.00,1
6640,СЗ САТ,2901245881,1142901002166,2,23224.30,16165.64,10.00,1
3669,СЗ СТРОЙКОМПЛЕКТ,3203005112,1023201341261,4,23216.20,4229.50,6.00,1
17375,СЗ СК-8,0275930762,1230200021963,1,23182.10,15684.10,10.00,1
16862,СЗ ПАРТНЕР,3662228034,1163668073744,1,23146.90,15349.40,22.00,1
30961,СЗ ЗЕЛЕНЫЙ САД - ИНВЕСТ,6234007700,1046209015566,1,23079.00,13327.00,26.00,1
16970,СЗСЗК,2901082980,1022900514526,1,23035.87,13887.67,17.00,1
18793,СЗ МС-17,7606136556,1237600007754,1,23008.40,16682.90,9.00,1
21686,СЗ ОНИКС-ДЕВЕЛОПМЕНТ,9715399037,1217700143540,1,23004.88,21774.74,14.00,1
35017,СЗ ДСК-5,1000023627,1251000004529,2,22999.91,14802.65,12.00,1
14254,СЗ ХАМАДА,0725031380,1210700003700,1,22990.00,8263.50,20.00,1
18939,СЗ ИЗУМРУДНЫЙ КВАРТАЛ,2222902444,1232200009271,1,22971.00,13889.00,11.00,1
40772,СЗ АВИАТОР,1655494056,1231600014524,1,22970.30,13025.00,14.00,1
2820,СК ТРАНШ,3329060619,1103340002193,1,22918.95,0.00,6.00,1
69,СЗ КОНТИНЕНТ,6731055101,1066731101458,3,22913.51,14044.92,11.00,1
12381,СЗ КОМПОЗИТ ЭСТЕЙТ,3305801410,1213300000110,2,22880.52,13766.10,12.00,1
19185,СЗ КИРПИЧХОЛДИНГ,0269045248,1240200006782,4,22860.00,15760.76,10.00,1
31992,СЗ АСТРА НА ПОСАДСКОЙ,6658524413,1196658025574,1,22851.10,12043.00,26.00,1
16996,СЗ ПРОГРЕСС ИМПУЛЬС,3000004427,1223000005733,1,22769.21,14244.45,23.00,1
659,СЗ ОРСО ГРУПП,5902232270,1135902001091,1,22766.10,13470.10,26.00,1
15528,СЗ КИРПИ,0917037700,1190917002605,1,22741.47,13105.61,13.00,1
6970,КАРА+,7731018119,1037739650981,2,22736.00,0.00,16.00,1
17826,СЗ ВСЕ СВОИ,3808284119,1233800017736,2,22731.20,15009.60,11.00,1
18787,СЗ ФАБРИКА,0700016373,1240700002366,1,22730.00,13836.80,10.00,1
13392,СЗ АДМИРАЛ,1326257331,1211300003595,2,22714.12,13847.80,10.00,1
18358,СЗ КВАРТАЛ,7736352621,1237700533278,2,22701.84,12632.33,9.00,1
21874,СЗ А119,1900014569,1241900001881,1,22677.12,12958.41,17.00,1
11706,СЗ АСТ,6949113560,1206900001990,2,22668.00,15856.48,20.00,1
10745,СЗ ЭВОЛЮЦИЯ,5603032570,1085658029808,2,22660.69,11899.65,13.50,1
15821,СЗ ГОРИЗОНТ,2130229691,1222100000066,1,22654.94,17568.73,10.00,1
40895,СЗ ВЫСОТА-СИТИ,3663176727,1263600002027,1,22601.70,12379.00,26.00,1
15109,СЗ ТАУРЕД,6321468507,1216300018494,1,22570.67,16781.93,17.00,1
6190,СЗ АПАРТЖИЛСЕРВИС,3664123580,1123668060944,2,22543.20,14632.90,18.00,1
19144,СЗ МОНТАЖНИК,1400034567,1241400004560,2,22540.80,14086.60,16.00,1
28194,СЗ МЕРИДИАН,1686028062,1231600027460,1,22526.45,9975.88,21.00,1
24515,СЗ ИМПЕРИЯ,5906162761,1195958037175,1,22524.81,11299.15,25.00,1
21023,СЗ РЕНЕССАНС,6318072706,1236300025763,3,22516.37,7317.65,13.33,1
24251,СЗ ОКТЯБРЬ В САО,9729336630,1227700870825,1,22513.00,0.00,20.00,1
303,СЗ ФОРУМ - ЖИЛЫЕ КВАРТАЛЫ,6671446690,1146671004545,1,22510.28,12436.50,19.00,1
9523,СЗ СУ №7 ПСК-6,0277126660,1130280004238,1,22502.40,11170.71,33.00,1
36087,СЗ КОМПАНИЯ РУССКИЙ КАПИТАЛ,7704153038,1027700288538,1,22461.09,13047.56,13.00,1
18781,СЗ УГСИ,8904091790,1218900002562,3,22453.53,14014.92,7.67,1
12544,СЗ СТРОЙГРАД,6229058322,1076229002222,1,22395.58,15180.15,26.00,1
23800,СЗ ХОРОШЕЕ ДЕЛО,2308296410,1242300017497,4,22385.91,14965.29,7.00,1
2688,СЗ ИФК АСТРСТРОИИНВЕСТ,3015060801,1023000863775,1,22372.40,12200.80,9.00,1
6203,СЗ ЖИЛСТРОЙИНВЕСТ,5638065294,1145658018956,3,22354.17,14224.29,19.00,1
22050,СЗ МЕЛЬНИЧНЫЙ РУЧЕЙ,4706058987,1234700008432,45,22337.55,22337.05,1.96,1
17162,СЗ ЭНТУЗИАСТ,5904397662,1215900014175,1,22335.60,15335.60,26.00,1
17069,СЗ САМПАД,5032318540,1205000045887,1,22333.00,10573.36,29.00,1
1369,СЗ РИВЬЕРА,5835042056,1025801223150,1,22328.72,15054.04,18.00,1
16260,СЗ ЭКОСТРОЙ,7806598149,1227800057946,3,22319.10,16125.70,10.00,1
22176,СЗ РЭС-ТЕТРИС,3000014640,1243000003730,2,22295.76,15690.10,26.00,1
9296,СЗ ВЕСТА-СТРОЙ,5040150192,1175027019056,1,22286.90,15028.80,10.00,1
10459,СЗ СТРОЙУСЛУГИ-1,1660313298,1181690043260,1,22276.50,16062.43,10.00,1
15430,СЗ ДОМ НА ЧЕРНОЙ РЕЧКЕ,7802651056,1187847008690,1,22270.00,11863.76,11.00,1
14188,СЗ СК ГОРПРОЕКТ,5501224480,1105543009087,2,22255.72,14331.96,17.00,1
12597,СЗ ТАНТАЛ ИНВЕСТ,7536186046,1217500002103,1,22245.50,15141.30,16.00,1
9240,ПДК,7825501233,1037843064962,1,22233.57,0.00,11.00,1
26292,СЗ А-СТРОЙ,0700020612,1240700006590,1,22215.00,12232.89,18.00,1
27447,СЗ РАЗВИТИЕ,3000010170,1233000005732,1,22191.02,15346.56,25.00,1
11408,СЗ ПЕРСПЕКТИВА,6234132388,1146234007490,2,22157.55,14414.09,11.00,1
26079,СЗ ГРАНДА,6318071332,1236300008603,1,22113.75,10980.64,25.00,1
31178,СЗ ВЕСТ САЙД,0700016380,1240700002377,1,22108.00,11152.90,15.00,1
13810,СЗ ВОСТОК,1200004170,1221200000119,2,22069.60,7709.71,8.00,1
15414,СЗ ТАЛАН-РЕГИОН-20,1841079635,1181832014066,1,22065.20,14447.30,22.00,1
517,СЗ ИНЖИЛКОМ,5752020676,1025700781402,2,22062.79,15405.44,19.00,1
24862,СЗ ПРОФИТПЛЮС-В,3812997659,1233800016010,2,22055.60,16833.10,17.00,1
23760,СЗ ГРОДНЕНСКАЯ 18,7731541953,1067746514637,1,22032.90,13425.60,29.00,1
14934,СЗ СК ЭЖС - МКР,7536188981,1217500006008,2,22021.67,13440.70,10.00,1
16107,СЗ АЛЬВХЕЙМ,9725040624,1207700462342,2,21971.23,15129.21,14.00,1
22864,СЗ ЯРД ГРУПП,7725651605,5087746583249,1,21971.06,15561.45,8.00,1
40916,СЗ МОЛЕКУЛА,6316199150,1146316005010,2,21962.40,13314.30,13.00,1
15544,СЗ ЗАРЯ,5258085671,1095258004258,1,21939.98,13810.80,17.00,1
18514,СЗ НА ВЫСОТЕ,0100007786,1240100000601,1,21935.39,10486.31,16.00,1
1465,СЗ ДВИНА-ФИНАНС,2901253515,1142901012650,1,21928.29,15633.20,9.00,1
23750,СЗ КОСМОС-ГРУПП,7456022204,1147456004387,1,21904.25,11977.12,25.00,1
3155,СЗ КАПИТАЛ ИНВЕСТСТРОЙ,6027112351,1086027002753,2,21891.19,14640.90,16.50,1
19873,"СЗ 3-Я ГРАЖДАНСКАЯ, ВЛ.1",9718163375,1207700372065,1,21883.90,11429.70,23.00,1
18884,СЗ ЖЕМЧУЖИНА,2208063814,1232200004101,2,21871.40,13860.01,13.00,1
1698,СЗ ВЫСОТКА,3702101125,1153702002684,1,21861.72,12237.17,15.00,1
7241,СЗ ПРОМСТРОЙ,2223596775,1132223016078,2,21861.70,14384.80,18.00,2
7890,СЗ ДВ СТРОЙТЕХ,2543093354,1162536061038,4,21838.90,14992.74,9.25,1
7214,СЗ КЕЛШ,5902050200,1185958029476,3,21838.80,13062.48,5.00,1
34028,СЗ АКВАВИТА,1832154212,1191832021260,1,21838.03,0.00,13.00,1
2458,СЗ СТРОЙИНВЕСТ,6722015575,1036706001089,3,21813.47,11879.53,7.67,1
3244,АСК-12+,1513042833,1131513004237,4,21813.20,13631.20,11.00,1
20068,СЗ-ГОРОД САД,5902066175,1235900016175,1,21804.10,14856.80,9.00,1
30640,СЗ АЙВЕЛ,0571019704,1220500000511,1,21789.97,15360.96,9.00,1
12737,СЗ МАРКЕТ,4704005651,1024700871898,4,21775.20,17681.20,4.00,1
24268,СЗ ФСК ЖИЛСТРОЙ,3849097076,1233800016988,2,21771.77,14741.41,13.00,1
16838,СЗ М ГРУП,2634109001,1212600010468,1,21761.85,13559.85,17.00,1
18533,СЗ ОКРУГ,5403183363,1065403045806,1,21697.87,11711.84,19.00,1
7681,СЗ ЕВРОБАЛТ ПЛЮС,3917508136,1103925023234,2,21670.16,13560.48,10.00,1
1464,СЗ ОМЕГА СТРОЙ,2901240428,1132901008701,1,21665.10,12718.41,17.00,1
23435,СЗ СТРОЙСЕРВИС,5838016103,1235800006012,2,21650.85,11860.39,5.50,1
21207,СЗ ЛИДЕР,1903022825,1131903001251,1,21637.11,14287.42,8.00,1
18433,СЗ ОДСК-Л6,4800004146,1234800002205,1,21631.90,14628.50,22.00,1
43285,СЗ БАРСОВО 1,2460129617,1262400001907,3,21628.72,19694.04,7.00,1
9023,СЗ ФОРУМ - ЖК ГРАФИТ,6671244863,1076671035022,1,21606.31,14732.93,32.00,1
38300,СЗ ОБРУЧЕВА,9718280270,1257700199008,1,21597.70,11653.10,28.00,1
2817,СЗ ДЕСС-ИНВЕСТ,3811183671,1143850043072,1,21597.53,17450.52,20.00,1
19040,СЗ РЕСУРСНАБ,9402015300,1239400008760,1,21592.83,14978.64,10.00,1
6165,СЗ ЮЖНАЯ,1833055334,1101840001042,1,21591.44,12495.09,25.00,1
22043,СЗ НЕКРАСОВКА ДЕВЕЛОПМЕНТ,7708670823,1087746608784,2,21553.00,14419.00,4.00,1
10201,СЗ СЕРВИС,6829028337,1066829055424,2,21533.46,15237.26,13.50,1
6813,ИНГЕОЦЕНТР,7730150393,1027739224820,1,21522.00,0.00,9.00,1
42578,СЗ ГОТОЛ,3808295583,1253800021529,3,21508.21,13327.43,11.67,1
17349,СЗ РИМ,1831205947,1221800008495,1,21494.70,9966.30,19.00,1
24097,СЗ А2,9726086808,1247700694933,1,21479.90,0.00,8.00,1
43471,СЗ СКМ-БИБЛИОТЕЧНАЯ,6671305516,1246600029367,2,21479.17,12635.75,15.50,1
22221,СЗ АРКАДА МОЛОДЕЖНОЕ,9109030842,1249100007749,3,21466.70,12599.80,13.00,1
13131,БАРСЕЛОНА,5406806785,1205400029350,2,21459.68,15484.72,10.00,1
13165,СЗ ТРЕСТ-77,7447302036,1217400024270,2,21448.74,16177.80,23.50,1
19260,СЗ КАРАВЕЛЛА,3663164908,1233600019916,10,21447.90,12859.94,5.00,1
16326,СЗ ВЕСНА,3025036269,1193025005722,1,21447.27,14528.20,19.00,1
948,СЗ РЕГИОН СИБИРИ,3808168391,1073808011584,2,21429.00,13840.89,18.00,1
34196,СЗ ПАРК,5405014882,1255400013285,2,21428.34,15050.41,13.50,1
19169,СЗ ВАШ ДОМ,0507026800,1230500009178,1,21397.00,15616.70,4.00,1
6771,СЗ БЕЛКВАРТАЛ,4025442488,1154025000469,1,21393.74,15331.88,20.00,1
17783,СЗ ПАРКОВЫЙ,7100045216,1237100014040,1,21382.86,13251.60,26.00,1
16814,СЗ СТРОЙДЕВЕЛОПМЕНТ,5751065025,1205700004355,1,21380.00,14126.80,10.00,1
10730,СЗ ЖИЛИЩНАЯ ИНИЦИАТИВА,2221131100,1082221001103,2,21373.40,14478.30,10.00,1
30028,СЗ КОСМОС,2901320641,1252900001045,2,21369.84,13990.86,14.00,1
11832,СЗ КБС-КУРЧАТОВА,2464154445,1202400031217,2,21367.10,15529.80,18.00,1
10188,СЗ ВЕВ-СТРОЙ,2310216902,1192375074077,1,21363.24,13701.24,19.00,1
24465,СЗ ПРАЙМ,7300026242,1237300012663,1,21360.10,16890.00,18.00,1
13936,СЗ ПРОГРЕСС-СТРОЙ,6671166446,1216600032967,2,21358.89,14812.32,13.00,1
11847,СЗ РИО МОНОЛИТ,4029049060,1134029001347,1,21322.10,11953.35,26.00,1
12141,СЗ ПЕРСПЕКТИВА,6658393337,1116658019389,2,21313.07,11723.80,14.50,1
19291,СЗ КИТ,7900005653,1247900000237,3,21308.16,13463.51,10.00,1
17373,СЗ СК-10,0275931692,1230200039387,1,21294.34,13301.56,26.00,1
13549,СЗ ГРОДНОВНЕШСТРОЙ,4028067517,1184027012641,2,21290.87,15535.56,15.50,1
11068,СЗ СТРОЙ РАЗВИТИЕ,1435352560,1201400005619,1,21283.02,12144.30,16.00,1
6590,СЗ ДОМ-ИНВЕСТИЦИИ,0276140140,1120280020992,3,21273.53,0.00,20.00,1
8792,АЛТПРОМСНАБ,2223032641,1022201142920,1,21270.00,0.00,5.00,1
19279,СЗ ОДСК-Л9,4800013599,1244800001654,1,21266.86,14103.00,19.00,1
13853,СЗ ЗАПАДНЫЙ ПАРК,6141057106,1206100039463,2,21254.36,12310.47,13.00,1
14453,СЗ АРТСТРОЙГРУПП,2311203085,1152311019190,2,21252.53,11021.98,9.50,1
6795,СЗ СК СПЕЦСНАБ,1435302249,1151447011880,2,21225.43,15470.65,16.00,1
28305,СЗ ТИМИРЯЗЕВСКИЙ ПАРК,5405061868,1215400005490,1,21198.00,12519.50,25.00,1
14300,СЗ ТРИ ДОМА,5260176319,1065260104403,2,21194.60,14133.40,13.50,1
39949,АГРАРНЫЙ УНИВЕРСИТЕТ,0725030940,1210700002182,1,21194.43,12093.12,11.00,1
15366,СЗ СДЭ-МЕРА,4214041918,1214200014775,1,21154.80,9017.40,7.00,1
660,СЗ ДЕЛОВОЙ СОЮЗ,6215024154,1106215000418,1,21152.48,12090.06,26.00,1
157,СЗ ИСК УРАЛДОМСТРОЙ,1832121908,1141832006095,1,21135.48,11810.68,26.00,1
17878,СЗ РИВЬЕРА-ИНВЕСТ-НБ,6679162517,1236600004740,1,21134.30,12703.60,23.00,1
25849,СЗ ЦЕНТРТОРГ ПЛЮС,7604355961,1197627010690,1,21133.47,12896.63,17.00,1
16612,СЗ МАГАВТОЦЕНТР,7446050435,1077446000807,1,21116.16,13107.78,15.00,1
17008,СЗ ЦЕНТРАЛЬНЫЙ 2,3000006819,1233000002344,2,21111.90,6131.30,10.50,1
15310,СЗ С-21,2100000424,1222100006897,2,21102.57,11179.86,6.00,1
7923,ПЕРВАЯ ИК - МИКРОРАЙОН САДОВЫЙ ЖИЛОЙ ДОМ 9,5506222744,1125543043130,1,21099.98,14268.63,11.00,1
3241,СЗ ССК,2466071160,1022402649290,1,21097.90,10610.00,17.00,1
2411,СЗ ПРОЕКТ-2,5905039395,1165958056758,1,21097.40,14837.79,27.00,1
38567,СЗ КОНКРИТ,6164144605,1246100013785,3,21096.11,13327.50,13.00,1
19421,СЗ АРКАДА,6686160359,1246600023450,2,21080.74,12024.29,9.00,1
33756,СЗ ЛИДЕР,7606134559,1237600001583,3,21067.26,12792.16,10.00,1
37360,СЗ ЛЮДИ ЦЕНТР,7204054173,1027200788020,1,21052.43,11974.22,24.00,1
1462,СЗ СК-РДС,6163151744,1166196115722,1,21032.70,10475.36,22.00,1
12004,СЗ ЖК ТРУБАЧЕНКО,9108123822,1199112016608,1,21020.80,13708.50,17.00,1
11962,СЗ ОХРА,5029112620,1085029002244,1,21002.99,14306.60,19.00,1
1435,СЗ ВОСТОЧНЫЙ КВАРТАЛ,1840070220,1171832008182,2,21000.00,14390.80,18.50,1
32115,НСГ-ИНВЕСТ,7000023219,1257000000399,1,20985.69,12194.52,16.00,1
21232,СЗ ОДСК-Л8,4800013609,1244800001665,1,20975.46,14086.80,19.00,1
887,СЗ КРАНЦ-ПАРК,3906344221,1163926085564,4,20969.00,11786.90,5.00,1
22244,СЗ ИНТЕРСТРОЙ,9102285094,1229100013284,1,20963.10,14525.80,10.00,1
18489,СЗ СЕВЕРНЫЙ,0900008620,1230900002167,1,20943.00,14211.60,14.00,1
18593,СЗ СУ № 3 СК РОЛСТРОЙ,0269045142,1240200005484,3,20933.19,15460.25,7.00,1
14502,СЗ М11,7811763052,1217800116380,1,20917.80,10479.40,13.00,1
16433,СЗ КВАРТАЛ 5.37,9102258848,1199112015156,1,20914.59,14286.07,10.00,1
14444,СЗ КВАРТАЛ 1604,5408030160,1215400030999,1,20891.96,15037.04,27.00,1
10379,СЗ КОСМОС,4501226493,1204500000506,1,20891.30,15106.20,12.00,1
11994,СЗ ЗЕТ ХАУС,3810079597,1193850011387,1,20880.55,13287.81,14.00,1
40460,СЗ СК ЦЕНТРИНВЕСТ 134,3443153876,1253400001568,2,20874.30,11070.50,10.00,1
33090,СЗ СИНИЦА. СЕЗОНЫ 5,6658579356,1256600027463,1,20868.74,15904.40,30.00,1
8803,СЗ СЕВЕРНОЕ СИЯНИЕ,6685163685,1196658042294,1,20845.30,12516.99,27.00,1
17167,АМА,0542022011,1230500005713,1,20844.60,10822.50,9.00,1
18541,СТАТУС. СЗ,5406815620,1215400039634,2,20837.00,11645.50,5.50,1
13742,СЗ ФОРУМ - ЖК ДОМИНАНТА,6671129677,1206600067585,1,20828.62,11986.31,33.00,1
18605,СЗ СИТИСТРОЙ,0701015492,1130718000060,1,20806.71,13701.37,14.00,1
16199,СК КОСА,2130174925,1162130061411,2,20802.07,15026.82,16.50,1
15421,СЗ АИР-СТРОЙ,1840105000,1211800011587,1,20800.94,12625.30,18.00,1
42485,СЗ СК-АТЛАНТ,2536344303,1242500009289,4,20800.60,13037.30,5.25,1
17763,СЗ АЛДАН,1400022642,1231400005616,3,20781.78,10104.37,7.00,1
15101,СЗ ЮЭС,2309167954,1182375058249,1,20771.70,7028.60,7.00,1
16268,СЗ ВИКТОРИЯ,1500006651,1221500005528,1,20757.65,11357.75,12.00,1
6618,АСЗ,3444259931,1163443071142,3,20754.88,13072.42,9.67,1
20239,СЗ БИЗНЕССТРОЙ-НН,5260330289,1125260007487,1,20736.30,11853.20,16.00,1
21500,СЗ ННДК ПРИОКСКИЙ,5260489960,1235200013619,1,20725.00,12625.70,16.00,1
20981,СЗ ЖК НА ВИЛЮЙСКОЙ,5404319419,1235400033670,1,20695.18,13088.43,27.00,1
17118,СЗ ЗВЕЗДНЫЙ,6234091212,1116215000439,1,20685.98,15665.20,19.00,1
30006,СЗ ВЫБОР ГРАНД,3662315008,1253600009002,1,20670.95,12940.40,18.00,1
13614,СЗ ШОТЛАНДИЯ,2224185070,1172225006722,1,20655.60,11875.60,23.00,1
10871,СЗ КАПИТАЛ,5404165800,1205400028866,1,20613.16,10787.52,10.00,1
13058,СЗ ТАВРИДА СТРОЙ,9102226130,1179102006247,4,20611.56,0.00,8.00,1
27293,СЗ КАЗАЧИЙ,9714061171,1247700681150,1,20606.16,10852.00,12.00,1
874,СЗ СТАНДАРТ,4501118748,1064501005601,2,20597.50,12678.90,10.50,1
23428,СЗ ТАЛАН-РЕГИОН-65,1841073841,1171832022306,2,20563.30,13930.10,17.00,1
2839,СЗ КСК-СТРОЙ,3906175566,1073906021760,2,20537.90,10787.50,6.00,1
19319,СЗ РД ИНВЕСТ,1686031499,1231600047986,1,20520.45,13698.83,27.00,1
23315,СЗ МАЛЕВИЧ,6686147580,1226600077417,1,20518.75,11600.00,21.00,1
16707,СЗ ВОСТОЧНЫЙ6,5032346787,1225000113062,1,20506.30,11798.90,18.00,1
12319,СЗ ВОСХОД,2512466976,1192536019060,3,20505.20,13754.90,11.67,1
17859,СЗ БЕРЕГ ГУРЗУФА,9103008110,1149102069104,1,20501.20,8416.75,11.00,1
31304,СЗ ТСК-1,7802931783,1227800139335,3,20491.14,14520.72,11.67,1
8070,ТДСК ИНВЕСТ,7017113534,1057000119330,1,20464.07,14075.51,18.00,1
30199,СЗ АПРИ ВЛАДИВОСТОК,2543175335,1232500012117,3,20419.66,14427.87,5.00,1
579,СЗ ОПТИМАСТРОЙ,1101123466,1051100563997,2,20413.50,16596.30,13.00,1
37105,ЭФФЕКТ ДЕВЕЛОПМЕНТ ЕССЕНТУКИ. СЗ,2618027087,1252600012378,3,20411.90,14972.40,9.00,1
21409,СЗ АСИ-1,3000012080,1243000001155,1,20404.81,15252.57,16.00,1
29492,Е7 ГРУПП ЗАСТРОЙЩИК,6623134540,1206600029371,2,20397.20,11392.66,13.00,1
14062,СЗ СТРОИТЕЛЬ,0269041324,1200200068090,2,20395.20,13189.80,16.00,1
16863,СЗ СК-5,0275930748,1230200021908,1,20380.97,13020.80,26.00,1
16864,СЗ СК-7,0275930755,1230200021919,1,20380.97,13020.80,26.00,1
1490,СЗ ГАРДИЕН,7838475051,1127847255326,1,20376.00,11411.46,11.00,1
10838,КОМОССТРОЙ РУССО СЗ,1831195738,1191832018663,1,20361.60,13363.40,18.00,1
11293,СЗ СК КРЫМСКИЙ БЕРЕГ,9102249709,1189112038500,1,20359.49,11451.60,17.00,1
19122,СЗ КОМПАНИЯ АВА,3650004047,1023601589472,2,20357.80,13212.20,8.00,1
16611,СОЗДАТЕЛИ. ЧЕТВЕРТЫЙ,7203550115,1237200001081,1,20347.35,13435.50,11.00,1
11192,СК РАДАМИРА,6312203078,1206300026240,6,20329.60,13585.80,9.00,1
19069,АМА,0500006145,1240500003314,1,20315.28,12946.00,9.00,1
17007,КАСКАД СТРОЙ СЗ,5260470367,1205200013105,1,20306.32,11368.90,16.00,1
12767,СЗ ГОЛДИНВЕСТ,2543140501,1192536022227,1,20279.30,11408.24,25.00,1
16480,СЗ НОВЫЙ ГОРОД,2630052820,1232600000203,2,20274.30,13511.70,10.00,1
3039,СЗ РЕЗУЛЬТАТ,6027126690,1106027001068,2,20265.33,14113.10,12.00,1
16748,СЗ БИБЛИОСИТИ,5401403711,1215400027622,1,20222.23,11176.55,26.00,1
23527,СЗ ГРАНДЕКС,9201507037,1159204014232,1,20200.11,12640.88,14.00,1
17694,СЗ - УКЗ № 12 КПД,0276965856,1210200053601,2,20193.65,13512.54,16.00,1
1623,СЗ ПРОМСТРОЙ,3906153890,1063906102699,3,20173.30,11212.30,5.00,1
14828,СЗ ПАРКОВЫЙ,6317154498,1216300041220,1,20172.45,12494.52,22.00,1
33,КС ВЫСОТА СЗ,1831157281,1121831008672,1,20150.50,10627.60,16.00,1
13321,СЗ КОНДРАТОВО 1,5902061681,1215900017960,2,20145.20,12844.80,14.50,1
2191,СЗ ТАНТАЛ,7536004747,1027501157090,2,20129.48,13289.90,17.00,1
13155,СЗ ПАРТНЕР,4205088839,1054205153452,1,20100.70,10664.00,16.00,1
11596,СЗ ДОМ УЧИТЕЛЯ,5903146730,1205900021645,1,20097.60,14409.40,19.00,1
17587,СЗ МЕГАПОЛИС,2536327724,1212500009941,1,20088.21,10016.06,17.00,1
3420,РГС ГРУПП,7447139573,1087447014566,3,20082.60,14677.40,7.33,1
19282,СЗ АМД КОНСТРУКЦИЯ,2511110800,1192536030565,1,20065.00,12456.20,25.00,1
687,СЗ РИВЬЕРА-ИНВЕСТ-ЕКБ,6670433184,1169658022280,1,20061.61,12995.00,27.00,1
10435,СПЕЦЗАСТРОЙЩИК СТОЛЯР,2618003294,1022600962405,1,20045.60,12729.34,11.00,1
14260,СЗ МИР-ДЕВЕЛОПМЕНТ,7725847781,5147746317956,1,20042.00,0.00,17.00,1
8024,СЗ СК-131,8608052991,1078608000679,1,20038.00,15683.20,18.00,1
26273,СЗ КОМФОРТ СТРОЙ,1650409963,1221600006011,1,20030.29,12076.68,25.00,1
39140,СЗ ПТК,6234024350,1066234007399,2,20014.14,11876.92,8.00,1
22761,СЗ РЕСПУБЛИКА-3,0278979759,1230200035647,1,19996.61,12914.60,26.00,1
8436,СЗ ШАРД 63,6317135375,1196313025424,2,19958.00,11581.81,12.50,1
10643,СЗ 31-ГРУПП,3123454440,1193123013313,1,19920.67,11325.18,15.00,1
1074,СЗ ЭВРИКА,3301033245,1153339000121,4,19912.70,11878.50,10.50,1
1624,СЗ АДРЕМ РАЗВИТИЕ,3663091706,1123668019804,2,19900.88,14107.06,10.00,1
11345,СЗ РУМЕР,5401993193,1195476038240,5,19894.99,13328.52,8.40,1
1574,СЗ ИГС,3444264106,1173443009398,1,19863.50,10009.05,24.00,1
18356,СЗ С-СТРОЙ,2635253424,1222600005847,1,19858.50,14101.40,8.00,1
18420,СЗ СМО-7,2320113399,1032311685482,19,19856.40,19856.40,3.00,1
3603,СЗ ДЕМИДОВЪ,3702566032,1083702021479,2,19849.60,13537.30,15.00,1
16632,МЕГАПОЛИС ДЕВЕЛОПМЕНТ,0542022068,1230500006780,1,19838.89,12135.58,9.00,1
18698,СЗ 2Д ДЕВЕЛОПМЕНТ,5260486423,1225200034509,1,19832.10,11016.93,11.00,1
14219,СЗ ЭЙ ЭЙ ДЖИ,7839121200,1197847189396,1,19820.20,9352.48,12.00,1
18707,СЗ РБС-ДОН,6166129659,1236100035379,1,19812.13,10162.24,5.00,1
28979,СЗ ЮЖНЫЙ ПАРК,4706068858,1234700030410,3,19797.63,13980.00,7.00,1
15520,СЗ МАКСИСТРОЙ,6800000184,1226800005585,2,19773.70,14873.30,10.00,1
13294,СЗ АКСИОМА 3,3015118346,1213000002600,4,19757.82,14592.26,8.00,1
7860,СЗ ИЛЬИНСКИЙ ДОМ,0275911030,1170280026971,1,19751.94,10000.00,21.00,1
38657,СЗ ДОМ 3,7300046873,1257300008020,1,19747.38,12623.78,25.00,1
18624,СЗ ЯМАЛИНВЕСТСТРОЙ,8905067775,1228900001296,1,19734.37,9884.27,9.00,1
19130,СЗ ПМД-ЕРАНИЧИ 2,5904409131,1245900000345,1,19710.90,12438.10,13.00,1
7542,ПРОМСТРОЙКОМПЛЕКТ,7802841032,1137847410084,1,19696.60,7350.78,8.00,1
32049,СЗ КАРАГАЛИНСКИЙ,2014046182,1252000006521,1,19694.45,12767.95,19.00,1
16159,СЗ СТРОИТЕЛЬНЫЙ КАМЕНЬ,2222896751,1222200003772,3,19669.73,12242.65,8.67,1
23818,СЗ НИКС ЛАЙН 1,7451462346,1237400001255,2,19667.12,12869.87,11.00,1
6473,СЗ СИБМАШ-СЕВЕРСТРОЙ,7202219694,1117232027648,2,19596.79,13562.08,15.00,1
28581,СЗ ХОРОШОЗДЕСЬ,3000017112,1253000000120,1,19594.00,12726.00,19.00,1
7495,М ТЕХНОЛОГИЯ,7704512223,1047796075832,1,19579.80,0.00,9.00,1
19083,ООО СЗ ИН-ЛЕВЭЛ,2311361652,1242300013042,2,19569.17,9698.80,6.00,1
17507,СЗ ТЕХНОСТРОЙ,1659110656,1111690026788,1,19565.20,9559.80,24.00,1
2324,СЗ МОСТ,2462053219,1172468006875,1,19562.40,11779.00,28.00,1
571,СЗ ДСК,3443119748,1123443006851,3,19557.60,11342.00,9.33,1
3535,СЗ ЛЕНИНГРАД,3811450486,1173850039604,4,19549.70,13228.36,11.50,1
2641,СЗ АВЕНЮИНВЕСТ,7447274389,1177456063180,2,19540.66,16654.16,8.00,1
16086,СЗ АТОМ-ЮЖНОГОРСКАЯ,6672192671,1056604460990,2,19512.25,13587.01,14.00,1
41804,СЗ АС СТРОЙ,6800017692,1256800004735,2,19509.00,14835.70,10.00,1
22587,СЗ СЕМЕЙНЫЙ ЗАСТРОЙЩИК ДОМ СОЛНЦА,5402082725,1245400011724,2,19508.03,13956.90,16.00,1
2863,РАА,6311043167,1026301520970,1,19503.94,0.00,4.00,1
16866,СЗ СК-6,0275930723,1230200021886,1,19469.30,13121.25,26.00,1
16865,СЗ СК-9,0275930843,1230200022799,1,19469.30,13121.25,26.00,1
17896,СЗ А1,7727460660,1217700086548,1,19467.20,12591.20,12.00,1
15183,СЗ ИНВЕСТСТРОЙ,5638065488,1145658023477,3,19452.76,12125.64,19.00,1
2457,СЗ ПРЕМИУМ,0725022114,1170726002040,1,19440.49,13360.05,13.00,1
13516,СЗ ЦЕНТРАЛЬНЫЙ,2310221525,1202300057376,2,19435.90,11677.00,13.00,1
2995,СЗ ПАРКОВЫЙ,3257056071,1173256009453,3,19399.57,8494.48,10.33,1
2098,ЗОЛЬСКАЯ ПМК-1,0702007173,1020700540893,2,19397.40,13040.00,9.00,1
27502,СЗ РОСТОШИ ПРЕМЬЕР,5610234175,1195658000834,7,19395.63,13523.97,5.00,1
29357,СЗ - УКЗ № 21 КПД,0276175015,1240200011710,1,19391.85,13225.23,19.00,1
15530,СЗ ТАК.ТЕЛЕЦЕНТР,5403069893,1225400018733,2,19388.32,8598.93,15.00,1
17466,СЗ БМ-ГРУПП ЮГ,3652902649,1233600015220,1,19376.24,13670.60,8.00,1
19230,СЗ ДОМБАЙ,2312308394,1222300011086,1,19348.10,0.00,9.00,1
18603,СЗ ДОМ НА РЕВОЛЮЦИОНЕРОВ,0269045199,1240200006100,3,19338.97,12148.88,10.00,1
30939,СЗ БАЗИС ИНВЕСТ,3528345383,1253500006792,1,19330.24,14835.45,10.00,1
7329,СЗ УДАРНИК,5751056729,1155749007281,1,19300.40,12426.69,25.00,1
22357,СЗ БСК-УЛЬЯНОВСК,7720917347,1237700891691,1,19275.47,12303.62,14.00,1
21892,СЗ ЦВЕТНОЙ БУЛЬВАР,6229044457,1126229001282,1,19264.10,8849.00,10.00,1
30164,СЗ РЕГИОН,6800010714,1246800003053,2,19260.10,13493.60,10.00,1
13671,ПРОМЖИЛСТРОЙ РСО-АЛАНИЯ,1513043241,1131513004754,1,19245.60,11475.90,7.00,1
15555,СЗ НК,4205400014,1214200013488,1,19218.60,10592.80,21.00,1
16366,СЗ ОРЕЛСТРОЙ-11,5751066519,1225700000569,1,19213.60,13919.90,17.00,1
16367,СЗ ОРЕЛСТРОЙ-10,5751066501,1225700000558,1,19213.60,13919.90,17.00,1
17561,СЗ ГК ОСТ-8,7100046629,1237100015470,2,19196.20,12609.93,15.50,1
590,МСЗ АРТ,1435336216,1181447013373,3,19193.14,13309.21,9.00,1
10453,СК НАШ НОВЫЙ ГОРОД,0276070848,1020202857256,1,19190.75,12121.84,27.00,1
6733,СЗ МСК ЛОСИНООСТРОВСКАЯ,5047061664,1045009560804,4,19185.01,0.00,3.00,1
14354,СПЕЦЗАСТРОЙЩИК НОВГОРОДСЕЛЬСТРОЙ,5300004407,1225300002322,2,19174.80,9207.00,10.00,1
18964,СЗ МЕГАПОЛИС,5445013395,1125483001841,1,19166.80,11474.40,19.00,1
705,СЗ ТЮС,3123136631,1063123135680,3,19154.60,6442.32,5.67,1
31617,СЗ МЕСТО СИЛЫ,3900039983,1253900004247,2,19144.70,10484.50,5.00,1
684,СЗ СРС,5408172453,1025403654715,2,19128.64,12735.21,10.00,1
6150,СЗ СИБЭКОСТРОЙ,5406203025,1025402463437,2,19079.96,10573.92,20.00,1
15697,СЗ РЕГИОНСТРОЙ58,5837080096,1215800003220,1,19067.10,11992.25,19.00,1
13368,СЗ СК ОЛМА,5402536866,1115476039777,1,19057.70,10664.90,19.00,1
16819,СЗ ЭЛИТА-ЭКО,7730047558,1027739315185,1,19055.25,0.00,15.00,1
17387,СЗ СИБКОМИНВЕСТ,2225134600,1122225016132,1,19042.20,11243.90,11.00,1
16691,СЗ КАСКАД Л,3328021279,1183328011415,1,19019.84,11210.20,10.00,1
33013,СЗ ИСТОРИЧЕСКИЙ ЦЕНТР,3900040001,1253900004269,1,19017.80,11614.61,9.00,1
13360,СЗ КЛЮЧ-42,4205396456,1214200005360,2,19011.11,13525.43,16.00,1
17096,СЗ ИНТЕК,7842423306,1107847009071,1,19004.00,11444.30,7.00,1
12136,СЗ СТРОЙ ГАРАНТ,0326583358,1200300014287,1,18995.30,10262.40,14.00,1
12360,СЗ ОЛИМП,3905075914,1063905075684,1,18989.50,12058.90,5.00,1
8822,СЗ АСТРАХАНЬ-ДЕВЕЛОПМЕНТ,3025033451,1183025004250,1,18987.00,12223.20,25.00,1
14539,СЗ ЦИФРА,5405030108,1185476084980,1,18978.62,10675.18,24.00,1
19234,СЗ РП-СТРОЙ 57,5754027363,1215700001912,3,18971.76,11880.47,7.00,1
30124,СЗ ДОСТОЯНИЕ,3666275229,1253600008892,1,18959.71,14800.27,16.00,1
25825,ЮЖНЫЙ СЗ,0500024627,1240500021981,1,18959.34,13960.80,3.00,1
13744,СЗ ФРОНТОН,2536317204,1192536014990,1,18936.70,13149.80,26.00,1
16537,СЗ СОЮЗ ДЕВЕЛОПМЕНТ,3000000126,1223000001400,1,18910.17,13004.22,25.00,1
16408,СЗ ОПТИМА,7704663550,1077761028707,1,18894.96,9683.34,8.00,1
17607,СЗ ОСНОВА,7100020885,1227100005780,1,18881.14,11196.08,16.00,1
7805,СПЕЦЗАСТРОЙЩИК СК ПРОФИ-ИНВЕСТ,5038112697,1155038002570,1,18880.84,12599.98,26.00,1
22821,СЗ ТЕРНОВСКОГО 222,5834128825,1225800006520,1,18859.13,12278.25,17.00,1
16845,СЗ ПРОГРЕСС ВЕКТОР,3000004434,1223000005722,1,18851.73,12479.98,23.00,1
40650,СЗ СТРОЙДОМ,0500012491,1240500009738,4,18848.88,8798.11,7.50,1
11818,СЗ СЕВЕРНЕФТЬ,8911000514,1148911011314,1,18840.16,7593.87,9.00,1
17782,СЗ ВЕРТА,1650427585,1231600046446,2,18800.82,14053.78,17.00,1
17043,СЗ БАРХАН,0300010384,1220300008610,3,18800.10,11312.64,7.00,1
41284,СЗ АМ-СТРОЙ,3460088289,1253400006386,1,18790.00,11776.68,24.00,1
9383,СЗ Ю-ИНВЕСТ,7709862944,1107746810412,2,18788.01,11363.71,6.00,1
553,СЗ ЭКОДОМ,7327021643,1027301486464,2,18782.23,11882.19,11.00,1
7531,СЗ МОНТАЖЖИЛСТРОЙ-Т,6154141958,1156196073560,2,18764.02,15178.58,9.00,1
2063,СЗ ЧЕРРИДОМ-СТРОЙ,3525210660,1083525013670,3,18762.60,11630.20,8.67,1
16022,СЗ СУПЛЕКС ТЕХНОЛОДЖИС,7708780939,1137746059351,1,18754.23,8990.80,10.00,1
18576,СЗ ДОМ,5406829743,1235400008194,1,18753.10,9448.70,21.00,1
24587,СЗ БАЛТРАНЗИТ,7842006567,1047844002700,1,18742.50,9437.00,8.00,1
16437,СЗ ГВАРДЕЙСКИЙ,4400014171,1234400002374,5,18737.79,13083.70,5.00,1
15316,СЗ СФ №9 ПСК-6,0277958474,1220200011910,1,18732.80,13941.00,28.00,1
18821,СЗ МС-14,7606130787,1227600012496,1,18726.41,14336.85,19.00,1
3946,СЗ РЕМСТРОЙ,3665063221,1073667026773,1,18704.50,12698.30,17.00,1
37817,СЗ ЛЮБИМЫЙ ГОРОД,0300025327,1240300005538,1,18701.80,13563.60,15.00,1
27959,СЗ У2-ДЕВЕЛОПМЕНТ,9715447731,1237700277770,1,18689.53,10262.94,19.00,1
36558,СЗ СИМДОМСТРОЙ,9102292856,1239100014262,2,18668.90,9294.07,7.00,1
12313,СЗ АКВИЛОН СЕВЕРОДВИНСК,2901297953,1192901006924,1,18668.50,11149.28,10.00,1
12341,СЗ ЛИДЕР,3906398932,1213900001260,2,18655.37,12264.89,6.00,1
22700,СЗ СТАРК,2223642855,1232200013902,2,18622.86,10489.99,13.00,1
32254,СЗ ОНИКС ГРУПП,3849089759,1223800012776,3,18596.70,13961.60,11.00,1
3144,СЗ МОНОЛИТ-ДОМОСТРОЙ,3325012653,1063336005875,2,18594.29,13596.54,9.00,1
16395,СЗ КПД-1,4632290541,1224600002945,1,18583.40,9825.90,22.00,1
11207,СЗ ЖСК,3702249611,1203700017443,2,18567.10,12918.60,18.00,1
19480,СЗ ДЕВЕЛОПЕР №3,1655495860,1231600030793,1,18558.63,8900.96,14.00,1
8545,СЗ ТВН,3906987374,1163926063685,8,18529.07,10899.68,6.00,1
29446,СЗ СК-ПЕРВЫЙ,2014045862,1252000005311,2,18528.24,13873.60,15.00,1
32205,СЗ ФРИДОМ ВИЛЛЭДЖ,5410166707,1255400015353,6,18514.73,15084.89,4.50,1
16636,СЗ ПРОГРЕСС БУМЕРАНГ,3000005004,1233000000540,3,18511.02,13006.27,10.00,1
17660,СЗ ЗОЛОТЫЕ ПЕСКИ,0554007924,1210500009378,1,18504.54,10087.30,10.00,1
18679,ФОРТИС-СКОН,6685188320,1216600036828,1,18484.20,11824.90,26.00,1
24475,СЗ КОМФОРТ А,9703203755,1257700041521,1,18479.00,12189.10,13.00,1
17309,СЗ ПАТРИОТ ПАРК-1,7100044653,1237100013468,1,18452.02,12203.25,26.00,1
16050,СЗ НОВЫЙ ДОМ ВЛ,2543152419,1202500022515,2,18450.20,11690.50,14.50,1
2893,СЗ КОШЕЛЕВ-ПРОЕКТ,6312102986,1106312009253,1,18448.02,11983.30,17.00,1
15090,СЗ УСК,5609090313,1135658014183,2,18444.71,11276.65,19.00,1
11042,СЗ РП,2721245917,1202700002867,1,18407.80,7843.08,21.00,1
20284,СЗ КНК-2,6686152710,1236600037068,1,18406.47,13465.63,34.00,1
22723,СЗ ЮЖНЫЙ СЛОН-1,2636222700,1242600008518,1,18383.70,10682.50,13.00,1
23167,СЗ ПЕРВАЯ ЛИНИЯ,7203576995,1247200011211,1,18381.16,13622.75,15.00,1
16732,СЗ А-СТРОЙ,3000000535,1223000001817,1,18374.60,10204.82,18.00,1
17605,СЗ СИМСТРОЙИНВЕСТ,9102213420,1169102075670,1,18374.22,0.00,16.00,1
11435,СЗ ВЕСТ-АКЦЕНТ-СТРОЙ,9101007009,1159102025158,4,18351.44,11444.28,10.00,1
22160,СЗ ННДК 7,5260496460,1245200021967,1,18341.76,8654.90,9.00,1
8596,СЗ СМУ БИК,3666192420,1143668028680,1,18336.05,7515.99,32.00,1
15794,СЗ УНИСТРОЙПЕРМЬ,5906171678,1215900022282,1,18327.00,12733.98,5.00,1
6947,КАПЕЛЬ+,7726257263,1037739264793,1,18312.40,0.00,20.00,1
6240,РОМАНТИКА,4703132463,1124703012147,2,18259.29,11391.40,10.50,1
17906,СЗ АТХ КУРЧАТОВ-ПАРК,4634010408,1094613000459,2,18250.82,11677.17,10.50,1
14820,СЗ ЭКОСТРОЙ,6320052471,1206300047887,1,18240.22,13534.37,10.00,1
20908,СЗ АНФИЛАДА,2901318917,1242900005138,1,18230.00,11193.91,17.00,1
19870,СЗ ФОТИЕВОЙ 5,7725381243,1177746625825,1,18224.70,8943.30,11.00,1
15848,СЗ МЕГАПОЛИС,1326256994,1211300002550,1,18214.67,12667.87,19.00,1
14636,СЗ АРХИПЕЛАГ,5404018690,1155476095213,1,18214.35,10396.57,27.00,1
35124,СЗ ВЕТЕР СВОБОДЫ,6200002824,1246200001519,2,18210.76,12163.71,12.00,1
38422,СЗ ЗВЕЗДНЫЙ 15-16,3700021097,1243700005823,1,18194.34,9236.44,16.00,1
6572,СЗ ЭКОСИТИ,7447216718,1127447014640,1,18192.74,12902.11,10.00,1
19729,СЗ РЭС-НАХИМОВА,3000011270,1243000000320,2,18192.20,12766.20,16.00,1
18357,СЗ РЕЗИДЕНЦИЯ НА САРЫ САДЫКОВОЙ,1655499022,1231600058480,1,18173.96,6816.59,5.00,1
14529,СЗ СОЦСФЕРА ТДСК,7017330715,1137017010272,2,18172.68,13480.78,11.00,1
13373,СЗ АЛЬФАСТРОЙ,2636218398,1202600013802,1,18141.20,10282.40,10.00,1
32975,СЗ ЗВЕЗДНЫЙ 13-14,3700021121,1243700005845,1,18126.74,11001.73,16.00,1
18756,СЗ СИБИРЬ,7203463938,1187232029885,7,18125.76,11677.06,4.00,1
28080,СЗ САНУР,2224215574,1242200007961,4,18105.90,11517.00,8.50,1
379,СЗ СМОЛАРТСТРОЙ,6732128747,1166733064475,1,18105.28,12687.42,15.00,1
19313,СЗ ООО БРИК,3443150547,1233400005926,1,18104.52,12296.29,20.00,1
17733,СЗ КПД РИЭЛТ,3906999267,1163926081736,2,18084.09,12308.07,7.00,1
18415,СЗ ТРЕСТ-84,7447302029,1217400024269,1,18056.73,14233.35,19.00,1
19335,СЗ ИСГ,0268101926,1240200025163,1,18044.60,10404.70,14.00,1
14800,АТЛАНТИК,0917023880,1130917002347,1,18033.00,12075.50,12.00,1
23205,СЗ ОКТАВА,7325114532,1127325004542,1,18020.60,12171.28,24.00,1
17255,СТС СЗ,4703088172,1064703072180,2,18005.82,12046.85,4.00,1
2622,СЗ МЕГАПОЛИС,7604316842,1167627101014,1,17997.18,12206.48,23.00,1
15395,СЗ ГОРКИ ПАРК,9102277135,1219100015375,4,17985.23,11958.37,5.00,1
15186,СЗ ДОМСТРОЙ,5903149554,1215900009412,1,17964.39,10038.76,7.00,1
40309,АЛТИ-СТРОЙ,0700027872,1250700006435,2,17962.00,17962.00,8.00,1
15599,СЗ КОНДИ,2320121390,1042311681939,4,17958.80,10141.20,7.00,1
19380,СЗ КОМФОРТДОМПЛЮС,6800009268,1246800001601,1,17955.00,9517.50,17.00,1
13421,СЗ АЛЬФАГРУПП,1900002933,1211900002324,1,17933.90,11639.80,14.00,1
16734,СЗ ПОБЕДОНОСЦЕВ ГРУПП,7604387794,1227600014190,1,17929.90,11738.00,9.00,1
19672,СЗ КРАСНОЯРСКИЕ ИНВЕСТИЦИИ,2464160304,1222400026474,1,17924.10,9979.30,10.00,1
6570,СЗ НОВА-ТРЕЙД,1001275592,1131001012702,2,17900.90,10128.00,15.00,1
5632,СЗ КАПСТРОЙ В,2301087070,1142301003558,1,17895.50,0.00,5.00,1
22189,СЗ ПРЕСТИЖ СТРОЙ,2511126656,1232500034601,2,17894.60,12555.49,8.50,1
22222,СЗ АРКАДА ДЖАНКОЙ,9102298569,1249100011060,2,17890.22,10423.60,13.00,1
2911,СЗ ФОРУМ,4401168833,1164401050956,2,17838.68,14630.70,10.00,1
22789,СЗ КАМЕЛОТ,9701252980,1237700447269,1,17835.21,8943.65,9.00,1
13091,СЗ ПЕРСПЕКТИВНЫЕ ИНВЕСТИЦИИ,7707829194,1147746300591,1,17823.10,11112.00,18.00,1
17082,СЗ ЭКОТЕХНОЛОГИИ,2540270245,1222500017024,1,17797.40,9230.90,16.00,1
9318,СЗ НОВЫЙ ГОРОД,5030088749,1165030051119,3,17792.07,11355.70,9.00,1
21512,СЗ НОВОЕ ПОКОЛЕНИЕ,7325173697,1217300006252,1,17790.90,11265.52,20.00,1
8131,СЗ ИСК БУДМАР,2310081363,1032305692165,1,17781.37,0.00,6.00,1
18882,СЗ МЕДОВЫЙ-10,5904410881,1245900009024,1,17765.88,11335.54,16.00,1
11404,СЗ СК ПОЛИС,6315001746,1156315001171,2,17734.34,8976.97,12.50,1
13620,ФОРТИС СТРОЙ,6671098838,1196658061137,1,17720.70,12455.10,26.00,1
19972,СЗ СОЦПРОМСТРОЙ-ДРИМ,5032324110,1205000112932,1,17717.78,0.00,15.00,1
22922,СЗ ЯСНЫЙ 3,2461052678,1242400013184,1,17712.54,12697.28,10.00,1
16181,СЗ ЗАРЯ-ЮГ,9103010688,1149102088992,1,17711.33,9849.37,11.00,1
17095,СЗ ЕВРОПА 2,7325169901,1207300006022,1,17702.65,10568.69,15.00,1
40976,СЗ АПС 22,2223644348,1242200005552,2,17699.60,10738.90,9.00,1
2912,‹‹СЗ ‹‹СТРОЙ-НАДЕЖДА››,3235015191,1033231002694,2,17693.33,11741.15,9.00,1
18560,СЗ БАЛАНС ЯМСКАЯ,7203502633,1207200007904,1,17691.64,8845.24,10.00,1
22783,АЧИ-СУ РЕЗОРТ-СЗ,0500014562,1240500011817,1,17686.36,0.00,9.00,1
18544,СЗ ИРСЗ - ДЕВЕЛОПМЕНТ,0268100305,1240200008443,1,17680.10,10387.70,12.00,1
2646,СЗ СТРОЙГАРАНТ,6141042798,1126181002749,3,17678.89,13086.95,9.00,1
12166,СЗ МЕЧТЫ В ЖИЗНЬ,6234194049,1216200000840,1,17674.44,12382.15,26.00,1
23955,СЗ КОНТИНЕНТ,0900008549,1230900002080,2,17665.90,12263.36,10.00,1
3540,СЗ ВПС,1216001104,1021202250772,2,17653.01,11683.18,9.00,1
19018,СЗ ИНВЕСТ-ГРУПП,3444280080,1233400009655,1,17653.00,11105.00,17.00,1
19195,СЗ МЕДОВЫЙ-9,5904411317,1245900011720,1,17627.08,11064.60,9.00,1
19638,СЗ СТАРК,2536314700,1182536045966,1,17620.37,5691.20,12.00,1
21501,СЗ ФОКУС ГРУПП,7604394953,1237600011945,1,17605.20,10922.20,10.00,1
18802,СЗ МЕГАПОЛИС РАЗВИТИЕ,3663104384,1143668023388,1,17603.86,0.00,16.00,1
22827,СЗ ЯЛТА ИНВЕСТ 2012,9103068110,1159102058752,1,17601.90,0.00,11.00,1
10033,СЗ ФОТОН-ИНВЕСТ,0919002340,1100919000346,3,17580.08,7706.52,10.33,1
14138,СЗ ИДК,0326584390,1200300015904,1,17575.17,9840.73,13.00,1
31776,СЗ 111 КВАРТАЛ,0300018016,1230300007563,1,17544.79,8799.00,14.00,1
13603,СЗ КВАРТАЛ,7100005510,1217100005385,5,17541.68,10550.78,6.00,1
20795,СЗ БОЛДИНА,7100040722,1237100009453,1,17527.60,7738.30,6.00,1
28353,СЗ НОВЫЙ ДОМ-3,0272929310,1250200002997,1,17521.73,11714.36,26.00,1
15902,СЗ СРЕДА,6234201698,1226200008594,2,17518.10,9566.32,9.00,1
11432,СЗ ПМК-3,1215014090,1021200751032,3,17503.36,11519.67,10.00,1
19141,СЗ ЭНТУЗИАСТ ДВ,2508145137,1222500032567,2,17475.00,11251.50,10.50,1
19308,СЗ ВЕГОЛОС ВОСТОЧНЫЙ,3100025170,1233100013662,4,17464.40,10750.61,10.00,1
42749,СЗ ЛИДЕР,3652904773,1253600004019,3,17435.21,11801.32,10.00,1
33205,СЗ ОРЕШНИК 45,7449158155,1257400020855,1,17426.90,13367.42,11.00,1
18833,СЗ АРКАДА ПАРК ПЯТЬ,9102278072,1219100017620,2,17416.10,11098.20,13.00,1
16060,СЗ УТУМ-СТРОЙ+,1400002050,1211400012537,3,17413.78,11656.57,8.33,1
16010,СЗ ГЕОПРИБОР,7705022285,1027700342328,1,17410.60,0.00,10.00,1
18379,СЗ ССК,9729371673,1247700225508,1,17399.11,13854.19,10.00,1
588,СЗ СТАНДАРТ-ИНВЕСТ,7325124636,1137325006675,1,17392.54,11065.76,25.00,1
38910,СЗ ИСКРА,2222901218,1232200004068,1,17389.93,4767.91,20.00,1
15496,СЗ РЕНТА,3662099780,1053600265861,1,17376.90,10136.45,20.00,1
17068,СЗ АРЕАЛ-ПРОЕКТ 3,2540255818,1202500009161,1,17368.10,8571.80,11.00,1
197,СЗ КПД МОНТАЖ,3907211591,1103926003961,3,17362.15,10887.04,5.00,1
7174,СЗ ВЕСТА-ДЕВЕЛОПМЕНТ,7203395646,1167232081807,1,17352.97,11771.48,20.00,1
820,ГЛОРИЯ,5321072550,1025300786279,3,17350.10,11751.50,8.00,1
11252,СЗ НОВЫЙ СВЕТ,3443145427,1203400008217,1,17332.00,10792.40,24.00,1
22316,СЗ ТВОЙ КОСМОС,7841445120,1117847202648,1,17330.00,9628.40,13.00,1
21502,СЗ ФОКУС СТРОЙ,7604394914,1237600011791,3,17329.28,11607.49,10.00,1
21263,СЗ СТРОЙДОМИНВЕСТ,0274978560,1230200014252,5,17328.57,9845.21,6.00,1
12924,СЗ СЧАСТЬЕ,7207021151,1217200003382,2,17322.40,12331.94,5.50,1
27312,СЗ АРХИГРАД-ВЕГАС,0100005845,1230100002142,3,17307.68,10102.54,11.67,1
12718,СЗ БРИЗ,2901303942,1202900007420,1,17299.62,10714.03,10.00,1
18874,СЗ АГРО-СТРОЙ,0726017389,1160726059460,1,17291.08,8460.28,5.00,1
2248,СЗ СТРОЙКОМПЛЕКТ-КОММЕРЦ,3906125928,1043902833040,2,17281.10,11498.12,11.00,1
15991,СЗ ДАРС-ХАБАРОВСК,9703092883,1227700348094,1,17276.11,11666.98,25.00,1
10999,СЗ РОСТСТРОЙ-СВ,1901137595,1181901000962,2,17263.16,10939.70,8.50,1
22828,СЗ АЛУШТА-РИВЬЕРА,9101033739,1169102081720,1,17262.22,0.00,15.00,1
43837,СЗ ГРАДОСФЕРА,0500040717,1250500015457,1,17259.23,8563.24,9.00,1
3119,СЗ РК ЭФЕС,6670333800,1116670008861,1,17258.40,12044.18,26.00,1
8586,СЗ СИМФЕРОПОЛЬСКИЙ,9201526801,1189204008399,1,17255.40,7501.72,18.00,1
22161,СЗ АРКАДА ПАРК,9109030850,1249100007750,2,17242.80,10338.60,13.00,1
33828,СЗ СТРОЙКОМ,3906182450,1073906031924,2,17235.90,10437.70,8.50,1
16778,СК МОНОЛИТ,2010008436,1182036000618,1,17211.35,9229.60,11.00,1
3967,СЗ СК ЭКОНОМЖИЛСТРОЙ,2452033982,1072452000807,1,17199.48,11917.69,27.00,1
2835,МК-СТРОЙ,3525121233,1023500877674,3,17198.36,12357.21,8.00,1
8017,СЗ ВИШНЕВЫЙ САД,9110019716,1179102002518,1,17188.50,8980.56,21.00,1
6588,СЗ УК ПЕТРОКОМИНВЕСТ,7838369279,1069847507498,1,17177.00,13172.24,10.00,1
17139,СЗ АРТЕМСТРОЙ-ДВ,2502062237,1202500010041,1,17162.20,11851.40,25.00,1
1782,СЗ СМУ СТРОЙ ИНВЕСТ,4632042348,1044637010956,2,17156.00,12500.80,9.00,1
15895,СЗ ИНВЕСТГАРАНТСТРОЙ,3257058858,1183256000388,1,17148.15,11385.51,17.00,1
16241,СЗ РИВЬЕРА ЮГ,6679162757,1236600006312,1,17140.60,13175.50,26.00,1
19124,СЗ АПСАЙД НОВОСЛОБОДСКАЯ,9715471942,1247700062466,1,17140.20,9608.90,22.00,1
33000,СЗ ПЕРВАЯ ЛИНИЯ - 2,5012115608,1255000061227,2,17123.59,13245.68,4.00,1
28533,ВСЗ СЗ ОСАНОВСКИЕ ЗОРИ 2,3500015000,1253500004394,1,17122.70,11948.60,11.00,1
24768,СЗ ТОЛБУХИНА 3,9703042480,1217700362351,1,17107.20,0.00,15.00,1
16835,СЗ ПУШКИНА 77,5507164372,1165543072749,1,17101.44,10076.67,16.00,1
22076,СЗ СЕНС.КИСЛОВСКИЙ,7708545163,1047796921798,1,17064.70,6197.80,12.00,1
2779,СЗ ВЕСНА,6321402506,1166313053730,2,17060.63,11010.85,5.00,1
7985,СЗ АЛЬЯНС-СТРОЙ,5905294268,1125905008437,1,17050.40,9944.50,10.00,1
25305,СЗ АВРОРА ДМС ГРУПП,2540235547,1182536020578,1,17046.98,9154.37,23.00,1
30029,СЗ РЕАЛ СТРОЙ,7602126839,1167627050480,3,17045.47,9353.76,5.33,1
13417,СЗ ПРОМЕТЕЙ,6732195278,1206700006920,2,17041.00,10006.20,12.00,1
30593,СЗ ЗВЕЗДНЫЙ-10,3700016570,1243700001280,1,17039.42,11468.60,15.00,1
23482,СЗ ЕКАТЕРИНИНСКИЙ,1001255003,1121001001967,1,17029.70,10318.62,7.00,1
43262,СЗ ЮЖНЫЕ ВОРОТА - 2,0500022926,1240500020265,4,17025.30,8618.99,6.00,1
9528,СЗ УРАЛЬСКАЯ ЭКОДОЛИНА,7203464000,1187232030061,19,17014.60,12780.79,2.32,1
16768,СЗ ЭМКАДЭ,5402075728,1225400047740,1,17007.75,10836.24,21.00,1
41056,СЗ ПАРКИНГ НА РАДИЩЕВА,6671464851,1146671025115,1,16999.00,0.00,12.00,1
21497,СЗ ЭЛИТНЫЙ,0500017370,1240500014622,1,16994.27,11037.53,9.00,1
16210,СЗ СИБИРЬ ДЕВЕЛОПМЕНТ,1900008660,1221900004039,3,16989.00,12193.74,10.00,1
20917,СЗ ЖК НА БЛЮХЕРА 5,7448254057,1237400038787,1,16984.04,11221.32,11.00,1
18769,СЗ КАМБАРСКАЯ,1800013970,1241800002696,1,16965.72,11418.32,20.00,1
33900,СЗ-АСК2,2700010311,1232700007100,1,16958.80,8791.80,23.00,1
3831,СЗ ЭДЕЛЬВЕЙС,5030060863,1085030000384,1,16954.07,8309.66,7.00,1
23321,СЗ НОВАЯ СРЕДА,5838011881,1165835070455,1,16946.40,10367.30,9.00,1
19146,СЗ ЛЕРМОНТОВСКИЙ,9102293592,1239100016209,1,16942.50,7278.82,10.00,1
1048,СЗ КОНТИНЕНТ,1215048572,1021200771954,3,16936.59,10537.45,11.00,1
14496,СЗ НЬЮТОН,6234137308,1146234012352,1,16916.00,16825.50,22.00,1
35120,СЗ ПЕРВЫЙ ЮЖНЫЙ,2508150384,1242500024612,1,16911.00,11656.15,24.00,1
17234,СЗ НОВОСТРОЙ ВОРОНЕЖ,3662301397,1223600013790,1,16850.25,9567.67,11.00,1
17430,СЗ АЛЕКСАНДРОВСКИЙ САД 3,3616026820,1223600012680,4,16848.43,9753.38,5.00,1
1187,ГК РЕГИОНЖИЛСТРОЙ,2129017653,1022101281840,2,16846.40,9865.77,12.00,1
9748,СЗ СТРОЙМЕХАНИКА,4401161235,1154401003437,2,16815.60,10362.50,10.00,1
13295,СЗ ИНЭКО ГДС,3912012464,1063913019356,2,16809.30,0.00,7.00,1
23948,СЗ АНТЕЙ-АЛЬЯНС,2628040383,1022601313415,1,16803.18,0.00,16.00,1
30697,СЗ АМЕТИСТ,7804711021,1247800090944,1,16789.80,9199.10,13.00,1
17247,СЗ ЮНИКА НН-3,5260488364,1235200001630,1,16788.00,11249.00,9.00,1
17337,СЗ АЛЬФАСТРОЙ,5700001190,1225700004100,1,16783.80,12942.20,10.00,1
16175,СЗ ДАГГОРСТРОЙ,0529008530,1020501588678,1,16781.60,10831.50,9.00,1
3763,КВАРТАЛ ГАЛЬЧИНО,7710708947,1087746284449,2,16781.10,12204.40,6.50,1
18573,СЗ СК СТАТУС ЛАЗУРНЫЙ БЕРЕГ,9109026645,1219100014715,1,16778.76,0.00,9.00,1
13030,СПЕЦСТРОЙ ПЗСП-ТАГАНРОГСКАЯ,5903149441,1215900009082,1,16757.11,12127.46,11.00,1
7910,СЗ АВАНГАРД-Ч,1650329059,1161650057249,1,16752.31,9383.42,21.00,1
19074,СЗ СТРОЙМИР,6714032778,1126714000434,3,16752.28,10479.65,10.00,1
15248,СЗ ЮНИКА НН,1831171864,1151831001519,1,16712.30,9806.40,10.00,1
13451,СЗ КЕНИГСБЕРГСТРОЙ,3906402843,1213900006748,2,16701.85,11737.74,9.00,1
16165,СЗ СК+,2724247373,1212700018233,1,16668.50,9051.74,25.00,1
15088,СЗ УЮТНОЕ ГНЕЗДО,2901114198,1032900014784,1,16645.57,9329.00,14.00,1
12683,СЗ ТРАСТ-ИНВЕСТ ДЮРТЮЛИ,0260995887,1200200051920,1,16606.93,13354.16,7.00,1
20834,СЗ ЭТАЛОН МАРИИН ПАРК,9717105268,1217700400719,1,16605.70,9987.50,18.00,1
7747,СЗ СКИ,7606109432,1167627078057,2,16602.54,10926.25,9.00,1
3808,ЛЕСКО,1215104940,1051200106803,1,16594.50,8420.86,16.00,1
14765,СЗ СВЕТЛЫЙ,7203538319,1227200008540,3,16594.12,11397.56,5.00,1
18904,СЗ ЗЕЛЕНАЯ ДОЛИНА,2366036940,1222300041732,2,16590.42,0.00,8.00,1
16404,СЗ ИНВЕСТСТРОЙ,4500007724,1234500001581,1,16564.40,10896.30,10.00,1
9499,СЗ СВЕТЛАЯ ДОЛИНА 16,1658223150,1191690107443,1,16560.11,0.00,9.00,1
30427,СЗ ЮЖНАЯ РЕЗИДЕНЦИЯ,2366052195,1252300002899,1,16557.40,0.00,8.00,1
29060,СЗ СКМ СИМВОЛ,6658163319,1036602655220,1,16552.15,7247.54,27.00,1
1510,СЗ САС,7706575934,1057746697689,1,16535.30,0.00,7.00,1
9099,СЗ КРОКУС,7810757810,1197847109745,1,16530.78,11387.80,4.00,1
18986,СЗ ПРОФИ,1400033588,1241400003580,3,16525.60,9735.68,5.00,1
17940,СЗ МОРЕ.ЦЕНТР,9102033763,1149102059655,1,16524.20,0.00,9.00,1
29201,СЗ ПИС,2508149357,1242500011434,6,16513.23,9941.18,4.00,1
15254,СЗ ЖИЛСТРОЙ ДЕВЕЛОПМЕНТ,1901140703,1191901001170,1,16511.82,9126.36,14.00,1
3694,СЗ КУРОРТНЫЙ,7801203527,1147847551895,6,16511.70,0.00,5.17,1
22389,СЗ БИЛДИНГ ДС,2502068599,1222500014846,1,16510.70,12532.50,22.00,1
18531,СЗ - УРАЛЬСКИЕ ГОРЯЧИЕ ИСТОЧНИКИ,4501192928,1144501002623,2,16510.15,0.00,4.00,1
1345,СЗ СТЭКОМ,5263040355,1035206157733,1,16504.20,11572.20,24.00,1
8307,СЗ ДСК 1,4501213695,1174501001993,2,16487.10,10630.50,11.00,1
8611,СЗ ТЕРРИТОРИЯ СТРОИТЕЛЬСТВА,6732128803,1166733064563,1,16476.15,11082.40,11.00,1
16048,СЗ ТАЛАССА,9204007226,1149204013936,1,16472.00,0.00,10.00,1
24055,"СЗ ОКСКАЯ, 9",7721068061,1027739072459,1,16471.00,0.00,11.00,1
37349,СЗ РСК-ХЕРСОНСТРОЙ,9500031099,1259500002080,3,16460.32,10312.10,10.00,1
18623,СЗ ШКУ,3524017222,1213500011867,1,16457.97,10180.03,17.00,1
11178,СЗ ГЕНСТРОЙ,5263111310,5145263207656,1,16434.00,9821.80,20.00,1
17519,СЗ ОКТЯБРЬ-ДЕВЕЛОПМЕНТ,7703470250,1197746071160,1,16427.00,9345.19,17.00,1
33695,СЗ АКСИОМА,7000010026,1237000007463,1,16418.85,8353.96,26.00,1
10279,СЗ ЗАПАД,1218002777,1191215006290,2,16414.25,10867.53,10.00,1
37414,СЗ ДЕЛОВОЙ КВАРТАЛ ОФИСЫ,6685230606,1256600051652,1,16394.73,0.00,13.00,1
16136,СЗ СТУДИЯПАРК,6671262710,1236600015761,1,16391.90,11923.17,29.00,1
7069,СЗ ШЕРЕМЕТЬЕВСКИЙ КВАРТАЛ,6234090995,1116215000440,1,16358.20,12271.76,11.00,1
20190,СЗ САЛЬВИЯ-ВЫСОТА,0277960628,1220200039014,1,16345.47,11201.68,26.00,1
2793,СЗ ИК ЖИЛСТРОЙСИТИ,7603038215,1077603005226,2,16342.68,12899.60,19.00,1
1082,СЗ СТРОЙЗАКАЗ,5803010284,1025800545968,3,16333.05,10581.99,8.67,1
13712,СЗ ПОБЕДА,2901305837,1212900003315,1,16332.40,10640.04,10.00,1
6454,СЗ ДОМАРТ,3906364274,1183926002655,1,16329.66,10350.56,11.00,1
7562,СПЕЦСТРОЙ ПЗСП-ИЖЕВСК,1831191525,1181832019357,1,16317.29,11153.71,11.00,1
15424,СЗ КОРПО РАЦИЯ НЕДВИЖИМОСТИ КАЛИНИНГРАДА,3917044237,1163926062640,1,16254.81,10957.99,6.00,1
15513,СЗ ЮГ-КОМФОРТ,6330094921,1216300038338,1,16246.64,10212.88,10.00,1
19514,СЗ ПРОЕКТ-С-35,5262392587,1235200026577,1,16232.16,10559.60,22.00,1
29413,СЗ РОМАНОВСКИЙ,6320085205,1256300001066,2,16226.36,12360.76,9.00,1
22794,СЗ АЗИМУТ,2511127603,1242500006913,1,16220.81,9462.04,9.00,1
8672,АЛЕКС-СТРОЙ,5410007680,1065410040915,2,16219.40,0.00,4.50,1
20927,"СЗ ЖК НА КАРПОГОРСКОЙ, ООО СЗ ЖК НА КАРПОГОРСКОЙ",2901310876,1222900004733,2,16218.44,12160.38,16.00,1
8714,СЗ ВАСКО Н,9102257386,1199112012538,3,16199.90,0.00,5.67,1
12469,СЗ СК ЭЖС-ЧИТА,7536185349,1217500001124,2,16185.91,8658.50,8.50,1
18972,СЗ ТСД РАЗВИТИЕ,7500016731,1247500000626,2,16174.80,10635.00,9.00,1
18381,СЗ СЛОБОДА,3702265765,1223700000237,1,16170.50,10183.95,15.00,1
17649,СЗ БРИК КЕРАМИКС,3102050221,1213100009451,1,16167.48,9215.99,6.00,1
1700,СЗ БАЛТИЙСКОЕ СТРОИТЕЛЬСТВО,3906222294,1103926000420,3,16165.96,9797.18,6.00,1
18373,СЗ АСТРА-ОЛИМП,6671206579,1226600009272,1,16157.70,9030.20,25.00,1
20584,СЗ ТОЛК,7203567091,1237200021651,1,16149.70,11497.79,26.00,1
19033,СЗ ХАС,2311361123,1242300010567,2,16139.88,12273.60,11.00,1
41681,СЗ ЖИЛСТРОЙ 3,2465357399,1232400027441,1,16133.10,7134.80,20.00,1
17689,СЗ СПЕКТР,5410144492,1235400033945,2,16112.78,10217.89,5.00,1
13592,СЗ СТРОЙСНАБ,3906237741,1113926017842,3,16091.57,10472.18,8.00,1
11433,СПП САЛЮТ,1215003701,1021200767180,2,16062.45,11930.13,9.50,1
8304,СЗ СТРОЙМОНТАЖ,7604188598,1107604014770,3,16056.69,12310.65,10.00,1
18991,СЗ ЖК ЛЕБЕДЬ,6167206360,1236100026140,1,16047.20,9075.40,13.00,1
17707,СПЕЦЗАСТРОЙЩИК АЛЬФА КРЫМ ИНВЕСТ,9102246313,1189112031866,1,16019.74,11999.58,9.00,1
15484,СЗ ПРОФ-МАСТЕР,0278925249,1160280133188,2,16008.71,8483.00,10.00,1
18669,СЗ 44,4400019388,1244400001515,1,15988.90,9076.90,13.00,1
18990,СЗ СД-ПРОЕКТИРУЕМЫЙ,7000002610,1227000010005,1,15986.99,9348.73,17.00,1
14180,СЗ ДОМ НА ТРУБНИКОВ,7453345888,1227400012575,1,15985.95,11886.13,11.00,1
626,ИНВЕСТТЭК,5404523005,1145476129842,1,15972.07,7632.87,18.00,1
11171,СЗ ОРИОН,6234192203,1206200009916,1,15968.00,10791.29,22.00,1
11736,ТРАНС-СЕРВИС,0606003296,1020600987142,1,15963.33,10493.42,17.00,1
17851,СЗ СЕВЕР-СТРОЙ,5410148120,1235400041403,1,15958.64,11033.47,20.00,1
13511,СЗ СК МАКРОИНВЕСТ,3910005863,1203900015098,6,15958.00,9509.40,5.00,1
12464,СЗ АВТОР,7202208741,1107232022150,1,15957.62,8783.48,14.00,1
3860,СЗ ГВАРДЕЙСКИЙ,6316156460,1106316009546,1,15948.87,10432.20,17.00,1
13062,СЗ РДМ,2204093409,1212200003080,3,15947.55,10247.27,10.00,1
23283,СЗ ПРОГРЕСС БОТАНИКА,6658567865,1236600064194,1,15935.07,9000.85,24.00,1
6320,ВЕДА-ХАУС,7816499059,1107847358145,8,15934.84,8945.34,3.63,1
14662,ЦЕНТРСТРОЙИНДУСТРИЯ,3666074970,1033600003865,1,15918.20,10854.58,18.00,1
22153,"СЗ СТРОЙТАКТИКА, ООО СЗ СТРОЙТАКТИКА",2901311929,1222900006537,1,15912.07,10618.59,15.00,1
17132,СЗ ЛИТЕРАТУРНЫЙ,5012108463,1225000105330,1,15907.00,6669.30,9.00,1
16393,СЗ ДОМИНАНТА,7448251320,1237400016556,1,15897.00,10532.00,21.00,1
17698,СЗ ПСК ДОМ - СЕВЕР,7202149581,1067203316069,1,15896.10,0.00,12.00,1
14080,СЗ НОВЫЙ ГОРОД,1701064283,1201700000633,9,15894.42,12285.84,7.00,1
10843,СЗ СЕВЕРСТРОЙИНВЕСТ,3525419541,1183525003353,3,15892.50,11435.40,12.00,1
11337,СЗ ХОРОШО,3015115271,1193025003467,2,15892.22,10711.54,15.00,1
23358,СЗ ВЕК-СТРОЙ,2225201380,1192225015135,1,15868.00,9710.00,17.00,1
19429,СЗ АРСИ,0274981813,1230200035680,3,15853.70,10034.10,10.00,1
13575,СЗ РЕГИСТР,3906398393,1213900000577,1,15848.80,10126.04,10.00,1
3042,СЗ УРАЛ-РЕГИОН ЛС,8901027860,1138901000754,2,15842.70,12889.00,8.00,1
3737,СЗ КАСАБЛАНКА,3250532853,1123256015376,11,15822.80,11223.80,3.45,1
25943,СЗ РЕКОНА ИНВЕСТ,5406833700,1235400031350,1,15807.50,9885.90,17.00,1
8521,СЗ АТЛАНТ,6901081366,1056900100388,1,15786.70,9858.20,11.00,1
3722,СЗ СКД-ИНВЕСТ,5836678077,1165835062073,1,15784.70,9190.40,19.00,1
19135,СЗ ПРИРОДА-ДЕВЕЛОПМЕНТ НИЖНИЙ ТАГИЛ,6685220559,1246600034064,1,15760.60,10138.54,17.00,1
10875,СЗ БОТАНИКА ДЕВЕЛОПМЕНТ,5408027294,1205400028569,3,15745.12,9485.31,5.00,1
18409,СК СТРОЙТАНДЕМ,7203490716,1197232025715,3,15724.64,11127.85,9.67,1
7175,СЗ СТРОЙИНВЕСТ,7017274362,1107017021110,1,15706.07,7770.19,7.00,1
21513,СЗ НОВОСТРОЙ,2100002502,1222100008965,1,15704.20,10332.50,14.00,1
7774,СЗ СТРОЙКОМПЛЕКТ,9204549395,1159204006807,3,15703.74,8908.02,13.00,1
12725,СЗ МОНУМЕНТ ПЛАЗА,3461065728,1203400000100,1,15697.63,8738.11,18.00,1
43892,СЗ ЖАБРОВЫХ,7100058511,1247100010300,1,15676.80,9020.31,10.00,1
14996,СЗ АРСЕНАЛ,6234196367,1216200006516,1,15658.50,9721.06,21.00,1
19604,СЗ СМАЙНЭКС ПАЛАШЁВСКИЙ 11,9706030035,1237700023626,1,15658.20,8614.30,11.00,1
11412,СЗ ЕВРОПЕЙСКАЯ ПЕРСПЕКТИВА 1,4703177778,1204700015630,1,15655.21,0.00,10.00,1
37290,СЗ РЕНЕССАНС-ЛУГАНСК,9403029190,1249400001003,2,15653.80,9833.00,10.00,1
13182,СЗ ЗЕЛЁНЫЙ КВАРТАЛ,7203523087,1217200011555,2,15653.08,8986.20,11.50,1
31633,СЗ СТРОЙКАПИТАЛ,7604398806,1247600009315,2,15650.21,10134.63,9.50,1
13454,СЗ РИА АЛЬФА,1435350813,1201400002980,1,15646.71,10217.94,11.00,1
12279,СЗ БУЛЬВАР,6234194539,1216200001830,1,15641.10,9324.22,11.00,1
16552,СЗ РЕГИОНСТРОЙ,1701061814,1181719001750,3,15627.82,10922.50,10.00,1
3214,СЗ ЖИЛИЩЕ,1650321290,1151650021148,1,15620.13,8863.63,21.00,1
11836,СЗ ТЕРРА-ЭСТЕЙТ,5902059690,1205900029840,1,15610.89,8445.16,11.00,1
12740,СЗ СТРИЖИ-ГРУПП.,2366022867,1202300048862,1,15607.50,9407.50,17.00,1
17563,СЗ АПРЕЛЬ,9725053461,1217700297781,2,15606.66,11080.40,11.00,1
28366,СЗ АМАН - ДЕВЕЛОПМЕНТ,0572012606,1160572050187,1,15594.92,7235.21,9.00,1
12658,СЗ ИГ ОСНОВА,7329001297,1107325005094,1,15564.66,10670.07,22.00,1
35338,СЗ МОНТАЖНИК,7415099470,1177456106761,1,15562.50,10982.74,11.00,1
24921,СЗ БУДУЩЕЕ,3000012139,1243000001200,1,15552.16,9885.58,19.00,1
18590,СЗ КОМПАС 3,1001356065,1211000006711,1,15545.00,8529.50,24.00,1
12451,СЗ СТРОЙИНТЕЛ,5027096676,1035005024999,1,15537.14,0.00,9.00,1
15252,СЗ ВЫШЕГОР,6732209940,1216700005664,1,15536.12,13366.00,12.00,1
16353,СЗ ГАВАНЬ,7839129287,1207800089672,2,15535.51,8492.63,6.50,1
17790,СЗ А2 СТРОЙ ИНВЕСТ,1651094321,1231600034137,1,15525.30,9130.50,20.00,1
17668,СЗ АРС-ИНВЕСТ,9102021140,1149102032925,1,15517.00,0.00,8.00,1
7560,СЗ ПЕРЕСВЕТ-ЮГ ПРОФСОЮЗНАЯ,3443140387,1183443013820,2,15516.24,7007.20,14.00,1
29586,СЗ СМК,1655460018,1211600049430,1,15506.91,9446.84,19.00,1
18518,СЗ АВРОРА,3906402956,1213900006902,1,15486.28,10330.22,8.00,1
3291,СЗ СИБСПЕЦМОНТАЖ,2464122362,1152468045190,1,15459.43,0.00,18.00,1
15288,СЗ ГРАНД-М,7604230105,1127604012623,2,15454.60,9996.30,11.00,1
3844,СЗ СК-ГРУПП,5610128280,1095658013824,1,15451.52,10040.13,21.00,1
33233,СЗ ГАЛС,6950241767,1206900008490,2,15437.87,10190.74,17.00,1
7846,СЗ КОМПАНИЯ СТРОЙИНВЕСТ,0268064181,1150280023915,1,15437.53,9675.29,10.00,1
15066,СЗ АВТОКОНТРОЛЬ - 33,3328438520,1053301596292,1,15433.55,9202.51,15.00,1
263,СЗ РК-ГАЗСЕТЬСЕРВИС КОЛОМНА,5022032781,1037730005103,5,15409.80,12318.10,4.00,1
43847,СЗ ПОЛЯРНЫЕ ЗОРИ,5190240286,1265100000604,1,15391.80,10062.50,16.00,1
12621,СЗ АКВИЛОН,7325158184,1187325001500,1,15391.80,10320.30,17.00,1
36502,СЗ БАЗИС ГРУПП,2225233897,1242200011503,1,15391.28,9470.73,11.00,1
29011,СЗ БАЛАГОВ,0700024279,1250700002850,1,15374.90,8850.00,19.00,1
19173,СЗ 1000 ЭТАЖЕЙ,1800005240,1231800015534,1,15372.57,9354.68,19.00,1
12967,СЗ СТРОЙКОМПЛЮС,2464126110,1162468064450,1,15359.07,10952.68,17.00,1
22904,СЗ РСК,9309026106,1239300010861,1,15323.00,11066.95,13.00,1
15992,СЗАВТОСТРОЙ,2632120232,1222600008949,1,15300.00,11048.40,11.00,1
5808,ПЕРСПЕКТИВА ПЛЮС,5503237693,1125543049720,1,15296.26,11705.09,11.00,1
23364,СЗ СК ВОЗРОЖДЕНИЕ-14,6027151456,1136027004981,3,15283.10,11196.60,8.00,1
24701,СЗ АВС-СТАНДАРТ,7453267206,1147453003345,2,15273.50,11009.95,11.00,1
19302,СЗ ЭВОДОМ-5,9303038232,1249300014105,4,15263.70,8277.49,6.50,1
18803,СЗ СУ-4,7100047661,1237100016504,2,15243.71,10251.25,9.00,1
13213,СЗ ПРИТЯЖЕНИЕ,7106078539,1177154010692,1,15241.28,9373.62,21.00,1
30792,СЗ СФК БЕРЕГОВОЙ,1000017366,1241000004002,1,15195.80,9143.73,26.00,1
14781,СЗ РЕНОВАЦИЯ-МЫТИЩИ,5003142147,1205000103208,1,15192.44,10553.87,25.00,1
30007,СЗ ВЫБОР ТРАСТ,3662314999,1253600008991,1,15159.60,9079.20,8.00,1
1862,СЗ ССК,2634044160,1022601986527,1,15154.00,9011.80,12.00,1
37893,СЗ СТРОИМ ВМЕСТЕ ГОРОД,1800031391,1251800002354,1,15153.25,8702.50,9.00,1
17287,СЗ ЛАРГУС БЭЙ,2301110321,1232300050663,2,15148.50,0.00,5.50,1
21271,СЗ ОРИГАМИ 2,7300016156,1237300002444,1,15129.12,10337.94,15.00,1
15043,СЗ ОГНИ ЯМАЛА,8913007106,1068913007382,2,15104.62,8573.74,7.00,1
18455,СЗ СТРОИТЕЛЬ ПРО,3328027432,1213300010109,1,15103.14,11196.05,9.00,1
320,СЗ УОР,2128020692,1022101139323,1,15099.00,10593.01,16.00,1
16046,СЗ ГОРОД ТВОЕГО СЕРДЦА,2628061591,1232600001402,1,15079.00,9087.37,10.00,1
18461,СЗ СТРОЙ-ИНДУСТРИЯ 2,1400028651,1231400011677,1,15074.98,11403.41,16.00,1
3049,СЗ СФЕРА,4826109464,1154827018169,2,15028.20,10599.00,8.00,1
17137,СЗ ВОЗРОЖДЕНИЕ,9701243752,1237700210846,1,15019.00,9796.30,18.00,1
20631,СЗ НОВЫЙ ДОМ,2635260380,1242600001170,1,15015.40,9963.00,9.00,1
18374,СЗ СТРЕЛА-ДЕВЕЛОПМЕНТ,1684010790,1231600006109,1,15012.90,9934.46,11.00,1
13621,СЗ ЮРСТРОЙ,1218001621,1181215000450,3,15000.29,6815.42,7.00,1
17487,СЗ ЗЕНИТ,7452154104,1207400022532,1,14993.17,9115.30,6.00,1
30008,СЗ ВЫБОР СТРОЙ,3662315022,1253600009046,1,14980.40,8249.40,15.00,1
15206,СЗ УНИВЕРСАЛ ЛТД,0726014860,1150726002129,1,14962.80,8663.90,12.00,1
10708,СЗ МЖФ,1901144176,1201900001434,1,14959.20,10656.80,10.00,1
31637,СЗ НДК - ГУРЗУФ,9103106372,1259100004514,1,14958.03,10821.80,6.00,1
15556,СЗ ЭСТЕТИКА ГОРОДА,5246056651,1225200004875,1,14952.50,6838.24,14.00,1
10341,СЗ УСК-КАПСТРОЙ,5609185565,1175658009064,2,14943.74,9309.93,19.00,1
15473,СЗ ИСТОК,9103094134,1209100010250,6,14937.03,10506.00,4.83,1
15336,СЗ АМУРСКИЙ,2801263446,1212800002997,1,14924.00,10190.12,10.00,1
6736,СТОЛИЧНЫЙ ПРОЕКТ - КМ,7703669479,1087746790944,1,14919.60,0.00,7.00,1
13339,СЗ ФЕОГРАД,9108123879,1199112016883,1,14913.38,9779.55,10.00,1
18723,СЗ СУ-11,1901140492,1191901000873,2,14912.27,9257.17,10.00,1
40483,СЗ АСД-1,1686017166,1221600076686,1,14895.80,7947.20,19.00,1
21865,СЗ ЛЕВОБЕРЕЖНЫЙ,2222904321,1232200017367,1,14891.30,9560.90,16.00,1
16780,СЗ МАНАС-ПЛАСТ,0562059838,1050562005108,1,14889.50,8314.00,11.00,1
256,ДОМСТРОЙ-СЗ,3525275018,1123525002556,1,14879.88,11231.87,9.00,1
29023,СЗ АЛЫЕ ПАРУСА,2315227513,1222300054921,2,14874.28,6280.96,10.50,1
1788,СЗ КМТС,2629006554,1022603426416,2,14856.50,9372.00,10.00,1
19137,СЗ ННДК 5,5260493100,1235200035949,1,14851.00,7659.00,18.00,1
24516,СЗ СМУ №3,4632304850,1254600000489,1,14838.80,10040.00,17.00,1
898,СЗ ЖК ТИМАН,1101060826,1061101042672,1,14827.88,9337.02,10.00,1
17497,СЗ ЧЕЛНЫ-ГРАД НЧ,1650424425,1231600026448,2,14820.00,8986.67,7.00,1
16676,ДСК ПАРК - СЗ,3100019360,1233100007821,1,14812.16,10377.87,20.00,1
1010,СЗ СИТИ ПРОЕКТ,5902889443,1125902004260,1,14808.00,8769.80,19.00,1
2061,СЗ МЕДИК,7604131351,1087604007369,1,14806.68,9443.28,13.00,1
14244,СЗ ПЕРЕСВЕТ-ЮГ КРАСНОСЛОБОДСК,3443148259,1223400003573,6,14799.60,11627.27,4.00,1
8117,СЗ ЖИЛСТРОЙ,1901140686,1191901001159,1,14793.90,6746.30,17.00,1
31588,СЗ СЗ-2,5003164711,1245000089927,1,14789.90,8926.30,18.00,1
24407,СЗ ЕВПАТОРИЙСКИЙ,9102268518,1209100015123,3,14782.50,11038.20,8.67,1
17853,СЗ ЖК ТИШИНА-2,6671280692,1236600049993,1,14778.37,9159.21,25.00,1
13369,СЗ ДКК-ДВ,2502061378,1192536031863,3,14774.18,9488.66,5.00,1
33881,СЗ СК ПРОСПЕКТ,9308027435,1259300002499,1,14763.60,9315.10,19.00,1
12895,СЗ ГК РЕНОВАЦИЯ,0264078271,1200200023176,1,14760.77,7738.05,10.00,1
20587,СЗ СОЮЗ,1800016763,1241800005479,2,14732.50,9756.30,10.00,1
24915,СЗ СОЮЗ ДЕВЕЛОПМЕНТ 2,5003165056,1245000097704,1,14725.99,9959.83,19.00,1
13631,СЗ ЕВРОПЕЙСКАЯ ПЕРСПЕКТИВА 2,4703177792,1204700015651,1,14717.95,0.00,9.00,1
19425,КВАРТАЛ-БК СЗ,2511126208,1232500029926,2,14703.66,9751.35,17.00,1
1744,СЗ БАЛТИЙСКАЯ ФСК,3906100850,1023900986340,1,14696.80,9193.30,10.00,1
26921,СЗ ИДК,5259094213,1115259001307,1,14693.90,10019.20,18.00,1
4225,СЗ СТЕКЛОАВТОМАТИКА СТРОЙ,5246040965,1125246000043,1,14691.10,7920.00,8.00,1
11993,СЗ ЛИГО ДСК,6501300750,1186501006647,1,14687.00,8326.99,17.00,1
1544,СЗ ИНМЭЖСТРОЙ,5751051865,1115742002089,1,14684.26,10242.28,9.00,1
8640,СЗ АСТРОН,3442081347,1053477338606,1,14674.60,9934.62,24.00,1
13679,СЗ АРТ ГРУПП,2308273325,1202300030701,3,14668.74,7967.70,6.67,1
19016,СЗ ПУЛЬС,2901315909,1232900007295,1,14665.58,10108.56,17.00,1
23779,СЗ МПК ПЛЮС,3900036358,1253900000529,2,14656.15,0.00,7.50,1
1253,ООО СП ИНИЦИАТИВА ОАО КПД,0276045224,1020202866452,1,14622.96,8910.76,22.00,1
20374,СЗ ОРДЖОНИКИДЗЕ,1800018601,1241800007327,1,14618.98,8619.10,18.00,1
16725,СЗ СПУТНИК,1700003697,1221700000862,2,14606.00,8755.84,9.00,1
24197,СЗ РБС-С,6166131249,1246100018988,6,14601.45,10775.80,6.00,1
353,СЗ МОНОЛИТ-58,2130136045,1142130005214,2,14581.28,10359.27,9.00,1
31597,СЗ НАДЕЖДА,0500034872,1250500009605,1,14569.40,0.00,4.00,1
13186,СЗ ЗСК №1,5528211231,1135543030182,1,14567.05,8159.98,11.00,1
27592,СЗ ПРОГРЕСС-СТРОЙ,9110033647,1249100006077,1,14558.39,9102.01,12.00,1
17383,СЗ ЖК-РАХМАНИНОВ,9728111471,1237700762980,2,14556.60,11086.60,10.00,1
296,СЗ АК ТАШ-ИНВЕСТСТРОЙ,1660295320,1171690058286,1,14544.00,10295.49,10.00,1
19448,"СЗ ПРЯЖКА, 18",7804693238,1227800063480,1,14541.63,8041.00,11.00,1
10818,СЗ МК-ГРУПП,1901143119,1191901004525,2,14526.99,7867.04,10.00,1
27457,СЗ ПРИТЯЖЕНИЕ 4,4500015820,1244500003626,1,14520.13,0.00,6.00,1
41162,СЗСТРОИТЕЛЬ,0300029963,1250300001137,2,14507.30,9225.30,13.00,1
13120,СЗ СЛАВЯНСКИЙ,9103094328,1209100011284,2,14506.90,8533.80,6.00,1
9513,СЗ САП,2901245842,1142901002122,2,14502.18,11202.32,13.00,1
17282,СЗ АММА,2630053020,1232600005879,1,14495.40,8620.87,11.00,1
18565,СЗ СТРОЙДОМ,5402049774,1195476008265,1,14493.94,7718.20,10.00,1
25594,СЗ ДЕВЕЛОПМЕНТ ЮГ,1300012680,1241300003416,2,14480.28,9783.56,8.50,1
2599,СЗ СТРОИТЕЛЬНЫЙ ТРЕСТ №1,7604331569,1177627029403,2,14480.12,10555.97,8.50,1
21622,СЗ САТУРН ЛТД,0707014706,1060707015005,1,14469.60,9826.95,8.00,1
11106,СЗ ЗЕМСТРОЙИНВЕСТ,5834124203,1195835012504,1,14466.84,8839.66,23.00,1
14492,СЗ СОЗИДАНИЕ,3255044338,1043266016892,1,14454.80,7978.90,16.00,1
33223,СЗ НВ - 4,0274396121,1250200021389,1,14450.84,10790.28,21.00,1
1256,СЗ УДСД,8904070077,1128904007484,2,14439.42,9313.48,8.50,1
12785,СЗ ЯР ТАУ,1650374051,1191690006771,2,14432.36,3555.00,7.00,1
2172,СЗ БЛАГСТРОЙСЕРВИС,2801233610,1172801008753,1,14388.00,8294.50,13.00,1
16924,СЗ СТРОЙДОН,6141059569,1226100027614,1,14380.89,10423.96,9.00,1
40857,СЗ АРХЫЗ-КАПИТАЛ,0900017060,1260900000206,3,14349.00,8686.65,9.00,1
28145,СЗ ИНВЕСТСТРОЙ,3200004008,1243200000262,1,14345.00,8916.38,19.00,1
13196,СТРОИТЕЛЬНАЯ КОМПАНИЯ,6444006904,1046404400350,1,14339.98,9992.64,11.00,1
11681,СЗ АМУРСКИЙ,9102255526,1199112009095,1,14325.63,6940.00,17.00,1
34449,СЗ ВОЛГА,6317167063,1246300013189,1,14323.30,6407.90,19.00,1
2460,СЗ СТРОИТЕЛЬСТВО ИНЖЕНЕРНЫХ КОММУНИКАЦИЙ,6319110224,1046300916750,1,14317.41,6445.00,10.00,1
5025,СЗ РСК,6166089029,1136193006377,1,14315.00,8224.43,11.00,1
24911,СЗ ПОСКО,6316229863,1166313165160,1,14308.00,7274.48,21.00,1
6884,СЗ КВАРТАЛ,7206041081,1097206002090,1,14288.54,11255.58,17.00,1
11261,СЗ ГОРОД БУДУЩЕГО,6714049820,1196733017293,1,14285.06,10395.16,19.00,1
2878,СЗ НЕРУД ЗОЛЬСКОЕ,2609023375,1082641001211,3,14253.90,11263.50,5.00,1
29373,СЗ ЦИТ-СТРОЙ ДВ,2700047664,1252700002070,2,14250.74,9244.65,11.00,1
37756,СЗ ОКСИТИ,0269049429,1250200034480,1,14226.50,9011.22,15.00,1
24269,СЗ СТРОЙМАСТЕР,2130037164,1082130003812,1,14222.60,9568.40,19.00,1
14440,СЗ САТУРН,2721206153,1142721000146,1,14213.59,6777.07,18.00,1
19306,СЗ СПАРТА40,4025442015,1144025005398,1,14210.00,10438.65,12.00,1
35634,СЗ КДС ДЕВЕЛОПМЕНТ,3906392320,1203900007299,3,14197.08,0.00,6.33,1
18649,СЗ СТРОЙ АЛЬЯНС,0917033455,1170917003630,1,14177.10,7322.30,14.00,1
25540,СЗ ДОМ НА КЕМЕРОВСКОЙ,5503268275,1235500003001,1,14156.90,7727.94,14.00,1
16914,СЗ СТРОЙУСЛУГИ-5,1686018917,1221600086432,1,14141.36,9707.07,20.00,1
17117,СЗ ЭЛЕКТРОЗАВОДСКАЯ,7725812972,5137746199740,1,14125.60,8352.60,13.00,1
22002,СЗ ДОМСТРОЙСЕРВИС,3100031375,1243100003772,1,14117.65,9393.87,9.00,1
16637,СЗ ДОМСТРОЙ,3525436829,1193525004199,1,14108.00,10305.70,8.00,1
9566,СЗ АРТХОЛЛ,6314046254,1196313012180,1,14101.40,8298.30,18.00,1
16701,СЗ КВАРТАЛ О2,3917056828,1223900008672,5,14096.90,9091.80,5.00,1
17656,СЗ ЗВЕЗДА ДЕВЕЛОПМЕНТ,7203542717,1227200013908,1,14093.00,9565.20,17.00,1
16446,СЗ ТЕХМОНТАЖ,3810335113,1133850049871,1,14081.30,8376.00,12.00,1
18448,СЗ АРС-ДЕВЕЛОПМЕНТ,1400028549,1231400011556,1,14071.20,11194.14,16.00,1
8744,СЗ УСЗ,0274104330,1050203956461,1,14057.03,9915.46,26.00,1
19727,СЗ РЭС-НАБЕРЕЖНАЯ,3000011230,1243000000308,1,14039.40,10094.40,25.00,1
143,СЗ ГРИБОЕДОВ,1840070407,1171832008864,3,14039.21,9226.06,10.67,1
16456,СЗ ТЮЛЬПАН,0800008048,1230800002421,2,14014.19,10374.62,8.00,1
28294,СЗ УССУРИ,2700034383,1242700011102,1,14006.26,8819.94,25.00,1
18883,СЗ ТРАДИЦИЯ,4027130357,1164027063287,1,13993.00,6764.40,17.00,1
415,СЗ ЯКУТПРОМСТРОЙ,1435023848,1021401045082,2,13968.01,9208.21,12.00,1
18945,СЗ ФЖС - УФА №1,0277962872,1230200026902,1,13937.00,9475.60,11.00,1
7757,СЗ СТРОЙТРАНС,3906226605,1103926017073,2,13935.60,9147.59,10.00,1
24662,СЗ НЕСТ ДЕВЕЛОПМЕНТ,1684014530,1231600041870,1,13922.00,5525.85,4.00,1
17890,СЗ ИВОЛГА,5406807394,1205400034840,1,13921.20,9438.20,21.00,1
12101,СЗ СОЗВЕЗДИЕ 2,5829005948,1215800000459,1,13910.80,7702.00,19.00,1
6907,СЗ СТРОЙТРЕСТ,3255517150,1113256019524,1,13908.90,7997.60,15.00,1
8192,"СПЕЦСТРОЙ ПЗСП-ВОДОПРОВОДНАЯ, 6/4",5903140720,1195958004142,1,13878.02,8606.95,17.00,1
18901,СЗ ЛАЗО,2502075451,1242500001193,2,13860.00,9776.70,9.00,1
32838,СЗ ЭТАЛОН ОТЕЛЬ,2632122078,1232600007221,1,13847.14,0.00,13.00,1
2533,СЗ ТРАНССТРОЙ,1435203400,1081435006311,1,13845.81,9917.13,9.00,1
13357,СЗ ЦЕНТРАЛПАРК,2623801901,1122651032349,1,13845.20,8128.00,10.00,1
6816,СЗ МОЙ ВЫБОР,2721215246,1152721001465,1,13837.08,9455.54,23.00,1
11906,СПЕЦЗАСТРОЙЩИК МСИ,2626049969,1212600000392,3,13820.20,9125.20,8.00,1
10413,СЗ МЕЖРЕГИОНСТРОЙ,8904089712,1198901005280,1,13818.40,6442.60,13.00,1
2302,СЗ ФИРМА ТСК ЦЕЛЬ,2635211030,1152651015450,1,13812.00,7816.00,9.00,1
3610,СЗ ТЕРМОДОМ-ПРОФИ,5829004214,1185835004926,1,13811.90,7702.00,19.00,1
15302,СЗ СТАНДАРТ,3811475410,1213800017738,2,13802.97,9155.36,13.00,1
17864,СЗ ЭКСПЕРТ СТРОЙ,4214042855,1224200011375,1,13800.05,8104.45,10.00,1
13395,СЗ КСК ИНВЕСТ,2130215890,1192130012810,1,13798.00,9242.40,18.00,1
1395,СЗ БИГРАНД,6658140142,1026602337101,2,13781.78,6499.34,8.00,1
12254,СЗ ЮЖНАЯ АРКАДИЯ,9200000438,1209200006069,1,13780.10,0.00,17.00,1
1483,СЗ БИЗНЕС,3904612161,1103925014423,3,13773.25,8565.03,7.33,1
13238,СЗ АИСТ ГРУПП,1650382133,1191690067458,1,13767.79,9134.50,21.00,1
41586,СЗ ТУРГЕНЕВ,8601075559,1248600006379,1,13763.40,7922.11,9.00,1
19432,СЗ - УКЗ № 12.4 КПД,0276975029,1230200015990,1,13760.50,9335.00,21.00,1
10614,СЗ ОРЕЛСТРОЙ-Л3,4823078070,1194827015460,1,13757.90,9773.70,25.00,1
6302,СЗ ДОМ СОЛНЦА,5404073814,1185476028638,2,13756.16,5400.80,9.50,1
12756,СЗ ХОЛМЫ-2,1831157316,1121831008628,1,13755.70,9827.40,19.00,1
15675,СЗ ИНВЕСТКОМ,3702071456,1053701075120,1,13752.96,8971.82,20.00,1
19078,СЗ МИРАСТРОЙ,9303034407,1239300010840,1,13743.59,7988.14,13.00,1
17591,СЗ ДИАДЕМА,5406823702,1225400026818,1,13712.15,0.00,5.00,1
19920,СПЕЦЗАСТРОЙЩИК КИНО НА ГОРЬКОГО,4345495175,1194350010194,1,13703.90,8960.80,11.00,1
18985,СЗ ЮГ,4100050348,1244100001067,1,13695.09,8564.15,10.00,1
2425,СЗ ВЕРШИНЫ,7203201682,1077203048790,1,13683.58,0.00,6.00,1
4563,СКРУСМОНТАЖ,5501226209,1105543017645,1,13680.00,10875.00,17.00,1
14594,СЗ ЧЕРРИ,3525472827,1213500012945,2,13660.10,9657.40,8.00,1
10290,СПЕЦЗАСТРОЙЩИК АВИТЕК,4345500058,1204300002092,2,13621.20,8614.70,13.50,1
11314,РСЗ,3810080585,1193850018911,1,13610.88,7456.43,15.00,1
16961,СЗ БМ-ГРУПП БОГУЧАР,3603009048,1213600034053,1,13609.50,9572.31,9.00,1
27008,СЗ КАПИТАЛ-МЕНЕДЖМЕНТ,5258135717,1175275015871,5,13607.83,10822.40,4.40,1
2958,СЗ СТРОЙГРУПП ЛЮБИМЫЙ ДОМ,2311165665,1132311014461,2,13602.07,8866.00,9.00,1
12977,СЗ ОРЕЛСТРОЙ-6,5751065191,1205700005169,1,13595.00,9438.10,18.00,1
17333,СЗ УСПЕХ,6311078321,1056311039333,2,13589.19,7724.29,10.00,1
17843,СЗ ВН ГОРОД,5032370349,1235000140407,1,13580.00,7639.86,8.00,1
2476,ТИСА,1503014820,1021500670542,1,13570.25,7276.55,10.00,1
9716,СЗ АЗИМУТЪ,6730075472,1086731003930,1,13557.58,7603.77,8.00,1
39294,ТУРДЕ,5047270001,1225000131355,1,13553.96,9057.10,8.00,1
17581,СЗ АКСИОМА ИНВЕСТ,3000005082,1233000000628,2,13550.34,9902.32,11.00,1
17785,СЗ СТК-2020,1513080613,1201500002868,2,13545.30,9022.40,9.00,1
25007,СЗАИР,5190100810,1245100004027,1,13540.70,9081.20,16.00,1
13024,СЗ ФЕОДОСИЙСКИЙ,9108126333,1219100011404,3,13538.60,9154.00,8.33,1
16169,МОССТРОЙ,0571018718,1210500010600,1,13508.50,9821.62,16.00,1
17485,СЗ ЭВОЛЮЦИЯ,1400019488,1231400002437,1,13498.99,8336.84,16.00,1
33537,СЗ ОЛИМПИЯ,4253054854,1234200011154,4,13494.60,7875.40,5.00,1
16983,СЗ СФЕРА,5829006902,1225800007432,1,13488.90,7704.80,19.00,1
3882,СЗ НОВЫЙ ПОСАД,6215025158,1116215000428,1,13485.23,8795.25,20.00,1
29281,СЗ КВАРТАЛ СТРИЖИ,3849108828,1253800010133,1,13482.45,9859.46,20.00,1
22493,СЗ НЕФТЕКАМСКАЯ НЕДВИЖИМОСТЬ,0264083151,1240200017265,1,13471.00,9921.47,9.00,1
18430,СЗ МИР ИНВЕСТ,7536181418,1207500002258,1,13466.70,7889.72,13.00,1
11060,СЗ ИСК ТАМБОВ-12,6829148507,1196820003600,1,13454.70,10438.40,11.00,1
19422,СЗ АРКТИЧЕСКИЙ,2903013364,1242900001024,1,13435.57,9456.32,10.00,1
17542,СЗ БИОГРАФИЯ,5406830883,1235400015564,8,13428.00,10782.40,4.00,1
30832,СЗ БФА-ДЕВЕЛОПМЕНТ,7803076056,1027809246959,1,13420.40,7720.95,10.00,1
19774,СЗ ЮНИКОРН ДЕВЕЛОПМЕНТ,1831205961,1221800008616,3,13411.00,0.00,5.67,1
23975,СЗ СОБЫТИЕ,0572034695,1230500014568,2,13406.07,7421.56,4.50,1
14919,СЗ МКД 4,1831187511,1171832025573,1,13403.00,8225.00,18.00,1
19458,СЗ БАЗИС,2100012317,1232100008876,1,13365.30,8309.40,18.00,1
30067,СЗ КИП-ИТ,2543027023,1132543009917,1,13360.45,6485.13,11.00,1
18726,СК ВЕРТИКАЛЬ-КМВ,0900008274,1230900001815,1,13345.25,8620.13,9.00,1
14209,СЗ БЕРДСКИЕ КВАРТАЛЫ,5405061995,1215400006227,4,13335.40,7475.90,5.00,1
23019,СЗ ГАММА,2901313901,1232900003709,1,13329.95,8450.21,17.00,1
16978,СЗ РЕГИОН 174,7447311792,1237400013718,11,13315.51,0.00,2.00,1
9732,СЗ ГОРСПЕЦСТРОЙ,6731071470,1086731014523,1,13302.10,9948.99,19.00,1
2100,СЗ АЛЬФА,7801559467,1117847463854,1,13294.00,7023.76,11.00,1
20593,СЗ ГНЦ ЛПК,7709461572,1157746577603,1,13292.05,7954.28,16.00,1
4091,СЗ КРЫМСКИЙ СТРОИТЕЛЬ,9110019000,1169102085261,1,13277.99,6342.93,12.00,1
13329,СЗ ГАГАРИНСКИЙ,9201531350,1209200002571,1,13273.70,6864.10,10.00,1
17517,СЗ СВЕТЛОГОРСКИЙ,3900001041,1223900009596,1,13260.64,7079.32,6.00,1
27585,СЗ РОЗА-ЮГ,9102301557,1249100018254,1,13239.68,7724.26,10.00,1
6602,СЗ ЖК АЛЕКСАНДРОВСКИЙ ПАРК,6163207490,1176196057575,2,13235.20,6495.10,6.00,1
135,СЗ ВЫСОТА,1435194970,1071435020832,1,13218.60,9232.00,15.00,1
39266,СЗ КОНЦЕПТДЕВЕЛОПМЕНТ,2308303428,1252300062871,2,13192.74,8582.69,10.00,1
10963,СЗ НОВЭЛЛА-1,5829005271,1205800000372,1,13188.60,8376.60,19.00,1
23859,СЗ ЛУГАНСК-РЕНОВАЦИЯ,9402014708,1239400004854,1,13186.90,7740.80,18.00,1
27234,СЗ АДРЕС,6382105187,1256300003992,1,13186.87,9901.55,10.00,1
24311,СЗ СТРОЙТЕХ,7300032969,1247300004940,1,13181.41,8630.08,18.00,1
12634,СЗ НОВОСЁЛ,1903021074,1111903000692,1,13178.68,8293.26,8.00,1
16946,СЗ БИЛДИНГПРОЕКТ,6950230941,1196952010111,2,13178.40,8947.70,10.00,1
38424,СЗ СК,3435138105,1203400001122,3,13173.10,7718.70,3.67,1
1027,СЗ НИКОЛЬСКИЕ ВОРОТА - 2000,6730036219,1026701445396,3,13153.48,10094.36,5.00,1
14715,СЗ МОНОЛИТ,2223635093,1202200039250,1,13151.40,9588.80,17.00,1
18739,СЗ ОРТИГА РЭЙЛ.А,7702735545,1107746532805,1,13147.96,0.00,11.00,1
14573,САРД,1512021580,1201500004221,1,13132.84,11009.10,16.00,1
13701,СЗ ПАЛИТРА,1673000581,1211600087082,1,13126.03,8630.00,19.00,1
18865,СЗ ВИКТОРИЯ,7604391328,1237600000923,2,13120.68,8821.70,14.00,1
31763,СЗ ДАР ГРУПП,3849100699,1243800004326,2,13115.85,8737.59,15.50,1
21317,ВЭМЗ-ЭСТЕЙТ,5010059796,1225000057270,1,13089.68,6447.66,8.00,1
23155,СЗ КОМПАС 2,1001356026,1211000006678,1,13080.20,7094.50,24.00,1
31256,СЗ ОСТ-ИЛЬИНКА,7100062010,1257100001410,1,13077.48,5755.56,11.00,1
18708,СЗ РАЗУМ НА ЭНЕРГЕТИЧЕСКОЙ,3000009753,1233000005303,1,13072.75,8612.74,18.00,1
17599,СЗ ДАУП,2722093801,1172724017168,1,13065.26,7214.23,22.00,1
13964,СЗ ТПУ ТЕРЕХОВО 28,9709057116,1197746702933,1,13054.70,4500.20,8.00,1
12075,СЗ РАВНОВЕСИЕ,1001346469,1201000001322,1,13052.50,8869.10,5.00,1
16434,СЗ СМУ 6,5248041241,1175275000020,2,13048.30,7468.60,6.50,1
11271,СЗ НОВЫЙ КВАРТАЛ,6234190855,1206200006880,1,13020.63,9536.46,19.00,1
24002,СЗ ЖК КОНТИНЕНТ,5903148575,1215900003098,2,13019.02,6998.40,6.00,1
3982,СЗ ПРЕМЬЕР СТРОЙСЕРВИС,6950170650,1136952014176,1,12999.70,9254.00,13.00,1
2868,СЗ УЮТНЫЙ,5249136753,1145249005780,1,12999.10,8636.90,19.00,1
19131,СЗ ЭКО-КВАРТАЛ,8601074442,1238600009680,1,12999.10,8080.10,9.00,1
2760,СЗ КАПИТАЛИНВЕСТСТРОЙ,2311170619,1142311004296,1,12988.00,0.00,10.00,1
8057,СЗ МОНОСТРОЙ,3329030491,1033303412010,1,12979.66,9035.94,18.00,1
32524,СЗ К-1,6700032961,1256700005737,1,12970.00,9507.60,10.00,1
38751,ИЗМЕРЕНИЕ-ПАРАЛЛЕЛИ,5406837818,1245400001692,1,12958.60,7394.70,9.00,1
7423,СЗ ИНВЕСТПРОЕКТ,7603066710,1177627000539,1,12950.46,8567.64,19.00,1
10907,СЗ ЖК ТЕМП,6658534147,1206600024443,1,12946.69,8178.51,23.00,1
23317,СЗ ЮНИКЕЙ,3662311370,1243600014228,1,12945.64,7126.88,18.00,1
5673,СЗ ЕВРОФАСАД,4028002990,1104028001461,1,12937.56,7787.42,10.00,1
25136,СЗ ИНФИНИТИ,2536338187,1232500006750,1,12913.39,7030.08,6.00,1
2311,СЗ СТРОИТЕЛЬ,3662082794,1033600134820,2,12889.68,7698.02,13.00,1
22481,СЗ КЛЕВЕР,0300017164,1230300006716,2,12886.80,8913.75,7.00,1
9443,СЗ ГРЕБЕШОК,5260371550,1135260016143,1,12871.10,8963.80,15.00,1
18788,СЗ ЭТАЛОН,9102270034,1219100000360,1,12869.28,8675.48,8.00,1
617,СЗ МАСТЕРСТРОЙ,4401147713,1134401014747,1,12869.00,9549.50,10.00,1
13708,СЗ ГВАРДЕЙСКОЕ,9102268483,1209100015080,2,12868.00,8311.07,9.00,1
17040,СЗ КРЫМ-ИНВЕСТСТРОЙ АЛУШТА,9102272384,1219100005410,1,12855.09,8135.01,11.00,1
7070,СЗ АЛГОРИТМ ДЕВЕЛОПМЕНТ,7842055902,1157847270217,1,12854.93,8918.06,9.00,1
26050,СЗ МИР,1655492605,1231600003326,1,12843.51,8683.64,20.00,1
9670,СЗ СМК ПЛЮС,9103001965,1149102021078,1,12832.60,0.00,8.00,1
32884,СЗ ЮГСТРОЙИНВЕСТ,0571023490,1230500012181,3,12825.42,7672.80,8.33,1
36867,СЗ БМ-ГРУПП ЧЕРНОЗЕМЬЕ,3604086278,1253600018011,2,12822.74,9585.54,9.00,1
3766,СЗ ГАММА-СТРОЙ,3328445662,1063328030248,2,12814.20,8972.35,9.00,1
12815,СЗ КПД-ГАЗСТРОЙ,5410086434,1205400061130,1,12810.70,8268.10,17.00,1
9088,СТРОЙ-КОМПЛЕКС,3525285841,1123525014447,1,12804.30,9522.20,11.00,1
16782,СЗ КБ-СТРОЙ,2635247981,1212600000106,1,12800.00,7263.89,6.00,1
13245,СЗ ПРОЕКТСТРОЙ,5321207013,1215300003027,1,12799.37,9148.46,10.00,1
20079,СЗ НОВЫЙ ГОРОД,3100022941,1233100011430,2,12772.74,7930.56,13.00,1
20479,СЗ МСК НА БРОННОМ,5405080300,1235400000880,1,12770.70,8747.20,18.00,1
20478,СЗ МСК НОВЫЙ БРОННЫЙ,5405086478,1235400027664,1,12770.70,8749.30,18.00,1
27574,СЗ ОПТИМИСТ,6320080990,1246300014575,1,12751.25,8158.65,20.00,1
16927,СЗ ДЕКАБРИСТ,2724238403,1202700000898,1,12740.50,8239.65,18.00,1
14915,СЗ КМ,5404305790,1075404002850,1,12727.40,6970.13,20.00,1
15503,"СЗ БОЛОТНАЯ, 9",7708591307,1067746316681,1,12717.37,3568.91,7.00,1
1178,СЗ ГРИНАГРОСТРОЙ,5410064504,1175476004395,1,12695.54,8498.90,10.00,1
10942,СЗ СИБИРЬ,2466188626,1182468004366,3,12689.90,8901.40,6.00,1
11689,СЗ КАПИТАЛ 76,7604359074,1197627019424,2,12659.30,9053.34,8.50,1
23538,СЗ ВИТА НА ДАЧНОЙ,5504165201,1205500014884,1,12652.65,6524.77,9.00,1
2432,СЗ ВЕСТА-2001,5012021090,1035002453562,1,12650.20,8796.80,18.00,1
18701,СЗ ИН ПАРК,2901312922,1232900001443,2,12633.26,8714.68,10.00,1
6479,СЗ ТПФ СМЕНН,3702025940,1023700527564,2,12618.76,8890.39,10.00,1
13389,СЗ КОНКОРД,3906403364,1213900007452,2,12614.28,8554.35,10.00,1
20826,СЗ НОВОЕ ВРЕМЯ - СЕВЕР,0272922410,1230200035240,1,12609.00,8183.00,18.00,1
2423,СЗ ГТСП,3905074117,1063905055224,4,12597.52,8423.52,3.00,1
45331,СЗ КАПИТОЛИЙ,1215166978,1121215006945,1,12596.86,8007.51,11.00,1
19630,СЗ МОНБЛАН,5406816303,1215400043319,1,12589.30,7639.50,10.00,1
7556,СЗ СК ВОЗРОЖДЕНИЕ-20,6027170970,1166027055028,1,12583.50,8512.90,9.00,1
14053,СЗ 40 ЛЕТ ПОБЕДЫ-8,1831201879,1211800007539,1,12582.90,8288.60,17.00,1
18527,СЗ СТАТУС,3528334800,1223500007390,1,12564.84,7567.43,1.00,1
11398,СЗ БАСТИОН,1648029756,1111673000416,1,12554.99,8106.86,5.00,1
2930,АРБЕЛОС,2310144687,1102310001188,1,12551.04,0.00,7.00,1
1717,СК СТОУН,7805586461,1127847231434,2,12550.71,0.00,7.00,1
15687,СЗ ПРЕСТИЖСТРОЙ,9102265250,1209100008017,1,12523.52,7691.36,8.00,1
17493,СЗ ЮНИТИ,6700000663,1236700008544,1,12492.77,0.00,16.00,1
20215,СЗ КВАРТАЛ,1831201942,1211800007847,1,12472.00,8232.56,18.00,1
19770,СЗ ЭРБИАЙ - 3,7801696777,1217800044857,1,12470.00,5882.60,9.00,1
20169,СЗ ПАНОРАМА-III,6162049794,1076162005215,1,12462.00,6026.80,8.00,1
12869,СЗ АЗБУКА,7325172171,1217300000070,1,12458.00,9002.63,11.00,1
12570,СЗ ВОЗРОЖДЕНИЕ,6234187450,1196234015207,1,12442.64,6493.53,18.00,1
19490,СЗ ПАРУС,3460084598,1233400006762,7,12439.60,10052.88,4.00,1
11382,СЗ ПЛАТФОРМА,5902059467,1205900026958,2,12433.10,7627.10,9.00,1
14290,СЗ СМУ ЦЕНТР,6367057940,1086367000785,1,12432.00,7187.00,18.00,1
4045,СЗ КВАДРАТ,6234098377,1116234013169,1,12422.73,6520.37,14.00,1
19216,СЗ ТЕХНОСТРОЙ 4,5700009047,1245700001678,1,12413.70,7913.80,9.00,1
15984,СЗ ТРЕХПРУДНЫЙ,9710091577,1217700394922,5,12405.50,8489.00,4.20,1
15505,СЗ ПРИВИЛЕГИЯ ПАРТНЕРС-3,7453342848,1217400032871,1,12404.64,8625.73,11.00,1
23626,СЗ ДЖ № 2,9200013691,1229200005748,1,12397.03,8399.53,10.00,1
22198,СЗ КАЛИНКА ПАРТНЕР,1831204703,1221800001147,1,12388.00,8083.50,18.00,1
14346,СЗ СИБГРАД,4205393504,1204200017042,1,12377.52,9394.05,16.00,1
1228,СЗ ОЛИМП,2609800350,1122651017477,3,12369.40,7385.30,5.00,1
15328,ГАРАНТСТРОЙ,0900001247,1210900003016,1,12367.50,9422.90,17.00,1
16066,СЗ ХОУМ ГРУПП,2540254998,1202500002055,4,12346.30,8427.50,5.00,1
7703,СЗ ЕДИНСТВО,6154082597,1026102574123,1,12342.85,7419.86,9.00,1
8620,СЗ ПАРУС ЮГ,1831194893,1191832013581,1,12327.20,0.00,11.00,1
16830,СЗ ПАРКОВЫЕ КВАРТАЛЫ,4800000536,1224800013668,107,12318.37,12318.37,2.21,1
9367,СЗ СК КОНТИНЕНТ ВЕРИЗИНО,3329097129,1193328011117,1,12315.00,7995.20,18.00,1
19012,СЗ ПЕРВОМАЙСКИЙ,2901315962,1232900007405,1,12308.65,8793.44,17.00,1
40843,СЗ ЖСЗ 483,3528347158,1263500000818,1,12283.60,7561.60,18.00,1
13172,СЗ КПД СТРОЙ,3907211633,1103926004082,1,12270.76,7907.68,6.00,1
22200,СЗ НАНЖУЛЬ 10,2465364100,1242400023140,1,12259.23,8012.43,19.00,1
37342,СЗ МИР,6147043029,1256100021198,1,12246.36,8324.72,9.00,1
2947,СЗ ЖБС-ПРОЕКТ,9701050856,1167746917117,1,12231.84,8007.45,18.00,1
17792,СЗ ТЕПЛЫЙ ДОМ,2364021508,1232300026958,4,12219.60,9030.00,6.00,1
6488,СЗ АРХСТРОЙ-ОСЕТИЯ,1515396010,1041501901781,1,12211.10,7214.30,9.00,1
27989,СЗ ГЕОМЕТРИЯ ГРУПП,4500017240,1254500000534,1,12208.20,8895.70,11.00,1
17280,СПЕЦЗАСТРОЙЩИК ЮТЕРРА,4345526673,1234300006192,2,12192.50,9064.50,8.50,1
2080,СЗ МОНОЛИТ,1831170645,1151831000265,1,12191.87,8134.11,18.00,1
21858,СЗ ДЕВЕЛОПМЕНТ ПОВОЛЖЬЕ,0554004786,1180571013699,1,12190.99,7667.40,10.00,1
25805,СЗ ЖК РАДИОСТАНЦИЯ,6686145992,1226600063205,1,12188.40,9071.25,21.00,1
15435,СЗ КРАСНОСЕЛЬСКАЯ,7708817280,1147746799441,1,12172.40,0.00,11.00,1
19761,СЗ ВИКСАР СТРОЙИНВЕСТ,1700010359,1241700001564,1,12166.69,7564.11,10.00,1
12006,СЗ СК ЛИСТ,5610235115,1195658007126,1,12163.90,10303.90,17.00,1
18678,СЗ СПЕКТР,6950252649,1216900009897,2,12162.30,7177.70,13.00,1
13509,СЗ Т-СТРОЙ,2223633610,1202200022310,2,12162.10,7537.50,10.00,1
23268,СЗ АККОРД,5402058602,1205400001542,1,12157.80,7405.00,19.00,1
18473,СЗ СТРОЙТЕХ,5403080738,1235400041458,1,12154.22,7988.62,26.00,1
848,СЗ ИНВЕСТОР,1650312785,1151650012854,2,12123.20,9270.95,4.00,1
18572,СЗСК-УЛАН-УДЭ,0326510342,1120327018580,1,12121.24,6400.86,10.00,1
3043,"СЗ ВОРОВСКОГО,12",5260404420,1155260001159,1,12116.30,6289.50,11.00,1
2356,СЗ БИ.АЙ.ДИ ГРУПП,7415055190,1077415002675,2,12106.20,7236.99,11.00,1
23080,СЗ ЛУННАЯ ПОЛЯНА 2,0900010636,1240900000989,1,12104.00,0.00,7.00,1
12143,СЗ ЛЕТО РЯДОМ,6234194200,1216200001247,1,12096.32,8506.20,17.00,1
12185,СЗ НОВЫЕ ВОЗМОЖНОСТИ,6234194338,1216200001412,1,12096.32,8506.20,17.00,1
8038,СПЕЦЗАСТРОЙЩИК ЖК ПОБЕДА,9110024177,1199112007203,2,12088.59,8781.76,9.00,1
21964,СЗ КРТ-1,5262390251,1235200005468,1,12070.00,8542.40,25.00,1
38950,СЗ СК АРТСТРОЙ,1200019410,1251200002294,1,12041.28,8758.26,16.00,1
25491,СЗ СМУ-128,2130211091,1192130006265,1,12035.00,6858.42,11.00,1
6262,СЗ СК НОРМА,4401160922,1154401003041,1,12034.50,9188.70,9.00,1
18449,СЗ ПИРОН,2700018060,1232700014909,3,12030.26,7348.64,8.67,1
3716,НОВМОНОЛИТСТРОЙ,7722809107,1137746442470,1,12028.50,0.00,4.00,1
22659,СЗ СК КОНТИНЕНТ ЮЗ,3332000313,1223300008007,1,12020.00,8632.00,17.00,1
15467,СЗ МАЙЯ,0700006833,1220700005481,1,12020.00,8791.18,12.00,1
6582,СЗ СТРОЙИНВЕСТ,3917031125,1063917034730,2,12000.95,8325.40,8.00,1
13240,СПЕЦЗАСТРОЙЩИК СК АЗИМУТ,1901091968,1091901003700,3,11993.08,7725.20,5.33,1
24571,СПЕЦИАЛИЗИРОВАНННЫЙ ЗАСТРОЙЩИК НОВЫЙ ДОМ,2901259620,1152901005960,2,11986.73,9309.03,12.00,1
70,СЗ ТВЕРЬЖИЛДОРСТРОЙ,6905076977,1026900588494,2,11966.04,7664.48,10.00,1
6218,СЗ ТЕХСТРОЙ,7604307968,1167627078739,1,11951.70,7730.40,18.00,1
7940,СЗ КРИСТАЛЛ,4501168192,1114501003836,1,11951.70,7994.00,11.00,1
18702,СЗ ВИТА НА ЛЮБИНСКОЙ,5503269984,1235500008358,1,11933.00,9127.00,11.00,1
19271,СЗ К7/11,9705164565,1227700044109,1,11916.50,5408.90,9.00,1
3580,СЗ ТРАСТ-ИНВЕСТ ЕЛАБУГА,0272904034,1160280093698,1,11910.10,7211.43,20.00,1
17111,СЗ АКЦЕНТ-СИТИ,3665132186,1163668111419,1,11908.00,6578.49,10.00,1
29320,СЗ М2М ОЛЬХОВСКИЙ,9402016102,1249400003984,1,11902.31,7541.00,20.00,1
37256,СЗ РЕГИОН ДЕВЕЛОПМЕНТ-9,2801282110,1242800004710,1,11894.55,8032.50,17.00,1
28917,"СЗ ГОГОЛЕВСКАЯ,43",7100053464,1247100004821,1,11840.20,7247.00,9.00,1
21418,СЗ ВИНОГРАД,5402073960,1225400029095,1,11836.10,6785.90,18.00,1
20565,СЗ АСТРА-ПАРК,6658565882,1236600047925,1,11836.00,7172.12,26.00,1
20675,СЗ ЛЕГА-В,2721185425,1112721006750,1,11832.93,7818.12,20.00,1
29013,СЗ БИНА 2.0,1300015232,1251300001260,1,11831.58,7491.23,10.00,1
17651,СЗ ПРОФСТРОЙ,2901309165,1222900001620,1,11826.00,8188.71,17.00,1
803,СЗ ТВОЙ ДОМ,6165190361,1146165004248,2,11825.20,7741.00,11.00,1
16595,СЗ СПЕЦСТРОЙ,1215228945,1191215003100,2,11823.80,7676.11,9.50,1
18842,СЗ ПУШКИНЪ,6612058343,1236600031887,1,11822.28,7620.95,17.00,1
18699,СЗ КИТ,5027227671,1155027004560,1,11818.00,8143.50,17.00,1
27013,СЗ ВЕРТИКАЛЬ,5904099440,1025900904215,1,11810.60,7352.60,7.00,1
17574,СЗ СЕВЕРНЫЙ-1,0900005604,1220900004324,1,11807.80,7921.20,16.00,1
7340,СЗ РЕНТЕК ЗАЛЕСНЫЙ,1831096127,1041800257190,2,11784.60,8350.60,9.00,1
10485,СЗ ПТС,3444273333,1193443015193,1,11779.14,7019.55,11.00,1
3776,СЗ СК ВОЛГА-СТРОЙ,4401065147,1064401034455,2,11768.00,7194.10,8.00,1
1990,МЕТР В КВАДРАТЕ,1215211980,1161215058674,1,11757.09,7984.47,15.00,1
18340,СЗ ПОБЕДА,7500016636,1247500000538,1,11755.89,7835.54,17.00,1
6881,СЗ ГАРАНТ,3329034390,1053303612218,1,11753.00,8376.00,14.00,1
22123,СЗ ПЕГАС,6230080107,1136230000752,2,11712.27,8364.94,11.00,1
40952,СЗ МКД ЯСНОВО 9,7300047482,1257300008679,1,11698.40,6856.85,10.00,1
24456,СЗ ФСК БЕРКУТ,0300025990,1240300006242,1,11686.50,6671.70,16.00,1
14384,СЗ МЕТРИКС ПРОГРЕСС,2308282707,1212300067968,6,11668.74,9256.90,3.00,1
22618,СЗ БЕТОТЕК ЗАРУЧЕЙНЫЙ,7449153630,1247400014410,1,11668.62,8675.63,19.00,1
19797,СЗ ТАЛАН-РЕГИОН-17,1841079106,1181832011701,1,11662.60,6841.80,8.00,1
19278,СЗ ГЕРМЕС,6372021925,1146372000180,1,11644.40,7089.00,10.00,1
23097,СЗ ФЭ,7801703840,1217800139523,1,11638.00,5719.73,11.00,1
17821,СЗ ТРЕСТМ-36,7456046685,1207400041078,1,11631.60,10175.80,11.00,1
23954,СЗ СФС-РЕНОВАЦИЯ,4800019022,1244800007980,1,11615.85,7636.40,14.00,1
2395,СЗ САМАРА ДЕВЕЛОПМЕНТ,6315603645,1076315004776,1,11609.43,6922.05,6.00,1
3517,СЗ РУССКИЙ СЕВЕР,7811671820,1177847372196,1,11604.39,7603.29,11.00,1
270,СЗ СК АЛДЕГА,7720339826,1167746438342,2,11603.20,8085.60,13.00,1
6136,СЗ ПСК ОМЕГА,2465012193,1022402466019,1,11600.72,7256.50,10.00,1
28255,СПЕЦЗАСТРОЙЩИК АВИТЕК-ИНВЕСТ,9705226910,1247700444089,2,11597.40,7817.20,11.00,1
20886,СОЦИНВЕСТ ТДСК,7017394074,1167031050647,1,11587.90,8028.69,18.00,1
7478,ГРУППА АЛЬЯНС. СЗ,5405429823,1115476019031,1,11583.66,8149.33,18.00,1
39934,СЗ ВОЛОГОДСКИЙ СТАНДАРТ,3523019925,1143536031210,1,11581.00,7192.41,7.00,1
21237,УК НГСМ +,5610230195,1185658002650,1,11570.80,8205.90,11.00,1
17553,СЗ АУРА,6312217948,1236300034618,1,11555.89,7109.10,17.00,1
24905,СЗ ВЫСОТА,0300018545,1230300008091,1,11551.90,7306.50,17.00,1
16643,СЗ СПЕКТР-СТРОЙ,6453062479,1036405302141,3,11535.80,9182.90,7.67,1
31162,СЗ ЭРИСТАВИ-ТРОИЦК,7453365500,1257400018424,1,11510.95,7717.80,11.00,1
23344,СЗ С СТРОЙ,2462072853,1222400009974,1,11508.60,7836.50,17.00,1
14234,СЗ СТАРТ ИНВЕСТ,3808277383,1223800008926,1,11505.90,7100.50,20.00,1
18612,СЗ ЖИЛСТРОЙ,7100052164,1247100003512,1,11486.13,7794.15,14.00,1
15900,СЗ АРСЛАН,1651089000,1211600038748,1,11479.88,6914.43,19.00,1
15456,СЗ ЯКУТИНВЕСТСТРОЙ-ЯРОСЛАВЛЬ,7604387392,1227600013090,1,11479.60,6999.16,10.00,1
1708,СЗ РЕАЛ-СВ,3528237275,1153525033463,2,11478.10,7125.98,10.00,1
18359,СЗ УЭС,2511120365,1222500013229,1,11455.07,6844.72,10.00,1
20825,СЗ МИРАСТРОЙ 2,9303036549,1249300004887,1,11440.70,6585.45,17.00,1
15368,СЗ ПАРУС,3702701147,1133702014357,1,11437.40,8002.10,15.00,1
8487,СЗ ЖЕМЧУЖИНА,7604309806,1167627084052,1,11431.60,6012.09,5.00,1
9844,СЗ ГЕФЕСТ-ГРУПП,7104526898,1147154044355,2,11428.85,5060.31,6.00,1
24099,СЗ БМ-ГРУПП СЕВЕР 2,7100061507,1257100000904,1,11427.55,8564.36,8.00,1
2569,ПСФ ИНСТРОЙ,2902001119,1022900834648,1,11414.11,7814.99,16.00,1
6261,СЗ РЕАЛ ЭСТЕЙТ СИТИ,1650226416,1111650009624,1,11395.70,7945.30,18.00,1
7689,СЗСК ОГНИСТРОЙТВЕРЬ,6952311586,1176952007044,2,11379.29,7582.50,10.00,1
16253,"СЗ ДРГ-ДОМ.СТРОЙ, ООО СЗ ДРГ-ДОМ.СТРОЙ",1832160872,1211800010070,1,11374.50,6675.70,17.00,1
23784,СЗ СИРИУС-ЮГ,7453354522,1237400027336,1,11359.16,7640.28,19.00,1
23224,СЗ ИНВЕСТ-ЦЕНТР,5800005208,1245800003459,1,11356.61,6968.46,19.00,1
16653,СЗ ТРЭНТА,5902064202,1225900019290,1,11342.60,6498.50,8.00,1
37134,СЗ СТРОИМ ГОРОДА,2508151719,1252500008848,2,11332.00,8383.20,8.00,1
15431,СЗ ЖК НА НОВОЙ,3906410435,1223900001214,1,11323.51,7909.41,8.00,1
34103,СЗ ЖК НА КУЛИБИНА,4500018155,1254500001470,1,11319.28,7081.92,11.00,1
14555,СЗ ПОЛИС ЛИГОВСКИЙ,7816723173,1217800157585,1,11314.00,0.00,13.00,1
13880,СЗ ГРИН-СТРОЙ,3661173819,1193668032084,1,11309.75,7943.46,16.00,1
17315,СЗ ПАРТНЕР,6316143535,1096316003200,1,11297.90,7313.60,23.00,1
40050,СЗ БЕТА-СТРОЙ,2901319195,1242900005578,1,11289.40,6774.40,10.00,1
19412,СЗ ВОСХОД,3700019891,1243700004613,2,11276.26,7641.97,10.50,1
13646,СЗ АСПЭК-ЧАЙКОВСКИЙ,1831197301,1201800000742,1,11244.70,7819.60,18.00,1
19021,СЗ НЕОН,1800018506,1241800007239,1,11244.11,7525.41,18.00,1
33241,СЗ НОВЫЙ ДОМ,9402015282,1239400008726,1,11234.40,7108.16,10.00,1
13205,СЗ СФЕРА,7810919765,1217800081454,1,11189.70,0.00,11.00,1
2579,СЗ БЫТ-СЕРВИС,5249127357,1135249002910,1,11183.80,7350.30,11.00,1
2352,СЗ ТЕПЛОГАЗСТРОЙ,1215104509,1051200093889,1,11160.35,6772.48,10.00,1
17729,СЗ СЖС,6234030636,1066234037990,1,11151.07,4486.45,5.00,1
15346,СЗ ВЕНТИ,5902063720,1225900014625,1,11150.20,6060.60,10.00,1
9418,СЗ МЕГА,6234186337,1196234013073,1,11133.52,7431.08,11.00,1
37267,СЗ ОРЕШНИК 74,7449158204,1257400021229,1,11132.53,7976.92,11.00,1
16423,СЗ БАЛТИЙСКИЙ ДОМ НЕДВИЖИМОСТИ,3907023686,1023901651300,1,11132.20,5074.00,6.00,1
14034,СЗ ИНТЕРСТРОЙ ПЛЮС,6829131334,1176820003942,1,11073.30,7915.20,10.00,1
16061,СЗ КАЛИНКА ФЭМИЛИ,1831204534,1221800000366,1,11073.27,8703.80,18.00,1
34377,СЗ СИТИ-ВЛ,2540264925,1212500026991,1,11070.13,5488.71,22.00,1
16699,СЗ ЭЛИТИНВЕСТ,6027195968,1196027001246,1,11070.10,6884.20,7.00,1
6406,СЗ ВЛАДИМИРСТРОЙСИТИ,3301035080,1163328069332,1,11051.20,7359.75,10.00,1
13804,СЗ НД ОРЁЛ,3257065510,1183256009771,1,11041.80,7501.55,17.00,1
18673,СЗ ВЕГА,3525488369,1233500007267,1,11040.53,7180.91,14.00,1
16266,СЗ ШАЛЯПИНА ПЯТНАДЦАТЬ,1655494585,1231600019507,1,11030.10,5661.74,11.00,1
3631,СЗ ПРОФИ СЕРВИС,7814565651,1137847098872,1,11027.04,5675.95,9.00,1
1800,СЗ ИМПЕРИАЛСТРОЙ,2130147880,1142130017094,1,11018.96,7213.21,16.00,1
6630,СЗ КОМПЛЕКС,2312257051,1172375005956,4,11011.80,8631.34,3.00,1
14634,СЗ М2 ДЕВЕЛОПМЕНТ,3123482102,1213100011630,1,11003.00,7874.53,19.00,1
16117,СЗ МОЗ ДСК ПЛЮС,4028067122,1184027010210,1,11003.00,7957.23,20.00,1
17418,СЗ СПЕКТРСТРОЙ,6311192955,1226300006591,1,11002.00,5924.00,21.00,1
16790,СЗ ПРИРЕЧНЫЙ,6623139403,1216600076252,1,10994.50,6940.26,17.00,1
6422,СЗ МОЙ ДОМ КАМЕНКИ,5261090174,1145261001093,1,10993.07,8916.78,18.00,1
9919,‹‹СЗ ‹‹САКС-ПЛЮС››,3250067067,1063250032625,1,10980.15,6713.39,9.00,1
20949,САРМАТ,3443138204,1173443029418,1,10980.13,7037.67,8.00,1
13274,СЗ КВАРТСТРОЙ,1215235325,1211200001704,2,10971.39,6059.48,9.00,1
17169,СЗ ИРИСТОН,9727002712,1227700399970,2,10965.08,6835.92,9.00,1
11446,СЗ КВАРТАЛ НАБЕРЕЖНЫХ,3257069271,1193256004578,1,10947.60,7840.22,17.00,1
7316,СЗ ГУБЕРНАТОРСКИЙ ДОМ,0278929638,1170280028720,1,10938.03,7321.85,18.00,1
17678,СЗ МАИС,5027312366,1225000141090,1,10934.00,7992.80,6.00,1
38809,СЗ УРБАНСТРОЙДЕВЕЛОПМЕНТ,2308303435,1252300062882,2,10915.42,6523.00,4.50,1
23318,СЗ СФЧ-ЦЕНТР,3662309879,1243600007199,1,10914.57,4622.08,17.00,1
13348,СЗ ВИРА,7014064166,1187031063658,1,10893.53,7895.98,18.00,1
27509,СЗ ВЛАСТА ИНВЕСТ,9103102988,1239100015274,2,10885.38,5435.45,11.50,1
15857,СЗ НЬЮТОН,6234201970,1226200009287,1,10883.91,5765.10,8.00,1
29676,СЗ СТРУКТУРА-ДЕВЕЛОПМЕНТ,3849108850,1253800010199,1,10866.38,5091.07,11.00,1
34986,СЗ ЖК ЧУЙСКИЙ,0400028346,1250400001378,1,10863.40,7405.10,9.00,1
10789,СЗ СТК БАЛТ,3906384305,1193926013687,3,10841.03,0.00,5.67,1
15032,СЗ СТРОНЖ,6320055144,1206300065795,1,10836.74,7861.50,11.00,1
18716,СЗ УРАЛЬСКИХ РАБОЧИХ 26,6685212572,1236600047441,1,10825.36,4787.06,10.00,1
10557,СЗ ИНВЕСТЧЕЛНЫЯР,1650287352,1141650010941,1,10801.30,7025.40,21.00,1
17500,СЗ АРМА,1400028500,1231400011512,1,10795.30,7860.32,16.00,1
19424,СЗ АНДЭКО-ИМПУЛЬС,5024170843,1165024060189,1,10788.00,5386.60,18.00,1
442,СЗ ОБЪЕДИНЁННЫЕ СТРОИТЕЛИ,6950199459,1166952071857,1,10776.30,7752.20,16.00,1
6217,СЗ КВАДРАТНЫЙ МЕТР,5262351125,1175275061939,1,10760.60,5758.27,14.00,1
35212,СЗ НСК,3528346330,1253500010961,2,10760.00,8392.70,4.00,1
15924,СЗ ВИГ,5260393673,1145260011731,1,10759.05,7289.90,18.00,1
18896,СЗ БИЗНЕСПАРК,1400005936,1221400002427,1,10755.48,7317.53,16.00,1
40688,СЗ ДВМ-ЧИТА,7500033744,1267500000954,1,10752.20,6315.95,14.00,1
255,ФИНИСТ ГРУПП,1837011257,1131837000536,2,10750.00,7094.70,11.00,1
20569,СЗ СТРОЙГРУППКОНСАЛТИНГ,3651009591,1143668008758,1,10740.53,8459.83,6.00,1
12282,ЭС ДЕВЕЛОПМЕНТ,6501303141,1196501001730,2,10725.00,7005.03,5.00,1
12266,СЗ ТРОЙКА,1657241621,1171690110613,3,10722.30,7983.73,5.00,1
3208,СЗ ЖК ПАРУС НЧ,1650311559,1151650011633,1,10717.30,7065.00,21.00,1
19417,СЗ УЛЬТРА-СИТИ,3900029657,1243900009902,4,10715.64,7439.60,5.00,1
8998,СПЗ ДСК 2,1435343005,1191447008158,2,10704.69,8115.94,9.00,1
4037,СЗ СКАНДИА У ОЗЕРА,7203431012,1177232028368,1,10693.00,7996.23,4.00,1
9668,КОМОССТРОЙ САНТИ СЗ,1831195713,1191832018620,1,10671.90,7276.50,18.00,1
31050,СЗ ГАЛС,5403082816,1245400009942,1,10670.20,7485.70,17.00,1
12939,СЗ ЛАО,7811753368,1207800162745,1,10664.54,0.00,14.00,1
13767,СЗ КОНТИНЕНТ,2204094868,1212200028260,2,10660.50,6783.48,8.50,1
24136,СЗ ЛЕГОС ПЛЮС ОДИН,3616026587,1223600007069,1,10656.50,6913.70,11.00,1
16633,СЗ КОРИФЕЙ,6164140819,1236100006120,1,10655.30,5197.40,8.00,1
17067,СЗ СОЛНЕЧНЫЙ ГОРОД,2315227312,1222300051302,2,10646.64,6221.46,7.00,1
12671,СЗ СОК,2225213410,1202200018778,1,10641.10,5451.20,8.00,1
16797,СЗ БИЗНЕС ИНВЕСТ ЗАПАД,7736550373,1067760322332,1,10614.00,0.00,11.00,1
713,СЗ ЛИДЕР,2904028701,1162901064545,1,10609.70,7414.47,9.00,1
4029,СТРОИТЕЛЬ ЛТД,1501034490,1021500507687,2,10602.00,0.00,4.00,1
3106,СЗ СЕРВИС,2130097903,1122130000398,1,10592.60,5932.69,11.00,1
41540,СЗ РЕНОВАЦИЯ-2,5405099798,1245400038443,1,10583.50,5540.50,8.00,1
11150,СПЕЦЗАСТРОЙЩИК ЖК НОВЫЙ,9201531199,1209200002263,2,10572.00,7181.26,13.00,1
19299,СЗ РФА-ИНВЕСТ 1,1400032802,1241400002800,1,10551.51,6786.76,14.00,1
668,СЗ АРХИТЕКТУРНАЯ ПРАКТИКА,7424024784,1077424001115,2,10549.90,5989.11,5.00,1
13038,СЗ ЛИДЕР+,2366028428,1212300034539,1,10549.00,0.00,10.00,1
19071,СЗ БЕРЕГОВОЙ,2540250633,1192536012635,1,10544.40,7995.20,17.00,1
24149,СЗ КОСМОС,6141060934,1236100032563,1,10541.40,7959.00,9.00,1
1088,СЗ СТРОЙИНВЕСТПРОЕКТ,6732005079,1106732005027,2,10539.45,7795.33,8.00,1
16113,СЗ АРКТИКУМ,5190089483,1215100006550,1,10532.30,7945.00,8.00,1
9710,СЗ ТВ-СТРОЙ,3906321954,1143926012548,1,10528.02,0.00,5.00,1
17365,СЗ СЕВЕРНЫЙ,0100001706,1220100001186,4,10501.26,8352.96,3.00,1
2147,СЗ А-СТРОЙ,7606090534,1137606001202,2,10493.02,7538.94,10.00,1
19724,СЗ КВАРТАЛИКА ПРОФСОЮЗНАЯ 7,7017258025,1107017005171,1,10489.90,6134.03,14.00,1
18774,СЗ ТЕМП,9310011351,1239300017197,1,10485.72,5532.68,16.00,1
20467,СЗ АТРОНИК-СЕРВИС,1701056187,1151719001158,4,10468.76,5878.00,5.00,1
22956,СЗ ЭТАЛОНСТРОЙ,4632301377,1244600001788,1,10445.60,4888.50,15.00,1
15281,СЗ ГЕФЕСТ,5047255099,1215000086487,1,10413.26,6112.00,6.00,1
34535,СЗ ВЫСОТА,1800040124,1251800011110,1,10411.45,8198.92,18.00,1
24962,СЗ ЯМАЛАВТОСТРОЙ,8911007693,1158911000401,2,10408.83,5576.86,6.00,1
17013,СЗ ДОН СТРОЙГАРАНТ,3666266739,1233600007464,26,10394.00,10394.00,2.00,1
18743,СЗ МЕРКУРИЙ,3906295278,1133926019765,1,10388.00,6424.55,8.00,1
11376,СЗ ЕВРОБИЛД,3445070537,1043400435099,1,10377.50,7085.90,17.00,1
1654,СЗ СКЖ,6829117523,1166820050341,1,10365.60,8227.90,10.00,1
33627,СЗ МАЛЫЙ ЛЕВШИНСКИЙ 7,9726079462,1247700468916,1,10352.90,4994.92,11.00,1
3765,СЗ БРУ-ЭЛИТСТРОЙ,6820013914,1036841118490,1,10349.00,8254.80,10.00,1
15058,СЗ АРТ И КО,4401197930,1204400004984,2,10336.05,5627.25,6.00,1
17594,СЗ ЖЕМЧУЖИНА,2630052932,1232600003360,1,10332.40,6340.81,11.00,1
18654,СЗ СТРОЙ-ПЛЮС,3665815721,1213600014748,1,10328.20,6353.70,19.00,1
3213,СК ЧОРООН,1435312039,1161447062006,1,10307.00,0.00,12.00,1
18780,СЗ ДДВ,2511123133,1232500004868,2,10288.22,6930.27,9.50,1
17475,СЗ НАШ ДВОРИК,2466295096,1232400009907,1,10287.00,7288.16,5.00,1
19215,СЗ СЕРЕБРЯНЫЙ РУЧЕЙ 3,4706056683,1234700003086,1,10278.00,7701.51,4.00,1
247,СЗ ФОРУМ КРЫМ,9201007299,1149204022142,3,10274.26,5657.74,5.33,1
11771,СЗ К-МЕНЕДЖМЕНТ,3525385606,1163525095073,2,10257.20,8410.90,7.00,1
15647,СЗ СМАЙНЭКС ОБЫДЕНСКИЙ №1,9706013618,1217700099869,1,10255.60,5871.30,9.00,1
22986,СЗ ДАБАНСТРОЙ,1424009560,1181447014649,1,10252.13,7341.12,16.00,1
19958,СЗ ОСТ-4,5904381197,1205900006927,1,10250.30,4644.19,7.00,1
10841,СЗ ФЛАГМАНСТРОЙ,9111024042,1179102031020,4,10245.36,7559.56,6.00,1
39891,СЗ РАХАТ,0900017039,1260900000173,1,10241.03,6667.28,13.00,1
18747,СЗ ХОРОШОАЛЬЯНС,3000010558,1233000006117,1,10236.29,6785.91,19.00,1
16671,СЗ ЖК У ПРУДОВ,7604380157,1217600017304,1,10234.70,6751.97,8.00,1
20789,СЗ ЭЛЬДЕКОР ГАРАНТ,4632302405,1244600003306,1,10233.24,7498.44,12.00,1
38709,СЗ СОБЫТИЕ,2632126570,1252600012004,1,10231.23,0.00,10.00,1
15923,СЗ БАШНЯ,3702270116,1223700006045,1,10221.70,8083.18,10.00,1
17999,СЗ СТРОЙ-ИНДУСТРИЯ 1,1435356950,1201400012550,1,10170.80,7396.59,16.00,1
17360,СЗ ИСК ЖИЛСТРОЙ,2223639010,1212200030020,1,10169.80,6568.94,16.00,1
23039,СЗ ЖК ДУБРАВА,9403027386,1239400005261,1,10164.85,6764.40,5.00,1
17140,СЗ ЛЭНД,2404014108,1102404000951,1,10157.98,6632.18,18.00,1
23980,СЗ 4 ЗВЕЗДЫ,3811475515,1213800018145,1,10156.00,0.00,10.00,1
5788,СЗ ИЗВЕСТНЯК,6820013287,1026800886199,1,10150.60,7860.50,10.00,1
14153,СЗ ЗОРГЕ ПРЕМЬЕР-ЖСИ,0278961215,1200200046331,1,10149.06,4156.33,9.00,1
39880,СЗ АУРА-ПАРК,2222912442,1252200011062,1,10145.00,7020.10,18.00,1
18394,СЗ КАСКАД,2455042449,1242400005627,3,10144.61,6432.32,8.00,1
24723,СЗ ЖИЛСТРОЙ,6163234937,1256100003818,1,10144.50,4872.50,6.00,1
20342,СЗ КАПИТАЛСТРОЙ,2901305040,1212900001929,1,10144.02,6660.47,16.00,1
14073,СЗ ИСК ОПТИМУМ СИБИРЬ,2225221813,1212200021571,1,10141.90,6384.00,16.00,1
18562,СЗ ГЕОЛАЗ,3443932914,1143443030543,1,10138.32,7374.94,11.00,1
9530,СЗ ГОРИЗОНТ-БИЛДИНГ,5902229253,1125902008539,2,10128.25,7669.40,10.00,1
18454,СЗ СИСТЕМА,2634113368,1242600002699,1,10128.10,5964.20,13.00,1
12386,СЗ ОН-ЛАЙН,2902088688,1212900001676,1,10120.50,6491.91,9.00,1
13519,СЗ АТМОСФЕРА,5406815853,1215400040723,1,10120.50,5928.80,5.00,1
22337,СЗ КРИСТАЛЛ,5403030840,1175476054643,1,10087.23,6832.63,19.00,1
10397,СЗ СМУ МЕЧТА,0269999526,1180280046737,1,10078.38,6045.49,13.00,1
1322,СЗ ЕДИНЕНИЕ,6382020906,1026301992650,1,10059.64,7334.19,17.00,1
32148,СЗ ЭНВИЛ,9102293313,1239100015560,2,10045.19,6768.20,9.00,1
17409,КАСПИЙ СИТИ,0554003479,1170571015449,1,10040.44,0.00,7.00,1
18511,СЗ КСК,5836896692,1215800007763,1,10028.00,5971.90,19.00,1
23472,СЗ МКД ЯСНОВО 4,7325174115,1217300008144,1,10025.10,6634.43,16.00,1
14007,СЗ АЛЬТАРА ПЛЮС,1901115538,1131901004806,1,10014.91,6203.49,14.00,1
20523,СЗ АГР-СТРОЙ,2901311492,1222900005745,1,10010.79,7222.58,14.00,1
23160,СЗ АРТСТРОЙКВАРТАЛ,2308290296,1232300012790,2,9994.30,7266.75,4.00,1
33829,СЗ ФАВОРИТ,7604401329,1257600004562,1,9985.50,7239.03,10.00,1
33826,СЗ РУНЭКС,3662195981,1133668051021,1,9978.40,0.00,25.00,1
13764,СЗ ВИТА,2014022079,1202000003644,3,9957.10,7136.29,5.00,1
1664,СЗ РЕМСТРОЙ,5838042939,1035804002629,1,9942.30,6589.20,11.00,1
34074,СЗ УНИСОН,4816025840,1244800007968,1,9930.30,7390.70,5.00,1
2190,СЗ АМУРСТРОЙОКНА-ДВ,2801219341,1162801054492,1,9926.69,5823.80,13.00,1
43811,СЗ ФЕНИКС,3849112158,1263800001365,2,9920.20,7206.30,7.50,1
19206,СЗ АРХЫЗ-ИНВЕСТ,2372033377,1242300004616,1,9915.30,0.00,7.00,1
18761,СЗ АТМОСФЕРА,4704112981,1234700004142,2,9897.62,5935.31,6.50,1
28575,СЗ М2,1400035419,1241400005417,4,9884.46,6511.26,2.50,1
31691,СЗ МЕГАПОЛИС ГРУПП,4400022091,1244400004243,2,9871.50,6088.30,5.50,1
21162,СЗ ТВЕРСКОЙ СТАНДАРТ,6915015733,1176952009057,1,9859.40,6374.58,9.00,1
10934,СЗ СТРОЙПРОСПЕКТ,4230033640,1204200000729,1,9855.90,5476.00,6.00,1
7451,ФИРМА РЕМСЕРВИС СЗ,7606022020,1027600855369,1,9852.90,6474.40,14.00,1
19468,СЗ РК-СОДРУЖЕСТВО,0278977455,1230200013757,1,9820.80,5801.40,8.00,1
18160,СЗ НОВА-1,5904386124,1205900028894,1,9815.50,4534.00,7.00,1
13661,СЗ ЮГА-СТРОЙ,5432003329,1215400018657,92,9814.40,9414.20,2.00,1
15304,СЗ СМУ-1,3460082826,1223400006609,1,9810.97,6114.59,10.00,1
16381,СЗ ДОМСТРОЙ,6452151077,1236400001881,2,9809.20,6564.03,9.50,1
11162,СЗ БЕТОТЕК ЛЕНИНСКИЙ,7415103461,1197456035765,1,9800.00,5946.78,10.00,1
6569,СЗ КАЛУЖСКАЯ ЗЕМЕЛЬНАЯ КОРПОРАЦИЯ,4027080650,1074027005007,4,9794.87,6846.23,4.50,1
1332,ДСК-СЗ,3102005483,1153130000210,1,9784.08,7136.79,15.00,1
15553,СЗ ДАН-СТРОЙ,1327019604,1131327001849,1,9773.56,5780.96,10.00,1
16577,СЗ ЕВРОСТРОЙ,7816361822,1057810067919,3,9767.00,4853.00,4.00,1
11369,СЗ МЕГАПОЛИС,1435225820,1101435002140,1,9746.30,7023.42,13.00,1
18622,СЗ СТАРТ,3000006431,1233000001970,1,9744.80,7683.10,19.00,1
1540,СЗ ФИРМА АСПЕКТ,2636023085,1022601977463,1,9744.40,5678.90,13.00,1
16491,СЗ ТОР,1840106212,1211800015514,1,9742.81,6545.61,18.00,1
12591,СОЮЗИНВЕСТ,7705607460,1047796503105,2,9741.50,0.00,6.00,1
9230,СЗ БРУ-ТАМБОВСТРОЙ,6820040636,1196820009100,1,9724.60,7165.10,9.00,1
10902,СЗ СП1,2221247970,1202200013135,2,9719.10,5965.30,9.00,1
3008,СЗ СТРОЙНОВА,4401157126,1144401010577,1,9717.40,5751.60,10.00,1
352,СЗ СИ1,0814165940,1050866785342,1,9712.30,6169.76,7.00,1
1957,СЗ АЛЬФА-СТРОЙ,2130048663,1082130015604,1,9707.00,5504.00,10.00,1
10247,КОНСОРЦИУМ Н. НОВГОРОД-90,5262013239,1025203733653,1,9703.72,0.00,3.00,1
24971,СЗ ВЕКТОР,0500014869,1240500012114,1,9701.69,6633.34,10.00,1
3411,СТК СТРОЙ МЕТАЛЛ,2725130339,1142722003005,3,9679.00,5868.00,5.00,1
3963,САРОВИНВЕСТ,5254483897,1115254000014,1,9676.06,6517.10,7.00,1
19054,СЗ АРТСТРОЙ,3906406870,1213900012226,1,9675.90,0.00,6.00,1
7314,СЗ ОСТОЖЕНКА 9/14,9718058130,1177746364817,1,9675.70,0.00,8.00,1
28928,СЗ ВЕКТОР,3444276630,1213400008656,1,9661.30,6601.90,16.00,1
14314,СЗ АЛЬФАСТРОЙ,1326257645,1211300004717,1,9660.60,5977.60,10.00,1
12533,СЗ КСК,6732200320,1206700013992,2,9656.00,6924.80,6.00,1
17328,СЗ ВЫСОТА,2466129028,1052466048667,1,9638.43,6641.92,18.00,1
23170,СЗ ПИСАРЕВА 8,5902066094,1235900015163,1,9632.00,5310.34,9.00,1
18342,СЗ ОБЫДЕНСКИЙ,9701180453,1217700308540,1,9611.50,5046.80,8.00,1
35916,СЗ ПРОСПЕКТ,0269048464,1250200018122,1,9607.50,6724.08,10.00,1
18543,СЗ СТРОЙГОРОД,3257026013,1153256000182,1,9601.60,7146.80,18.00,1
22225,СЗ ЛЕРМОНТОВ,8601074509,1238600009933,1,9599.71,6392.51,9.00,1
4403,СЗ ИСК СТРОЙ СИТИ,7415080334,1137415001514,2,9592.60,0.00,6.00,1
22273,СЗ САМАРА-БАЗИС,6313539338,1116313001804,1,9583.87,4806.92,12.00,1
11740,СЗ ДАЛЬСТРОЙ,1434048737,1161434050040,1,9569.00,5279.40,16.00,1
11352,СЗ ПОЛЮС,6320036374,1196313047446,1,9560.30,6117.72,16.00,1
31674,СЗ МКД ЯСНОВО 10,7300028257,1247300000232,1,9559.79,6326.43,15.00,1
36240,СЗ ОФИС МОЛЛ,3900008978,1233900003369,1,9531.58,0.00,6.00,1
15883,СЗ АКСИОМА 2,3015117342,1203000004910,1,9518.11,6669.98,14.00,1
18831,СЗ КОНТРАКТСТРОЙ,0700014785,1240700000771,1,9499.50,5057.32,14.00,1
5191,ФИРМА АРГО,5401176018,1025400511102,1,9479.30,6752.48,16.00,1
5126,СЗ ВОСТОК ИНВЕСТ СТРОЙ,2311154455,1132311002306,1,9470.00,7872.45,18.00,1
7872,СЗ ПКТИ УСП,8904041887,1038900745641,1,9447.43,5097.12,14.00,1
8975,СЗ ВЫСОТА,3664097595,1093668017893,1,9436.91,4711.22,11.00,1
19109,СЗ АЛЬБАКОР 52,5258110247,1135258003980,1,9425.50,4441.40,8.00,1
2223,СЗ ОМД,5902014770,1155958046188,1,9417.00,6698.30,10.00,1
21269,СЗ АВИА 4,7300026348,1237300012773,1,9412.06,6349.54,15.00,1
29757,СЗ МЕЧТА,9102302134,1259100000455,1,9409.82,0.00,9.00,1
17279,СЗ ДОМСТРОЙ ИНВЕСТ,7627054992,1217600015522,1,9407.30,6270.40,10.00,1
14646,СЗ ЗОЛОТАЯ КОРОНА КМВ,2626050890,1222600002965,2,9406.20,4688.90,9.50,1
22745,СЗ СТРОЙИНВЕСТ-2,9103089053,1189112036376,1,9405.80,0.00,7.00,1
22644,СЗ КРЕПОСТЬ,1400038378,1241400008354,1,9385.05,5757.29,16.00,1
11228,СЗ ПСКОВОБЛСТРОЙ,6027195439,1196027000234,1,9349.90,6210.24,11.00,1
5535,СЗ ПСФ ЗОДЧИЙ,7224011820,1027200877912,1,9336.00,6063.35,9.00,1
17750,СЗ САДЫ,2464136767,1172468036014,1,9322.70,0.00,17.00,1
1109,СЗ ИНСТЕП,3665047879,1043600190424,1,9315.79,5861.41,17.00,1
2109,СЗ СТРОЙСТАНДАРТ,0323350517,1100327002940,3,9308.86,6840.46,6.00,1
11308,СЗ АЛМАЗ,3906394455,1203900011358,1,9287.40,5779.94,5.00,1
1906,СЗАККО РД,3905060266,1043900832623,1,9280.09,5977.06,9.00,1
1829,СЗ ДЕЛОРАД,3906959793,1153926012767,3,9278.40,6276.10,8.00,1
20921,СЗ РЕМСТРОЙГРУППА,2511053687,1072511001617,1,9263.90,6585.60,10.00,1
23922,СЗ УСК-2,5638056162,1095658026815,1,9255.66,7327.78,15.00,1
20548,СЗ КАМЕЛИЯ,5406814909,1215400036730,1,9250.50,4612.70,9.00,1
14377,СЗ НОВОКАСИМОВО,5257151843,1155257005034,1,9244.54,7213.60,5.00,1
1456,ТЕРРА ДИ ИНКАНТИ,5036139809,1145074005449,36,9230.60,9230.60,3.00,1
8971,СЗ ВОЛГА ТЕЛЕКОМ-ИНВЕСТ,3444112223,1043400310612,1,9196.05,6039.52,9.00,1
12910,СЗ ДОМОСТРОЙ-1,8601067981,1198617003485,2,9181.20,6601.19,9.00,1
14522,СЗ СМТ,4345049910,1024301339700,1,9169.79,6144.28,15.00,1
22661,СЗ ОГНИ ЗАПОЧАИНЬЯ,5260491889,1235200026929,1,9154.00,5474.70,6.00,1
22531,СЗ БАЗИС,9705203729,1237700479940,1,9144.90,5921.39,10.00,1
10421,СЗ СТРОЙАЛЬЯНС,1324003395,1201300001242,3,9141.17,5206.20,7.33,1
37409,СЗ ПРАВОБЕРЕЖНЫЙ,2700061796,1252700016557,1,9134.17,6047.26,9.00,1
20583,СЗ ТОЛК. УРАЛ,7203568747,1247200001036,1,9129.29,5995.86,13.00,1
17413,СЗ ЖСК РЕГИОНСТРОЙ,3441039159,1103459004560,1,9126.83,5338.73,18.00,1
21112,СЗ СМУ-ПЯТЬ,4345532807,1244300005729,2,9121.01,6043.72,10.00,1
35380,СЗ ЭСКИМО,1000023539,1251000004430,1,9103.83,4585.00,10.00,1
37026,СЗ СИТИ-ПАРК,7500017799,1247500001682,1,9095.65,6994.90,5.00,1
7593,СЗ ЧКАЛОВА,0107034080,1180105003220,2,9089.74,5714.46,6.00,1
17035,ДСК НОВОСАДОВЫЙ-СЗ,3100020285,1233100008756,3,9075.24,6754.65,7.00,1
21959,СЗ ЛАДДОМ РЕГИОН,2700018800,1232700015635,1,9072.10,5994.80,10.00,1
19255,СЗ СК ПОДМОСКОВЬЕ,5024235667,1235000101280,1,9069.50,5591.10,6.00,1
2267,СЗ ИР-СТРОЙ,1435254676,1121435006923,1,9069.00,6710.72,16.00,1
24409,СЗ СОЛНЕЧНЫЙ МИР,9102297847,1249100009300,1,9066.96,5813.08,13.00,1
386,СЗ ПСК СТРОИТЕЛЬНАЯ ПЕРСПЕКТИВА,2221067952,1052201878156,1,9059.00,4860.00,7.00,1
18396,СЗ ФИЛОСОФИЯ ИДЕАЛИСТОВ.РЕГИОНЫ,6678135084,1246600004397,1,9049.54,6036.00,10.00,1
42413,СЗ СТАВКРЕПОСТЬ,2623035823,1262600001487,1,9015.35,5509.80,7.00,1
9993,СЗ ЖИЛСТРОЙСИТИ,7610097300,1127610003850,1,8999.60,6673.80,11.00,1
13453,СЗ РЕАЛ СТРОЙ,2724246690,1212700015065,1,8998.02,4825.91,21.00,1
21282,СЗ АТМОСФЕРА ДОМ4,7100042014,1237100010740,1,8998.00,6548.40,10.00,1
21457,СЗ СМУ РУСЛАН+,0264083070,1240200015692,1,8988.90,7438.64,9.00,1
19487,СЗ ГОРИЗОНТ,0572023693,1190571005811,2,8983.04,5130.56,2.50,1
11755,СЗ 535-СТРОЙ,3906396050,1203900013569,4,8981.33,6600.78,4.00,1
43691,СЗ КАЛИНА ПАРК,3000024014,1263000000670,2,8969.83,6716.10,9.50,1
19453,СЗ ЖК ЛЕНИНГРАДСКИЙ,6166130862,1246100014885,1,8946.00,6054.00,13.00,1
23203,СЗ БЛАГОСТРОЙ,0277965930,1240200021907,2,8931.83,8931.83,6.00,1
33518,СЗ ТРЕСТМ-26,7456046741,1207400041133,1,8918.00,6594.27,14.00,1
34256,СЗ АЛЬТЕРА,7736294666,1177746281668,1,8913.63,3725.30,6.00,1
17170,С-8,4706023470,1054700323831,1,8913.11,4603.58,10.00,1
18339,СЗ ЗАБВО,7500016450,1247500000351,2,8910.40,5448.80,6.00,1
10398,СЗ ПЕРСПЕКТИВА,7116160006,1207100003120,3,8907.88,6359.75,4.00,1
22994,СЗ ДИМЕТРА,7805808467,1237800093783,1,8900.00,0.00,9.00,1
16267,СЗ ПСД,7448247028,1227400044871,1,8842.87,6298.20,17.00,1
22276,СЗ ОРИОН,6452150323,1226400011760,3,8836.82,5317.59,4.00,1
20422,СЗ СОДРУЖЕСТВО,1200010992,1231200002659,1,8833.20,6687.40,10.00,1
2382,СЗ КМП-ДАНИЛИХА,7715995163,1147746263290,1,8818.99,4559.50,7.00,1
24758,СЗ БИНА,1300008010,1231300004319,1,8812.08,5259.92,6.00,1
3029,СЗ ЗАПАДНОЕ,2224135752,1092224005191,1,8812.00,6110.60,13.00,1
22124,СЗ СЕТТ ГАЗОВИКОВ,3123472351,1203100013313,5,8802.45,6894.75,4.00,1
24703,СЗ СК А1,5610246639,1225600008941,1,8793.59,5014.80,10.00,1
10571,СЗ ГОРИЗОНТ,3901008794,1173926025767,1,8790.10,6181.42,11.00,1
19065,СЗ ОЛИМП-СТРОЙ,0700017070,1240700003060,3,8782.86,5423.58,7.00,1
1696,СЗ АСТОРИЯ,3917021399,1043917004350,1,8775.00,7240.50,9.00,1
7884,РОСТ-СТРОЙ,1435265678,1131447005656,1,8756.51,0.00,6.00,1
42524,СЗ СПК-НАСЛЕДИЕ,1400028404,1231400011413,1,8753.17,6207.73,14.00,1
9255,СЗ ГРАНЬ-ИНВЕСТ,1660088589,1061686043418,5,8750.20,3713.00,3.80,1
19688,ИНЖЕНЕРНЫЕ СИСТЕМЫ,1215115980,1061215086217,3,8746.34,5961.12,6.00,1
21036,СЗ СЕВЕРНОЕ СИЯНИЕ,2901314278,1232900004413,1,8745.49,6620.67,10.00,1
29517,СЗС,0500034512,1250500009242,1,8740.30,5411.50,8.00,1
28448,СЗ ИЗУМРУД,2223644490,1242200006850,1,8729.90,4492.50,9.00,1
24462,СЗ НОВЫЕ ФОРМАТЫ 2.0,3812163318,1243800017020,1,8700.00,0.00,9.00,1
4054,СЗ СТРОЙИНВЕСТ,0814173612,1070814004370,1,8698.86,7726.86,5.00,1
17559,СЗ ГК ОСТ-7,7100046611,1237100015460,1,8670.20,5840.09,14.00,1
14731,СЗ ВОЗРОЖДЕНИЕ,2460121167,1222400007213,1,8650.32,7301.79,11.00,1
18510,СЗ АВТОРСКИЙ ДОМ №2,1685011041,1231600020761,1,8638.04,3561.12,7.00,1
22553,СЗ АСПЭК-М2,1800019570,1241800008306,1,8631.70,6036.40,18.00,1
18894,СЗ ГРАД-ИНВЕСТ,5918221429,1235900014294,1,8620.40,5552.50,13.00,1
19876,СЗ БОЛЬШАЯ ЧЕРКИЗОВСКАЯ ПЛЮС,9718021525,1167746750126,1,8604.90,4828.20,14.00,1
261,СЗ ЭЛИТ-ГРУПП,6686027212,1136686021042,2,8596.40,5885.90,9.50,1
17676,СЗ ГЕЛЕНДЖИК,2312320881,1232300044217,1,8584.40,0.00,6.00,1
19341,СЗ ЮГО-ВОСТОК-3,3900025187,1243900005216,1,8582.21,5385.74,10.00,1
39574,СЗ ВЕРТИКАЛЬ,0700028675,1250700007249,2,8577.50,5754.06,10.00,1
21421,СЗ ПРОФРЕСУРС,2222906488,1242200004507,1,8572.70,5317.20,16.00,1
17860,СЗ ВИЛЛА МОНТЕ АРХЫЗ,0900008242,1230900001782,1,8560.97,0.00,6.00,1
36282,ВЕКТОР,7816760640,1257800103648,1,8558.80,6611.50,11.00,1
31833,СЗ БЦ НА ГОРЕ,2225231434,1232200020470,1,8551.71,0.00,10.00,1
31765,ЛАЙМ. ИНВЕСТ,7203588140,1257200001937,1,8539.93,6072.63,14.00,1
12927,СЗ АТЛАНТ-СТРОЙ,7453213673,1107453000599,1,8534.00,5635.50,17.00,1
13144,СЗ БРИК-СИТИ,3123466044,1203100001488,1,8533.57,6737.36,10.00,1
16535,СЗ БИЗНЕС МОСТ,7841078022,1187847292490,1,8530.20,5205.07,19.00,1
14937,СЗ СПЕЦСТРОЙ,7329008454,1127329002624,1,8507.70,5828.53,10.00,1
27564,СПЕЦЗАСТРОЙЩИК ВОСТОК,0800021137,1240800007359,1,8497.26,5732.48,7.00,1
12151,СЗ ПАНОВО,4400001052,1214400000671,1,8482.40,6044.60,10.00,1
21641,СЗ КРЫМИНВЕСТСЕРВИС,9102039596,1149102075605,1,8480.60,0.00,6.00,1
35724,СЗ БЕТА,3700034145,1253700007472,1,8467.09,6078.10,15.00,1
2258,СЗ ЗОЛОТАЯ КОРОНА,2626045717,1162651066852,2,8437.40,5622.17,9.00,1
18869,СЗ СИСТЕМА 47,7806595980,1227800024484,1,8436.16,5527.76,5.00,1
36264,СЗ ЖСЗ 8,3528346524,1253500011533,1,8432.00,5208.90,18.00,1
9712,СЗ ЮСС,8617025271,1078617000802,2,8418.15,6014.34,7.50,1
7671,СЗ ДОБРОГРАД,3317027134,1183328010678,8,8402.95,2125.16,2.00,1
23963,СЗ АВАЛЬМАН,2225233801,1242200010986,1,8399.73,2868.22,6.00,1
20066,СПЕЦЗАСТРОЙЩИК ГРАДИЕНТ,9103095138,1209100016168,1,8385.30,5111.20,8.00,1
22534,СЗ КЛЮЧСТРОЙ,0300024250,1240300004460,2,8380.78,5489.20,5.50,1
1098,БАЛТИК СТ,3901501030,1103925011673,1,8373.81,6963.24,11.00,1
15562,СЗ ВЕРТИКАЛЬ ИНВЕСТ,2366026484,1212300017192,1,8372.40,0.00,12.00,1
22886,СЗ СК ГАРАНТ,7604280730,1157627008252,1,8370.20,5640.76,10.00,1
18413,СЗ СТРЕЛА,3917056169,1223900001269,2,8367.70,4299.12,6.00,1
14204,СЗ ПЕРВАЯ ЖИЛИЩНАЯ КОМПАНИЯ,6234195349,1216200003953,1,8351.49,5740.79,10.00,1
13293,СЗ ТРЕСТМ-41,7456046646,1207400041034,1,8339.10,5012.68,4.00,1
5452,СЗ ВЫСОТСТРОЙГРУПП,7606101810,1157627029340,1,8333.00,5199.84,9.00,1
12764,СЗ БСИ,3128148408,1203100019869,1,8331.86,5202.00,10.00,1
12513,СЗ СК ХОЛДИНГ НН,5258090470,1105258002475,1,8322.06,5792.40,17.00,1
17009,СЗ ФИЛОСОФИЯ ИДЕАЛИСТОВ.БЕРЕЗОВСКИЙ,6658565106,1236600041787,1,8316.51,4672.06,17.00,1
11612,СЗ А ПЛЮС,3906906833,1173926018023,1,8307.90,5426.00,9.00,1
14604,СЗ МС ДЕВЕЛОПМЕНТ,4400005522,1214400005126,1,8287.30,6041.00,10.00,1
17722,СЗ ЖИЛСТРОЙ ДЕВЕЛОПМЕНТ КУЗНЕЦК,5835138992,1215800008478,1,8279.46,5567.85,17.00,1
23492,СЗ М2-ДЕВЕЛОПМЕНТ,9715460002,1237700600774,1,8278.21,4818.06,10.00,1
16543,СЗ ДСМ,2511117002,1212500014308,2,8207.00,5881.20,8.00,1
16934,СЗ КУБАНСКАЯ УСАДЬБА,2361018514,1212300023022,2,8198.00,6887.00,5.50,1
12592,СЗ СВЕТЛАЯ РОЩА,6658543448,1216600021373,2,8173.84,6076.56,10.00,1
22739,СЗ РМСТРОЙ,6000010391,1246000003886,1,8165.50,5651.10,10.00,1
18837,СЗ ДОМ,6800009250,1246800001590,1,8149.27,6198.08,10.00,1
18731,СЗ СТРОЙГОРОД,6317166461,1246300009603,1,8132.90,6614.00,6.00,1
5806,СЗ ИСГ СИБИРЬ,5507236041,1135543000405,1,8124.37,5368.29,12.00,1
13117,СЗ СМУ КВАРТАЛ,3662119638,1073667012704,1,8120.90,4349.60,15.00,1
19210,СЗ СКИМ,5809003999,1175835006346,1,8118.01,6009.93,8.00,1
17190,СЗ КСР,7705548455,1137746774285,1,8095.26,4106.43,9.00,1
28484,СЗ РИТМ,5907039626,1185958011436,1,8092.46,5086.25,5.00,1
14181,СЗ МОЙ ГОРОД,5809003149,1155809000852,1,8083.69,5327.78,10.00,1
16314,СЗ РЕАЛ,3528328973,1213500007600,1,8081.80,5217.94,17.00,1
17658,СЗ ЭГЕРРЕМСТРОЙ,7326017718,1027301406054,2,8065.20,5399.31,7.00,1
27593,СЗ МАЯК,6320080623,1246300011803,1,8057.10,4958.80,6.00,1
527,Е-ИНВЕСТ,7707818516,5137746068224,2,8056.52,6108.19,3.00,1
11417,СК ПРЕСТИЖ,0920001679,1190917001285,1,8034.90,5437.20,8.00,1
26239,СЗ ТЕМП,8700002086,1248700000670,3,8033.58,6860.04,5.00,1
18657,СЗ ПАРК ПРИБРЕЖНЫЙ,9110029915,1229100002636,2,8021.72,5551.00,8.00,1
17905,СЗ АДОНИС,7801720814,1237800015089,1,8016.60,4608.69,9.00,1
17879,СЗ СПЕЦСТРОЙ,6670434124,1169658031290,3,8013.72,6101.18,4.00,1
17314,СЗ ЗЕНИТ,6163108259,1116195007015,1,8001.57,4888.83,5.00,1
18529,СЗ ЭЛЬТЕКО,3849094438,1233800007484,2,7997.86,5851.57,9.00,1
6379,МОЙ ДОМ,5403031650,1175476065951,2,7984.00,5748.00,3.00,1
13214,СЗ ГЕОИНВЕСТ,6658391298,1116658017255,1,7978.14,4872.94,6.00,1
11250,СЗ БЕТОТЕК ОТЕЧЕСТВЕННАЯ,7453334170,1207400009629,1,7967.50,5971.74,16.00,1
39827,СЗ ЮНИТИ-4,6700026950,1246700018564,1,7959.31,5563.20,11.00,1
21745,СЗ ВЗМ-СТРОЙ,3665827780,1243600012369,1,7932.80,5810.30,8.00,1
18507,СЗ САЛЮТ,6000006885,1246000000245,1,7919.70,5440.20,11.00,1
21970,СЗ ДОМ НА МУРАШКИНСКОЙ,5262389337,1225200044046,1,7917.16,4635.86,12.00,1
14632,СЗ ВЕГОЛОС,3123482617,1213100012762,3,7893.58,4846.02,6.00,1
23017,СЗ СТРОИТЕЛЬНЫЙ ТРЕСТ №6,3700020270,1243700004998,1,7882.08,5033.70,9.00,1
15243,ОБЛКОМУНСТРОЙ,6455074303,1206400016107,1,7880.79,4833.40,9.00,1
16439,СЗ ЖК ОБЬ,5410095982,1225400030657,1,7861.20,4667.30,11.00,1
27568,СЗ СФЕРА ЖИЗНИ,1400042060,1241400012050,1,7861.07,5512.32,7.00,1
13861,СЗ ЭТАП-ИНВЕСТ,5250076210,1225200004842,1,7810.59,5463.97,15.00,1
17496,СЗ КЫЗЫЛСТРОЙ,1701045925,1091719000724,2,7803.44,4824.96,10.00,1
13250,СЗ ДСС,6829157445,1206800007677,1,7801.99,5635.02,10.00,1
16714,СЗ ГРАНИ,5404317059,1235400014904,2,7796.30,3673.20,5.00,1
29074,СЗ КЛЁСТ,1435111702,1021401068501,1,7782.80,5873.48,8.00,1
13180,СЗ МИЛЛЕНИУМ,7703463990,1187746738772,1,7776.22,4038.45,3.00,1
551,СЗ СЕВЕРНАЯ КОМПАНИЯ,6234096820,1116234011365,1,7770.98,1916.34,7.00,1
9419,СЗ ЖК БОТАНИКА,9102258559,1199112014661,1,7765.20,4312.00,10.00,1
18653,СЗ УНИВЕРСАЛСТРОЙ,6027167872,1166027050750,1,7763.50,5008.40,11.00,1
18890,СЗ СК НЗ,3849102470,1243800010013,1,7746.92,5135.78,11.00,1
10853,СЗ РОСТА-ГРУПП,5610150260,1125658040232,2,7717.12,5642.64,5.00,1
17601,СЗ КВАНТ,2315128375,1062315057265,1,7702.44,4016.27,5.00,1
17902,СЗ ПСК СТРОИТЕЛЬНЫЙ КОМПЛЕКС,6671435346,1136671033916,1,7693.16,4554.12,10.00,1
16509,СЗ САНТЕРРА,5012106321,1215000119124,1,7682.10,0.00,8.00,1
39282,СЗ ГОСЖИЛСТРОЙ,6450120531,1256400012406,1,7681.40,4874.40,11.00,1
18892,СЗ ТЮС-НР2,9309026515,1239300015338,1,7666.64,4576.18,9.00,1
32055,СЗ КАРЛА МАРКСА 26,6685124580,1169658146855,1,7663.20,5949.58,8.00,1
2161,СЗ СТК ВАРЯГ,7903526862,1077907002227,1,7659.00,4475.10,6.00,1
11166,СЗ ГРАНИТ,3906978933,1153926040740,1,7637.60,5017.60,9.00,1
36544,СЗ КАПСТРОЙ-НН,5263146489,1215200006746,1,7634.60,6011.30,12.00,1
6288,АЛЬФА-РЕКОРД,6453058803,1026403041280,1,7621.28,5323.70,11.00,1
19030,СЗ СТРОИТЕЛЬ СЕВЕРА,2904032264,1232900004688,1,7614.30,5619.70,5.00,1
26317,СЗ ТЁПЛЫЙ ДОМ,5609204793,1245600002592,1,7607.60,5076.36,11.00,1
18557,СЗ ЖИЛСТРОЙИНВЕСТ,9403026329,1239400002588,2,7607.43,4820.06,10.00,1
1211,СЗ ВИТ-СТРОЙ,7842475456,1127847284950,1,7605.00,5228.10,5.00,1
23867,СЗ НИК,1701027549,1021700513779,2,7589.40,4925.23,6.00,1
8898,СЗ ПАРКОВЫЙ-4,0917036520,1190917000845,1,7588.90,5400.18,10.00,1
16579,СЗ КАРАТ,3906258276,1123926008898,1,7579.26,5039.58,10.00,1
18488,СЗ СИКРЕТ ПЛЭЙС,7203523538,1217200012061,1,7572.30,5083.06,6.00,1
23815,СЗ Д4,2221261533,1242200010194,1,7566.00,4101.13,9.00,1
18403,СЗ АЛЬФАИНВЕСТ,2310225551,1212300038466,1,7565.00,0.00,7.00,1
9394,СЗ БААЛ КУЛИК,7104082145,1197154008061,1,7557.51,5210.71,13.00,1
1668,СЗ СМУ № 2,3254510586,1113256003960,1,7556.50,5097.90,11.00,1
17621,СЗ СТРОЙИНВЕСТ,6155092414,1236100002885,2,7516.85,5745.97,5.00,1
19444,СЗ ДОНЮГ,6166124675,1226100006219,1,7493.00,4845.10,15.00,1
18795,СЗ РЕКОМ ЮГ,9203006565,1149204043944,1,7492.18,4359.08,11.00,1
16501,СЗ ВОСХОД,2222900285,1232200000196,1,7492.00,5207.00,16.00,1
10328,СЗ МОЛОДЕЖНЫЙ,7445024168,1047420504471,3,7467.75,5705.20,2.67,1
23001,СЗ САР СК 1,2801282625,1242800005403,1,7453.00,3998.40,10.00,1
10782,СЗ Н1 ДЕВЕЛОПМЕНТ,5406802935,1195476086959,1,7443.40,4497.60,9.00,1
3196,СЗ СЕВЕР-СТРОЙ,1435257395,1121435010355,1,7426.54,5344.60,9.00,1
33700,ТОРКОНГРУПП,0900015779,1250900002572,1,7407.36,4905.00,11.00,1
11671,СЗ МАТИС,6449011440,1026401998644,1,7402.80,4763.10,11.00,1
34289,СЗ ГРАНДСТРОЙ,2634115527,1252600005987,1,7395.60,4298.28,7.00,1
11711,СЗ ТВН-СТРОЙ,3906387747,1203900000633,1,7395.37,0.00,5.00,1
24486,СЗ ДСК-РАЗВИТИЕ,9303037711,1249300011520,1,7380.00,4599.20,6.00,1
15941,СЗ КВАРТАЛ,4400010441,1224400004091,3,7375.86,4224.55,4.00,1
14413,СЗ ВАШИ МЕТРЫ,7811758888,1217800061797,2,7358.69,5371.12,4.00,2
18431,СЗ БИАТИН,3662995970,1153668022573,1,7357.69,3560.82,10.00,1
9167,ПЕРЕКРЕСТОК - УН,3702566233,1083702021655,1,7343.40,0.00,8.00,1
16115,СЗ ЮЖНЫЙ,6150100968,1216100005010,1,7339.70,0.00,7.00,1
6191,СЗ ВОСТОКСТРОЙ,6732162963,1186733008692,1,7338.00,4002.30,11.00,1
38359,СЗ НОВЫЕ ВЫСОТЫ,3300019103,1253300000051,1,7325.48,5557.28,7.00,1
38125,СЗ ГСР,6800016716,1256800003789,1,7320.30,5126.40,10.00,1
17535,СЗ СТРОЙСТАНДАРТ,6168120725,1236100021321,1,7303.23,4279.04,10.00,1
17756,СЗ СТИМУЛ,1655497868,1231600047436,2,7296.96,5008.65,4.00,1
17773,СЗ СТРОЙСИТИ НН,5263152690,1235200025785,1,7290.00,3621.20,11.00,1
29006,СЗ ФОРТ,0272925404,1240200019146,3,7276.18,3675.18,4.33,1
20572,СЗ ОРИОН,5406808944,1205400049557,1,7257.24,5287.50,18.00,1
31769,ЛАЙМ. КАПИТАЛ,7203591584,1257200006360,1,7252.24,4888.57,8.00,1
23206,СЗ Д-16,5902069610,1245900020068,1,7247.95,3643.10,7.00,1
18973,СЗ ЖК ДОБРОЛЮБОВО,3662305585,1233600011347,1,7229.72,4940.96,15.00,1
937,СЗ АЛЬФА-СТРОЙ,1101156775,1171101002192,2,7223.43,4407.24,10.00,1
27730,СЗ НЕПТУН-23,4000000287,1234000002400,1,7217.16,4862.52,10.00,1
7037,СЗ СТРОЙГРАД,3241501545,1113256014420,1,7206.20,4770.80,11.00,1
19148,СЗ НВ - 1,0272925891,1240200023250,2,7191.04,4407.95,3.00,1
19503,СЗ СТРОИТЕЛЬНЫЙ ТРЕСТ №8,3700020311,1243700005031,2,7181.64,4774.87,6.00,1
9444,СЗ ЛСР. РАЗВИТИЕ,9725020924,1197746563970,1,7171.92,3883.60,9.00,1
16883,СЗ СТРОЙИНВЕСТ,3625014725,1163668111815,1,7171.42,4561.11,17.00,1
4068,ХОЛМЫ,5011032451,1115011000378,2,7170.80,6067.00,4.00,1
12388,СЗ МАИРТА,3827062016,1193850038711,2,7169.08,4538.52,10.00,1
8103,СЗ ПРЕОБРАЖЕНСКИЙ 8,2465324033,1192468018214,1,7167.77,0.00,1.00,1
14150,СЗ ЭКОЛАЙН-СТРОЙ,6671189161,1216600062590,4,7153.28,5772.77,4.00,1
17286,СЗ СЭМ ИРКУТСК,3810077582,1183850033861,1,7147.40,4931.60,10.00,1
28208,СЗ АРКТИК,6312208630,1216300035885,1,7140.40,4760.30,9.00,1
36139,СЗ ТВОЙДОМ,3528343594,1253500000786,1,7135.52,4575.20,9.00,1
14717,СЗ МТК,5036173983,1185074014531,1,7133.74,5120.59,9.00,1
10887,СЗ СУ-3,4401145240,1134401011634,2,7132.27,4494.54,3.00,1
16170,СЗ Б.ДОРОГОМИЛОВСКАЯ 9К2,7730264256,1217700202334,1,7130.99,0.00,2.00,1
6296,СЗ ТМ-СТРОЙ,3444212972,1143443007432,1,7130.00,4680.30,21.00,1
4079,СЗ СПАРТА,4025072526,1024000936827,1,7125.00,5107.60,9.00,1
3858,СЗ ПРОФСТРОЙЯР,7604335041,1177627037433,1,7109.50,5300.50,5.00,1
18366,СЗ СК БУЛАТ,3525489443,1233500009148,1,7099.70,4637.50,8.00,1
19443,РЕМ И С,0300025180,1240300005395,2,7072.65,4415.04,7.50,1
14191,СЗ МЕРКУРИЙ,3906400532,1213900003569,1,7065.51,4606.51,10.00,1
19267,СЗ 33 ПАРК,3300008126,1233300010591,1,7063.80,5043.40,11.00,1
29783,СЗ ЛОГОС,9110089600,1159102012904,1,7054.12,0.00,8.00,1
71,СЗ ДОМСТРОЙ,6729018430,1026701441601,1,7045.51,5169.15,17.00,1
16372,СЗ ФОНТАНЫ,9102278058,1219100017542,1,7045.13,3166.20,10.00,1
34052,СЗ МОСКОВСКИЙ,9102296748,1249100006803,1,7043.00,4155.70,17.00,1
19147,СЗ ВЕРДОН,9201509394,1159204020304,16,7037.37,5484.70,4.00,1
28892,СЗ ОРИОН,2901320666,1252900001067,1,7035.50,0.00,4.00,1
15986,СЗ ЖК РЕЗИДЕНЦИЯ,3906963567,1153926018168,1,7019.61,4178.06,6.00,1
16987,СЗСТАРЫЙ ГОРОД,4000004228,1234000006338,1,7009.84,4818.88,17.00,1
42247,СЗ МОРЕ ГРУПП,3528347197,1263500000917,1,7002.70,4799.51,17.00,1
16100,КОМОССТРОЙ ТУКАЯ СЗ,1660335887,1191690078128,1,6990.60,2587.30,5.00,1
7425,СЗ РСИ,2703097720,1182724025252,1,6983.83,3286.92,10.00,1
5398,ЭВЕНТ - СТРОЙ,7453148382,1057424583655,2,6982.27,5255.36,6.00,1
15957,СЗ МОНОЛИТ-СТРОЙ,8911026015,1118911002253,1,6978.17,4564.41,5.00,1
6953,СЗ ПАРАДИЗ ИНВЕСТ,5528204234,1095543020980,1,6976.00,4560.00,6.00,1
1903,СЗ СЕВЕРСТРОЙ,6829088819,1136829000835,1,6968.20,5041.00,10.00,1
19168,СЗ ПИОНЕРСК СТРОЙ,3900017228,1233900012037,1,6966.19,0.00,6.00,1
18735,СЗ ЗОДЧИЙ,3444279430,1233400004606,1,6960.00,4691.49,10.00,1
6181,СЗ ПСК,1327023216,1141327003102,1,6943.27,5040.13,12.00,1
21370,СЗ НОВАЯ ЭПОХА,3900021464,1243900001400,1,6937.01,4436.77,6.00,1
17944,СЗ РЕГИОНИНВЕСТ,1500011130,1231500003371,1,6929.00,3438.61,9.00,1
31509,СЗ К-212,0400028427,1250400001455,1,6928.93,3186.32,12.00,1
9866,СЗ МОЙ РИТМ 2,5504220903,1105543029350,1,6927.37,3166.07,6.00,1
18496,СЗ ПИОНЕРСКБАЛТСТРОЙ,3900017147,1233900011950,1,6897.70,4247.90,6.00,1
3094,СЗ СИЦ,3528076885,1023501243699,1,6894.49,4268.99,13.00,1
18949,СЗ СК ПАРИТЕТ,7604393815,1237600009107,1,6885.30,4077.83,10.00,1
39882,СЗ ДУОСТРОЙ,2222912812,1252200012954,1,6871.30,3846.50,9.00,1
17356,СЗ ФРЖС РК,1101177623,1231100004090,1,6869.59,5909.51,6.00,1
587,СЗ СРК ДОН,3625008979,1063667228350,1,6864.90,5341.20,4.00,1
7327,СЗ ДОБРОДОМ-РЕГИОН,2462061481,1182468035507,1,6854.68,3730.77,13.00,1
18767,СЗ ВЕРТИКАЛЬ,5700008950,1245700001580,1,6851.90,4101.20,15.00,1
16878,СЗ ИНТЕРСТРОЙ ТАМБОВ,6800002262,1236800001140,1,6830.80,4636.00,18.00,1
2022,СЗ КОМПЛЕКТ,3235001826,1023201293114,1,6827.64,4427.20,11.00,1
24036,СЗ ЖК НА ЛЕНИНА,2901314454,1232900004732,2,6822.05,4947.89,5.00,1
3895,СЗ СРС,3435114739,1123435002371,1,6821.17,3842.17,9.00,1
11047,СЗ РЕНОВА,3328024086,1193328011690,1,6817.60,4488.30,5.00,1
16357,СЗ ВССТМ,7325170777,1207300009839,2,6813.56,5129.76,5.00,1
33578,СЗ БРЮХОВЕЦКАЯ ЯРМАРКА,2327014069,1152363000790,1,6808.53,4544.23,8.00,1
10953,СЗ НАШ ДОМ,7430024260,1157456016850,1,6803.50,4692.00,6.00,1
12020,СЗ АМУРКОМ,2801091853,1032800063185,1,6769.80,4010.60,11.00,1
13680,СЗ МЕРИДИАНСТРОЙ,2224210150,1212200025883,1,6759.58,3917.54,9.00,1
18827,ТЕКТУМ-СТРОЙ,2628062010,1232600010994,1,6735.00,4636.81,10.00,1
4072,СЗ РОДОНИТ-ИНВЕСТ,5921023650,1085921000770,1,6732.60,3765.20,10.00,1
9482,СЗ МЕЩЕРА,6234094598,1116234008263,3,6706.89,5530.70,4.67,1
17857,СЗ ПАРИТЕТ. УРАЛ,7203562008,1237200015436,1,6695.01,4943.88,7.00,1
14418,СЗ УЧАЛЫ,0274962602,1210200000174,2,6690.11,4364.28,5.00,1
23765,СЗ НОВОЕ ЖИЛЬЕ,1684011352,1231600012270,1,6684.13,2945.67,7.00,1
40715,СЗ ИНВЕСТ-СТРОЙ,0700023395,1250700001970,1,6676.48,4961.84,8.00,1
23109,СЗ ЦЕХ,3700017358,1243700002061,1,6673.10,3650.50,11.00,1
12026,СЗ ВЛАДИВОСТОК ДЕВЕЛОПМЕНТ,2540257325,1202500019347,1,6670.90,2914.70,9.00,1
26916,СЗ СТРОЙГРАД,5038168058,1225000118507,1,6670.29,3115.15,6.00,1
24126,СЗ АКСИОМА.ЛЕНИНГРАД,9102248832,1189112036739,1,6661.70,5167.55,11.00,1
929,СЗ ИНЖЕНЕР,4629005410,1034637002707,1,6659.60,4556.30,11.00,1
18239,СЗ КУРГАН-3,7456049051,1217400034169,1,6659.22,4760.50,11.00,1
16438,СЗ КОРД,7460058644,1227400042044,1,6644.61,4968.54,11.00,1
19092,СЗ ОМЕГА,6382101383,1246300012155,1,6642.00,5107.23,11.00,1
18935,СЗ СК-СТРОЙ,2635221609,1162651068810,1,6641.30,3697.70,10.00,1
21853,СЗ НК РАЗВИТИЕ,4705096235,1224700014219,1,6621.70,5354.94,4.00,1
6611,СЗ СТРОЙ ПРОФИТ,7725338047,5167746269884,4,6595.39,5246.37,3.00,1
3584,СЗ СК СМУ 177,2130199567,1182130003736,1,6572.84,4541.61,9.00,1
2049,ДОСУГ СЕРВИС,6625029325,1036601478979,1,6572.40,4839.21,11.00,1
7797,СПЕЦЗАСТРОЙЩИК УКС АВИТЕК,4345488153,1194350000965,1,6567.70,4126.30,13.00,1
1603,СЗ ТАМБОВПРОМСТРОЙХОЛДИНГ,6829001720,1036891200422,1,6550.60,3300.20,11.00,1
25576,СЗ СТК,1400034849,1241400004845,1,6521.93,5306.85,8.00,1
19136,ИНВЕСТТЕХСТРОЙ,0917041086,1200900004458,1,6510.36,3757.36,8.00,1
14782,СЗ ОЛИМП СИТИ,7604386864,1227600011836,1,6498.70,4375.50,6.00,1
17784,СЗ СМУ КИРЖАЧ,3300007450,1233300009920,1,6497.20,3830.19,5.00,1
18772,СЗ ДОРОЖНО-СТРОИТЕЛЬНАЯ КОМПАНИЯ 8,0816040512,1210800000124,2,6478.24,4311.28,8.00,1
13053,СЗ АРТСТРОЙТОРГ,2502043026,1112502000742,3,6475.44,4731.98,4.00,1
6378,СЗ ГОР-СТРОЙ,2015041780,1072031003384,1,6462.42,4558.45,10.00,1
15200,СЗ ИМПЕРИАЛ,2801178430,1122801010529,1,6462.36,3906.11,11.00,1
2391,РИК,5407023900,1065407147167,2,6458.88,0.00,6.00,1
6730,МОССТРОЙ,7704820556,1127747129278,1,6442.21,0.00,10.00,1
1459,СЗ ТВЕРЬДОМСТРОЙ,6950175070,1136952020479,1,6433.18,3890.38,10.00,1
19003,СЗ АВИЛОН,5700004088,1235700002273,1,6431.13,4378.80,9.00,1
19262,СЗКВАРТАЛ,1400035923,1241400005912,1,6428.00,3226.24,10.00,1
13586,СЗ АЛЬЯНССТРОЙ,6150101104,1216100008706,1,6427.80,4172.40,8.00,1
17639,СЗ СПУТНИК,9102270690,1219100001691,1,6424.63,4199.40,10.00,1
24849,СЗ ГОРОД,7000011012,1237000008453,1,6416.73,3079.08,10.00,1
11148,СЗ МОСКОВКА-ДОМ3,5507264391,1185543025348,1,6415.00,3340.88,6.00,1
17350,СПЕЦЗАСТРОЙЩИК СРЕТЕНСКИЙ ПОСАД,4345525461,1234300004586,1,6409.76,4449.65,11.00,1
10471,СЗ ГЛАВСТРОЙ-ЮГ,2631039902,1192651009616,1,6378.30,4195.20,10.00,1
14022,СЗ АНТЕЙ,7703464009,1187746738783,1,6372.00,5273.65,12.00,1
15968,СЗ ЖК-СТРОЙ,7448243947,1227400026996,1,6370.03,1931.57,6.00,1
14583,ИСК СЗ СТРОЙГРАД КРЫМ,9102224711,1179102003079,1,6368.77,4777.86,9.00,1
15385,СЗ КОРПОРАЦИЯ РАЗВИТИЯ СТРОИТЕЛЬСТВА,2628059722,1192651013884,1,6366.51,3604.40,7.00,1
3774,СЗ ПРОМГРАЖДАНСТРОЙ,5243019316,1035200957912,1,6365.68,4982.22,9.00,1
27370,СЗ ГСА ДЕВЕЛОПМЕНТ,9310009539,1239300009530,10,6360.46,6360.46,2.20,1
16591,СЗ ИЗВЕСТИЯ ХИЛЛ,2367017838,1212300006115,1,6358.20,0.00,10.00,1
32887,СЗ АРТСТРОЙ,8602320147,1258600007820,1,6344.63,4183.62,15.00,1
29230,СЗ ТРАСТ,6318053196,1196313100730,1,6342.70,3796.10,7.00,1
1859,СЗ УРАЛАВТОСТРОЙ,7445028885,1067445004560,1,6320.28,3814.43,11.00,1
16234,СЗ ПЕРИМЕТР ПЛЮС,5473004610,1225400025124,1,6304.40,3447.50,9.00,1
30801,СЗ СМУ-5,6700033683,1256700006452,1,6303.46,3974.70,11.00,1
11322,СЗ БЕРАЗ,4401107485,1104401002980,1,6294.30,3608.80,7.00,1
22707,СЗ АСТРА,5800009146,1245800007408,1,6280.39,3977.22,11.00,1
18979,СЗ АСПЕКТ,6027173192,1166027058339,1,6266.00,3730.80,10.00,1
7848,СПЕЦЗАСТРОЙЩИК ПС НЕДВИЖИМОСТЬ,4345422498,1154350003697,1,6259.45,2979.01,8.00,1
17692,СЗ НСК-ДОН,6164139186,1226100024358,3,6247.80,0.00,16.00,1
35335,СЗ ЖК ЗАРЯ,9408010001,1249400006085,1,6245.00,4121.60,5.00,1
13772,СЗ МКД-РЕГИОН,0278942727,1180280043965,1,6241.81,4649.88,10.00,1
10467,СЗ ХАЛТУРИНСКИЙ,6168107139,1196196020844,1,6232.78,3089.41,12.00,1
15284,СЗ СМУ-2,3460082833,1223400006610,1,6229.04,4368.56,10.00,1
32342,СЗ ПАРИТЕТ,7453359129,1247400011957,1,6211.43,4145.19,9.00,1
16922,СЗ ЛЕРМОНТОВ,6234101728,1126234003730,1,6209.69,3205.35,11.00,1
14701,СЗ МАСТЕРГРАД,2130221117,1202100007482,1,6198.00,3828.80,9.00,1
10371,СЗ ФАВОРИТ,3906265587,1123926031470,1,6187.40,4046.80,8.00,1
28193,СЗ ВИНДОМ 1,1686037067,1241600012257,1,6182.61,2921.08,10.00,1
17818,СЗ ВЕКТОР,0816041361,1210800001136,1,6177.12,5418.32,8.00,1
23018,СЗ СТРОИТЕЛЬНЫЙ ТРЕСТ №7,7604392811,1237600005697,2,6174.65,4087.43,6.50,1
16795,СЗ ОРИЕНТ-ДВ,2536308908,1182536006883,1,6173.30,3630.20,9.00,1
12096,СЗ СК ЖИЛРЕГИОНСТРОЙ,3528311458,1203500001374,1,6166.12,4287.53,9.00,1
44302,СЗРРМ ГРУПП,9705253060,1267700029222,1,6159.80,0.00,7.00,1
18372,СЗ РЕГИОН-2,1840104399,1211800009068,8,6139.03,6139.03,2.25,1
37995,СЗ АЛЬФА,7415069965,1107415002133,1,6136.00,4433.48,11.00,1
19764,СЗ МАЭСТРО,3906403075,1213900007067,1,6120.80,3716.96,5.00,1
13142,СЗ АРТ-М,5503193982,1205500023684,1,6120.60,4387.60,11.00,1
32679,СЗ МСК,9714074910,1257700204530,1,6113.24,3739.82,6.00,1
14520,СЗ ЮГИНВЕСТГРУПП,9102034710,1149102061767,1,6093.91,3133.53,8.00,1
1602,СЗ РОСБАЛТСТРОЙ,3906128326,1043902846350,3,6091.80,4791.30,3.00,1
23355,СЗ КАНТА СТРОЙ,5904407455,1235900016120,1,6088.60,3362.70,9.00,1
12249,СЗ-УИП,2723044405,1032700457492,1,6082.01,3917.80,11.00,1
18794,СЗ СТРОЙИНВЕСТ,3811043434,1153850032148,1,6060.55,3535.37,9.00,1
17403,СЗ КОНТУР-Л,3700012832,1233700010851,2,6057.05,4635.45,4.00,1
21743,СЗ МЕТРОНОМ,3663162065,1233600008950,1,6053.20,3922.70,5.00,1
1506,СЗ СПМК-8,2115902506,1042137004470,2,6041.50,4546.00,6.00,1
27399,СЗ БАЙ-ХААКСКАЯ,1700004002,1221700001170,1,6028.70,4081.40,10.00,1
24874,СЗ ВМЕСТЕ,3100025702,1233100014190,1,6026.20,4013.80,9.00,1
36810,СЗ ВКС,3461071344,1253400008531,3,6023.27,4194.34,5.67,1
24527,СЗ КВАРТАЛ,0572029529,1210500014460,1,6018.80,4742.60,4.00,1
14267,СЗ РУСЬ,7816279173,1157847267863,1,6018.70,4560.40,9.00,1
1221,СЗ ОМЕГА-ГРУПП,5905293994,1125905008151,1,6012.10,3174.00,5.00,1
2032,СЗ УДАЧА ЮГО-ЗАПАД МБ,6950037218,1156952014229,3,6010.00,5937.30,2.00,1
1420,СЗ ТАНАР,3812002127,1023802454345,2,6004.93,3458.30,5.00,1
16215,СЗ ГРС,5047264336,1225000057182,1,6002.18,3017.48,5.00,1
3995,СЗ БИЛДИНГ ГРУПП,6732080252,1146733019707,1,6001.10,4118.40,11.00,1
24775,СЗ ВОЛЖСКИЙ БРИЗ,1200014683,1241200001547,1,6000.00,3897.33,6.00,1
11480,СЗ КАСКАД+,4632203108,1154632004405,1,5993.52,4652.64,11.00,1
6346,СЗ БЕРЕГА-СТРОЙ,7604305992,1167627073096,2,5990.20,3762.40,5.00,1
13641,СЗ ЭТАЛОН,2901277080,1162901056383,1,5987.00,4423.32,10.00,1
18757,СЗ ЭЛЕФЕР,6678136916,1246600024043,2,5984.29,4208.35,4.00,1
1609,СЗ ЭКОНОМ-СТРОЙ,3702716023,1133702030648,1,5981.50,3281.95,12.00,1
19120,СЗ ЛЬВА ТОЛСТОГО 10А,1000013273,1231000007259,1,5974.60,3151.60,8.00,1
18834,СЗ КМВ СТРОЙ,2626052760,1242600002336,2,5969.80,3902.80,5.00,1
23366,СЗ ЛИДЕРСТРОЙ,2631044444,1242600002237,1,5968.10,4465.07,5.00,1
18943,СПЕЦЗАСТРОЙЩИК ПРОФСТРОЙ,4345531627,1244300003672,1,5967.00,3147.10,12.00,1
19496,СЗ МУЗЫКА,4824102054,1214800005914,1,5965.61,4309.82,11.00,1
7626,СЗ ГОРЖИЛСТРОЙ,7203210486,1087232001548,1,5922.52,2878.78,7.00,1
16556,СЗ АЛЬБИРЕО ПЛЮС,9104002136,1149102097506,1,5914.47,3690.78,10.00,1
37579,СЗ ДОМ ЛЕНИНА,0269048496,1250200018133,1,5912.50,4002.04,10.00,1
22911,СЗ ВИТА НА ЛИНИИ,5503269166,1235500005762,1,5889.80,3493.60,9.00,1
39065,СЗ НОВА ДЕВЕЛОПМЕНТ,7447294145,1207400010982,7,5888.80,5888.80,2.00,1
13900,СЗ ПРИВИЛЕГИЯ-2,7453341795,1217400025358,8,5886.00,5537.34,2.00,1
26855,СЗ МОНОЛИТ-МАГ,7455008574,1127455002586,1,5877.50,3247.51,5.00,1
15566,СЗ-11,4205410527,1224200014565,1,5872.40,4161.40,16.00,1
23442,СЗ ЛАРИМАР,2540281367,1232500031774,1,5871.55,1893.08,10.00,1
15075,СЗ ГОРНИЦА,1328018434,1201300000329,1,5843.85,3086.04,9.00,1
3448,СЗ С.О.Ю.З.,0323395684,1160327060354,1,5813.72,2905.10,13.00,1
25347,СЗ ГАГАРИНСКИЙ,2901148920,1062901054292,1,5812.90,3615.20,10.00,1
18785,ПТИЦЕФАБРИКА ПРИВОЛЖСКАЯ,1224003923,1171215003563,1,5803.50,3308.39,6.00,1
16427,СЗ ЭКОВЕСТ,7729714246,1127746527732,4,5793.72,0.00,3.75,1
43688,СЗ НОВОРОССИЙСКИЙ,7449157521,1257400014673,1,5792.67,4008.40,11.00,1
24360,ТИТАН,3906211990,1093925031595,1,5780.70,0.00,5.00,1
20189,СЗ СТРОЙАКТИВ ПЛЮС,2700032121,1242700008803,1,5778.75,3507.05,6.00,1
19405,СПЕЦЗАСТРОЙЩИК СТРОЙСИТИ,4345524757,1234300003607,1,5769.10,3536.40,12.00,1
18484,СЗ СТРОЙАКТИВ,2700020020,1232700016878,1,5752.16,3850.73,9.00,1
13769,СЗ ИЗУМРУДНЫЙ,6612056353,1216600032406,1,5742.13,3642.67,7.00,1
18681,СЗ СПБ-СИБИРЬ,7203405460,1167232093225,1,5735.20,4296.70,6.00,1
27109,СЗ СИРИУС БИЛД,9310014320,1249300010607,1,5734.67,3605.60,10.00,1
40771,СЗ БАЛТИК БРИЗ,3900026511,1243900006624,2,5725.86,0.00,6.00,1
19106,СЗСС,1400022667,1231400005638,1,5703.87,3803.65,9.00,1
23353,СЗ ПРОМЕТЕЙ,2225232050,1242200001042,1,5703.10,2590.50,5.00,1
18382,СЗ МОЛОДЕЖНЫЙ,3801153290,1213800011248,1,5702.90,3899.20,11.00,1
39296,СЗ БАЗИС ЛТД,3500013282,1253500002007,1,5684.30,4340.00,10.00,1
17891,СЗ МСГ,0107036592,1200100002190,1,5675.40,3301.58,4.00,1
32828,СЗ КИГ,1659106931,1101690065729,1,5673.50,2233.30,7.00,1
36927,СЗ КОЖЕВНИКОВА,7449158860,1257400027422,1,5673.00,4140.13,11.00,1
2577,СЗ СК РЕГИОН,2904028645,1162901063456,1,5661.00,4332.00,4.00,1
19174,СЗ СЕТТ ЛУГОВАЯ,3100029023,1243100001429,3,5660.70,4403.64,4.00,1
23202,СЗ БАЙКАЛСТРОЙРЕСУРС,0323351430,1100327005591,1,5647.00,3991.60,9.00,1
30945,СЗ СМОЛЕНСКИЙ БУЛЬВАР,7751327235,1247700586946,1,5630.20,2274.60,8.00,1
17901,СЗ СИЦ ГРУПП,3528336639,1233500000238,1,5590.20,4026.80,9.00,1
17335,СЗ САПСАН,0300015946,1230300005407,1,5581.70,3241.50,17.00,1
24416,СЗ МДК ГРУПП,7452170579,1257400004762,1,5571.28,3459.27,11.00,1
34168,СЗ НОВАТИС,2723183776,1152724012462,1,5566.30,3892.99,11.00,1
12579,СЗ ТЕРМИНАЛ-ХОЛДИНГ,6322021976,1036301122307,1,5562.20,4154.83,11.00,1
15580,СЗ АВИАЛЬ,6234111860,1136234000264,1,5558.00,1740.99,4.00,1
23931,СЗ КУБ,3666270950,1243600008233,1,5552.80,3363.70,7.00,1
30272,СЗ СТРОЙСИТИ2000,5032345046,1225000096705,1,5545.30,3584.39,6.00,1
29275,СЗ АЛЬФА ГРУПП,3300009810,1243300001559,1,5535.90,3514.20,6.00,1
10316,СЗ ЛУЧШИЙ ДОМ,4401195442,1204400001520,1,5526.86,3615.20,8.00,1
13157,СЗ СТРОЙПЛЮС,3255514784,1113256002837,1,5523.90,4020.60,11.00,1
17936,СЗ БАДМ ДЕВЕЛОПМЕНТ,0816007748,1090816000483,1,5517.80,3406.00,10.00,1
13806,СЗ ЗЕЛЕНОГРАДСК СТРОЙ,3906354452,1173926012776,1,5516.57,3041.36,6.00,1
7194,СЗ ИСТОРИЧЕСКИЙ ЦЕНТР,3328486732,1123328007186,1,5492.49,3430.88,10.00,1
15166,СЗ СОЦПРОМСТРОЙ-МЭЦ,5032282163,1145032006305,1,5477.62,0.00,9.00,1
19311,СЗ ИСК ГЛАВМОНТАЖОБЪЕДИНЕНИЕ,2511109604,1192536018685,1,5477.00,3924.80,8.00,1
16207,СЗ КМАСТРОЙ-ИНВЕСТ,3100004237,1223100009637,1,5466.67,4592.98,5.00,1
8112,СЗ ПРЕОБРАЖЕНСКИЙ 7,2465324026,1192468018181,1,5454.42,0.00,1.00,1
32123,СЗ ПЕРСПЕКТИВА,4401140098,1134401001547,2,5419.50,4085.90,4.00,1
6787,СЗ ГРИНВИЛЛ,7459002742,1147459000424,1,5419.22,4542.49,9.00,1
36809,СЗ Ю-СТРОЙ,7604396502,1247600003001,1,5400.00,3040.80,5.00,1
13780,СЗ НОВАЯ ВОЛГА,7610134921,1217600019031,1,5399.60,3636.47,4.00,1
19064,СЗ ОСК,2543154039,1202500028015,2,5399.04,3047.36,5.00,1
24129,СЗ КОМПЛЕКСНОЕ РАЗВИТИЕ РАБОЧЕГО ПОСЕЛКА ЧИШМЫ,0274976877,1230200002449,1,5397.16,3335.69,6.00,1
18887,ЭФТЕХ,8904093204,1228900002891,1,5383.82,2996.55,8.00,1
14799,СЗ ЖБК-РЕПНОЕ,3123480754,1213100008880,1,5382.08,3555.80,8.00,1
14729,СТРОЙ КАПИТАЛ,7606111287,1167627099584,1,5358.70,3111.42,5.00,1
19327,СЗ ПРЕСКОТТСТРОЙ,6500018790,1246500004630,2,5351.52,4186.80,6.00,1
36210,СЗ СТАТУС,4800027023,1254800006757,1,5336.90,4143.60,9.00,1
43440,СЗ С-СЕРВИС,6732226470,1226700004838,1,5335.00,3149.90,11.00,1
6345,СК КВАРТАЛ,3025030330,1173025002600,1,5329.87,3326.99,11.00,1
11989,СК СЗ ЛИДЕР СТРОЙ,7604362510,1197627028070,2,5325.92,4770.96,3.00,1
14469,СЗ КАПИТАЛСТРОЙ,7724638908,1077762180704,1,5322.21,3930.54,16.00,1
19272,СЗ ОГНИ СИБИРИ,1900013011,1241900000319,1,5316.80,3137.40,5.00,1
17292,СЗ РУСЬ ЭКСПО-СИБИРЬ,5445256951,1085445002400,59,5291.32,4554.76,1.88,1
18866,СЗ ПРОГРЕСС,6000007350,1246000000729,1,5289.30,3569.50,11.00,1
15864,СЗ ВЕРСТА,7460050814,1207400045324,1,5285.94,3548.10,9.00,1
19474,СЗ КП ШАЛЕ,2366018885,1202300010032,11,5272.67,0.00,2.64,1
1946,СЗ РЕГИОН,2538088630,1052503706639,1,5264.30,3631.95,8.00,1
30234,СЗ ГРАДСТРОЙ,6102080687,1256100009978,1,5242.84,3822.32,11.00,1
8006,СЗ ОСТ-ДИЗАЙН,5904149892,1065904122833,1,5241.20,2767.33,7.00,1
34051,СЗ СТАТУС,5032391500,1255000060600,1,5231.43,3570.52,11.00,1
4040,МАНЕЖ,7604272313,1147604244215,1,5229.60,4084.01,5.00,1
12405,СЗ ЮГЖИЛСТРОЙ,6141044315,1136181002253,1,5200.00,3377.14,8.00,1
31492,СЗ МС-18,7606143000,1257600005651,1,5196.08,3630.99,10.00,1
29719,СПЕЦЗАСТРОЙЩИК ДММ,2632123843,1242600005955,1,5188.60,3322.20,9.00,1
3791,СИБГРАД,4205226366,1114205033910,1,5186.10,3576.90,16.00,1
43952,СЗ ПЕРСПЕКТИВА,7451474937,1257400025530,1,5184.00,3406.63,6.00,1
25816,СЗ АДМИРАЛ,6150055190,1076150007845,1,5182.70,3357.80,5.00,1
12628,СЗ РЕСУРС,4501124903,1064501179115,2,5176.18,3603.55,4.00,1
6243,СЗ СУЗДАЛЬРЕМСТРОЙ-2,3310006657,1123336001150,3,5175.45,3597.66,3.00,1
31292,СЗ ТРУФАНОВО,7203590904,1257200005490,5,5170.23,5170.23,2.00,1
18615,СЗ КВАРТАЛ,3666266915,1233600008454,1,5148.82,3581.30,15.00,1
1637,СЗ РУССКИЙ ДОМ,3241003677,1063241003869,6,5145.83,3493.68,2.50,1
17516,СЗ КАРТАШОВСКОЕ,7017428164,1177031077541,1,5126.40,2753.65,7.00,1
15403,СЗ ПКБ 44,4401147978,1134401015407,1,5124.63,4162.79,3.00,1
22762,СЗ РЕСПУБЛИКА-2,0278977631,1230200015330,1,5113.70,3354.30,11.00,1
23140,СЗ СОБРАНИЕ,4500013319,1244500001118,1,5111.50,3790.00,11.00,1
16932,СЗ КВАРТАЛ-СТРОЙ,0300011300,1230300000700,1,5098.97,2260.40,10.00,1
18966,СЗ ФАКЕЛ,4414016482,1184401006217,1,5098.36,3754.49,3.00,1
13292,СЗ ВИРА,0548007700,1020502332575,1,5097.51,4600.74,10.00,1
504,СЗ ГЛАВСТРОЙ-Н,2631019374,1142651050630,1,5090.50,3260.00,6.00,1
30198,СЗ РЕ-СТАЙЛИНГ ПРО,7451418227,1177456006716,2,5070.48,3346.53,2.50,1
18810,СЗ МАРТ,1658250065,1231600061604,4,5060.00,3886.80,5.00,1
18790,СЗ ЭЛИТСТРОЙТРЕСТ,3900021351,1243900001290,1,5058.70,3422.07,8.00,1
36138,СЗ ЖИЛКОМСТРОЙ,2100029092,1252100007026,1,5042.07,3782.52,10.00,1
18719,ДОМСТРОЙ-А,3025039728,1213000005503,1,5041.00,3896.70,9.00,1
18524,СЗ РОДОНИТ-АКТИВ,5903157530,1235900014602,1,5030.83,3466.30,5.00,1
1138,СЗ КЛУБНЫЙ ДОМ,3849059553,1163850076499,1,5029.81,3409.32,6.00,1
35593,СЗ ИДЕАЛСТРОЙ,0326483480,1090327002985,1,5026.21,2609.93,10.00,1
6232,СЗ ЯИСК,8904069850,1128904007121,1,5005.70,2831.59,10.00,1
39684,СЗ СТРОЙИМПУЛЬС,1700013110,1251700001080,2,5001.16,3174.04,6.00,1
16419,СЗ РЕСПУБЛИКА,7604352576,1197627000306,1,4993.11,2901.11,5.00,1
18604,СЗ ПРЕМЬЕРСТРОЙ,2360015817,1232300036550,2,4986.63,2846.94,5.00,1
18891,СЗ ТЮС-НР1,9309026508,1239300015327,1,4984.00,2315.00,6.00,1
11426,СЗ ИВКО,7733828341,1137746023909,1,4983.50,3128.40,7.00,1
12765,СЗ АЛЬФА,3443146124,1203400013574,1,4970.00,3136.13,10.00,1
40520,СЗ ШЁЛКОВЫЙ ПУТЬ,2624036650,1232600001347,1,4966.60,3272.79,4.00,1
3023,СЗ ТРИУМФ-ГРУПП,6230107655,1186234001139,1,4954.64,3165.60,11.00,1
6917,СЗ СК ЗАКАЗЧИК НС,7116501344,1087154024055,1,4951.30,3266.50,10.00,1
23536,СЗ СЗ И ТН,0276180022,1250200000050,1,4935.80,0.00,2.00,1
26452,СЗ ЛЕГАРО,5029260233,1215000002502,31,4935.54,4935.54,2.00,1
3414,СЗ ИСК,7104033927,1027100599426,2,4915.23,3524.50,7.50,1
603,СЗ СПЕЦМАШСТРОЙ,7327059365,1117327001770,1,4907.98,2838.95,13.00,1
14786,СЗ М-СТРОЙ,2635253520,1222600006441,1,4903.50,4084.57,5.00,1
9989,СЗ СУДАКСКОЕ РСУ,9108103777,1159102020912,1,4903.22,3220.91,9.00,1
16275,СЗ ЛИВИН,5904084959,1035900506025,1,4897.80,3465.00,8.00,1
13697,СЗ ВЕКТОР,2801141656,1092801002788,1,4887.00,3053.70,10.00,1
19400,СЗ ЦЕНТР-СТРОЙ,6161095678,1216100035876,1,4879.40,2911.40,11.00,1
14443,СЗ КЛЕВЕР ГРУПП,3702119041,1153702020658,1,4878.72,3413.57,7.00,1
18811,СЗ МИРМЕКИЙ,9111023850,1179102027059,1,4874.51,2213.46,5.00,1
16362,СЗ РИАСТРОЙ,0269043610,1220200044294,1,4857.65,2767.52,7.00,1
6235,СЗ НОРДИС 40,4028065742,1174027016932,2,4857.36,4059.34,4.00,1
3471,КОМПАНЬОН,0106003795,1020100823797,1,4845.18,3216.25,10.00,1
8765,"СПЕЦСТРОЙ ГОРЬКОГО,10",5903141989,1195958020004,1,4823.30,1889.40,5.00,1
19081,ИНВЕСТИЦИИ СЕВЕРА,5190044387,1155190001702,1,4810.00,4810.00,1.00,1
23015,СЗ НОВОЕ ДВУРЕЧЬЕ,5948072365,1245900006219,1,4782.00,3652.35,6.00,1
18585,СЗ СТРОЙИНВЕСТ,3526037834,1213500012164,1,4779.00,1651.30,5.00,1
15149,СЗ СК-1,0275928058,1220200019962,1,4771.17,0.00,1.00,1
37035,СЗ ВИКОНДА ГРУПП,7610145063,1257600008588,1,4762.50,3386.37,9.00,1
8582,СЗ ПСК СТРОЙРАЗВИТИЕ,6901088820,1056900155036,1,4757.95,2743.47,4.00,1
13265,СЗ КРОНЕКС ДЕВЕЛОПМЕНТ,7722813865,1137746598252,1,4747.30,2856.34,5.00,1
20665,СЗ ОНИКС,3906151156,1063906071591,1,4739.91,2940.77,6.00,1
23481,СЗ СТС,1841085332,1191832008191,2,4722.21,3602.19,4.00,1
336,ГРАДРИЭЛТ,7743690406,1087746571978,6,4720.20,4720.20,2.00,1
19107,СЗ ИСК МЕГАЛИТ,2221258837,1232200004761,1,4711.10,3156.60,8.00,1
19362,СЗ ГОЛЬФ ПАРК,6658341508,1096658005663,42,4710.53,4310.50,2.00,1
18797,СЗ НОВОСТРОЙ ТРЕЙД,2901265599,1162901053886,1,4703.89,3464.02,9.00,1
17283,СЗ НОВЫЙ ГОРОД,2925006882,1212900006747,1,4691.50,3459.85,13.00,1
15582,СЗ КИНОСИТИ РЫБИНСК,7804468916,1117847392960,1,4691.00,2996.80,4.00,1
42810,СЗ ДИС,6000014283,1256000003270,2,4681.28,3706.26,6.00,1
17092,СЗ КРОНОС,1655493895,1231600013150,1,4669.91,0.00,6.00,1
18840,СЗ ЮГ-СТРОЙ,1500012782,1231500005043,1,4668.68,3689.41,13.00,1
1116,СЗ РСК ВОСТОК,5446112487,1025404790036,1,4663.40,2434.60,9.00,1
36820,СЗ АРС,3435147300,1243400004650,1,4653.21,3010.77,7.00,1
8985,СЗ СК АЛЬФА,5905058976,1185958069538,1,4628.80,2632.10,5.00,1
5783,КНК,5403321888,1105476049986,1,4626.77,0.00,5.00,1
2932,СЗ ВЕСНА,5249136922,1145249005956,1,4626.50,2835.33,11.00,1
6442,ГРАЖДАНСТРОЙ,5433196994,1145476034406,15,4593.00,3823.80,3.13,1
42196,СЗ РИМН,2632127076,1252600016514,1,4586.85,2420.60,4.00,1
25640,СЗ ПИОНЕР,7203588341,1257200002180,1,4577.90,2879.40,4.00,1
28157,СЗ СК-2,2511128903,1242500016538,1,4576.60,2269.60,8.00,1
24306,СЗ СИЛБЕТ,2901215485,1112901005690,2,4575.82,3696.27,4.50,1
2825,СОЗВЕЗДИЕ,3329077877,1143340004170,1,4574.40,0.00,9.00,1
34452,СЗ САРМАТ,0245972050,1230200042533,3,4574.40,0.00,3.67,1
32094,СЗ ЖИЛОЙ КОМПЛЕКС №1,9200022858,1249200002776,1,4560.11,2958.77,9.00,1
29826,СЗ СИСТЕМА,2634110335,1222600006860,1,4496.10,2851.90,9.00,1
28232,СЗ РЕНОВАЦИЯ,5405097871,1245400029490,1,4485.90,3167.44,10.00,1
11358,СЗ-СТРОЙКОМ,5903146909,1205900022569,1,4484.50,2550.50,7.00,1
17171,СЗ ПАРТНЕР,2130148555,1152130000186,1,4480.70,2979.60,6.00,1
19274,СЗ АРТИЛЛЕРИЙСКАЯ 4,7810930328,1217800156056,1,4480.20,3347.44,4.00,1
32763,СЗ ИДЕАЛСТРОЙ,3906358143,1173926023842,1,4475.11,2847.35,5.00,1
11181,СЗ КЗСМ,4028069909,1204000001150,1,4464.92,3172.51,7.00,1
8184,СИБЮГСТРОЙ,1903021719,1121903000746,2,4456.11,2443.86,6.00,1
4281,НОРД ВЭЙ,7733725843,1107746112297,1,4446.00,0.00,3.00,1
16669,СЗ АВЕ-ГРУПП,6164139362,1226100026734,1,4429.20,2302.60,6.00,1
24479,"СЗ РУМ-СТРОЙ, ООО СЗ РУМ-СТРОЙ",2543154705,1212500000613,1,4428.87,3007.44,9.00,1
35167,СТРОЙКАРЕЛ,1000020626,1251000001504,1,4421.26,3577.30,9.00,1
10854,ЯСН,7604299435,1167627057620,1,4421.15,2522.33,7.00,1
667,СЗ ООО УСК СТРОЙКОМПЛЕКС,3017031323,1023000816574,1,4417.80,3047.90,9.00,1
15448,СЗ ПЕГАС,9723108147,1207700462474,1,4416.60,1685.00,8.00,1
21803,СЗ ГЕНЕЗИС,2536319378,1192536027089,1,4394.57,0.00,6.00,1
38882,НАСЛЕДИЕ,6317137407,1196313042793,1,4389.00,0.00,9.00,1
18625,СЗ КАЛИНИНГРАДНЕФТЕСТРОЙ,3906282254,1123926075074,1,4354.19,3010.83,5.00,1
19090,СЗ АНАПАСТРОЙ,6162089941,1246100001245,1,4347.55,0.00,8.00,1
21208,СЗ РЕКОРДПЛЮС,2618026238,1242600004525,1,4345.10,2795.80,8.00,1
1844,ПРОМТЕХЦЕНТР,5403199645,1075403010660,1,4326.90,2908.60,6.00,1
16730,СЗ ДЕВЕЛОПЕР №2,1655477910,1221600039858,1,4321.51,2005.50,7.00,1
18816,СЗ 4К-002,9727073583,1247700289176,1,4319.31,3228.55,5.00,1
13860,СЗ БОМАРИС,7713728317,1117746367870,1,4313.50,0.00,5.00,1
22925,СЗ ГИС,5829005627,1205800007324,1,4305.98,2679.20,9.00,1
27453,СЗ АРСО ГРУПП,4345537058,1254300002703,1,4297.49,2403.92,7.00,1
18773,СЗ СПЕЦСТРОЙПРОЕКТ,2902091521,1242900002564,1,4281.42,2768.64,5.00,1
16498,СЗ СТРОЙСИСТЕМА-МАРКЕТ,4101194222,1204100004481,1,4278.50,2657.10,8.00,1
10862,СЗ ГАЗСТРОЙИНВЕСТ,7325149013,1167325070736,1,4276.80,2811.60,9.00,1
27684,СЗ МИГ60,6000005070,1236000003766,1,4266.45,2634.10,5.00,1
6622,СЗ АЛЬТЕРА,7810610303,1167847346480,8,4264.95,3453.28,2.00,1
3859,СЗ ВАТЕРФРОНТ,3906951674,1153926001415,1,4227.31,2634.94,5.00,1
2031,СЗ УДАЧА ЮГО-ЗАПАД КАПИТАЛ,6950192037,1166952059570,3,4211.00,4095.37,2.00,1
29745,СЗ БУЛГАКОВО,0278986964,1250200011588,50,4210.20,4210.04,2.00,1
43787,СЗ ПЦН,8911033661,1248900002680,1,4178.97,2083.40,5.00,1
31775,СЗ ОПОРА,5032348713,1225000130068,1,4175.78,3542.28,4.00,1
16954,СЗ МОНТАЖСТРОЙ,0249995210,1190280005651,1,4175.00,1800.75,4.00,1
11069,СЗ СТОРИ ПАРК,4826145230,1204800009853,46,4165.60,4165.60,2.00,1
7750,СЗ СТРОЙПЛОЩАДКА,4401162790,1154401004922,1,4160.54,2782.90,9.00,1
23906,СЗ НОТЫ,1655498580,1231600054784,1,4153.22,1554.86,5.00,1
3438,СЗ СК СОКОЛ,7604165544,1097604016795,1,4140.54,2508.51,4.00,1
12144,КАПСТРОЙ,7811119987,1037825026491,4,4124.62,2905.73,3.00,1
19112,СЗ КИРОВОГРАДСКАЯ,5902060222,1215900003648,1,4122.24,1965.85,5.00,1
21125,СЗ РОМАН-КОШ-ИНВЕСТ,9102212000,1169102072952,3,4112.20,3465.25,4.00,1
20473,СЗ ВЫСОТА ДЕВЕЛОПМЕНТ,5610253971,1245600007795,1,4107.50,2607.50,9.00,1
7140,СЗ СМУ-5,4345328576,1124345009590,1,4104.60,2106.96,9.00,1
24555,СЗ ЖИЛЫЕ. МАССИВЫ,4400023017,1254400000315,1,4103.69,2925.98,9.00,1
17620,СЗ АТЛАНТ ПЛЮС,3525489299,1233500008873,1,4096.22,2808.63,10.00,1
1748,СЗ ЖИЛОЙ КВАРТАЛ,6950183427,1146952012129,1,4096.18,2948.75,9.00,1
6242,ЦЕНТРСТРОЙ,3444206305,1133443016002,1,4090.40,0.00,5.00,1
33981,СЗ КВАРТАЛ,6317169600,1256300005312,1,4077.10,2511.10,7.00,1
9552,СЗ БИЗНЕС-ПРОЕКТ,2124036846,1132124000216,1,4070.80,4070.80,11.00,1
19207,СЗ СК ТЕХСТРОЙ,3444170289,1093444003905,3,4068.00,2987.61,4.00,1
16303,СЗ СК СФЕРА,3459081271,1203400011143,1,4062.72,2969.74,4.00,1
21166,СЗ СЛАВЯНОВСКИЙ,2630052611,1222600010600,1,4030.00,2846.95,10.00,1
24687,СЗ АТТРАКЦИОН,9203545662,1199204000995,1,4020.20,2343.45,11.00,1
24553,СЗ ДОМ,3528334906,1223500007752,1,4014.24,3021.64,4.00,1
18902,СЗ ЛЕНИНА ПАРК,6200004003,1246200002707,1,3985.00,0.00,4.00,1
8713,СК СТРАТЕГИЯ,5040085190,1085040005027,1,3983.50,1744.80,6.00,1
17848,СЗ ДОМСТРОЙ,1500009469,1231500001688,1,3970.00,2576.00,7.00,1
23500,СЗ ЖСК,5906125230,1135906009073,1,3957.00,2618.00,8.00,1
16249,СЗ АНИК-ИНВЕСТ,7606119952,1197627009799,1,3956.40,2573.04,8.00,1
17355,СЗ ДОМСТРОЙ,4826140880,1194827011576,1,3955.20,2512.43,8.00,1
22309,СЗ МОНТАЖСТРОЙ,0258954957,1220200008742,1,3954.67,2449.60,8.00,1
32139,СЗ КОНСОЛЬ,7722403690,1177746570430,1,3942.61,3331.94,10.00,1
13138,СЗ БЕЛЕВСКОЕ,7840097223,1217800120361,1,3936.97,2420.42,4.00,1
6336,СЗ МЕГАСТРОЙ,6950213128,1176952019254,1,3921.92,1806.72,5.00,1
35635,СЗ ОРЕЛ НЕДВИЖИМОСТЬ,5720025826,1225700002208,1,3915.90,2507.20,10.00,1
18765,СЗ НОВОСТРОЙ №1,0700014665,1240700000650,1,3902.88,2506.39,11.00,1
29945,СЗ СК ФИНДОМ,1675005521,1251600027007,1,3897.60,2848.45,8.00,1
6627,СЗ СТИРУС,4824056520,1124823000060,1,3881.44,3070.94,9.00,1
2319,ЖИЛОЙ КВАРТАЛ СИТИ,7703417626,5167746175350,1,3866.00,0.00,6.00,1
15324,СЗ СТРОЙЖИЛЬЁ,2626050971,1222600005000,1,3865.65,2623.00,4.00,1
14038,СЗ ПРИВИЛЕГИЯ-4,7453341812,1217400025545,4,3848.00,3615.27,2.00,1
16913,СЗ КОЛОС ПЛЮС,0510011680,1160571061034,1,3845.61,3431.68,9.00,1
22429,СЗ ВР-ИНВЕСТ,1831201413,1211800004085,1,3845.30,1746.60,7.00,1
17166,СЗ ЖСК,3700000700,1223700010060,1,3839.00,2490.40,7.00,1
26853,СЗ ЮЗ-СТРОЙ,7300034187,1247300006172,1,3832.67,2277.72,5.00,1
13951,СЗ ЖК СОЦГОРОД,7329034006,1207300008189,1,3819.12,2958.12,9.00,1
36142,СЗ СИЛЬВЕРСТРОЙ,9718180300,1217700491524,34,3789.57,3714.10,2.00,1
15162,СЗ ТВН-ИНВЕСТ,3906402201,1213900005824,2,3786.90,2353.35,6.00,1
23198,СЗ ДАЛС-СТРОЙ,0300028310,1240300008574,1,3783.14,3055.70,10.00,1
44349,СТРОЙКАПДОМ СЗ,2511134745,1262500001620,1,3765.99,2864.83,4.00,1
14493,СЗБИРСАНТЕХМОНТАЖ,7901001806,1027900509999,1,3749.06,2289.01,4.00,1
23378,СЗ ВОЛНА,6319265732,1246300035673,8,3714.48,2424.98,3.00,1
35924,СЗ ГАЛС-РАЗВИТИЕ,9705152873,1217700078804,1,3711.00,0.00,6.00,1
12553,СЗ СК ИМПУЛЬС,7205032197,1217200006374,1,3706.28,2282.50,6.00,1
28875,МАГАДАНСКИЙ СЗ,4900015159,1234900001820,1,3696.90,1821.80,9.00,1
23968,СЗ ВОЛГА,6950224909,1186952016789,1,3683.00,1504.46,5.00,1
3787,СЗ ТЮМЕНЬСТРОЙ,7204034836,1037200571407,4,3672.48,2734.08,3.00,1
12703,СЗ ОТРАДА,7327094088,1207300002524,1,3671.02,2532.32,9.00,1
24015,ТРАНСФОРМЕР,6315013942,1166313146383,1,3665.50,0.00,10.00,1
8018,СЗ СТРОЙРЕСУРС-А,6452138044,1196451009336,6,3652.84,2289.24,4.67,1
21647,СЗ АВТОРСКИЙ ДОМ №1,1684009152,1221600094660,1,3652.36,1382.41,5.00,1
15609,СЗ СМАРТ ДЕВЕЛОПМЕНТ,3702262203,1213700011040,1,3648.80,2561.80,10.00,1
13477,СЗ СПЕЦМОНТАЖ-ТАМБОВ-1,6829161120,1216800005454,1,3629.45,2800.73,5.00,1
3978,ПАРК,6454140218,1146454000384,2,3619.62,3619.62,2.50,1
22940,СЗ ЛЕТО,7801693247,1217800004069,1,3613.98,1932.43,6.00,1
16687,СЗ МИР ДЕВЕЛОПМЕНТ,7203434623,1177232032867,3,3611.10,2551.53,2.00,1
6157,СЗ СК ТЮМЕНЬСТРОЙЮГ,7203354167,1157232031274,1,3611.00,2277.56,10.00,1
42543,СЗ СЕДЬМОЕ НЕБО,0274394974,1250200015240,1,3608.10,0.00,3.00,1
17193,СЗ СЕВЕРНАЯ ЛИСИЦА,7813665371,1227800108117,2,3601.34,3474.94,3.00,1
11923,СЗ ЩИПОК,7705931805,1107746883892,1,3557.89,0.00,11.00,1
2383,СЗ ПРЕСТИЖ,4401139374,1134401000800,1,3556.00,2362.40,10.00,1
6902,СЗ ОБЛСТРОЙ,4007017177,1124011000761,1,3541.80,2481.48,9.00,1
23840,СЗ МОНТАЖСПЕЦСТРОЙ,0710007297,1200700004020,1,3538.80,2956.80,4.00,1
15169,СЗ КАПИТАЛ ИНВЕСТ,3525326167,1143525010705,1,3535.56,2017.14,4.00,1
10466,СЗ ДСК,6165178607,1126165014381,1,3528.20,2307.60,5.00,1
26508,СЗ СЕТТ ЮБИЛЕЙНАЯ,5700010290,1245700002943,2,3520.98,2757.90,4.00,1
14787,СЗ ЮНИКС,7737526302,1077763574877,1,3519.60,1853.20,9.00,1
9990,СЗ КИРПИЧНЫЙ ДОМ,3525330195,1143525014808,1,3512.70,2464.80,9.00,1
6744,СЗ ВОЗРОЖДЕНИЕ,7604301099,1167627061360,1,3510.00,2071.34,5.00,1
35855,СЗ АГАПЕКС ДЕВЕЛОПМЕНТ,7736343465,1227700537877,1,3499.20,3276.88,4.00,1
17503,СЗ МИХАИЛ-4,0278961416,1200200049477,1,3497.69,2127.40,5.00,1
904,СЗ СТРОЙГАРАНТ,4501213293,1174501001421,2,3489.60,2551.00,4.00,1
17266,СЗ ПРЕСТИЖ,6316279984,1226300029779,1,3479.40,1791.62,10.00,1
33273,СЗ ЖК СОСНЫ 6,7300045291,1257300006446,1,3476.82,2079.28,5.00,1
6801,СЗ ТВЕРЬСТРОЙТРЕСТ,6950213512,1176952019870,1,3475.70,2617.00,6.00,1
29674,СЗ НБ-СТРОЙ,3444281895,1253400001931,1,3471.85,2714.70,8.00,1
19277,СЗ ГРАД,3666269426,1233600022523,1,3457.35,2656.91,5.00,1
18432,СЗ СТРОЙИНВЕСТ,0269044540,1230200033260,1,3453.40,2455.84,5.00,1
24939,СПЕЦЗАСТРОЙЩИК МОЙ ДОМ КИРОВ,4345535660,1254300000866,1,3449.72,1698.25,6.00,1
14586,СЗ РУНОВСКИЙ,7705460923,1027705001598,1,3436.38,0.00,5.00,1
18724,СЗ СЕРЕБРЯНЫЙ РУЧЕЙ 2,4706056644,1234700003053,1,3426.00,2565.52,4.00,1
17074,СЗ ПОТОК,6671207580,1226600010680,1,3408.18,2082.68,6.00,1
28570,СЗ ИННОВАЦИЯ,7536047420,1027501171422,1,3402.72,2138.48,5.00,1
27355,СЗ ЛЕС И ГОРЫ,0400026243,1240400002171,1,3394.73,0.00,7.00,1
1576,СЗ АТЛАС,0817001308,1130817001336,1,3392.55,2542.78,9.00,1
19293,СЗ КМС,5404951410,1245400005718,42,3389.76,2871.18,2.00,1
10432,СЗ АВТОФОРСАЖ,4401146170,1134401012767,1,3360.90,2287.40,4.00,1
13925,СЗ БЕРЕГА-ПАРК,4400002923,1214400002520,1,3359.76,2437.60,6.00,1
41447,СЗ ОЛИМП,3435144010,1223400011097,1,3352.21,1890.39,4.00,1
17452,СЗ МОСКАБЕЛЬСТРОЙ,2901309180,1222900001686,1,3350.81,2634.65,9.00,1
43954,СЗ ТВН-АЛЛИУМ,3908604549,1093925021794,2,3327.68,2056.10,5.00,1
1405,СЗ СТРОЙДОМ,5702010753,1115743000185,1,3323.91,2047.57,8.00,1
13856,СЗ СТРОИМ ВМЕСТЕ,7604379200,1217600015050,2,3321.59,1881.37,3.00,1
18191,СЗ ВОЛГА ПАРК ХАУС,7328110335,1217300013831,1,3313.86,2424.67,10.00,1
22214,СЗ КЛУБНАЯ,7606136468,1237600007468,1,3308.00,2031.90,4.00,1
34358,СЗ ГЕНЕЗИС КАПИТАЛ,3900027392,1243900007537,1,3303.95,1700.22,5.00,1
3635,СЗ ПЕРСПЕКТИВА,4028052430,1124028005067,1,3269.94,2365.20,7.00,1
25574,СЗ МОНОЛИТ,0100002499,1220100001978,1,3266.10,1764.87,5.00,1
16265,СЗ ТЕКТА,1435347923,1191447015803,1,3223.36,0.00,4.00,1
17154,СЗ ПРОСТО-Р,9102035697,1149102064759,1,3216.30,0.00,5.00,1
19654,СЗ СЕВЕРНОЕ СИЯНИЕ,2224213898,1232200011757,1,3212.27,1898.39,13.00,1
17201,СЗ СТРОЙГРУПП,3328031196,1233300001637,1,3207.50,2650.00,4.00,1
12435,СЗ ФЕНИКС,3525470026,1213500007709,2,3206.53,2440.77,3.00,1
4042,СЗ МЕТРУМ,6732025068,1116732011660,1,3205.42,2519.13,5.00,1
30019,СЗ БСК,0269045713,1240200015550,1,3193.57,1832.91,4.00,1
22488,СЗ АВЕРС,2901256146,1152901002209,1,3187.26,2215.37,8.00,1
31767,ЛАЙМ. АКТИВ,7203591591,1257200006370,1,3182.12,2348.74,5.00,1
15659,СЗ ТУЙМААДА-СТРОЙ,1400014955,1221400011800,1,3166.40,2459.25,4.00,1
17085,СЗ БЦС,2320133074,1052311721307,1,3162.60,0.00,4.00,1
31226,СЗ ЛАКОНИЯ КРЫМ,9102215805,1169102079960,1,3155.82,1693.23,7.00,1
7257,СЗ СТРОЙГАРАНТ,6150076779,1146183001722,2,3152.90,2544.00,6.00,1
22662,СЗ ВЕКТОР,3666272281,1243600014910,1,3148.40,2001.45,5.00,1
22920,СЗ РОСТ-АО,2635261841,1242600007539,1,3146.28,2243.55,5.00,1
24379,СЗ ОТК ИНВЕСТ+,3906411573,1223900002875,1,3123.00,1538.30,6.00,1
17492,СЗ ЧЕРНИГОВСКИЙ,2511123567,1232500009180,2,3110.34,2457.81,3.00,1
5513,СЗ ВЫСОТА,6164317128,1146164001290,1,3091.00,1890.50,6.00,1
10343,СЗ КЦН,4443025611,1024400528569,1,3087.30,1853.90,10.00,1
38608,СЗ АФГ-ТРАНС,0722001589,1120718000864,1,3082.64,2311.38,3.00,1
33893,СЗ НОВОСТРОЙ,1300016170,1251300002227,1,3059.11,1874.86,6.00,1
2005,СЗ ДОМОСТРОЙ-ЮГ,3442094392,1073459008919,1,3040.78,1473.74,4.00,1
22853,СЗ ИХТИС,8617033152,1158617000343,1,3030.40,1845.32,8.00,1
10660,СЗ БЕРЕНДЕЕВЫ ПРУДЫ,4401196238,1204400002608,1,3004.06,2183.29,4.00,1
19236,СЗ КОРПОРАЦИЯ ОСТРОВ ПЕРВЫЙ,2367037023,1242300020270,1,3000.00,0.00,4.00,1
1104,КАПИТЕЛЬ,3662108611,1063667177606,1,2995.19,2011.92,9.00,1
26622,СЗ ФЖС - РЕГИОН 2,0274394170,1250200010521,1,2983.60,2160.96,5.00,1
19026,СЗ ЭЛЕМЕНТС ДЕВЕЛОПМЕНТ,7806614016,1237800111493,1,2978.00,0.00,8.00,1
22008,СЗ ОБЛАСТНОЙ ДОМ НЕДВИЖИМОСТИ,6829037370,1076829008850,1,2977.40,2037.00,8.00,1
13778,СЗ ДАЛЬСТРОЙСЕРВИС,2705094604,1132705000328,1,2963.10,1512.68,8.00,1
16220,СЗ ЮСК,2631043641,1232600000621,1,2958.30,2135.90,5.00,1
1537,СЗ ВАШ ДОМ,5612161074,1155658018702,2,2952.70,0.00,4.00,1
17188,СЗ ВКСТРОЙ,2511125564,1232500025108,1,2946.64,2048.00,9.00,1
9110,СЗ НАДЁЖНЫЙ ДОМ,4401194456,1194401006095,2,2944.12,1702.19,5.50,1
2972,СЗ ФИРМА - ЮГ - УНИВЕРСАЛ,2334022328,1092363000146,2,2939.40,2186.00,3.00,1
22468,СЗ МИРТЭКС,6141049867,1166196064836,1,2923.79,1509.63,5.00,1
3195,ИСТК ДЕЛЬТА,2223603077,1142223015516,1,2913.30,2362.36,5.00,1
42277,СЗ КРЫЛЬЯ ДЕВЕЛОПМЕНТ,3257086446,1233200001781,6,2894.40,2241.00,3.00,1
17415,СЗ ПБИ,3906336855,1143926033382,1,2883.56,2198.65,6.00,1
32271,СЗ ВСЕСВЯТСКАЯ 17,3300024086,1253300005056,1,2878.00,2056.00,4.00,1
37763,СЗ ТЕРМОИЗОЛСТРОЙ,3500021075,1253500012798,1,2869.48,2220.16,4.00,1
32647,СЗ МИСТРАЛЬ,3900034329,1243900014808,1,2863.80,1637.56,5.00,1
16305,СЗ СТРОЙГРАД,2508069768,1052501664995,2,2862.80,2074.00,4.00,1
16296,СЗ ПРОЕКТ ЖИВЁМ-1,2465353482,1232400009489,1,2859.67,1941.16,6.00,1
32579,СЗ СУВОРОВА,1001303225,1151001014735,1,2855.07,2256.18,6.00,1
17845,СЗ НОВЫЙ КВАРТАЛ,6827033395,1216800003441,1,2854.80,2183.00,6.00,1
37167,СЗ М-ТАУН РУ,4600005382,1254600004405,27,2853.81,2853.81,2.00,1
16089,СЗ ДОНСКОЙ,7100033965,1237100002468,1,2840.10,1996.10,3.00,1
31671,СЗ ФАВОРИТ,2700048650,1252700003071,14,2832.21,2617.22,2.00,1
33213,СЗ МЕГАСТРОЙЭКСПЕРТИЗА,3443126590,1153443030036,1,2825.14,1848.50,6.00,1
17867,СЗ НАВИГАТОР,7604394262,1237600010350,1,2824.34,1426.67,4.00,1
25,СЗ МСО ВУРНАРСКАЯ,2104000471,1022102028740,1,2813.40,2076.00,6.00,1
7272,СЗ ЛЕВЕЛ НЕДВИЖИМОСТЬ,7604333887,1177627035222,1,2806.83,1589.52,6.00,1
14610,СЗ ДОМ 134,3443146117,1203400013497,1,2804.56,2058.56,4.00,1
24661,СЗ СК ПРЕСТИЖ,7604395153,1237600012374,1,2788.90,1561.50,5.00,1
18460,СЗ СТРОЙПРОГРЕСС,9701241931,1237700159630,1,2787.90,2729.00,4.00,1
23267,СЗ ГАРМОНИЯ,5406816046,1215400041482,1,2784.53,1451.80,5.00,1
34470,СЗ АДАМОФФ,0900009140,1230900002695,1,2784.00,1546.50,7.00,1
17293,СЗ СТРОИТЕЛЬНОЕ УПРАВЛЕНИЕ №5,7604393491,1237600007952,1,2784.00,2206.36,6.00,1
19231,СЗ СТРОЙАКТИВ,7300033200,1247300005182,1,2764.05,2160.52,5.00,1
7292,СЗ АДВА-БИЛДИНГ,7713724753,1117746180089,1,2760.24,1795.91,6.00,1
23799,СЗ ЖК СОСНЫ 10,7300039107,1257300000220,1,2754.35,2074.48,4.00,1
28452,СЗ АВАНГАРД,2700047061,1252700001465,1,2749.50,1443.89,7.00,1
18552,СЗ АИР-СТРОЙ ЗАВЬЯЛОВО,1800003884,1231800014160,1,2743.75,2202.18,6.00,1
23957,СЗ СИЛГРУПП,6324110692,1206300026481,1,2725.02,1832.12,3.00,1
29649,СПОРТИВНАЯ ЮНОСТЬ,3906995103,1163926075136,1,2722.50,1992.01,6.00,1
16662,СЗ МД-СТРОЙ,7604364780,1207600004039,1,2720.30,2016.12,6.00,1
15597,СК КАСКАД,4632282043,1214600006851,1,2712.49,1571.57,8.00,1
12065,СЗ СПЕЦСЕРВИС,1901140118,1181901004779,1,2711.66,2059.84,5.00,1
22455,СЗ ЦЕНТРАЛЬНЫЙ,4400019860,1244400001999,1,2704.40,1647.10,9.00,1
18868,СЗ РИАН,0542018897,1190571006427,1,2704.10,0.00,5.00,1
19281,СЗ ВЕРНОЕ РЕШЕНИЕ,5405073398,1225400019162,31,2702.80,2424.00,2.19,1
18725,СК БРИЗ,0500009594,1240500006790,1,2692.80,0.00,7.00,1
19183,СЗ УРАЛСТРОЙ-ПЛЮС,5610057550,1025601021555,1,2666.90,1862.40,5.00,1
18642,СЗ СИНТЭКС,2901218101,1112901008538,1,2637.90,1956.39,9.00,1
22265,СЗ ФЕНИКС,5609204419,1245600001272,1,2637.34,1406.30,5.00,1
22055,СЗ ЮЖНЫЙ СЛОН-3,2636222595,1242600008265,12,2633.50,1809.20,3.00,1
30507,СЗ ЭРИСТАВИ-КОРКИНО,7453365161,1257400016224,1,2628.06,1809.27,6.00,1
20502,СЗ СИРИУС,2221256780,1222200008359,1,2616.43,1403.26,6.00,1
18109,СЗ СК АКАДЕМИЯ,1215234667,1211200000681,1,2614.35,1853.22,6.00,1
17461,СЗИНВЕСТСТРОЙ,2983014321,1222900000070,1,2613.45,1964.43,5.00,1
2618,СЗ ОСНОВА,7456009066,1127456000616,1,2597.10,2334.00,3.00,1
9773,СЗ СЕВЕР,1218002199,1181215007522,1,2530.00,1854.08,10.00,1
2991,СЗ СТРОЙЖИЛКОМПЛЕКТ,6950089576,1086952022948,1,2524.40,1682.40,6.00,1
13278,СЗ КВАРТАЛ,7100007250,1217100007112,5,2508.50,1602.50,2.00,1
15092,СЗ КСТ-ГАЗ,3917043177,1153926039464,1,2496.44,1606.29,8.00,1
13595,СЗ ВИРА-СТРОЙ,5902825337,1055900230924,1,2475.10,1476.10,5.00,1
14619,СЗ УДАЧА,7725491729,1187746451331,1,2440.34,2440.34,3.00,1
14451,СЗ РЕГИОНСТРОЙ ПЛЮС,4101167660,1154101000460,1,2427.48,1546.98,10.00,1
21143,СЗ ВИЛЛАДЖ.ПРО,0274985085,1240200005781,4,2427.40,2111.90,2.00,1
34,СЗ СФС,4826128700,1164827074939,1,2426.72,1401.73,4.00,1
896,СЗ МАКРОСТРОЙ,3904044800,1023900588084,1,2421.90,1302.80,5.00,1
37314,СЗ ВОЗРОЖДЕНИЕ,3912015803,1203900011028,1,2421.45,0.00,6.00,1
9081,СЗ СК ГЛОБУС,2130051151,1082130018112,1,2407.30,1957.00,6.00,1
44143,СЗ ВЕРИЗИНО - 1,3300032376,1263300002668,1,2398.86,1937.41,3.00,1
33596,СЗ БДС СТРОЙПРОЕКТ,3100036119,1243100008568,1,2380.39,1802.71,5.00,1
34379,СЗ ГАРАНТСТРОЙ,2700054887,1252700009385,1,2379.10,2077.76,3.00,1
37072,СЗ НСК,4401134175,1124401004100,2,2375.70,1425.50,4.00,1
28407,СЗ УРБАНИКА 3,0274395086,1250200015581,1,2338.00,0.00,1.00,1
32959,СЗ СТРОИТЕЛЬНЫЙ ТРЕСТ № 10,7604400318,1257600001559,1,2336.61,1562.97,4.00,1
15232,СЗ СИБА ДВ,2502064019,1212500002857,1,2336.23,1497.88,5.00,1
7382,СПЕЦСТРОЙ,3525347456,1153525010077,1,2324.60,1716.45,3.00,1
6889,СЗ КВАРТАЛ,6452133695,1186451011284,1,2312.30,2095.40,5.00,1
14420,СЗ ВМ-СТРОЙ,0265020877,1020201934070,1,2295.18,1503.50,7.00,1
17863,СЗ СИМ-ГРАД,5611066029,1125658027450,11,2279.04,2279.04,1.09,1
2608,ДУБЛЬ -РИЭЛТ,6455067842,1176451000736,1,2267.75,926.85,5.00,1
18727,СЗ ПРИРОДА-ДЕВЕЛОПМЕНТ РЕВДА,6685217732,1246600012119,1,2265.80,1826.85,6.00,1
12434,СЗ №1,4401198235,1204400005358,1,2240.91,1661.21,8.00,1
16258,БЛАГОВЕЩЕНКА,5408015161,1175476042609,1,2229.83,1003.20,4.00,1
14778,СЗ НОВОГРАД,7313014068,1207300006066,1,2221.75,1334.16,5.00,1
2549,СЗ ГРАЖДАНПРОМСТРОЙ,2331010677,1022301120940,1,2215.02,2003.36,5.00,1
483,ИЕСА КАПИТАЛ-СЗ,5610131349,1095658029961,1,2195.00,1139.88,6.00,1
7197,УНИМАРКЕТ,4028031260,1044004603378,1,2164.14,979.00,6.00,1
33150,СЗ ТПК СТИЛЬСТРОЙ,3123208808,1103123001288,1,2115.98,1784.78,4.00,1
445,АУК,6102032524,1106189001676,1,2111.52,1497.61,3.00,1
39415,СЗ СТРОЙ ИНДУСТРИЯ,4401195361,1204400001420,1,2087.50,1113.40,4.00,1
32762,СЗ ФЖС-ИЛИШ,0274395551,1250200017781,1,2086.40,1231.83,4.00,1
1161,СЗ ВЫБОР,7604213251,1117604016496,1,2038.08,878.87,5.00,1
17834,СЗ ТИТАН,5752072579,1155749009569,1,2035.42,1191.59,6.00,1
7776,СЗ ПРИЗМА,2902084972,1172901012921,1,2015.91,1560.90,3.00,1
25854,СЗ МЕТА-СТРОЙ,7604399599,1247600011450,1,2015.76,1214.72,5.00,1
32687,СЗ БИС,7811703984,1187847220692,1,1994.60,923.20,6.00,1
32859,СЗ АВАНГАРД,9410012334,1249400005106,1,1993.54,1897.28,5.00,1
17061,ТЕМП,6453170675,1226400008152,3,1908.00,1125.90,4.00,1
34106,СЗ Л-СТРОЙ,3812536834,1213800016220,1,1870.00,866.71,6.00,1
14486,СЗ ДОМ-СТРОЙ,3329098718,1203300007448,1,1830.00,1305.10,3.00,1
13831,СЗ СУ 111,6165173817,1126165001544,1,1816.35,1068.80,5.00,1
8812,ЭДВАНС,7805255420,1027802720945,1,1808.00,0.00,1.00,1
21264,СЗ ТРОИЦКИЙ ЛЕС,1685017124,1241600029241,10,1804.80,1804.80,2.00,1
16106,СЗ КВАРТАЛ,7328108752,1217300003986,1,1779.67,1091.00,5.00,1
16343,СЗ КУРГАНПРИБОР-ДЕВЕЛОПМЕНТ,4501232296,1214500005433,1,1775.72,1105.90,6.00,1
17347,СЗ СК-КЛЮЧ,6732197807,1206700010549,1,1744.50,1395.60,3.00,1
31291,СЗ ГИПРОМСТРОЙ,4345414296,1154345009280,1,1743.34,1137.88,5.00,1
16348,СЗ СИБСТРОЙ,2801255766,1202800001403,1,1702.67,1044.11,9.00,1
11092,СЗ РАУШЕН ХОТЕЛ РЕСОРТ,3906374699,1183926037250,1,1690.30,0.00,5.00,1
22155,СЗ АБН-СТРОЙ,3443145378,1203400007986,1,1690.00,1032.23,4.00,1
3090,МОНТАЖНАЯ КОМПАНИЯ ПР-ХОЛДИНГ,2225036401,1022201771107,1,1643.60,0.00,0.00,1
23853,СЗ ГРАФИТ-А,6722038043,1226700014265,1,1632.96,1274.08,4.00,1
662,ОЛТЭР,7705392409,1027700084103,1,1620.00,0.00,1.00,1
17674,СЗ ДОНАЛЬД ТРЕЙД ПЛЮС,3906322718,1143926013659,1,1593.30,938.00,4.00,1
29463,СЗ ДЕЛЬТА,3900012597,1233900007109,1,1577.55,1206.43,5.00,1
14518,СЗ КОМПАНИЯ ДЕЛЬТА,6726008297,1026700945028,1,1530.64,865.53,4.00,1
19057,СЗ МОНОЛИТ+,0249995308,1190280030060,1,1525.02,1309.46,3.00,1
24045,СЗ НВС,1400041839,1241400011820,1,1496.54,1131.50,4.00,1
30771,СЗ ИМПЕРИЯ М,5402080809,1235400049620,1,1464.50,1140.00,5.00,1
31019,СЗ КАПИТАЛЪ,3500017216,1253500007507,1,1464.16,892.21,4.00,1
2271,СЗ СТРОИТЕЛЬНАЯ КОМПАНИЯ СОЮЗ,3906088899,1023900994292,1,1423.00,848.20,5.00,1
15903,ЭСПЛАР,6449089365,1186451002935,1,1417.80,375.90,3.00,1
34667,СЗ РЕГИОН-ТАУН,6800016353,1256800003437,10,1375.00,1375.00,3.00,1
37967,СЗ ПОЖТЕХРЕСУРС,5610139820,1115658016242,1,1346.99,773.08,4.00,1
23632,НИКА,1701060602,1171719001981,1,1334.64,1177.32,2.00,1
15958,СЗКС55,7604371240,1207600019736,1,1315.51,668.50,5.00,1
33802,СЗ РЕСПЕКТСТРОЙ ПЛЮС,3525279767,1123525008276,1,1300.50,1026.00,4.00,1
15398,СЗ ДС21,2130233240,1222100005313,1,1243.80,1002.40,2.00,1
33307,СЗ КОЗИХИНСКИЙ,9704070498,1217700271183,1,1185.00,608.90,4.00,1
17442,СЗ КАПСТРОЙ,3300005446,1233300007918,1,1161.44,960.33,4.00,1
23786,СЗ КД СТРОЙСЕРВИС,3900034657,1243900015116,1,1109.60,625.40,6.00,1
2816,ДАРСТРОЙ,2465233386,1102468009896,2,1096.10,0.00,2.00,1
17330,АРХЫЗ,0900004495,1220900003202,1,1083.90,1004.20,3.00,1
1445,СЗ РИОСТРОЙ,7328084653,1157328002809,8,1011.60,1011.60,2.00,1
2187,СЗ ПОБЕДА-К,2309158759,1182375013996,1,941.86,0.00,1.00,1
28423,РЕГИОНСТРОЙ,1841078399,1181832008742,1,941.40,714.40,5.00,1
31246,СЗ ПРЕМЬЕРА-ЗУБОВО,0274391758,1240200042301,1,903.92,717.70,2.00,1
31454,СЗ ТОЖДЕСТВО,9102276332,1219100013934,24,897.60,897.60,1.00,1
43283,ЭКОНОМСТРОЙ,7901536270,1107901000680,1,876.50,670.90,3.00,1
44983,СЗ СОЗВЕЗДИЕ,0300038252,1260300001191,7,840.00,840.00,2.00,1
19247,СЗ ВОСТОЧНЫЙ,0300014727,1230300004142,1,838.68,420.84,6.00,1
15234,СЗ ПГС ПРОЕКТ,3665138692,1173668018776,3,818.28,818.28,3.00,1
41648,СЗ СТРОЙ-ИНВЕСТ-ГРУПП,8905069282,1248900001987,7,813.54,813.54,1.00,1
3385,СЗ СТРОЙ - М,6452116428,1156451012222,1,803.64,233.50,4.00,1
17073,СЗ ХАЙТЭК ПЯТНИЦКАЯ 37С2,9715390348,1207700361483,1,795.48,602.00,4.00,1
16174,СЗ СК СТАТУС ОПАЛ,9109028177,1229100012679,1,753.00,0.00,1.00,1
16143,СЗ КАРКАСПРОЕКТ,3523024467,1233500003054,12,736.00,736.00,1.00,1
36590,СЗ УЦГС+,7325126295,1147325000503,1,725.70,609.00,4.00,1
19089,СЗ ЛСТРОЙ,1400035352,1241400005351,1,643.00,0.00,2.00,1
29909,СЗ ЭКОТАУНСТРОЙ,5405266368,1255400017730,12,638.40,638.40,1.00,1
16630,СЗ АЛЬФАСТРОЙАЛЬЯНС,1900008607,1221900003973,1,593.70,574.64,2.00,1
15113,СЗ СТАЛСТРОЙИНВЕСТ,3443147713,1213400010780,4,584.20,547.00,2.00,1
20206,СВТ,8709014061,1118709001311,1,557.15,243.42,3.00,1
139,СЗ ЭКОЛАЙФ,1831176358,1151832015598,1,524.43,0.00,2.00,1
23499,СЗ УЮТНЫЙ ДОМ,7900005050,1237900000821,1,522.68,497.55,3.00,1
17505,СЗ ГРИН-ПАРК,5406833073,1235400028016,8,520.80,520.80,2.00,1
39525,СЗСК-СОЮЗ,7604303160,1167627066353,4,493.96,408.76,3.00,1
16079,СЗ СТК-2020,1435356491,1201400011735,1,460.84,0.00,3.00,1
24985,СЗ СВОЙ ДОМ,5948066097,1225900022094,1,441.30,364.60,2.00,1
29406,СЗ АМИК,6381020910,1196313054376,1,360.00,360.00,2.00,1
13700,СЗ СК РУССКИЙ ЛЕС,5902004669,1145958078804,1,351.62,351.62,2.00,1
11326,СЗ ФРИЗ-ИНВЕСТ,5003066111,1075003002348,1,338.00,0.00,2.00,1
589,СДР,5406407452,1075406029490,1,192.60,0.00,2.00,1
18686,СЗ ВИК+,1400016889,1221400013713,1,149.70,0.00,1.00,1
