stats_id,type,count
1,1к,32
2,1к,79
3,1к,373
4,1к,41
5,1к,8
6,1к,453
7,1к,32
8,1к,87
9,1к,173
10,1к,412
11,1к,64
12,1к,65
13,1к,288
14,1к,411
15,1к,98
16,1к,30
17,1к,153
18,1к,916
19,1к,118
20,1к,201
21,1к,902
22,1к,80
23,1к,372
24,1к,153
25,1к,120
26,1к,57
27,1к,238
28,1к,490
29,1к,260
30,1к,768
31,1к,222
32,1к,9
33,1к,989
34,1к,225
35,1к,529
36,1к,174
37,1к,567
38,1к,719
39,1к,417
40,1к,102
41,1к,48
42,1к,104
43,1к,2246
44,1к,226
45,1к,33
46,1к,55
47,1к,64
48,1к,446
49,1к,1435
50,1к,546
51,1к,148
52,1к,1489
53,1к,93
54,1к,311
55,1к,110
56,1к,95
57,1к,30
58,1к,162
59,1к,218
60,1к,32
61,1к,32
62,1к,221
63,1к,146
64,1к,835
65,1к,266
66,1к,726
67,1к,464
68,1к,880
69,1к,344
70,1к,33
71,1к,316
72,1к,64
73,1к,53
74,1к,1905
75,1к,487
76,1к,60
77,1к,65
78,1к,99
79,1к,36
80,1к,82
81,1к,230
82,1к,42
83,1к,690
84,1к,162
85,1к,159
86,1к,41
87,1к,95
88,1к,462
89,1к,294
90,1к,48
91,1к,110
92,1к,48
93,1к,567
94,1к,525
95,1к,139
96,1к,248
97,1к,93
98,1к,62
99,1к,120
100,1к,466
101,1к,186
102,1к,268
103,1к,263
104,1к,168
105,1к,1383
106,1к,173
107,1к,550
108,1к,260
109,1к,60
110,1к,87
111,1к,311
112,1к,210
113,1к,199
114,1к,142
115,1к,20
116,1к,768
117,1к,482
118,1к,299
119,1к,32
120,1к,57
121,1к,1440
122,1к,1277
123,1к,4572
124,1к,1501
125,1к,747
126,1к,302
127,1к,708
128,1к,1440
129,1к,412
130,1к,2028
131,1к,5081
132,1к,629
133,1к,63
134,1к,186
135,1к,708
136,1к,2081
137,1к,552
138,1к,65
139,1к,674
140,1к,311
141,1к,126
142,1к,299
143,1к,60
144,1к,82
145,1к,41
146,1к,57
147,1к,316
148,1к,950
149,1к,62
150,1к,6090
151,1к,315
152,1к,25
153,1к,1423
154,1к,87
155,1к,1807
156,1к,332
157,1к,412
158,1к,159
159,1к,63
160,1к,16
161,1к,93
162,1к,525
163,1к,272
164,1к,335
165,1к,53
166,1к,10086
167,1к,12
168,1к,263
169,1к,48
170,1к,260
171,1к,585
172,1к,288
173,1к,32
174,1к,377
175,1к,498
176,1к,278
177,1к,651
178,1к,120
179,1к,1442
180,1к,1277
181,1к,1575
182,1к,1039
183,1к,925
184,1к,445
185,1к,52
186,1к,60
187,1к,371
188,1к,1039
189,1к,122
190,1к,173
191,1к,32
192,1к,756
193,1к,726
194,1к,304
195,1к,3686
196,1к,727
197,1к,1061
198,1к,347
199,1к,248
200,1к,135
201,1к,501
202,1к,629
203,1к,3311
204,1к,230
205,1к,186
206,1к,1266
207,1к,835
208,1к,184
209,1к,125
210,1к,1601
211,1к,1419
212,1к,674
213,1к,548
214,1к,742
215,1к,60
216,1к,3922
217,1к,937
218,1к,1965
219,1к,60
220,1к,272
221,1к,1429
222,1к,2413
223,1к,498
224,1к,186
225,1к,260
226,1к,335
227,1к,358
228,1к,63
229,1к,230
230,1к,257
231,1к,12
232,1к,93
233,1к,1982
234,1к,323
235,1к,1381
236,1к,4724
237,1к,611
238,1к,648
239,1к,5641
240,1к,152
241,1к,1072
242,1к,82
243,1к,145
244,1к,1677
245,1к,32
246,1к,571
247,1к,53
248,1к,359
249,1к,18623
250,1к,32
251,1к,401
252,1к,311
253,1к,873
254,1к,239
255,1к,1014
256,1к,288
257,1к,80
258,1к,1011
259,1к,114
260,1к,375
261,1к,370
262,1к,9931
263,1к,894
264,1к,1628
265,1к,772
266,1к,173
267,1к,371
268,1к,48
269,1к,629
270,1к,816
271,1к,727
272,1к,510
273,1к,182
274,1к,468
275,1к,1273
276,1к,123
277,1к,446
278,1к,950
279,1к,552
280,1к,2027
281,1к,16
282,1к,518
283,1к,485
284,1к,41
285,1к,120
286,1к,674
287,1к,53
288,1к,731
289,1к,575
290,1к,648
291,1к,1132
292,1к,726
293,1к,1927
294,1к,16
295,1к,679
296,1к,401
297,1к,411
298,1к,254
299,1к,3835
300,1к,186
301,1к,152
302,1к,487
303,1к,874
304,1к,2090
305,1к,120
306,1к,1933
307,1к,93
308,1к,60
309,1к,466
310,1к,41
311,1к,1073
312,1к,19461
313,1к,4074
314,1к,257
315,1к,32
316,1к,1302
317,1к,924
318,1к,401
319,1к,524
320,1к,2300
321,1к,1381
322,1к,888
323,1к,2815
324,1к,260
325,1к,1200
326,1к,409
327,1к,12
328,1к,2694
329,1к,873
330,1к,772
331,1к,571
332,1к,992
333,1к,48
334,1к,577
335,1к,63
336,1к,1060
337,1к,828
338,1к,173
339,1к,387
340,1к,250
341,1к,804
342,1к,3419
343,1к,32
344,1к,629
345,1к,510
346,1к,3180
347,1к,80
348,1к,1094
349,1к,14805
350,1к,2230
351,1к,1414
352,1к,4902
353,1к,9
354,1к,332
355,1к,2144
356,1к,622
357,1к,8966
358,1к,151
359,1к,558
360,1к,60
361,1к,410
362,1к,307
363,1к,241
364,1к,379
365,1к,815
366,1к,254
367,1к,3820
368,1к,385
369,1к,1037
370,1к,5496
371,1к,2244
372,1к,1386
373,1к,401
374,1к,3156
375,1к,4147
376,1к,2282
377,1к,743
378,1к,10
379,1к,1981
380,1к,93
381,1к,1095
382,1к,2376
383,1к,924
384,1к,186
385,1к,1111
386,1к,53
387,1к,48
388,1к,60
389,1к,1575
390,1к,634
391,1к,1117
392,1к,411
393,1к,1302
394,1к,439
395,1к,828
396,1к,558
397,1к,731
398,1к,60
399,1к,804
400,1к,1648
401,1к,15028
402,1к,1205
403,1к,3836
404,1к,571
405,1к,416
406,1к,356
407,1к,333
408,1к,750
409,1к,510
410,1к,401
411,1к,1418
412,1к,16
413,1к,80
414,1к,48
415,1к,263
416,1к,12
417,1к,4704
418,1к,2198
419,1к,450
420,1к,737
421,1к,32
422,1к,700
423,1к,241
424,1к,1240
425,1к,11214
426,1к,512
427,1к,20979
428,1к,120
429,1к,1200
430,1к,554
431,1к,152
432,1к,435
433,1к,487
434,1к,2830
435,1к,575
436,1к,798
437,1к,63
438,1к,731
439,1к,284
440,1к,41
441,1к,2636
442,1к,784
443,1к,1836
444,1к,1551
445,1к,815
446,1к,401
447,1к,682
448,1к,79
449,1к,3139
450,1к,53
451,1к,60
452,1к,534
453,1к,19940
454,1к,356
455,1к,435
456,1к,800
457,1к,510
458,1к,2909
459,1к,80
460,1к,801
461,1к,3252
462,1к,512
463,1к,453
464,1к,343
465,1к,804
466,1к,1313
467,1к,1297
468,1к,554
469,1к,6664
470,1к,10
471,1к,1128
472,1к,449
473,1к,499
474,1к,1726
475,1к,1302
476,1к,1386
477,1к,761
478,1к,1784
479,1к,240
480,1к,858
481,1к,2376
482,1к,571
483,1к,48
484,1к,73
485,1к,241
486,1к,2986
487,1к,870
488,1к,738
489,1к,254
490,1к,1174
491,1к,450
492,1к,729
493,1к,16
494,1к,263
495,1к,770
496,1к,284
497,1к,439
498,1к,32
499,1к,152
500,1к,11839
501,1к,63
502,1к,1205
503,1к,21114
504,1к,995
505,1к,414
506,1к,1390
507,1к,1348
508,1к,681
509,1к,12
510,1к,93
511,1к,4910
512,1к,4368
513,1к,4714
514,1к,2252
515,1к,101
516,1к,1075
517,1к,2282
518,1к,2492
519,1к,445
520,1к,4166
521,1к,284
522,1к,956
523,1к,613
524,1к,172
525,1к,917
526,1к,18543
527,1к,3101
528,1к,2461
529,1к,401
530,1к,2541
531,1к,343
532,1к,93
533,1к,949
534,1к,3305
535,1к,435
536,1к,1343
537,1к,1264
538,1к,2807
539,1к,644
540,1к,100
541,1к,4684
542,1к,1644
543,1к,32
544,1к,822
545,1к,1189
546,1к,453
547,1к,801
548,1к,10
549,1к,1091
550,1к,1236
551,1к,1313
552,1к,63
553,1к,334
554,1к,295
555,1к,258
556,1к,24537
557,1к,1803
558,1к,263
559,1к,240
560,1к,32
561,1к,1260
562,1к,510
563,1к,1028
564,1к,1390
565,1к,1274
566,1к,1401
567,1к,476
568,1к,446
569,1к,152
570,1к,562
571,1к,611
572,1к,645
573,1к,893
574,1к,16
575,1к,923
576,1к,643
577,1к,101
578,1к,26970
579,1к,1483
580,1к,79
581,1к,1784
582,1к,1035
583,1к,8633
584,1к,1405
585,1к,3886
586,1к,893
587,1к,333
588,1к,771
589,1к,4533
590,1к,3612
591,1к,1862
592,1к,449
593,1к,5716
594,1к,4833
595,1к,5850
596,1к,507
597,1к,1509
598,1к,2516
599,1к,12
600,1к,663
601,1к,1065
602,1к,2975
603,1к,5790
604,1к,100
605,1к,237
606,1к,1270
607,1к,611
608,1к,32
609,1к,32
610,1к,3578
611,1к,449
612,1к,1503
613,1к,334
614,1к,63
615,1к,18890
616,1к,3108
617,1к,263
618,1к,1265
619,1к,1435
620,1к,1509
621,1к,1314
622,1к,32725
623,1к,93
624,1к,953
625,1к,642
626,1к,4220
627,1к,356
628,1к,613
629,1к,306
630,1к,1979
631,1к,1495
632,1к,938
633,1к,487
634,1к,4664
635,1к,4979
636,1к,125
637,1к,999
638,1к,26473
639,1к,1872
640,1к,1375
641,1к,152
642,1к,1893
643,1к,627
644,1к,1483
645,1к,740
646,1к,1314
647,1к,399
648,1к,79
649,1к,240
650,1к,5995
651,1к,333
652,1к,16
653,1к,12
654,1к,6749
655,1к,999
656,1к,172
657,1к,1153
658,1к,1692
659,1к,446
660,1к,771
661,1к,923
662,1к,3212
663,1к,507
664,1к,518
665,1к,6567
666,1к,1264
667,1к,1274
668,1к,1485
669,1к,12597
670,1к,328
671,1к,601
672,1к,962
673,1к,589
674,1к,2516
675,1к,1605
676,1к,1117
677,1к,4541
678,1к,1183
679,1к,155
680,1к,644
681,1к,7247
682,1к,27337
683,1к,2226
684,1к,5063
685,1к,1529
686,1к,586
687,1к,1104
688,1к,7747
689,1к,263
690,1к,611
691,1к,1181
692,1к,181
693,1к,34294
694,1к,399
695,1к,3746
696,1к,771
697,1к,99
698,1к,449
699,1к,205
700,1к,6667
701,1к,923
702,1к,5877
703,1к,970
704,1к,3684
705,1к,32
706,1к,4779
707,1к,1274
708,1к,1453
709,1к,2626
710,1к,1605
711,1к,509
712,1к,711
713,1к,808
714,1к,1065
715,1к,19718
716,1к,2111
717,1к,294
718,1к,3156
719,1к,408
720,1к,333
721,1к,237
722,1к,1540
723,1к,2661
724,1к,3597
725,1к,63
726,1к,1337
727,1к,537
728,1к,1225
729,1к,1315
730,1к,1718
731,1к,1402
732,1к,677
733,1к,4963
734,1к,240
735,1к,1417
736,1к,15475
737,1к,1984
738,1к,642
739,1к,1392
740,1к,633
741,1к,172
742,1к,1521
743,1к,12
744,1к,306
745,1к,32
746,1к,983
747,1к,344
748,1к,1411
749,1к,1361
750,1к,1986
751,1к,6364
752,1к,16
753,1к,682
754,1к,1671
755,1к,1503
756,1к,915
757,1к,999
758,1к,1332
759,1к,2523
760,1к,9209
761,1к,40517
762,1к,421
763,1к,1134
764,1к,1090
765,1к,1695
766,1к,32
767,1к,3270
768,1к,995
769,1к,798
770,1к,2861
771,1к,273
772,1к,428
773,1к,294
774,1к,2327
775,1к,1792
776,1к,22054
777,1к,1432
778,1к,16
779,1к,1503
780,1к,29456
781,1к,3372
782,1к,731
783,1к,1117
784,1к,5542
785,1к,7662
786,1к,399
787,1к,1605
788,1к,1755
789,1к,172
790,1к,4674
791,1к,1449
792,1к,5768
793,1к,1274
794,1к,333
795,1к,1529
796,1к,760
797,1к,449
798,1к,2438
799,1к,205
800,1к,344
801,1к,1527
802,1к,754
803,1к,4075
804,1к,2451
805,1к,3597
806,1к,6941
807,1к,677
808,1к,1595
809,1к,808
810,1к,155
811,1к,643
812,1к,5593
813,1к,240
814,1к,63
815,1к,849
816,1к,1408
817,1к,2141
818,1к,1154
819,1к,8680
820,1к,12
821,1к,782
822,1к,32
823,1к,1874
824,1к,435
825,1к,1158
826,1к,703
827,1к,1417
828,1к,1597
829,1к,851
830,1к,1290
831,1к,1411
832,1к,1481
833,1к,195
834,1к,18062
835,1к,6726
836,1к,437
837,1к,575
838,1к,810
839,1к,3342
840,1к,3060
841,1к,924
842,1к,4747
843,1к,1882
844,1к,1198
845,1к,1402
846,1к,1614
847,1к,643
848,1к,1697
849,1к,155
850,1к,7802
851,1к,792
852,1к,1888
853,1к,32
854,1к,16
855,1к,9727
856,1к,1912
857,1к,172
858,1к,1503
859,1к,1713
860,1к,294
861,1к,32
862,1к,449
863,1к,995
864,1к,8254
865,1к,6390
866,1к,433
867,1к,5948
868,1к,1305
869,1к,42836
870,1к,240
871,1к,7333
872,1к,2527
873,1к,507
874,1к,5357
875,1к,22855
876,1к,6634
877,1к,754
878,1к,1646
879,1к,1822
880,1к,969
881,1к,2627
882,1к,849
883,1к,3989
884,1к,1825
885,1к,344
886,1к,703
887,1к,333
888,1к,195
889,1к,3948
890,1к,1755
891,1к,21318
892,1к,63
893,1к,1529
894,1к,2640
895,1к,2459
896,1к,285
897,1к,1405
898,1к,1469
899,1к,731
900,1к,1606
901,1к,1346
902,1к,31357
903,1к,1417
904,1к,12
905,1к,1090
906,1к,2292
907,1к,1424
908,1к,927
909,1к,10733
910,1к,3260
911,1к,1711
912,1к,735
913,1к,435
914,1к,441
915,1к,288
916,1к,2573
917,1к,2754
918,1к,6909
919,1к,2067
920,1к,3923
921,1к,681
922,1к,6564
923,1к,7004
924,1к,6120
925,1к,5876
926,1к,3357
927,1к,1770
928,1к,3321
929,1к,1694
930,1к,4752
931,1к,6616
932,1к,128371
933,1к,3605
934,1к,16
935,1к,13282
936,1к,61398
937,1к,3844
938,1к,344
939,1к,762
940,1к,2119
941,1к,20514
942,1к,1680
943,1к,1217
944,1к,3520
945,1к,12
946,1к,181
947,1к,1018
948,1к,7407
949,1к,3977
950,1к,1473
951,1к,6655
952,1к,8618
953,1к,3408
954,1к,58
955,1к,1176
956,1к,1216
957,1к,19132
958,1к,63
959,1к,911
960,1к,1255
961,1к,1952
962,1к,866
963,1к,8662
964,1к,5731
965,1к,9889
966,1к,15410
967,1к,3842
968,1к,5080
969,1к,108
970,1к,25860
971,1к,48161
972,1к,1104
973,1к,2457
974,1к,3531
975,1к,434
976,1к,7237
977,1к,4107
978,1к,9868
979,1к,5280
980,1к,1874
981,1к,294
982,1к,2825
983,1к,1983
984,1к,878
985,1к,295
986,1к,15132
987,1к,3665
988,1к,3378
989,1к,23129
990,1к,99672
991,1к,1077
992,1к,754
993,1к,18999
994,1к,1236
995,1к,142
996,1к,4030
997,1к,4120
998,1к,1381
999,1к,9270
1000,1к,51412
1001,1к,1992
1002,1к,5851
1003,1к,142
1004,1к,2992
1005,1к,3715
1006,1к,17372
1007,1к,294
1008,1к,2692
1009,1к,866
1010,1к,10540
1011,1к,344
1012,1к,6254
1013,1к,450
1014,1к,1199
1015,1к,9358
1016,1к,7000
1017,1к,5444
1018,1к,4018
1019,1к,3616
1020,1к,15785
1021,1к,7221
1022,1к,23368
1023,1к,6453
1024,1к,16
1025,1к,852
1026,1к,4375
1027,1к,2104
1028,1к,24098
1029,1к,28686
1030,1к,6043
1031,1к,295
1032,1к,63
1033,1к,2393
1034,1к,1415
1035,1к,2119
1036,1к,790
1037,1к,15051
1038,1к,1508
1039,1к,108
1040,1к,7345
1041,1к,20692
1042,1к,3641
1043,1к,926
1044,1к,4151
1045,1к,9184
1046,1к,2162
1047,1к,3484
1048,1к,58
1049,1к,1236
1050,1к,2067
1051,1к,4053
1052,1к,6715
1053,1к,8774
1054,1к,63713
1055,1к,3994
1056,1к,1706
1057,1к,1512
1058,1к,1146
1059,1к,11967
1060,1к,4329
1061,1к,2707
1062,1к,3342
1063,1к,3006
1064,1к,1344
1065,1к,3971
1066,1к,142618
1067,1к,12
1068,1к,1921
1069,1к,8442
1070,1к,108967
1071,1к,1059
1072,1к,711
1073,1к,181
1074,1к,3640
1075,1к,19662
1076,1к,1406
1077,1к,7971
1078,1к,7483
1079,1к,1955
1080,1к,9419
1081,1к,4154
1082,1к,3538
1083,1к,2794
1084,1к,17695
1085,1к,4463
1086,1к,4236
1087,1к,3974
1088,1к,295
1089,1к,1146
1090,1к,1512
1091,1к,2104
1092,1к,364
1093,1к,117905
1094,1к,3616
1095,1к,4223
1096,1к,1135
1097,1к,6258
1098,1к,63
1099,1к,1525
1100,1к,7490
1101,1к,9732
1102,1к,2267
1103,1к,450
1104,1к,58
1105,1к,1210
1106,1к,1415
1107,1к,187
1108,1к,24156
1109,1к,1549
1110,1к,22391
1111,1к,3907
1112,1к,1225
1113,1к,866
1114,1к,145987
1115,1к,3270
1116,1к,142
1117,1к,5867
1118,1к,16
1119,1к,22141
1120,1к,1381
1121,1к,9932
1122,1к,32716
1123,1к,7107
1124,1к,3175
1125,1к,4473
1126,1к,3342
1127,1к,12052
1128,1к,871
1129,1к,12
1130,1к,2311
1131,1к,67174
1132,1к,2455
1133,1к,23831
1134,1к,7248
1135,1к,3713
1136,1к,1359
1137,1к,4798
1138,1к,2314
1139,1к,112
1140,1к,6422
1141,1к,17464
1142,1к,294
1143,1к,1095
1144,1к,6053
1145,1к,3731
1146,1к,7121
1147,1к,9042
1148,1к,1545
1149,1к,776
1150,1к,1715
1151,1к,55463
1152,1к,17495
1153,1к,9398
1154,1к,4404
1155,1к,3006
1156,1к,10953
1157,1к,2018
1158,1к,8039
1159,1к,3808
1160,1к,1399
1161,1к,2123
1162,1к,10237
1163,1к,8173
1164,1к,58
1165,1к,295
1166,1к,75271
1167,1к,4756
1168,1к,4235
1169,1к,9714
1170,1к,583
1171,1к,2001
1172,1к,4424
1173,1к,1597
1174,1к,3006
1175,1к,3818
1176,1к,384
1177,1к,12386
1178,1к,60372
1179,1к,866
1180,1к,5327
1181,1к,7855
1182,1к,3244
1183,1к,17776
1184,1к,124356
1185,1к,4615
1186,1к,10076
1187,1к,937
1188,1к,8883
1189,1к,24476
1190,1к,1359
1191,1к,3513
1192,1к,34264
1193,1к,1202
1194,1к,63
1195,1к,1484
1196,1к,1874
1197,1к,4323
1198,1к,4669
1199,1к,4678
1200,1к,2035
1201,1к,12
1202,1к,3233
1203,1к,1186
1204,1к,18995
1205,1к,5174
1206,1к,7878
1207,1к,25966
1208,1к,2267
1209,1к,3970
1210,1к,2052
1211,1к,4144
1212,1к,7424
1213,1к,1135
1214,1к,12077
1215,1к,17920
1216,1к,23683
1217,1к,2643
1218,1к,7490
1219,1к,1275
1220,1к,294
1221,1к,9338
1222,1к,12684
1223,1к,3600
1224,1к,7607
1225,1к,3863
1226,1к,893
1227,1к,6764
1228,1к,1512
1229,1к,2589
1230,1к,112
1231,1к,16
1232,1к,25223
1233,1к,227
1234,1к,7768
1235,1к,151753
1236,1к,4985
1237,1к,6244
1238,1к,2516
1239,1к,142
1240,1к,227
1241,1к,112
1242,1к,4567
1243,1к,4663
1244,1к,3163
1245,1к,8007
1246,1к,2594
1247,1к,3754
1248,1к,13024
1249,1к,2729
1250,1к,164
1251,1к,7867
1252,1к,16
1253,1к,3297
1254,1к,1466
1255,1к,12698
1256,1к,8129
1257,1к,4563
1258,1к,4988
1259,1к,3791
1260,1к,295
1261,1к,127680
1262,1к,1451
1263,1к,4741
1264,1к,691
1265,1к,83682
1266,1к,6585
1267,1к,522
1268,1к,2118
1269,1к,4926
1270,1к,5298
1271,1к,4309
1272,1к,63
1273,1к,2328
1274,1к,26327
1275,1к,2027
1276,1к,3906
1277,1к,65202
1278,1к,10433
1279,1к,937
1280,1к,4646
1281,1к,8973
1282,1к,5327
1283,1к,1097
1284,1к,3263
1285,1к,39455
1286,1к,1484
1287,1к,1238
1288,1к,7490
1289,1к,2070
1290,1к,5227
1291,1к,9049
1292,1к,3849
1293,1к,939
1294,1к,19546
1295,1к,58
1296,1к,1429
1297,1к,153563
1298,1к,7236
1299,1к,1186
1300,1к,24464
1301,1к,8104
1302,1к,1677
1303,1к,2035
1304,1к,9439
1305,1к,1512
1306,1к,27194
1307,1к,294
1308,1к,4326
1309,1к,15608
1310,1к,11319
1311,1к,2123
1312,1к,19877
1313,1к,1276
1314,1к,13320
1315,1к,7424
1316,1к,5042
1317,1к,3427
1318,1к,12
1319,1к,25780
1320,1к,18142
1321,1к,2594
1322,1к,9439
1323,1к,2328
1324,1к,40265
1325,1к,739
1326,1к,1228
1327,1к,4514
1328,1к,5425
1329,1к,86408
1330,1к,2103
1331,1к,8288
1332,1к,20969
1333,1к,3316
1334,1к,3610
1335,1к,350
1336,1к,11885
1337,1к,4663
1338,1к,16
1339,1к,5322
1340,1к,4782
1341,1к,1696
1342,1к,937
1343,1к,7236
1344,1к,8246
1345,1к,14130
1346,1к,4338
1347,1к,8122
1348,1к,1466
1349,1к,4116
1350,1к,5315
1351,1к,1125
1352,1к,18720
1353,1к,164
1354,1к,27776
1355,1к,20294
1356,1к,5140
1357,1к,112
1358,1к,8734
1359,1к,63
1360,1к,4891
1361,1к,2179
1362,1к,13789
1363,1к,5402
1364,1к,160551
1365,1к,3263
1366,1к,9208
1367,1к,2455
1368,1к,227
1369,1к,7613
1370,1к,4765
1371,1к,28369
1372,1к,4015
1373,1к,58
1374,1к,780
1375,1к,1429
1376,1к,4741
1377,1к,10678
1378,1к,12
1379,1к,295
1380,1к,3799
1381,1к,3163
1382,1к,15965
1383,1к,1373
1384,1к,7031
1385,1к,1507
1386,1к,13378
1387,1к,939
1388,1к,2118
1389,1к,26124
1390,1к,1484
1391,1к,129882
1392,1к,4926
1393,1к,1278
1394,1к,8343
1395,1к,2903
1396,1к,1561
1397,1к,27362
1398,1к,9252
1399,1к,4309
1400,1к,67150
1401,1к,2763
1402,1к,112
1403,1к,3334
1404,1к,4926
1405,1к,160551
1406,1к,295
1407,1к,2763
1408,1к,92958
1409,1к,8246
1410,1к,29229
1411,1к,40733
1412,1к,63
1413,1к,14428
1414,1к,10678
1415,1к,4925
1416,1к,4391
1417,1к,1228
1418,1к,26533
1419,1к,4983
1420,1к,9392
1421,1к,2107
1422,1к,3863
1423,1к,4703
1424,1к,5451
1425,1к,16
1426,1к,350
1427,1к,7122
1428,1к,1561
1429,1к,5474
1430,1к,998
1431,1к,1726
1432,1к,3163
1433,1к,11885
1434,1к,136914
1435,1к,7359
1436,1к,1325
1437,1к,3263
1438,1к,9208
1439,1к,1507
1440,1к,4879
1441,1к,13463
1442,1к,28599
1443,1к,5425
1444,1к,1385
1445,1к,8288
1446,1к,739
1447,1к,1508
1448,1к,3001
1449,1к,8734
1450,1к,27798
1451,1к,2328
1452,1к,14202
1453,1к,4623
1454,1к,780
1455,1к,67676
1456,1к,16799
1457,1к,4116
1458,1к,7613
1459,1к,4015
1460,1к,4376
1461,1к,1429
1462,1к,20997
1463,1к,12
1464,1к,227
1465,1к,5402
1466,1к,58
1467,1к,2611
1468,1к,3610
1469,1к,1490
1470,1к,9439
1471,1к,2594
1472,1к,5400
1473,1к,2478
1474,1к,20969
1475,1к,164
1476,1к,8343
1477,1к,4741
1478,1к,8123
1479,1к,2179
1480,1к,1125
1481,1к,939
1482,1к,18720
1483,1к,7359
1484,1к,58
1485,1к,1544
1486,1к,8123
1487,1к,2179
1488,1к,1726
1489,1к,8330
1490,1к,9439
1491,1к,4409
1492,1к,1508
1493,1к,3163
1494,1к,4816
1495,1к,3263
1496,1к,94858
1497,1к,9208
1498,1к,4376
1499,1к,1125
1500,1к,796
1501,1к,5474
1502,1к,63
1503,1к,28667
1504,1к,160994
1505,1к,26533
1506,1к,20997
1507,1к,9663
1508,1к,20969
1509,1к,227
1510,1к,112
1511,1к,3863
1512,1к,372
1513,1к,8288
1514,1к,2328
1515,1к,4711
1516,1к,5425
1517,1к,18720
1518,1к,68968
1519,1к,4116
1520,1к,739
1521,1к,1385
1522,1к,1228
1523,1к,14604
1524,1к,4925
1525,1к,939
1526,1к,5451
1527,1к,3610
1528,1к,5803
1529,1к,137290
1530,1к,295
1531,1к,29959
1532,1к,2594
1533,1к,4966
1534,1к,4879
1535,1к,16836
1536,1к,8343
1537,1к,2654
1538,1к,998
1539,1к,13463
1540,1к,1325
1541,1к,14278
1542,1к,8830
1543,1к,1429
1544,1к,12
1545,1к,1561
1546,1к,16
1547,1к,3480
1548,1к,3001
1549,1к,11893
1550,1к,40890
1551,1к,10693
1552,1к,4983
1553,1к,8178
1554,1к,7122
1555,1к,4703
1556,1к,4015
1557,1к,2164
1558,1к,5478
1559,1к,27988
1560,1к,2610
1561,1к,164
1562,1к,1507
1563,1к,2763
1564,1к,43610
1565,1к,5831
1566,1к,6401
1567,1к,2348
1568,1к,114
1569,1к,169891
1570,1к,1008
1571,1к,2669
1572,1к,3065
1573,1к,2896
1574,1к,8969
1575,1к,15837
1576,1к,3135
1577,1к,32472
1578,1к,150767
1579,1к,8811
1580,1к,16
1581,1к,10163
1582,1к,796
1583,1к,799
1584,1к,63
1585,1к,1849
1586,1к,3499
1587,1к,1677
1588,1к,12
1589,1к,12273
1590,1к,9571
1591,1к,9676
1592,1к,3781
1593,1к,22869
1594,1к,31228
1595,1к,6131
1596,1к,104105
1597,1к,1232
1598,1к,30851
1599,1к,5780
1600,1к,78038
1601,1к,5241
1602,1к,2587
1603,1к,1975
1604,1к,20668
1605,1к,5978
1606,1к,10556
1607,1к,116
1608,1к,19094
1609,1к,4819
1610,1к,1461
1611,1к,5475
1612,1к,4771
1613,1к,3227
1614,1к,1399
1615,1к,5930
1616,1к,164
1617,1к,1799
1618,1к,14553
1619,1к,1685
1620,1к,4917
1621,1к,2209
1622,1к,8721
1623,1к,5583
1624,1к,4316
1625,1к,3760
1626,1к,7763
1627,1к,10175
1628,1к,3388
1629,1к,247
1630,1к,4965
1631,1к,4989
1632,1к,7818
1633,1к,295
1634,1к,3481
1635,1к,12458
1636,1к,414
1637,1к,22392
1638,1к,5348
1639,1к,31555
1640,1к,9099
1641,1к,15834
1642,1к,1391
1643,1к,5006
1644,1к,1972
1645,1к,1739
1646,1к,10795
1647,1к,116
1648,1к,43792
1649,1к,5741
1650,1к,9589
1651,1к,5087
1652,1к,3481
1653,1к,3805
1654,1к,1391
1655,1к,9017
1656,1к,4173
1657,1к,3623
1658,1к,110894
1659,1к,9268
1660,1к,5151
1661,1к,4316
1662,1к,3323
1663,1к,16
1664,1к,15984
1665,1к,173786
1666,1к,79316
1667,1к,1390
1668,1к,9965
1669,1к,6288
1670,1к,3114
1671,1к,6255
1672,1к,23419
1673,1к,5594
1674,1к,2489
1675,1к,4917
1676,1к,14665
1677,1к,458
1678,1к,1786
1679,1к,12573
1680,1к,2713
1681,1к,1972
1682,1к,21333
1683,1к,5206
1684,1к,32441
1685,1к,15972
1686,1к,1399
1687,1к,3266
1688,1к,63
1689,1к,3364
1690,1к,5789
1691,1к,33186
1692,1к,114
1693,1к,7910
1694,1к,4938
1695,1к,6037
1696,1к,21070
1697,1к,247
1698,1к,1461
1699,1к,12706
1700,1к,1799
1701,1к,9025
1702,1к,9571
1703,1к,31452
1704,1к,152542
1705,1к,346
1706,1к,1849
1707,1к,6554
1708,1к,23049
1709,1к,6238
1710,1к,33907
1711,1к,2669
1712,1к,7763
1713,1к,868
1714,1к,10261
1715,1к,2478
1716,1к,1975
1717,1к,164
1718,1к,3452
1719,1к,5006
1720,1к,11149
1721,1к,1019
1722,1к,12
1723,1к,6015
1724,1к,6452
1725,1к,844
1726,1к,497
1727,1к,1444
1728,1к,33540
1729,1к,4440
1730,1к,15491
1731,1к,5006
1732,1к,63
1733,1к,5834
1734,1к,32360
1735,1к,4368
1736,1к,2842
1737,1к,1893
1738,1к,9682
1739,1к,116
1740,1к,346
1741,1к,82688
1742,1к,6659
1743,1к,3602
1744,1к,5131
1745,1к,35192
1746,1к,113607
1747,1к,21791
1748,1к,24693
1749,1к,2786
1750,1к,6390
1751,1к,21541
1752,1к,176544
1753,1к,5108
1754,1к,164
1755,1к,6600
1756,1к,24138
1757,1к,10053
1758,1к,3330
1759,1к,11499
1760,1к,33927
1761,1к,160064
1762,1к,16
1763,1к,3785
1764,1к,1782
1765,1к,3373
1766,1к,11281
1767,1к,6315
1768,1к,4225
1769,1к,3481
1770,1к,17447
1771,1к,114
1772,1к,5355
1773,1к,10560
1774,1к,6870
1775,1к,1486
1776,1к,17443
1777,1к,5206
1778,1к,1109
1779,1к,5635
1780,1к,10517
1781,1к,6403
1782,1к,5923
1783,1к,2036
1784,1к,3886
1785,1к,10008
1786,1к,844
1787,1к,6513
1788,1к,10341
1789,1к,43932
1790,1к,2008
1791,1к,8531
1792,1к,9525
1793,1к,275
1794,1к,13803
1795,1к,2745
1796,1к,6383
1797,1к,1391
1798,1к,1589
1799,1к,12871
1800,1к,2314
1801,1к,868
1802,1к,3544
1803,1к,8157
1804,1к,2599
1805,1к,1972
1806,1к,12
1807,1к,35365
1808,1к,48085
1809,1к,18452
1810,1к,22151
1811,1к,3988
1812,1к,3750
1813,1к,22881
1814,1к,1092
1815,1к,88335
1816,1к,17855
1817,1к,1548
1818,1к,163917
1819,1к,6905
1820,1к,2734
1821,1к,5691
1822,1к,2745
1823,1к,14491
1824,1к,6540
1825,1к,6238
1826,1к,1391
1827,1к,2339
1828,1к,6997
1829,1к,164
1830,1к,5315
1831,1к,3815
1832,1к,182611
1833,1к,7369
1834,1к,12
1835,1к,10065
1836,1к,5872
1837,1к,8813
1838,1к,1893
1839,1к,5546
1840,1к,8542
1841,1к,1109
1842,1к,2405
1843,1к,17684
1844,1к,34349
1845,1к,6419
1846,1к,4534
1847,1к,3785
1848,1к,2899
1849,1к,3379
1850,1к,1847
1851,1к,116
1852,1к,13313
1853,1к,25724
1854,1к,16
1855,1к,11903
1856,1к,10093
1857,1к,114
1858,1к,63
1859,1к,2036
1860,1к,346
1861,1к,11844
1862,1к,8081
1863,1к,119780
1864,1к,9525
1865,1к,6643
1866,1к,14261
1867,1к,0
1868,1к,36870
1869,1к,34955
1870,1к,537
1871,1к,1656
1872,1к,2007
1873,1к,7474
1874,1к,5524
1875,1к,10466
1876,1к,275
1877,1к,10500
1878,1к,844
1879,1к,3755
1880,1к,5578
1881,1к,3481
1882,1к,1898
1883,1к,25330
1884,1к,4674
1885,1к,2786
1886,1к,202
1887,1к,6786
1888,1к,11589
1889,1к,4587
1890,1к,7318
1891,1к,4231
1892,1к,3459
1893,1к,5922
1894,1к,7351
1895,1к,23971
1896,1к,6127
1897,1к,7200
1898,1к,20664
1899,1к,14926
1900,1к,8332
1901,1к,4854
1902,1к,3125
1903,1к,5796
1904,1к,844
1905,1к,11195
1906,1к,18099
1907,1к,173490
1908,1к,11330
1909,1к,5182
1910,1к,3593
1911,1к,10098
1912,1к,2649
1913,1к,2270
1914,1к,196510
1915,1к,11708
1916,1к,130148
1917,1к,6975
1918,1к,1615
1919,1к,2366
1920,1к,307
1921,1к,12
1922,1к,6386
1923,1к,5209
1924,1к,9966
1925,1к,7411
1926,1к,28585
1927,1к,12392
1928,1к,37832
1929,1к,15977
1930,1к,7633
1931,1к,460
1932,1к,2616
1933,1к,6211
1934,1к,2507
1935,1к,39689
1936,1к,4177
1937,1к,17339
1938,1к,12960
1939,1к,27247
1940,1к,95642
1941,1к,3785
1942,1к,1184
1943,1к,13187
1944,1к,753
1945,1к,3692
1946,1к,2830
1947,1к,11240
1948,1к,63
1949,1к,37031
1950,1к,4125
1951,1к,1677
1952,1к,5525
1953,1к,3126
1954,1к,16
1955,1к,43350
1956,1к,6840
1957,1к,0
1958,1к,55052
1959,1к,2224
1960,1к,853
1961,1к,1789
1962,1к,114
1963,1к,8825
1964,1к,20195
1965,1к,24874
1966,1к,444
1967,1к,116
1968,1к,1918
1969,1к,6344
1970,1к,8429
1971,1к,3977
1972,1к,9113
1973,1к,13826
1974,1к,18077
1975,1к,26932
1976,1к,18907
1977,1к,11493
1978,1к,135
1979,1к,8008
1980,1к,3916
1981,1к,7013
1982,1к,4113
1983,1к,24811
1984,1к,257778
1985,1к,1746
1986,1к,11079
1987,1к,41844
1988,1к,16402
1989,1к,5282
1990,1к,4420
1991,1к,13229
1992,1к,9108
1993,1к,1621
1994,1к,42
1995,1к,27924
1996,1к,5708
1997,1к,7159
1998,1к,8190
1999,1к,4332
2000,1к,61249
2001,1к,21066
2002,1к,31852
2003,1к,5158
2004,1к,58395
2005,1к,8880
2006,1к,330268
2007,1к,17335
2008,1к,2027
2009,1к,42
2010,1к,10054
2011,1к,3447
2012,1к,516
2013,1к,28682
2014,1к,123219
2015,1к,23459
2016,1к,66219
2017,1к,11672
2018,1к,85329
2019,1к,27693
2020,1к,402
2021,1к,70558
2022,1к,1827
2023,1к,6222
2024,1к,0
2025,1к,248572
2026,1к,3305
2027,1к,10674
2028,1к,273007
2029,1к,39677
2030,1к,16
2031,1к,3527
2032,1к,4651
2033,1к,27556
2034,1к,17494
2035,1к,12263
2036,1к,8486
2037,1к,15724
2038,1к,9872
2039,1к,14794
2040,1к,51318
2041,1к,12705
2042,1к,561
2043,1к,10106
2044,1к,9518
2045,1к,10750
2046,1к,63
2047,1к,5141
2048,1к,6980
2049,1к,2785
2050,1к,47544
2051,1к,15552
2052,1к,2847
2053,1к,2065
2054,1к,6097
2055,1к,16362
2056,1к,757
2057,1к,250792
2058,1к,19579
2059,1к,16
2060,1к,42
2061,1к,9886
2062,1к,8009
2063,1к,31906
2064,1к,16511
2065,1к,17731
2066,1к,49113
2067,1к,6165
2068,1к,5708
2069,1к,15881
2070,1к,16492
2071,1к,9559
2072,1к,2785
2073,1к,13566
2074,1к,0
2075,1к,5453
2076,1к,8318
2077,1к,18216
2078,1к,12915
2079,1к,29349
2080,1к,73742
2081,1к,14247
2082,1к,28714
2083,1к,52413
2084,1к,9053
2085,1к,11517
2086,1к,40152
2087,1к,28024
2088,1к,10688
2089,1к,2881
2090,1к,333994
2091,1к,12771
2092,1к,10750
2093,1к,4497
2094,1к,21764
2095,1к,24811
2096,1к,8486
2097,1к,2065
2098,1к,58686
2099,1к,2027
2100,1к,10142
2101,1к,10195
2102,1к,86629
2103,1к,4346
2104,1к,827
2105,1к,5359
2106,1к,124744
2107,1к,14849
2108,1к,17873
2109,1к,61803
2110,1к,402
2111,1к,3527
2112,1к,1826
2113,1к,63
2114,1к,3304
2115,1к,135
2116,1к,561
2117,1к,42
2118,1к,4371
2119,1к,7200
2120,1к,1827
2121,1к,15768
2122,1к,6980
2123,1к,26977
2124,1к,11229
2125,1к,4791
2126,1к,9108
2127,1к,27972
2128,1к,5141
2129,1к,261314
2130,1к,1587
2131,1к,274923
2132,1к,6528
2133,1к,7411
2134,1к,42286
2135,1к,11783
2136,1к,66850
2137,1к,677
2138,1к,24195
2139,1к,3916
2140,1к,3637
2141,1к,251927
2142,1к,28797
2143,1к,6784
2144,1к,2861
2145,1к,14312
2146,1к,12988
2147,1к,8516
2148,1к,18449
2149,1к,59557
2150,1к,22240
2151,1к,7616
2152,1к,10606
2153,1к,74680
2154,1к,8413
2155,1к,17901
2156,1к,4431
2157,1к,10616
2158,1к,3638
2159,1к,9255
2160,1к,2909
2161,1к,16386
2162,1к,4663
2163,1к,13706
2164,1к,41024
2165,1к,124019
2166,1к,3312
2167,1к,54774
2168,1к,680
2169,1к,42
2170,1к,1587
2171,1к,11124
2172,1к,5141
2173,1к,31901
2174,1к,50471
2175,1к,12556
2176,1к,27663
2177,1к,827
2178,1к,68144
2179,1к,28841
2180,1к,1827
2181,1к,42763
2182,1к,135
2183,1к,66
2184,1к,2065
2185,1к,24811
2186,1к,16511
2187,1к,402
2188,1к,12026
2189,1к,0
2190,1к,20791
2191,1к,6245
2192,1к,4707
2193,1к,3535
2194,1к,63
2195,1к,28114
2196,1к,15973
2197,1к,9267
2198,1к,89119
2199,1к,7117
2200,1к,8261
2201,1к,24888
2202,1к,9657
2203,1к,5452
2204,1к,1935
2205,1к,2141
2206,1к,5610
2207,1к,12051
2208,1к,42
2209,1к,10750
2210,1к,277515
2211,1к,15175
2212,1к,12861
2213,1к,4600
2214,1к,561
2215,1к,334271
2216,1к,63194
2217,1к,8401
2218,1к,4186
2219,1к,262686
2220,1к,10386
2221,1к,30446
2222,1к,5800
2223,1к,18393
2224,1к,16588
2225,1к,28384
2226,1к,827
2227,1к,20620
2228,1к,44326
2229,1к,56584
2230,1к,402
2231,1к,2191
2232,1к,60125
2233,1к,254693
2234,1к,63
2235,1к,16570
2236,1к,2171
2237,1к,4106
2238,1к,33334
2239,1к,42
2240,1к,5421
2241,1к,10271
2242,1к,25619
2243,1к,7203
2244,1к,11694
2245,1к,13092
2246,1к,8576
2247,1к,24812
2248,1к,6343
2249,1к,1587
2250,1к,10705
2251,1к,29575
2252,1к,9372
2253,1к,124626
2254,1к,18998
2255,1к,5726
2256,1к,15469
2257,1к,3558
2258,1к,5922
2259,1к,9503
2260,1к,8739
2261,1к,13839
2262,1к,42180
2263,1к,14301
2264,1к,22059
2265,1к,11497
2266,1к,28018
2267,1к,4811
2268,1к,62982
2269,1к,5872
2270,1к,8654
2271,1к,0
2272,1к,2908
2273,1к,7117
2274,1к,90864
2275,1к,267439
2276,1к,339700
2277,1к,3928
2278,1к,16914
2279,1к,18872
2280,1к,680
2281,1к,10750
2282,1к,75230
2283,1к,31064
2284,1к,5560
2285,1к,9771
2286,1к,2953
2287,1к,12189
2288,1к,16064
2289,1к,4335
2290,1к,4795
2291,1к,561
2292,1к,28555
2293,1к,12892
2294,1к,70317
2295,1к,2065
2296,1к,7731
2297,1к,281134
2298,1к,12671
2299,1к,2169
2300,1к,53205
2301,1к,135
2302,1к,16443
2303,1к,10702
2304,1к,18316
2305,1к,8439
2306,1к,66
2307,1к,42
2308,1к,3533
2309,1к,3707
2310,1к,17272
2311,1к,625
2312,1к,26327
2313,1к,6191
2314,1к,43072
2315,1к,13145
2316,1к,19201
2317,1к,66
2318,1к,4953
2319,1к,28562
2320,1к,14476
2321,1к,7387
2322,1к,12781
2323,1к,53246
2324,1к,1011
2325,1к,2507
2326,1к,12482
2327,1к,2306
2328,1к,283666
2329,1к,340668
2330,1к,4812
2331,1к,5592
2332,1к,16998
2333,1к,11788
2334,1к,20901
2335,1к,7353
2336,1к,7117
2337,1к,2136
2338,1к,19261
2339,1к,254254
2340,1к,12702
2341,1к,231
2342,1к,16994
2343,1к,12466
2344,1к,29592
2345,1к,61295
2346,1к,8739
2347,1к,4589
2348,1к,92576
2349,1к,5921
2350,1к,0
2351,1к,10360
2352,1к,42
2353,1к,6284
2354,1к,61420
2355,1к,34836
2356,1к,10960
2357,1к,31154
2358,1к,72268
2359,1к,57308
2360,1к,8589
2361,1к,270555
2362,1к,2953
2363,1к,5420
2364,1к,9867
2365,1к,10750
2366,1к,25857
2367,1к,33786
2368,1к,127087
2369,1к,75271
2370,1к,8671
2371,1к,9537
2372,1к,9700
2373,1к,45557
2374,1к,1757
2375,1к,3617
2376,1к,19095
2377,1к,8654
2378,1к,2220
2379,1к,22114
2380,1к,63
2381,1к,42
2382,1к,680
2383,1к,6390
2384,1к,3036
2385,1к,4106
2386,1к,28575
2387,1к,402
2388,1к,10722
2389,1к,15667
2390,1к,14252
2391,1к,4071
2392,1к,16083
2393,1к,75141
2394,1к,7403
2395,1к,26157
2396,1к,5435
2397,1к,744
2398,1к,40
2399,1к,251
2400,1к,648
2401,1к,13516
2402,1к,12843
2403,1к,130432
2404,1к,9108
2405,1к,343630
2406,1к,6620
2407,1к,9820
2408,1к,33765
2409,1к,286577
2410,1к,14937
2411,1к,6365
2412,1к,8899
2413,1к,8665
2414,1к,54680
2415,1к,3824
2416,1к,10533
2417,1к,62672
2418,1к,63
2419,1к,15758
2420,1к,2388
2421,1к,76708
2422,1к,27968
2423,1к,8952
2424,1к,4835
2425,1к,44195
2426,1к,3209
2427,1к,29164
2428,1к,42
2429,1к,47909
2430,1к,20824
2431,1к,273943
2432,1к,66
2433,1к,10806
2434,1к,4166
2435,1к,9733
2436,1к,21126
2437,1к,2232
2438,1к,57725
2439,1к,95917
2440,1к,1204
2441,1к,1757
2442,1к,5592
2443,1к,3131
2444,1к,12774
2445,1к,254845
2446,1к,4180
2447,1к,29975
2448,1к,16204
2449,1к,3700
2450,1к,17367
2451,1к,618
2452,1к,22191
2453,1к,19537
2454,1к,4635
2455,1к,62937
2456,1к,14277
2457,1к,17645
2458,1к,9746
2459,1к,11896
2460,1к,7353
2461,1к,6341
2462,1к,12475
2463,1к,12813
2464,1к,2421
2465,1к,5240
2466,1к,31437
2467,1к,35157
2468,1к,11470
2469,1к,26748
2470,1к,780
2471,1к,5713
2472,1к,2917
2473,1к,19382
2474,1к,7317
2475,1к,17020
2476,1к,10750
2477,1к,9894
2478,1к,12941
2479,1к,21889
2480,1к,42
2481,1к,30384
2482,1к,6350
2483,1к,16204
2484,1к,744
2485,1к,251
2486,1к,9627
2487,1к,648
2488,1к,2701
2489,1к,4990
2490,1к,17102
2491,1к,63745
2492,1к,5435
2493,1к,4692
2494,1к,4296
2495,1к,63195
2496,1к,18023
2497,1к,5240
2498,1к,10320
2499,1к,10513
2500,1к,27274
2501,1к,17736
2502,1к,20157
2503,1к,19638
2504,1к,26623
2505,1к,9095
2506,1к,3754
2507,1к,21421
2508,1к,133304
2509,1к,1757
2510,1к,3301
2511,1к,14630
2512,1к,347492
2513,1к,97960
2514,1к,618
2515,1к,3131
2516,1к,12273
2517,1к,3866
2518,1к,2388
2519,1к,45324
2520,1к,7670
2521,1к,35146
2522,1к,12983
2523,1к,4491
2524,1к,22666
2525,1к,15724
2526,1к,548
2527,1к,63
2528,1к,10817
2529,1к,15132
2530,1к,7317
2531,1к,77798
2532,1к,7601
2533,1к,59036
2534,1к,12780
2535,1к,288643
2536,1к,6405
2537,1к,6723
2538,1к,55035
2539,1к,8694
2540,1к,11560
2541,1к,13578
2542,1к,13544
2543,1к,76039
2544,1к,5782
2545,1к,276859
2546,1к,2235
2547,1к,34180
2548,1к,49751
2549,1к,8946
2550,1к,850
2551,1к,28778
2552,1к,28077
2553,1к,2826
2554,1к,9835
2555,1к,1454
2556,1к,66
2557,1к,12463
2558,1к,5637
2559,1к,251093
2560,1к,32066
2561,1к,102608
2562,1к,17837
2563,1к,34367
2564,1к,3897
2565,1к,5785
2566,1к,8924
2567,1к,9779
2568,1к,42
2569,1к,14844
2570,1к,6551
2571,1к,27955
2572,1к,28821
2573,1к,2906
2574,1к,32935
2575,1к,8911
2576,1к,27179
2577,1к,49680
2578,1к,1757
2579,1к,2376
2580,1к,6788
2581,1к,28672
2582,1к,10101
2583,1к,13965
2584,1к,10780
2585,1к,13546
2586,1к,22031
2587,1к,18232
2588,1к,648
2589,1к,12983
2590,1к,4320
2591,1к,19687
2592,1к,1482
2593,1к,280636
2594,1к,349729
2595,1к,79007
2596,1к,4554
2597,1к,8774
2598,1к,13961
2599,1к,3786
2600,1к,65536
2601,1к,5795
2602,1к,15340
2603,1к,5435
2604,1к,850
2605,1к,20333
2606,1к,17114
2607,1к,6392
2608,1к,66
2609,1к,59740
2610,1к,16817
2611,1к,5506
2612,1к,253777
2613,1к,64453
2614,1к,7325
2615,1к,4785
2616,1к,9896
2617,1к,136569
2618,1к,2371
2619,1к,12273
2620,1к,21689
2621,1к,13174
2622,1к,656
2623,1к,15724
2624,1к,3445
2625,1к,23120
2626,1к,10930
2627,1к,63
2628,1к,7752
2629,1к,36426
2630,1к,12979
2631,1к,2970
2632,1к,5912
2633,1к,3203
2634,1к,12621
2635,1к,45799
2636,1к,76467
2637,1к,251
2638,1к,734
2639,1к,293213
2640,1к,10426
2641,1к,30451
2642,1к,548
2643,1к,56220
2644,1к,7611
2645,1к,2371
2646,1к,24700
2647,1к,66
2648,1к,20046
2649,1к,28562
2650,1к,353685
2651,1к,22705
2652,1к,6151
2653,1к,7614
2654,1к,1512
2655,1к,13593
2656,1к,6552
2657,1к,548
2658,1к,4931
2659,1к,3895
2660,1к,14522
2661,1к,12142
2662,1к,141
2663,1к,7854
2664,1к,10667
2665,1к,2913
2666,1к,8968
2667,1к,296268
2668,1к,3289
2669,1к,13088
2670,1к,283105
2671,1к,5435
2672,1к,79729
2673,1к,850
2674,1к,4310
2675,1к,22279
2676,1к,648
2677,1к,36729
2678,1к,137706
2679,1к,10041
2680,1к,10145
2681,1к,4554
2682,1к,12235
2683,1к,813
2684,1к,57935
2685,1к,13051
2686,1к,28308
2687,1к,6221
2688,1к,60834
2689,1к,14365
2690,1к,3461
2691,1к,51279
2692,1к,21200
2693,1к,6528
2694,1к,17871
2695,1к,17326
2696,1к,1757
2697,1к,29316
2698,1к,104122
2699,1к,251
2700,1к,9377
2701,1к,65742
2702,1к,252486
2703,1к,31240
2704,1к,67519
2705,1к,2374
2706,1к,5970
2707,1к,16971
2708,1к,13073
2709,1к,5712
2710,1к,35276
2711,1к,15132
2712,1к,7745
2713,1к,765
2714,1к,63
2715,1к,42
2716,1к,15862
2717,1к,10620
2718,1к,29775
2719,1к,46888
2720,1к,35212
2721,1к,18673
2722,1к,11241
2723,1к,3999
2724,1к,12795
2725,1к,3253
2726,1к,9368
2727,1к,78245
2728,1к,15996
2729,1к,6890
2730,1к,12275
2731,1к,28987
2732,1к,4622
2733,1к,6622
2734,1к,10446
2735,1к,2061
2736,1к,66479
2737,1к,21819
2738,1к,5507
2739,1к,6195
2740,1к,7036
2741,1к,3478
2742,1к,6256
2743,1к,10692
2744,1к,2913
2745,1к,14977
2746,1к,42
2747,1к,301323
2748,1к,9377
2749,1к,3401
2750,1к,1512
2751,1к,24808
2752,1к,63
2753,1к,548
2754,1к,15649
2755,1к,787
2756,1к,254115
2757,1к,53099
2758,1к,6621
2759,1к,288718
2760,1к,3312
2761,1к,4799
2762,1к,9061
2763,1к,81500
2764,1к,36259
2765,1к,12371
2766,1к,37080
2767,1к,7745
2768,1к,31452
2769,1к,2392
2770,1к,11299
2771,1к,13920
2772,1к,191
2773,1к,28896
2774,1к,17904
2775,1к,251
2776,1к,850
2777,1к,81502
2778,1к,16149
2779,1к,14400
2780,1к,2406
2781,1к,13345
2782,1к,16106
2783,1к,1049
2784,1к,47082
2785,1к,9587
2786,1к,7880
2787,1к,811
2788,1к,10667
2789,1к,13683
2790,1к,30381
2791,1к,4310
2792,1к,35578
2793,1к,141452
2794,1к,7707
2795,1к,30358
2796,1к,105385
2797,1к,12918
2798,1к,24082
2799,1к,17703
2800,1к,20632
2801,1к,4070
2802,1к,18860
2803,1к,66
2804,1к,23130
2805,1к,17441
2806,1к,58977
2807,1к,6210
2808,1к,62956
2809,1к,3915
2810,1к,13579
2811,1к,6171
2812,1к,355617
2813,1к,68965
2814,1к,10061
2815,1к,7099
2816,1к,59553
2817,1к,304177
2818,1к,23081
2819,1к,2685
2820,1к,360511
2821,1к,28894
2822,1к,22899
2823,1к,254780
2824,1к,13793
2825,1к,54030
2826,1к,108386
2827,1к,6921
2828,1к,7182
2829,1к,8023
2830,1к,35332
2831,1к,10346
2832,1к,36624
2833,1к,10956
2834,1к,19576
2835,1к,42
2836,1к,145962
2837,1к,38046
2838,1к,6826
2839,1к,850
2840,1к,2392
2841,1к,14473
2842,1к,5567
2843,1к,15934
2844,1к,6254
2845,1к,82448
2846,1к,3982
2847,1к,25672
2848,1к,21068
2849,1к,68479
2850,1к,3721
2851,1к,292551
2852,1к,2012
2853,1к,18541
2854,1к,14331
2855,1к,4383
2856,1к,69430
2857,1к,3752
2858,1к,25449
2859,1к,29498
2860,1к,787
2861,1к,10288
2862,1к,803
2863,1к,7795
2864,1к,12769
2865,1к,10715
2866,1к,31588
2867,1к,66
2868,1к,9118
2869,1к,47776
2870,1к,11054
2871,1к,32087
2872,1к,3514
2873,1к,4622
2874,1к,6078
2875,1к,12500
2876,1к,13248
2877,1к,191
2878,1к,113
2879,1к,548
2880,1к,7725
2881,1к,13814
2882,1к,9474
2883,1к,16236
2884,1к,16438
2885,1к,32310
2886,1к,3015
2887,1к,17827
2888,1к,4065
2889,1к,6614
2890,1к,2121
2891,1к,11749
2892,1к,4854
2893,1к,13734
2894,1к,10
2895,1к,64104
2896,1к,85663
2897,1к,1049
2898,1к,251
2899,1к,15912
2900,1к,18288
2901,1к,7664
2902,1к,36381
2903,1к,10
2904,1к,2843
2905,1к,3109
2906,1к,7599
2907,1к,6742
2908,1к,32270
2909,1к,56007
2910,1к,14000
2911,1к,301150
2912,1к,16480
2913,1к,16467
2914,1к,13679
2915,1к,25821
2916,1к,6335
2917,1к,3808
2918,1к,7099
2919,1к,10804
2920,1к,9740
2921,1к,4956
2922,1к,19534
2923,1к,14911
2924,1к,2327
2925,1к,18541
2926,1к,14218
2927,1к,23073
2928,1к,7875
2929,1к,11073
2930,1к,13364
2931,1к,11047
2932,1к,59914
2933,1к,10663
2934,1к,2398
2935,1к,14242
2936,1к,803
2937,1к,29603
2938,1к,38486
2939,1к,7855
2940,1к,110020
2941,1к,48415
2942,1к,3554
2943,1к,87508
2944,1к,262250
2945,1к,83721
2946,1к,11353
2947,1к,7257
2948,1к,32457
2949,1к,3982
2950,1к,548
2951,1к,7052
2952,1к,38593
2953,1к,3748
2954,1к,4280
2955,1к,70585
2956,1к,21437
2957,1к,113
2958,1к,787
2959,1к,33310
2960,1к,16027
2961,1к,850
2962,1к,9712
2963,1к,66
2964,1к,8382
2965,1к,251
2966,1к,12149
2967,1к,191
2968,1к,26862
2969,1к,16633
2970,1к,14505
2971,1к,1049
2972,1к,67685
2973,1к,313523
2974,1к,4840
2975,1к,70400
2976,1к,18955
2977,1к,24659
2978,1к,5579
2979,1к,366746
2980,1к,5152
2981,1к,13828
2982,1к,2121
2983,1к,19861
2984,1к,42
2985,1к,153934
2986,1к,30175
2987,1к,263244
2988,1к,42
2989,1к,14495
2990,1к,13630
2991,1к,13364
2992,1к,2121
2993,1к,19045
2994,1к,38881
2995,1к,57040
2996,1к,11462
2997,1к,2415
2998,1к,32727
2999,1к,2398
3000,1к,23081
3001,1к,68252
3002,1к,27848
3003,1к,1493
3004,1к,48540
3005,1к,10810
3006,1к,7977
3007,1к,18620
3008,1к,251
3009,1к,16564
3010,1к,6398
3011,1к,12148
3012,1к,4985
3013,1к,6580
3014,1к,3998
3015,1к,5863
3016,1к,302959
3017,1к,9835
3018,1к,8382
3019,1к,7454
3020,1к,19576
3021,1к,850
3022,1к,16047
3023,1к,24919
3024,1к,60204
3025,1к,66
3026,1к,14208
3027,1к,71158
3028,1к,33342
3029,1к,14752
3030,1к,548
3031,1к,10662
3032,1к,21703
3033,1к,13679
3034,1к,84052
3035,1к,26083
3036,1к,157259
3037,1к,3925
3038,1к,3109
3039,1к,191
3040,1к,368545
3041,1к,20205
3042,1к,16633
3043,1к,4414
3044,1к,803
3045,1к,70597
3046,1к,30196
3047,1к,15328
3048,1к,11077
3049,1к,11184
3050,1к,5408
3051,1к,7944
3052,1к,38805
3053,1к,113
3054,1к,9697
3055,1к,7828
3056,1к,3554
3057,1к,7444
3058,1к,317202
3059,1к,787
3060,1к,7255
3061,1к,36576
3062,1к,4990
3063,1к,87457
3064,1к,32425
3065,1к,3748
3066,1к,29693
3067,1к,111014
3068,1к,3048
3069,1к,16769
3070,1к,7194
3071,1к,10
3072,1к,14018
3073,1к,7944
3074,1к,33014
3075,1к,23174
3076,1к,2476
3077,1к,11523
3078,1к,265017
3079,1к,4139
3080,1к,19644
3081,1к,159973
3082,1к,16789
3083,1к,11606
3084,1к,373249
3085,1к,14924
3086,1к,70713
3087,1к,85438
3088,1к,16616
3089,1к,3048
3090,1к,3165
3091,1к,16925
3092,1к,10
3093,1к,48506
3094,1к,13764
3095,1к,9835
3096,1к,19069
3097,1к,2462
3098,1к,850
3099,1к,66
3100,1к,251
3101,1к,5988
3102,1к,12218
3103,1к,40162
3104,1к,15499
3105,1к,14594
3106,1к,5408
3107,1к,30911
3108,1к,72280
3109,1к,16356
3110,1к,11849
3111,1к,33497
3112,1к,28381
3113,1к,58036
3114,1к,18916
3115,1к,1493
3116,1к,8490
3117,1к,2121
3118,1к,4539
3119,1к,25904
3120,1к,40122
3121,1к,304769
3122,1к,10810
3123,1к,114185
3124,1к,4990
3125,1к,7502
3126,1к,7997
3127,1к,7658
3128,1к,5043
3129,1к,3921
3130,1к,3554
3131,1к,4290
3132,1к,21858
3133,1к,9784
3134,1к,113
3135,1к,33332
3136,1к,191
3137,1к,6438
3138,1к,88378
3139,1к,61100
3140,1к,42
3141,1к,14082
3142,1к,6652
3143,1к,30570
3144,1к,7302
3145,1к,14752
3146,1к,68958
3147,1к,26134
3148,1к,548
3149,1к,787
3150,1к,14284
3151,1к,7472
3152,1к,314914
3153,1к,803
3154,1к,11174
3155,1к,13742
3156,1к,20541
3157,1к,36790
3158,1к,7849
3159,1к,7788
3160,1к,10
3161,1к,48950
3162,1к,12477
3163,1к,161947
3164,1к,26427
3165,1к,5106
3166,1к,17311
3167,1к,803
3168,1к,3048
3169,1к,11660
3170,1к,10906
3171,1к,9835
3172,1к,4223
3173,1к,2121
3174,1к,33213
3175,1к,6548
3176,1к,37012
3177,1к,787
3178,1к,31532
3179,1к,89717
3180,1к,27676
3181,1к,9246
3182,1к,5890
3183,1к,7973
3184,1к,15285
3185,1к,60730
3186,1к,7422
3187,1к,61368
3188,1к,23649
3189,1к,11298
3190,1к,4566
3191,1к,86892
3192,1к,42
3193,1к,19160
3194,1к,4465
3195,1к,31528
3196,1к,113
3197,1к,41527
3198,1к,41364
3199,1к,116244
3200,1к,15383
3201,1к,16471
3202,1к,7658
3203,1к,19054
3204,1к,6098
3205,1к,3165
3206,1к,548
3207,1к,6652
3208,1к,14697
3209,1к,13911
3210,1к,15499
3211,1к,14413
3212,1к,8228
3213,1к,17003
3214,1к,9784
3215,1к,251
3216,1к,22428
3217,1к,374542
3218,1к,34223
3219,1к,32850
3220,1к,3624
3221,1к,72857
3222,1к,16666
3223,1к,71346
3224,1к,28479
3225,1к,12913
3226,1к,5043
3227,1к,66
3228,1к,10721
3229,1к,15020
3230,1к,20665
3231,1к,2808
3232,1к,217
3233,1к,19999
3234,1к,320768
3235,1к,15029
3236,1к,270339
3237,1к,850
3238,1к,310123
3239,1к,73929
3240,1к,4239
3241,1к,7622
3242,1к,1493
3243,1к,2519
3244,1к,11719
3245,1к,11779
3246,1к,26979
3247,1к,850
3248,1к,10910
3249,1к,6548
3250,1к,15770
3251,1к,20290
3252,1к,26
3253,1к,16667
3254,1к,41924
3255,1к,38097
3256,1к,24414
3257,1к,9858
3258,1к,74008
3259,1к,375632
3260,1к,5214
3261,1к,4298
3262,1к,28663
3263,1к,32187
3264,1к,113
3265,1к,62533
3266,1к,35208
3267,1к,42
3268,1к,15717
3269,1к,819
3270,1к,9326
3271,1к,8536
3272,1к,17683
3273,1к,10
3274,1к,19001
3275,1к,15029
3276,1к,7694
3277,1к,11852
3278,1к,16782
3279,1к,2633
3280,1к,15617
3281,1к,4658
3282,1к,9979
3283,1к,314028
3284,1к,11370
3285,1к,23209
3286,1к,7002
3287,1к,251
3288,1к,21102
3289,1к,42699
3290,1к,15059
3291,1к,15773
3292,1к,273526
3293,1к,11394
3294,1к,5043
3295,1к,7797
3296,1к,548
3297,1к,4866
3298,1к,12480
3299,1к,1493
3300,1к,31442
3301,1к,323060
3302,1к,28579
3303,1к,14271
3304,1к,2896
3305,1к,6162
3306,1к,2119
3307,1к,3048
3308,1к,62097
3309,1к,803
3310,1к,14153
3311,1к,217
3312,1к,17952
3313,1к,33419
3314,1к,7852
3315,1к,34294
3316,1к,6074
3317,1к,95517
3318,1к,75386
3319,1к,14597
3320,1к,163213
3321,1к,4488
3322,1к,49939
3323,1к,7575
3324,1к,3623
3325,1к,71793
3326,1к,118856
3327,1к,3236
3328,1к,19306
3329,1к,66
3330,1к,8711
3331,1к,88973
3332,1к,12060
3333,1к,10154
3334,1к,35266
3335,1к,849
3336,1к,327472
3337,1к,15981
3338,1к,5225
3339,1к,6658
3340,1к,73211
3341,1к,3056
3342,1к,63293
3343,1к,2706
3344,1к,19010
3345,1к,19524
3346,1к,318012
3347,1к,8000
3348,1к,2119
3349,1к,14764
3350,1к,15905
3351,1к,274933
3352,1к,42
3353,1к,28870
3354,1к,376133
3355,1к,49900
3356,1к,17079
3357,1к,11454
3358,1к,11894
3359,1к,958
3360,1к,9979
3361,1к,96231
3362,1к,15664
3363,1к,33555
3364,1к,14573
3365,1к,3795
3366,1к,18361
3367,1к,8545
3368,1к,113
3369,1к,5532
3370,1к,7421
3371,1к,15663
3372,1к,14397
3373,1к,10930
3374,1к,71
3375,1к,329
3376,1к,18045
3377,1к,7797
3378,1к,3196
3379,1к,162523
3380,1к,27827
3381,1к,251
3382,1к,34589
3383,1к,89705
3384,1к,21251
3385,1к,12618
3386,1к,66
3387,1к,9741
3388,1к,10
3389,1к,8930
3390,1к,43243
3391,1к,29170
3392,1к,20368
3393,1к,4476
3394,1к,6148
3395,1к,5043
3396,1к,15029
3397,1к,819
3398,1к,23447
3399,1к,62942
3400,1к,11942
3401,1к,16240
3402,1к,32586
3403,1к,124145
3404,1к,1642
3405,1к,25017
3406,1к,5017
3407,1к,3456
3408,1к,38205
3409,1к,78385
3410,1к,17115
3411,1к,4322
3412,1к,7673
3413,1к,8020
3414,1к,74611
3415,1к,6162
3416,1к,548
3417,1к,31992
3418,1к,42475
3419,1к,27946
3420,1к,25577
3421,1к,75617
3422,1к,16274
3423,1к,43542
3424,1к,1642
3425,1к,79516
3426,1к,7795
3427,1к,74920
3428,1к,7030
3429,1к,15648
3430,1к,5017
3431,1к,30485
3432,1к,23510
3433,1к,32985
3434,1к,331250
3435,1к,12405
3436,1к,38654
3437,1к,96672
3438,1к,1102
3439,1к,15929
3440,1к,8088
3441,1к,44748
3442,1к,8345
3443,1к,6162
3444,1к,5532
3445,1к,32624
3446,1к,5768
3447,1к,19715
3448,1к,17142
3449,1к,29306
3450,1к,63166
3451,1к,18848
3452,1к,322092
3453,1к,4476
3454,1к,889
3455,1к,3854
3456,1к,50677
3457,1к,11968
3458,1к,12078
3459,1к,5103
3460,1к,10119
3461,1к,10057
3462,1к,90329
3463,1к,10268
3464,1к,378236
3465,1к,175611
3466,1к,8081
3467,1к,113
3468,1к,10930
3469,1к,4766
3470,1к,2308
3471,1к,548
3472,1к,21416
3473,1к,19400
3474,1к,251
3475,1к,18405
3476,1к,21450
3477,1к,16550
3478,1к,66
3479,1к,274450
3480,1к,36262
3481,1к,15273
3482,1к,7752
3483,1к,14600
3484,1к,15411
3485,1к,20458
3486,1к,42
3487,1к,2705
3488,1к,387
3489,1к,3658
3490,1к,34025
3491,1к,11650
3492,1к,3056
3493,1к,3196
3494,1к,159
3495,1к,6178
3496,1к,9050
3497,1к,12672
3498,1к,15945
3499,1к,885
3500,1к,126042
3501,1к,10
3502,1к,65418
3503,1к,8680
3504,1к,35529
3505,1к,19546
3506,1к,16105
3507,1к,10
3508,1к,28387
3509,1к,8106
3510,1к,12078
3511,1к,19405
3512,1к,2438
3513,1к,100160
3514,1к,21491
3515,1к,42
3516,1к,16854
3517,1к,20380
3518,1к,33299
3519,1к,251
3520,1к,45939
3521,1к,66493
3522,1к,33211
3523,1к,19298
3524,1к,36879
3525,1к,23518
3526,1к,5106
3527,1к,76270
3528,1к,6178
3529,1к,16821
3530,1к,63931
3531,1к,7111
3532,1к,34298
3533,1к,91474
3534,1к,31322
3535,1к,3056
3536,1к,3196
3537,1к,9050
3538,1к,12272
3539,1к,451
3540,1к,6269
3541,1к,20809
3542,1к,889
3543,1к,36161
3544,1к,690
3545,1к,12687
3546,1к,10268
3547,1к,80725
3548,1к,76989
3549,1к,8681
3550,1к,1102
3551,1к,7907
3552,1к,11695
3553,1к,10996
3554,1к,63
3555,1к,15194
3556,1к,38801
3557,1к,333544
3558,1к,5713
3559,1к,5535
3560,1к,8461
3561,1к,16017
3562,1к,44634
3563,1к,4789
3564,1к,1161
3565,1к,14600
3566,1к,1728
3567,1к,3901
3568,1к,7944
3569,1к,159
3570,1к,274884
3571,1к,19765
3572,1к,175780
3573,1к,322835
3574,1к,16403
3575,1к,11972
3576,1к,25653
3577,1к,4474
3578,1к,15325
3579,1к,21731
3580,1к,127658
3581,1к,15774
3582,1к,2705
3583,1к,30230
3584,1к,11047
3585,1к,19156
3586,1к,5778
3587,1к,8081
3588,1к,4300
3589,1к,51982
3590,1к,66
3591,1к,378263
3592,1к,10898
3593,1к,4822
3594,1к,20613
3595,1к,128593
3596,1к,11621
3597,1к,6425
3598,1к,20
3599,1к,64416
3600,1к,8303
3601,1к,1215
3602,1к,77388
3603,1к,17513
3604,1к,66
3605,1к,77810
3606,1к,67449
3607,1к,10984
3608,1к,10996
3609,1к,29130
3610,1к,12263
3611,1к,17236
3612,1к,36772
3613,1к,82683
3614,1к,277884
3615,1к,1192
3616,1к,8192
3617,1к,21663
3618,1к,16686
3619,1к,16975
3620,1к,325361
3621,1к,5200
3622,1к,91974
3623,1к,8167
3624,1к,40181
3625,1к,7178
3626,1к,21976
3627,1к,46600
3628,1к,338072
3629,1к,3975
3630,1к,12272
3631,1к,8655
3632,1к,177936
3633,1к,15270
3634,1к,34090
3635,1к,11665
3636,1к,6214
3637,1к,19423
3638,1к,15842
3639,1к,19572
3640,1к,32429
3641,1к,616
3642,1к,2438
3643,1к,272
3644,1к,10437
3645,1к,37266
3646,1к,2769
3647,1к,19900
3648,1к,8034
3649,1к,63
3650,1к,3196
3651,1к,9519
3652,1к,19947
3653,1к,15614
3654,1к,5874
3655,1к,34826
3656,1к,12845
3657,1к,6498
3658,1к,101108
3659,1к,30293
3660,1к,26154
3661,1к,45209
3662,1к,313
3663,1к,17025
3664,1к,708
3665,1к,2003
3666,1к,6578
3667,1к,3901
3668,1к,379218
3669,1к,21291
3670,1к,3056
3671,1к,4820
3672,1к,24272
3673,1к,16531
3674,1к,34461
3675,1к,110
3676,1к,12144
3677,1к,889
3678,1к,8563
3679,1к,52740
3680,1к,11001
3681,1к,53017
3682,1к,4829
3683,1к,6460
3684,1к,16603
3685,1к,7178
3686,1к,380370
3687,1к,8226
3688,1к,47249
3689,1к,47478
3690,1к,10681
3691,1к,508
3692,1к,37563
3693,1к,17645
3694,1к,41137
3695,1к,19997
3696,1к,1280
3697,1к,19919
3698,1к,313
3699,1к,66458
3700,1к,2003
3701,1к,103288
3702,1к,20649
3703,1к,6498
3704,1к,20099
3705,1к,29830
3706,1к,32885
3707,1к,34178
3708,1к,131905
3709,1к,16082
3710,1к,326944
3711,1к,12051
3712,1к,9598
3713,1к,616
3714,1к,15558
3715,1к,1215
3716,1к,12658
3717,1к,16891
3718,1к,17089
3719,1к,340775
3720,1к,37127
3721,1к,5898
3722,1к,8303
3723,1к,11718
3724,1к,78385
3725,1к,21435
3726,1к,2458
3727,1к,4822
3728,1к,9296
3729,1к,8247
3730,1к,12466
3731,1к,30293
3732,1к,3465
3733,1к,6802
3734,1к,12844
3735,1к,180067
3736,1к,20
3737,1к,19693
3738,1к,6338
3739,1к,3967
3740,1к,17654
3741,1к,16276
3742,1к,272
3743,1к,63
3744,1к,11068
3745,1к,21980
3746,1к,2817
3747,1к,35116
3748,1к,5200
3749,1к,22221
3750,1к,92691
3751,1к,35555
3752,1к,3184
3753,1к,86533
3754,1к,8773
3755,1к,913
3756,1к,17180
3757,1к,3975
3758,1к,281092
3759,1к,24695
3760,1к,130
3761,1к,78936
3762,1к,8033
3763,1к,26688
3764,1к,708
3765,1к,68848
3766,1к,12684
3767,1к,22616
3768,1к,12892
3769,1к,11514
3770,1к,35874
3771,1к,16026
3772,1к,48125
3773,1к,3483
3774,1к,6350
3775,1к,34306
3776,1к,5282
3777,1к,182451
3778,1к,13221
3779,1к,41571
3780,1к,8032
3781,1к,8275
3782,1к,103703
3783,1к,53145
3784,1к,16624
3785,1к,4095
3786,1к,12773
3787,1к,2051
3788,1к,27393
3789,1к,17369
3790,1к,694
3791,1к,7698
3792,1к,5934
3793,1к,19704
3794,1к,6534
3795,1к,12542
3796,1к,1287
3797,1к,66827
3798,1к,47430
3799,1к,19989
3800,1к,30163
3801,1к,133792
3802,1к,708
3803,1к,12013
3804,1к,130
3805,1к,16584
3806,1к,69180
3807,1к,16860
3808,1к,344587
3809,1к,10731
3810,1к,11225
3811,1к,272
3812,1к,39917
3813,1к,2904
3814,1к,33992
3815,1к,35815
3816,1к,3220
3817,1к,9578
3818,1к,18398
3819,1к,26
3820,1к,313
3821,1к,17904
3822,1к,90131
3823,1к,8412
3824,1к,21529
3825,1к,79361
3826,1к,16704
3827,1к,37951
3828,1к,20119
3829,1к,12928
3830,1к,17259
3831,1к,3975
3832,1к,5048
3833,1к,8461
3834,1к,21868
3835,1к,26068
3836,1к,94756
3837,1к,1202
3838,1к,6941
3839,1к,30494
3840,1к,10028
3841,1к,63
3842,1к,379933
3843,1к,287025
3844,1к,4827
3845,1к,914
3846,1к,80316
3847,1к,1280
3848,1к,2832
3849,1к,22269
3850,1к,9613
3851,1к,20151
3852,1к,7397
3853,1к,331819
3854,1к,48637
3855,1к,63
3856,1к,34295
3857,1к,135013
3858,1к,48648
3859,1к,18152
3860,1к,12936
3861,1к,20606
3862,1к,3483
3863,1к,130
3864,1к,7417
3865,1к,346712
3866,1к,8625
3867,1к,184730
3868,1к,30494
3869,1к,22875
3870,1к,4032
3871,1к,70142
3872,1к,272
3873,1к,38438
3874,1к,13277
3875,1к,26261
3876,1к,708
3877,1к,19767
3878,1к,970
3879,1к,21868
3880,1к,21716
3881,1к,40256
3882,1к,313
3883,1к,9581
3884,1к,7065
3885,1к,1433
3886,1к,8502
3887,1к,37058
3888,1к,23114
3889,1к,97395
3890,1к,30169
3891,1к,4095
3892,1к,5048
3893,1к,26
3894,1к,16861
3895,1к,11397
3896,1к,694
3897,1к,20322
3898,1к,4865
3899,1к,7223
3900,1к,42232
3901,1к,10856
3902,1к,80734
3903,1к,5983
3904,1к,82192
3905,1к,91932
3906,1к,8679
3907,1к,16584
3908,1к,18076
3909,1к,112454
3910,1к,67789
3911,1к,16420
3912,1к,12270
3913,1к,5487
3914,1к,53312
3915,1к,34556
3916,1к,10064
3917,1к,7986
3918,1к,12773
3919,1к,17089
3920,1к,18676
3921,1к,4073
3922,1к,9673
3923,1к,2051
3924,1к,1202
3925,1к,333006
3926,1к,6680
3927,1к,1280
3928,1к,17369
3929,1к,289344
3930,1к,2904
3931,1к,8162
3932,1к,36120
3933,1к,382407
3934,1к,13446
3935,1к,11629
3936,1к,12853
3937,1к,3220
3938,1к,27688
3939,1к,20237
3940,1к,17294
3941,1к,187541
3942,1к,352747
3943,1к,20764
3944,1к,20590
3945,1к,12773
3946,1к,708
3947,1к,7243
3948,1к,26
3949,1к,4035
3950,1к,7988
3951,1к,23364
3952,1к,4889
3953,1к,10142
3954,1к,49747
3955,1к,331
3956,1к,37513
3957,1к,970
3958,1к,82067
3959,1к,28237
3960,1к,18824
3961,1к,36273
3962,1к,6778
3963,1к,9698
3964,1к,71026
3965,1к,10856
3966,1к,339483
3967,1к,17652
3968,1к,18510
3969,1к,11852
3970,1к,63
3971,1к,4095
3972,1к,5048
3973,1к,130
3974,1к,3441
3975,1к,121439
3976,1к,13227
3977,1к,1280
3978,1к,16884
3979,1к,22256
3980,1к,19832
3981,1к,20698
3982,1к,34621
3983,1к,34113
3984,1к,272
3985,1к,8625
3986,1к,98993
3987,1к,30216
3988,1к,386605
3989,1к,7143
3990,1к,1640
3991,1к,53987
3992,1к,17304
3993,1к,49251
3994,1к,93539
3995,1к,17027
3996,1к,2051
3997,1к,2902
3998,1к,5982
3999,1к,16751
4000,1к,11696
4001,1к,7469
4002,1к,1223
4003,1к,42888
4004,1к,4075
4005,1к,12845
4006,1к,26539
4007,1к,21983
4008,1к,8428
4009,1к,3483
4010,1к,38430
4011,1к,23183
4012,1к,70586
4013,1к,289936
4014,1к,31330
4015,1к,9673
4016,1к,13464
4017,1к,16666
4018,1к,5514
4019,1к,8829
4020,1к,40257
4021,1к,694
4022,1к,137577
4023,1к,13053
4024,1к,8500
4025,1к,81822
4026,1к,19278
4027,1к,12481
4028,1к,26
4029,1к,188314
4030,1к,388214
4031,1к,13352
4032,1к,51419
4033,1к,11930
4034,1к,34679
4035,1к,16857
4036,1к,100147
4037,1к,142
4038,1к,7988
4039,1к,7082
4040,1к,12773
4041,1к,8625
4042,1к,49876
4043,1к,272
4044,1к,26635
4045,1к,8880
4046,1к,5514
4047,1к,2918
4048,1к,1640
4049,1к,1280
4050,1к,16866
4051,1к,42977
4052,1к,12505
4053,1к,139349
4054,1к,9698
4055,1к,7243
4056,1к,30235
4057,1к,3498
4058,1к,7514
4059,1к,18180
4060,1к,28679
4061,1к,5072
4062,1к,23427
4063,1к,22194
4064,1к,8575
4065,1к,37706
4066,1к,71434
4067,1к,21103
4068,1к,291578
4069,1к,12845
4070,1к,19300
4071,1к,347
4072,1к,70846
4073,1к,18792
4074,1к,82111
4075,1к,121850
4076,1к,20651
4077,1к,8428
4078,1к,36208
4079,1к,39929
4080,1к,6037
4081,1к,4129
4082,1к,20031
4083,1к,4095
4084,1к,16751
4085,1к,17356
4086,1к,7143
4087,1к,1258
4088,1к,13209
4089,1к,11856
4090,1к,10856
4091,1к,94579
4092,1к,17013
4093,1к,3267
4094,1к,17874
4095,1к,63
4096,1к,10142
4097,1к,31330
4098,1к,54402
4099,1к,340280
4100,1к,83714
4101,1к,38719
4102,1к,694
4103,1к,708
4104,1к,5048
4105,1к,22201
4106,1к,2237
4107,1к,13587
4108,1к,9934
4109,1к,23791
4110,1к,3440
4111,1к,353939
4112,1к,970
4113,1к,35267
4114,1к,20862
4115,1к,694
4116,1к,5092
4117,1к,22674
4118,1к,31580
4119,1к,101086
4120,1к,49821
4121,1к,20950
4122,1к,22334
4123,1к,5636
4124,1к,9652
4125,1к,17021
4126,1к,37685
4127,1к,71827
4128,1к,272
4129,1к,84694
4130,1к,12010
4131,1к,1280
4132,1к,2237
4133,1к,21290
4134,1к,9179
4135,1к,5633
4136,1к,19279
4137,1к,341394
4138,1к,18473
4139,1к,357196
4140,1к,28785
4141,1к,95166
4142,1к,7143
4143,1к,12961
4144,1к,63
4145,1к,23561
4146,1к,13351
4147,1к,18292
4148,1к,26
4149,1к,970
4150,1к,13594
4151,1к,3499
4152,1к,1503
4153,1к,189816
4154,1к,374
4155,1к,12969
4156,1к,11012
4157,1к,43020
4158,1к,7311
4159,1к,18848
4160,1к,122960
4161,1к,12882
4162,1к,3267
4163,1к,36220
4164,1к,16866
4165,1к,72998
4166,1к,708
4167,1к,20059
4168,1к,17001
4169,1к,3548
4170,1к,16751
4171,1к,10142
4172,1к,142
4173,1к,4189
4174,1к,8652
4175,1к,13915
4176,1к,12623
4177,1к,38846
4178,1к,292415
4179,1к,83411
4180,1к,4103
4181,1к,9928
4182,1к,54409
4183,1к,7849
4184,1к,2918
4185,1к,141130
4186,1к,52956
4187,1к,390555
4188,1к,34678
4189,1к,17712
4190,1к,7243
4191,1к,24143
4192,1к,8653
4193,1к,40255
4194,1к,8560
4195,1к,1640
4196,1к,20698
4197,1к,27061
4198,1к,6084
4199,1к,36533
4200,1к,30275
4201,1к,7879
4202,1к,374
4203,1к,23566
4204,1к,3499
4205,1к,24187
4206,1к,50319
4207,1к,20073
4208,1к,10029
4209,1к,9668
4210,1к,7207
4211,1к,1280
4212,1к,8669
4213,1к,7341
4214,1к,23179
4215,1к,9180
4216,1к,38405
4217,1к,13402
4218,1к,18358
4219,1к,9942
4220,1к,34765
4221,1к,6084
4222,1к,2931
4223,1к,73910
4224,1к,54994
4225,1к,17018
4226,1к,44236
4227,1к,6374
4228,1к,29023
4229,1к,694
4230,1к,12827
4231,1к,192500
4232,1к,21169
4233,1к,20863
4234,1к,12351
4235,1к,26
4236,1к,2236
4237,1к,19888
4238,1к,8652
4239,1к,20968
4240,1к,18214
4241,1к,40402
4242,1к,32212
4243,1к,13616
4244,1к,101696
4245,1к,30204
4246,1к,12822
4247,1к,53334
4248,1к,14336
4249,1к,11058
4250,1к,39335
4251,1к,27996
4252,1к,3598
4253,1к,359322
4254,1к,17021
4255,1к,19405
4256,1к,37482
4257,1к,85445
4258,1к,7849
4259,1к,1640
4260,1к,37913
4261,1к,84134
4262,1к,143446
4263,1к,18473
4264,1к,13090
4265,1к,63
4266,1к,22533
4267,1к,3447
4268,1к,72367
4269,1к,17131
4270,1к,344294
4271,1к,16785
4272,1к,5627
4273,1к,9293
4274,1к,296194
4275,1к,4493
4276,1к,95007
4277,1к,708
4278,1к,272
4279,1к,970
4280,1к,142
4281,1к,7392
4282,1к,4250
4283,1к,5129
4284,1к,395550
4285,1к,1622
4286,1к,125105
4287,1к,13988
4288,1к,7879
4289,1к,16901
4290,1к,708
4291,1к,6873
4292,1к,27171
4293,1к,20638
4294,1к,10800
4295,1к,44903
4296,1к,32664
4297,1к,59595
4298,1к,380859
4299,1к,172
4300,1к,12862
4301,1к,23544
4302,1к,10289
4303,1к,3759
4304,1к,20189
4305,1к,24153
4306,1к,9335
4307,1к,26289
4308,1к,21090
4309,1к,46308
4310,1к,14551
4311,1к,3598
4312,1к,2753
4313,1к,7898
4314,1к,7547
4315,1к,11062
4316,1к,25458
4317,1к,29957
4318,1к,94786
4319,1к,58137
4320,1к,18693
4321,1к,395463
4322,1к,17925
4323,1к,50393
4324,1к,77003
4325,1к,161205
4326,1к,845
4327,1к,13259
4328,1к,22853
4329,1к,6537
4330,1к,104234
4331,1к,8498
4332,1к,41099
4333,1к,9418
4334,1к,114787
4335,1к,9778
4336,1к,140527
4337,1к,93825
4338,1к,8440
4339,1к,13865
4340,1к,3255
4341,1к,62784
4342,1к,288
4343,1к,214072
4344,1к,5611
4345,1к,15099
4346,1к,35830
4347,1к,38736
4348,1к,35131
4349,1к,9579
4350,1к,26
4351,1к,1835
4352,1к,84
4353,1к,13081
4354,1к,15061
4355,1к,7999
4356,1к,1640
4357,1к,7217
4358,1к,28316
4359,1к,10751
4360,1к,126
4361,1к,1086
4362,1к,5350
4363,1к,14067
4364,1к,45142
4365,1к,82721
4366,1к,20274
4367,1к,1750
4368,1к,6846
4369,1к,22005
4370,1к,414
4371,1к,337028
4372,1к,15606
4373,1к,20562
4374,1к,45997
4375,1к,31888
4376,1к,433545
4377,1к,140758
4378,1к,45545
4379,1к,14581
4380,1к,1086
4381,1к,51410
4382,1к,20675
4383,1к,8417
4384,1к,116201
4385,1к,9735
4386,1к,94940
4387,1к,336916
4388,1к,22005
4389,1к,6898
4390,1к,1248
4391,1к,7329
4392,1к,140
4393,1к,397503
4394,1к,36
4395,1к,14165
4396,1к,28471
4397,1к,16901
4398,1к,7343
4399,1к,126
4400,1к,2753
4401,1к,7898
4402,1к,1741
4403,1к,3482
4404,1к,9503
4405,1к,33194
4406,1к,25699
4407,1к,44903
4408,1к,63780
4409,1к,414
4410,1к,7545
4411,1к,27171
4412,1к,10483
4413,1к,172
4414,1к,42531
4415,1к,214090
4416,1к,15184
4417,1к,10800
4418,1к,15622
4419,1к,15637
4420,1к,38864
4421,1к,29989
4422,1к,23077
4423,1к,20415
4424,1к,5543
4425,1к,288
4426,1к,11208
4427,1к,13865
4428,1к,436805
4429,1к,26251
4430,1к,105077
4431,1к,708
4432,1к,5667
4433,1к,6597
4434,1к,381858
4435,1к,46756
4436,1к,3598
4437,1к,35869
4438,1к,48302
4439,1к,162901
4440,1к,13259
4441,1к,18410
4442,1к,23750
4443,1к,8561
4444,1к,8465
4445,1к,1914
4446,1к,20003
4447,1к,58344
4448,1к,9778
4449,1к,83517
4450,1к,20559
4451,1к,60563
4452,1к,24544
4453,1к,96225
4454,1к,10635
4455,1к,35606
4456,1к,13202
4457,1к,21090
4458,1к,9418
4459,1к,3759
4460,1к,12862
4461,1к,77226
4462,1к,1640
4463,1к,20329
4464,1к,31939
4465,1к,16913
4466,1к,7343
4467,1к,24672
4468,1к,117888
4469,1к,14621
4470,1к,10440
4471,1к,20978
4472,1к,14239
4473,1к,46269
4474,1к,30149
4475,1к,7401
4476,1к,77534
4477,1к,3598
4478,1к,8299
4479,1к,20673
4480,1к,22061
4481,1к,59634
4482,1к,10012
4483,1к,708
4484,1к,20778
4485,1к,12862
4486,1к,1741
4487,1к,7970
4488,1к,36
4489,1к,20329
4490,1к,7543
4491,1к,23844
4492,1к,25397
4493,1к,33336
4494,1к,400597
4495,1к,214723
4496,1к,61107
4497,1к,414
4498,1к,288
4499,1к,728
4500,1к,3674
4501,1к,51570
4502,1к,8543
4503,1к,9735
4504,1к,63982
4505,1к,6616
4506,1к,21190
4507,1к,5543
4508,1к,8707
4509,1к,3759
4510,1к,9597
4511,1к,6650
4512,1к,338701
4513,1к,27376
4514,1к,23376
4515,1к,383058
4516,1к,36156
4517,1к,95554
4518,1к,28728
4519,1к,25779
4520,1к,2753
4521,1к,46951
4522,1к,1640
4523,1к,48595
4524,1к,44225
4525,1к,18799
4526,1к,20169
4527,1к,126
4528,1к,5667
4529,1к,11273
4530,1к,2481
4531,1к,105511
4532,1к,15713
4533,1к,15184
4534,1к,31939
4535,1к,38712
4536,1к,97404
4537,1к,1248
4538,1к,1158
4539,1к,14100
4540,1к,163190
4541,1к,9515
4542,1к,172
4543,1к,141529
4544,1к,45280
4545,1к,13259
4546,1к,10715
4547,1к,437421
4548,1к,36218
4549,1к,84669
4550,1к,10914
4551,1к,15900
4552,1к,13353
4553,1к,47130
4554,1к,15786
4555,1к,64030
4556,1к,3759
4557,1к,21445
4558,1к,32466
4559,1к,402352
4560,1к,28745
4561,1к,708
4562,1к,44485
4563,1к,25112
4564,1к,16914
4565,1к,13259
4566,1к,438376
4567,1к,14120
4568,1к,13552
4569,1к,1640
4570,1к,15388
4571,1к,10563
4572,1к,45280
4573,1к,184
4574,1к,60803
4575,1к,20463
4576,1к,15836
4577,1к,27737
4578,1к,728
4579,1к,30310
4580,1к,36248
4581,1к,5667
4582,1к,9753
4583,1к,622
4584,1к,52229
4585,1к,8991
4586,1к,8543
4587,1к,5560
4588,1к,217493
4589,1к,20458
4590,1к,3066
4591,1к,36381
4592,1к,10975
4593,1к,2753
4594,1к,36
4595,1к,85827
4596,1к,1248
4597,1к,1741
4598,1к,20785
4599,1к,9657
4600,1к,18781
4601,1к,26231
4602,1к,38999
4603,1к,62192
4604,1к,126
4605,1к,77584
4606,1к,143167
4607,1к,14621
4608,1к,21342
4609,1к,10914
4610,1к,1158
4611,1к,11348
4612,1к,33792
4613,1к,7320
4614,1к,22129
4615,1к,9515
4616,1к,10840
4617,1к,7401
4618,1к,49030
4619,1к,96686
4620,1к,166327
4621,1к,6690
4622,1к,46901
4623,1к,7756
4624,1к,341202
4625,1к,118465
4626,1к,290
4627,1к,105740
4628,1к,20777
4629,1к,99048
4630,1к,23298
4631,1к,3716
4632,1к,6028
4633,1к,8700
4634,1к,383741
4635,1к,12980
4636,1к,3674
4637,1к,7970
4638,1к,24311
4639,1к,25720
4640,1к,14440
4641,1к,119145
4642,1к,290
4643,1к,7756
4644,1к,23328
4645,1к,99010
4646,1к,77829
4647,1к,15994
4648,1к,440480
4649,1к,126
4650,1к,13164
4651,1к,10934
4652,1к,22705
4653,1к,1248
4654,1к,172
4655,1к,26065
4656,1к,14440
4657,1к,16066
4658,1к,50332
4659,1к,6821
4660,1к,9657
4661,1к,21881
4662,1к,728
4663,1к,16914
4664,1к,1940
4665,1к,5740
4666,1к,1640
4667,1к,27762
4668,1к,28952
4669,1к,728
4670,1к,6083
4671,1к,47483
4672,1к,9838
4673,1к,4064
4674,1к,10563
4675,1к,14678
4676,1к,6028
4677,1к,36721
4678,1к,8765
4679,1к,21892
4680,1к,47526
4681,1к,34243
4682,1к,39341
4683,1к,11057
4684,1к,9785
4685,1к,13323
4686,1к,144259
4687,1к,105697
4688,1к,9240
4689,1к,61181
4690,1к,25803
4691,1к,9388
4692,1к,984
4693,1к,20458
4694,1к,44773
4695,1к,20805
4696,1к,32883
4697,1к,406114
4698,1к,3508
4699,1к,2801
4700,1к,20463
4701,1к,219466
4702,1к,7401
4703,1к,36379
4704,1к,30507
4705,1к,1177
4706,1к,3865
4707,1к,7320
4708,1к,63162
4709,1к,15538
4710,1к,11023
4711,1к,87857
4712,1к,36
4713,1к,25061
4714,1к,45963
4715,1к,342953
4716,1к,18997
4717,1к,97048
4718,1к,4169
4719,1к,13744
4720,1к,64351
4721,1к,20777
4722,1к,384463
4723,1к,14554
4724,1к,11631
4725,1к,169068
4726,1к,26602
4727,1к,8065
4728,1к,52577
4729,1к,6371
4730,1к,21946
4731,1к,15670
4732,1к,30652
4733,1к,8921
4734,1к,107356
4735,1к,11704
4736,1к,1177
4737,1к,6299
4738,1к,170422
4739,1к,727
4740,1к,26817
4741,1к,3718
4742,1к,10934
4743,1к,14525
4744,1к,40074
4745,1к,98127
4746,1к,64283
4747,1к,441692
4748,1к,7756
4749,1к,50606
4750,1к,99194
4751,1к,145942
4752,1к,16066
4753,1к,5740
4754,1к,14145
4755,1к,28279
4756,1к,79210
4757,1к,20576
4758,1к,351217
4759,1к,20822
4760,1к,24554
4761,1к,8069
4762,1к,386916
4763,1к,22014
4764,1к,2010
4765,1к,47925
4766,1к,26085
4767,1к,2883
4768,1к,87677
4769,1к,10563
4770,1к,13325
4771,1к,1116
4772,1к,1066
4773,1к,223869
4774,1к,46124
4775,1к,4225
4776,1к,33333
4777,1к,25961
4778,1к,61321
4779,1к,9387
4780,1к,36
4781,1к,119670
4782,1к,11898
4783,1к,9950
4784,1к,25041
4785,1к,407532
4786,1к,16243
4787,1к,19269
4788,1к,3925
4789,1к,22751
4790,1к,34482
4791,1к,290
4792,1к,13534
4793,1к,1640
4794,1к,7497
4795,1к,14434
4796,1к,47882
4797,1к,16919
4798,1к,7425
4799,1к,11058
4800,1к,37731
4801,1к,29887
4802,1к,14728
4803,1к,46154
4804,1к,64921
4805,1к,20441
4806,1к,5980
4807,1к,53033
4808,1к,9562
4809,1к,126
4810,1к,36477
4811,1к,20913
4812,1к,9914
4813,1к,728
4814,1к,172
4815,1к,9657
4816,1к,6821
4817,1к,6088
4818,1к,16919
4819,1к,106764
4820,1к,1195
4821,1к,20635
4822,1к,8246
4823,1к,359040
4824,1к,40139
4825,1к,22206
4826,1к,34241
4827,1к,22787
4828,1к,10563
4829,1к,12208
4830,1к,14576
4831,1к,46516
4832,1к,22797
4833,1к,1083
4834,1к,1204
4835,1к,53385
4836,1к,22741
4837,1к,4420
4838,1к,62247
4839,1к,28415
4840,1к,9562
4841,1к,16205
4842,1к,9348
4843,1к,65142
4844,1к,20839
4845,1к,389348
4846,1к,11261
4847,1к,16166
4848,1к,26560
4849,1к,7909
4850,1к,6898
4851,1к,98835
4852,1к,290
4853,1к,65339
4854,1к,225192
4855,1к,27310
4856,1к,174148
4857,1к,13694
4858,1к,49055
4859,1к,727
4860,1к,3940
4861,1к,9657
4862,1к,14654
4863,1к,7730
4864,1к,6888
4865,1к,12216
4866,1к,35378
4867,1к,19441
4868,1к,36
4869,1к,48840
4870,1к,25027
4871,1к,149342
4872,1к,9570
4873,1к,411036
4874,1к,4225
4875,1к,126
4876,1к,25053
4877,1к,1274
4878,1к,79945
4879,1к,11017
4880,1к,14199
4881,1к,443644
4882,1к,7483
4883,1к,36790
4884,1к,88165
4885,1к,51219
4886,1к,26187
4887,1к,13325
4888,1к,9959
4889,1к,172
4890,1к,14723
4891,1к,20533
4892,1к,2094
4893,1к,2883
4894,1к,38594
4895,1к,5885
4896,1к,120879
4897,1к,16791
4898,1к,30040
4899,1к,1640
4900,1к,46612
4901,1к,10338
4902,1к,31009
4903,1к,99749
4904,1к,6482
4905,1к,20667
4906,1к,9582
4907,1к,727
4908,1к,2883
4909,1к,10563
4910,1к,16919
4911,1к,7508
4912,1к,47780
4913,1к,150901
4914,1к,108167
4915,1к,6152
4916,1к,9724
4917,1к,25119
4918,1к,16791
4919,1к,1204
4920,1к,13822
4921,1к,9562
4922,1к,20145
4923,1к,11336
4924,1к,5930
4925,1к,88156
4926,1к,6662
4927,1к,4225
4928,1к,35815
4929,1к,12215
4930,1к,1759
4931,1к,34427
4932,1к,12255
4933,1к,139
4934,1к,26737
4935,1к,14420
4936,1к,4872
4937,1к,16414
4938,1к,27979
4939,1к,49131
4940,1к,31617
4941,1к,14818
4942,1к,65550
4943,1к,37309
4944,1к,413739
4945,1к,40134
4946,1к,172
4947,1к,22995
4948,1к,49446
4949,1к,430
4950,1к,47722
4951,1к,30518
4952,1к,28104
4953,1к,16287
4954,1к,21352
4955,1к,11217
4956,1к,22230
4957,1к,21013
4958,1к,36
4959,1к,8162
4960,1к,22956
4961,1к,100566
4962,1к,53512
4963,1к,1376
4964,1к,63295
4965,1к,23066
4966,1к,99385
4967,1к,1195
4968,1к,13694
4969,1к,7230
4970,1к,445362
4971,1к,10005
4972,1к,358671
4973,1к,225343
4974,1к,7991
4975,1к,39037
4976,1к,9812
4977,1к,7924
4978,1к,51846
4979,1к,7825
4980,1к,80230
4981,1к,14791
4982,1к,16064
4983,1к,390360
4984,1к,122351
4985,1к,66127
4986,1к,25121
4987,1к,2196
4988,1к,26616
4989,1к,175291
4990,1к,10555
4991,1к,4099
4992,1к,1640
4993,1к,21043
4994,1к,53608
4995,1к,9854
4996,1к,36432
4997,1к,7893
4998,1к,1780
4999,1к,80474
5000,1к,139
5001,1к,416819
5002,1к,13894
5003,1к,13803
5004,1к,2038
5005,1к,7646
5006,1к,10245
5007,1к,16226
5008,1к,14520
5009,1к,48101
5010,1к,362755
5011,1к,28273
5012,1к,28028
5013,1к,8454
5014,1к,26919
5015,1к,10576
5016,1к,64054
5017,1к,39178
5018,1к,16915
5019,1к,9578
5020,1к,106
5021,1к,2834
5022,1к,10514
5023,1к,23209
5024,1к,31423
5025,1к,151960
5026,1к,25577
5027,1к,1376
5028,1к,109764
5029,1к,4225
5030,1к,7288
5031,1к,17186
5032,1к,6787
5033,1к,1195
5034,1к,395265
5035,1к,40130
5036,1к,6477
5037,1к,16919
5038,1к,22385
5039,1к,20936
5040,1к,10781
5041,1к,30518
5042,1к,1452
5043,1к,50160
5044,1к,3078
5045,1к,37293
5046,1к,10083
5047,1к,172
5048,1к,49971
5049,1к,26823
5050,1к,14971
5051,1к,447968
5052,1к,11550
5053,1к,8051
5054,1к,15158
5055,1к,101092
5056,1к,10974
5057,1к,226905
5058,1к,5306
5059,1к,26953
5060,1к,22247
5061,1к,11410
5062,1к,25506
5063,1к,12495
5064,1к,16520
5065,1к,12215
5066,1к,8169
5067,1к,101366
5068,1к,52992
5069,1к,65795
5070,1к,88488
5071,1к,124732
5072,1к,48373
5073,1к,23026
5074,1к,1008
5075,1к,4283
5076,1к,727
5077,1к,35162
5078,1к,452
5079,1к,21145
5080,1к,66763
5081,1к,179290
5082,1к,11503
5083,1к,28065
5084,1к,362591
5085,1к,727
5086,1к,10525
5087,1к,48217
5088,1к,23396
5089,1к,8051
5090,1к,30551
5091,1к,65794
5092,1к,41068
5093,1к,1008
5094,1к,16944
5095,1к,8243
5096,1к,31393
5097,1к,52991
5098,1к,16617
5099,1к,9988
5100,1к,81017
5101,1к,26953
5102,1к,13952
5103,1к,21044
5104,1к,102153
5105,1к,9579
5106,1к,12215
5107,1к,418110
5108,1к,400564
5109,1к,11655
5110,1к,452
5111,1к,14851
5112,1к,22438
5113,1к,28547
5114,1к,25320
5115,1к,10576
5116,1к,10781
5117,1к,1195
5118,1к,4363
5119,1к,50620
5120,1к,152715
5121,1к,53613
5122,1к,172
5123,1к,48841
5124,1к,106
5125,1к,35390
5126,1к,15645
5127,1к,8169
5128,1к,6877
5129,1к,449244
5130,1к,3006
5131,1к,50265
5132,1к,2125
5133,1к,125165
5134,1к,36634
5135,1к,68271
5136,1к,88645
5137,1к,101667
5138,1к,228310
5139,1к,1452
5140,1к,13941
5141,1к,16232
5142,1к,1376
5143,1к,25795
5144,1к,139
5145,1к,4225
5146,1к,7625
5147,1к,17257
5148,1к,6477
5149,1к,7354
5150,1к,22442
5151,1к,17949
5152,1к,28059
5153,1к,65030
5154,1к,37293
5155,1к,7504
5156,1к,10321
5157,1к,10974
5158,1к,14687
5159,1к,110054
5160,1к,26823
5161,1к,39332
5162,1к,1780
5163,1к,12511
5164,1к,10461
5165,1к,21166
5166,1к,21145
5167,1к,2842
5168,1к,23087
5169,1к,8669
5170,1к,181144
5171,1к,1195
5172,1к,54231
5173,1к,401611
5174,1к,31445
5175,1к,48920
5176,1к,182979
5177,1к,28915
5178,1к,22442
5179,1к,14866
5180,1к,36435
5181,1к,6477
5182,1к,9762
5183,1к,419733
5184,1к,367970
5185,1к,23858
5186,1к,11593
5187,1к,10461
5188,1к,38471
5189,1к,10974
5190,1к,1376
5191,1к,66014
5192,1к,68779
5193,1к,126882
5194,1к,36966
5195,1к,4279
5196,1к,18636
5197,1к,14096
5198,1к,7354
5199,1к,727
5200,1к,26479
5201,1к,1008
5202,1к,13996
5203,1к,139
5204,1к,16333
5205,1к,28126
5206,1к,39334
5207,1к,15695
5208,1к,234063
5209,1к,9674
5210,1к,4040
5211,1к,6877
5212,1к,21454
5213,1к,23814
5214,1к,41397
5215,1к,26823
5216,1к,21144
5217,1к,89121
5218,1к,12295
5219,1к,48329
5220,1к,21073
5221,1к,103098
5222,1к,101789
5223,1к,28142
5224,1к,8191
5225,1к,25599
5226,1к,10781
5227,1к,16862
5228,1к,10576
5229,1к,3006
5230,1к,451652
5231,1к,10695
5232,1к,2228
5233,1к,1780
5234,1к,50896
5235,1к,2842
5236,1к,12511
5237,1к,17317
5238,1к,50810
5239,1к,32291
5240,1к,10054
5241,1к,7770
5242,1к,65038
5243,1к,113691
5244,1к,14757
5245,1к,106
5246,1к,27754
5247,1к,10360
5248,1к,452
5249,1к,8228
5250,1к,53890
5251,1к,7851
5252,1к,16974
5253,1к,4363
5254,1к,81698
5255,1к,8315
5256,1к,154692
5257,1к,190
5258,1к,11709
5259,1к,22503
5260,1к,2842
5261,1к,156697
5262,1к,455132
5263,1к,27694
5264,1к,28247
5265,1к,70823
5266,1к,103517
5267,1к,1195
5268,1к,12711
5269,1к,16638
5270,1к,29275
5271,1к,4546
5272,1к,8331
5273,1к,8289
5274,1к,11428
5275,1к,28283
5276,1к,41694
5277,1к,31712
5278,1к,54013
5279,1к,37394
5280,1к,139
5281,1к,21346
5282,1к,9820
5283,1к,89272
5284,1к,11945
5285,1к,24645
5286,1к,10464
5287,1к,114990
5288,1к,1780
5289,1к,11423
5290,1к,48431
5291,1к,10576
5292,1к,23012
5293,1к,22656
5294,1к,2228
5295,1к,10352
5296,1к,14108
5297,1к,17437
5298,1к,65464
5299,1к,82099
5300,1к,16056
5301,1к,39327
5302,1к,7770
5303,1к,452
5304,1к,184027
5305,1к,10461
5306,1к,66112
5307,1к,727
5308,1к,39408
5309,1к,10781
5310,1к,22772
5311,1к,8162
5312,1к,20845
5313,1к,370374
5314,1к,26478
5315,1к,7605
5316,1к,3252
5317,1к,32571
5318,1к,49704
5319,1к,4845
5320,1к,24391
5321,1к,50631
5322,1к,10121
5323,1к,237843
5324,1к,103791
5325,1к,6543
5326,1к,190
5327,1к,36812
5328,1к,1376
5329,1к,11919
5330,1к,12509
5331,1к,28161
5332,1к,16840
5333,1к,128259
5334,1к,14448
5335,1к,19178
5336,1к,1008
5337,1к,8315
5338,1к,7509
5339,1к,15274
5340,1к,25722
5341,1к,421974
5342,1к,51165
5343,1к,404566
5344,1к,14826
5345,1к,54628
5346,1к,17115
5347,1к,4464
5348,1к,106
5349,1к,12746
5350,1к,10762
5351,1к,89605
5352,1к,4558
5353,1к,51631
5354,1к,17304
5355,1к,727
5356,1к,7538
5357,1к,19607
5358,1к,39777
5359,1к,39971
5360,1к,71302
5361,1к,7841
5362,1к,28745
5363,1к,54328
5364,1к,4961
5365,1к,239521
5366,1к,6824
5367,1к,37243
5368,1к,8295
5369,1к,452
5370,1к,26559
5371,1к,16638
5372,1к,106
5373,1к,21432
5374,1к,14213
5375,1к,371303
5376,1к,1823
5377,1к,26155
5378,1к,130430
5379,1к,22999
5380,1к,10452
5381,1к,455918
5382,1к,8162
5383,1к,10450
5384,1к,4546
5385,1к,406923
5386,1к,185837
5387,1к,15409
5388,1к,12009
5389,1к,27712
5390,1к,24587
5391,1к,42050
5392,1к,32123
5393,1к,23060
5394,1к,7785
5395,1к,139
5396,1к,14826
5397,1к,51527
5398,1к,14448
5399,1к,65832
5400,1к,8315
5401,1к,1195
5402,1к,104773
5403,1к,32855
5404,1к,10781
5405,1к,48957
5406,1к,16274
5407,1к,82399
5408,1к,3180
5409,1к,157003
5410,1к,24778
5411,1к,190
5412,1к,8592
5413,1к,3156
5414,1к,104208
5415,1к,28256
5416,1к,20934
5417,1к,17541
5418,1к,1008
5419,1к,17377
5420,1к,30304
5421,1к,23028
5422,1к,12060
5423,1к,37640
5424,1к,10870
5425,1к,13081
5426,1к,66507
5427,1к,12009
5428,1к,115983
5429,1к,422808
5430,1к,55080
5431,1к,1376
5432,1к,50971
5433,1к,10474
5434,1к,2842
5435,1к,11676
5436,1к,10042
5437,1к,28599
5438,1к,26849
5439,1к,52296
5440,1к,67170
5441,1к,82746
5442,1к,11878
5443,1к,6905
5444,1к,9231
5445,1к,4570
5446,1к,17047
5447,1к,4546
5448,1к,8500
5449,1к,16642
5450,1к,42047
5451,1к,6182
5452,1к,26328
5453,1к,8259
5454,1к,30848
5455,1к,32819
5456,1к,727
5457,1к,54912
5458,1к,66648
5459,1к,89604
5460,1к,1823
5461,1к,1195
5462,1к,15555
5463,1к,3264
5464,1к,28256
5465,1к,7801
5466,1к,28983
5467,1к,452
5468,1к,24587
5469,1к,105492
5470,1к,19970
5471,1к,37947
5472,1к,12295
5473,1к,116401
5474,1к,10553
5475,1к,157464
5476,1к,455970
5477,1к,12067
5478,1к,10956
5479,1к,51885
5480,1к,49105
5481,1к,14146
5482,1к,28782
5483,1к,139
5484,1к,8295
5485,1к,32185
5486,1к,3156
5487,1к,14667
5488,1к,407700
5489,1к,17696
5490,1к,25000
5491,1к,12099
5492,1к,131732
5493,1к,10791
5494,1к,20990
5495,1к,1376
5496,1к,8545
5497,1к,10895
5498,1к,10521
5499,1к,17325
5500,1к,104208
5501,1к,23236
5502,1к,13181
5503,1к,423669
5504,1к,72395
5505,1к,3038
5506,1к,106
5507,1к,27712
5508,1к,246604
5509,1к,7534
5510,1к,51961
5511,1к,38167
5512,1к,17428
5513,1к,40957
5514,1к,23430
5515,1к,23082
5516,1к,55080
5517,1к,12746
5518,1к,10587
5519,1к,1008
5520,1к,21432
5521,1к,371514
5522,1к,10762
5523,1к,14971
5524,1к,187106
5525,1к,40156
5526,1к,190
5527,1к,727
5528,1к,17814
5529,1к,55596
5530,1к,249865
5531,1к,1008
5532,1к,409678
5533,1к,21188
5534,1к,13194
5535,1к,4497
5536,1к,29695
5537,1к,24803
5538,1к,28539
5539,1к,26742
5540,1к,32322
5541,1к,67864
5542,1к,106
5543,1к,29179
5544,1к,425691
5545,1к,8545
5546,1к,7534
5547,1к,10762
5548,1к,131917
5549,1к,25064
5550,1к,11847
5551,1к,10604
5552,1к,456774
5553,1к,3156
5554,1к,55464
5555,1к,17330
5556,1к,1823
5557,1к,190475
5558,1к,8392
5559,1к,14751
5560,1к,52367
5561,1к,104589
5562,1к,15716
5563,1к,12295
5564,1к,17133
5565,1к,23504
5566,1к,12817
5567,1к,6455
5568,1к,41412
5569,1к,11928
5570,1к,8549
5571,1к,12184
5572,1к,8295
5573,1к,38989
5574,1к,10876
5575,1к,52912
5576,1к,23288
5577,1к,32401
5578,1к,116602
5579,1к,23748
5580,1к,17562
5581,1к,10979
5582,1к,26467
5583,1к,14971
5584,1к,90009
5585,1к,1450
5586,1к,38380
5587,1к,40807
5588,1к,72922
5589,1к,106122
5590,1к,49306
5591,1к,3129
5592,1к,19957
5593,1к,21578
5594,1к,453
5595,1к,10587
5596,1к,17642
5597,1к,1195
5598,1к,42404
5599,1к,31355
5600,1к,442
5601,1к,68340
5602,1к,7815
5603,1к,3264
5604,1к,374184
5605,1к,83528
5606,1к,9230
5607,1к,28462
5608,1к,4688
5609,1к,52953
5610,1к,156591
5611,1к,10879
5612,1к,6905
5613,1к,11182
5614,1к,14209
5615,1к,139
1,2к,19
2,2к,56
3,2к,103
4,2к,40
5,2к,40
6,2к,112
7,2к,24
8,2к,36
9,2к,129
10,2к,41
11,2к,32
12,2к,26
13,2к,96
14,2к,253
15,2к,162
16,2к,0
17,2к,135
18,2к,396
19,2к,108
20,2к,62
21,2к,373
22,2к,48
23,2к,187
24,2к,174
25,2к,48
26,2к,62
27,2к,152
28,2к,524
29,2к,106
30,2к,243
31,2к,193
32,2к,28
33,2к,627
34,2к,101
35,2к,87
36,2к,129
37,2к,447
38,2к,329
39,2к,311
40,2к,36
41,2к,0
42,2к,66
43,2к,1782
44,2к,54
45,2к,18
46,2к,55
47,2к,55
48,2к,385
49,2к,670
50,2к,351
51,2к,60
52,2к,1015
53,2к,61
54,2к,105
55,2к,100
56,2к,96
57,2к,45
58,2к,102
59,2к,142
60,2к,8
61,2к,8
62,2к,75
63,2к,18
64,2к,331
65,2к,131
66,2к,480
67,2к,124
68,2к,636
69,2к,398
70,2к,18
71,2к,138
72,2к,64
73,2к,73
74,2к,1341
75,2к,446
76,2к,30
77,2к,26
78,2к,86
79,2к,32
80,2к,108
81,2к,391
82,2к,34
83,2к,423
84,2к,242
85,2к,127
86,2к,40
87,2к,96
88,2к,143
89,2к,226
90,2к,0
91,2к,57
92,2к,0
93,2к,447
94,2к,275
95,2к,105
96,2к,152
97,2к,66
98,2к,122
99,2к,48
100,2к,139
101,2к,141
102,2к,232
103,2к,188
104,2к,141
105,2к,572
106,2к,125
107,2к,314
108,2к,106
109,2к,60
110,2к,36
111,2к,105
112,2к,86
113,2к,176
114,2к,149
115,2к,47
116,2к,618
117,2к,421
118,2к,237
119,2к,24
120,2к,62
121,2к,878
122,2к,771
123,2к,3564
124,2к,718
125,2к,370
126,2к,339
127,2к,697
128,2к,297
129,2к,41
130,2к,920
131,2к,1953
132,2к,152
133,2к,148
134,2к,141
135,2к,697
136,2к,683
137,2к,197
138,2к,26
139,2к,499
140,2к,105
141,2к,165
142,2к,237
143,2к,30
144,2к,108
145,2к,40
146,2к,62
147,2к,138
148,2к,675
149,2к,122
150,2к,4822
151,2к,152
152,2к,25
153,2к,592
154,2к,36
155,2к,950
156,2к,193
157,2к,41
158,2к,127
159,2к,148
160,2к,19
161,2к,66
162,2к,275
163,2к,183
164,2к,82
165,2к,73
166,2к,2950
167,2к,12
168,2к,284
169,2к,0
170,2к,106
171,2к,337
172,2к,188
173,2к,24
174,2к,355
175,2к,526
176,2к,208
177,2к,273
178,2к,48
179,2к,965
180,2к,771
181,2к,992
182,2к,872
183,2к,750
184,2к,254
185,2к,44
186,2к,60
187,2к,229
188,2к,804
189,2к,75
190,2к,125
191,2к,8
192,2к,273
193,2к,480
194,2к,187
195,2к,1790
196,2к,479
197,2к,1108
198,2к,263
199,2к,152
200,2к,51
201,2к,326
202,2к,152
203,2к,2006
204,2к,391
205,2к,311
206,2к,800
207,2к,331
208,2к,205
209,2к,112
210,2к,1100
211,2к,902
212,2к,388
213,2к,401
214,2к,510
215,2к,30
216,2к,2439
217,2к,862
218,2к,1058
219,2к,60
220,2к,283
221,2к,1409
222,2к,1244
223,2к,283
224,2к,141
225,2к,106
226,2к,82
227,2к,303
228,2к,148
229,2к,303
230,2к,161
231,2к,12
232,2к,66
233,2к,929
234,2к,171
235,2к,883
236,2к,2042
237,2к,332
238,2к,813
239,2к,2451
240,2к,172
241,2к,752
242,2к,108
243,2к,148
244,2к,972
245,2к,8
246,2к,430
247,2к,60
248,2к,532
249,2к,5731
250,2к,24
251,2к,302
252,2к,105
253,2к,369
254,2к,463
255,2к,739
256,2к,149
257,2к,60
258,2к,51
259,2к,54
260,2к,287
261,2к,216
262,2к,6800
263,2к,719
264,2к,1327
265,2к,321
266,2к,125
267,2к,229
268,2к,0
269,2к,152
270,2к,530
271,2к,479
272,2к,286
273,2к,115
274,2к,361
275,2к,1124
276,2к,72
277,2к,366
278,2к,364
279,2к,197
280,2к,1237
281,2к,19
282,2к,104
283,2к,425
284,2к,40
285,2к,48
286,2к,499
287,2к,60
288,2к,727
289,2к,104
290,2к,376
291,2к,673
292,2к,730
293,2к,1804
294,2к,19
295,2к,386
296,2к,302
297,2к,295
298,2к,140
299,2к,1324
300,2к,141
301,2к,172
302,2к,381
303,2к,606
304,2к,821
305,2к,48
306,2к,1181
307,2к,66
308,2к,60
309,2к,588
310,2к,40
311,2к,658
312,2к,6146
313,2к,2634
314,2к,161
315,2к,24
316,2к,986
317,2к,441
318,2к,347
319,2к,531
320,2к,1348
321,2к,883
322,2к,1059
323,2к,2341
324,2к,106
325,2к,1170
326,2к,355
327,2к,12
328,2к,1944
329,2к,389
330,2к,321
331,2к,430
332,2к,795
333,2к,0
334,2к,420
335,2к,148
336,2к,67
337,2к,499
338,2к,125
339,2к,395
340,2к,226
341,2к,590
342,2к,1879
343,2к,8
344,2к,152
345,2к,286
346,2к,2235
347,2к,60
348,2к,769
349,2к,9319
350,2к,1329
351,2к,1238
352,2к,2374
353,2к,41
354,2к,323
355,2к,1532
356,2к,440
357,2к,3417
358,2к,227
359,2к,207
360,2к,30
361,2к,182
362,2к,67
363,2к,498
364,2к,237
365,2к,356
366,2к,140
367,2к,2582
368,2к,336
369,2к,556
370,2к,3239
371,2к,850
372,2к,67
373,2к,302
374,2к,2416
375,2к,1575
376,2к,1595
377,2к,786
378,2к,55
379,2к,1962
380,2к,66
381,2к,735
382,2к,1384
383,2к,441
384,2к,141
385,2к,1216
386,2к,60
387,2к,0
388,2к,30
389,2к,972
390,2к,460
391,2к,1039
392,2к,355
393,2к,904
394,2к,337
395,2к,499
396,2к,207
397,2к,425
398,2к,60
399,2к,590
400,2к,1324
401,2к,9528
402,2к,710
403,2к,2031
404,2к,482
405,2к,249
406,2к,326
407,2к,377
408,2к,762
409,2к,286
410,2к,347
411,2к,1137
412,2к,19
413,2к,60
414,2к,32
415,2к,152
416,2к,12
417,2к,2863
418,2к,1332
419,2к,168
420,2к,480
421,2к,8
422,2к,772
423,2к,498
424,2к,871
425,2к,4286
426,2к,589
427,2к,6900
428,2к,48
429,2к,1170
430,2к,129
431,2к,172
432,2к,191
433,2к,381
434,2к,2086
435,2к,104
436,2к,187
437,2к,148
438,2к,727
439,2к,197
440,2к,40
441,2к,1895
442,2к,551
443,2к,1091
444,2к,679
445,2к,356
446,2к,302
447,2к,256
448,2к,100
449,2к,2264
450,2к,60
451,2к,30
452,2к,523
453,2к,12169
454,2к,326
455,2к,191
456,2к,567
457,2к,286
458,2к,1068
459,2к,60
460,2к,840
461,2к,2503
462,2к,589
463,2к,277
464,2к,392
465,2к,590
466,2к,879
467,2к,1292
468,2к,129
469,2к,4236
470,2к,55
471,2к,780
472,2к,419
473,2к,399
474,2к,1379
475,2к,904
476,2к,67
477,2к,446
478,2к,1442
479,2к,189
480,2к,574
481,2к,1384
482,2к,482
483,2к,0
484,2к,52
485,2к,498
486,2к,2134
487,2к,862
488,2к,818
489,2к,140
490,2к,1264
491,2к,168
492,2к,502
493,2к,19
494,2к,152
495,2к,782
496,2к,197
497,2к,337
498,2к,8
499,2к,172
500,2к,4491
501,2к,148
502,2к,710
503,2к,7019
504,2к,604
505,2к,375
506,2к,856
507,2к,1091
508,2к,167
509,2к,12
510,2к,66
511,2к,3089
512,2к,2867
513,2к,1805
514,2к,1356
515,2к,115
516,2к,250
517,2к,1595
518,2к,2374
519,2к,383
520,2к,2336
521,2к,197
522,2к,654
523,2к,177
524,2к,111
525,2к,969
526,2к,8402
527,2к,1156
528,2к,1635
529,2к,302
530,2к,1404
531,2к,392
532,2к,66
533,2к,533
534,2к,2357
535,2к,191
536,2к,1448
537,2к,1175
538,2к,1680
539,2к,597
540,2к,75
541,2к,3122
542,2к,775
543,2к,8
544,2к,849
545,2к,921
546,2к,277
547,2к,545
548,2к,55
549,2к,1087
550,2к,628
551,2к,879
552,2к,148
553,2к,159
554,2к,536
555,2к,97
556,2к,14094
557,2к,1429
558,2к,152
559,2к,189
560,2к,32
561,2к,358
562,2к,286
563,2к,843
564,2к,856
565,2к,871
566,2к,980
567,2к,358
568,2к,407
569,2к,172
570,2к,200
571,2к,191
572,2к,603
573,2к,621
574,2к,19
575,2к,401
576,2к,508
577,2к,115
578,2к,8533
579,2к,178
580,2к,100
581,2к,1442
582,2к,644
583,2к,5894
584,2к,1204
585,2к,3204
586,2к,595
587,2к,60
588,2к,197
589,2к,3058
590,2к,2842
591,2к,1562
592,2к,419
593,2к,2311
594,2к,2693
595,2к,3887
596,2к,419
597,2к,882
598,2к,1458
599,2к,12
600,2к,609
601,2к,718
602,2к,1981
603,2к,3872
604,2к,75
605,2к,216
606,2к,722
607,2к,191
608,2к,8
609,2к,32
610,2к,2604
611,2к,419
612,2к,968
613,2к,159
614,2к,148
615,2к,8744
616,2к,1664
617,2к,152
618,2к,721
619,2к,1534
620,2к,882
621,2к,430
622,2к,10025
623,2к,66
624,2к,655
625,2к,324
626,2к,3256
627,2к,269
628,2к,177
629,2к,127
630,2к,1576
631,2к,1056
632,2к,1172
633,2к,229
634,2к,1954
635,2к,3810
636,2к,163
637,2к,1034
638,2к,15468
639,2к,1520
640,2к,1794
641,2к,172
642,2к,1631
643,2к,239
644,2к,178
645,2к,619
646,2к,979
647,2к,432
648,2к,100
649,2к,189
650,2к,2523
651,2к,60
652,2к,19
653,2к,12
654,2к,4323
655,2к,593
656,2к,111
657,2к,672
658,2к,825
659,2к,407
660,2к,197
661,2к,401
662,2к,1740
663,2к,419
664,2к,420
665,2к,3710
666,2к,1175
667,2к,871
668,2к,1019
669,2к,7538
670,2к,590
671,2к,471
672,2к,687
673,2к,384
674,2к,1458
675,2к,1348
676,2к,931
677,2к,3639
678,2к,763
679,2к,128
680,2к,1305
681,2к,4599
682,2к,16151
683,2к,1793
684,2к,3948
685,2к,982
686,2к,518
687,2к,1121
688,2к,4146
689,2к,152
690,2к,191
691,2к,873
692,2к,181
693,2к,10655
694,2к,432
695,2к,2067
696,2к,197
697,2к,248
698,2к,419
699,2к,183
700,2к,4661
701,2к,401
702,2к,4119
703,2к,1290
704,2к,2658
705,2к,8
706,2к,3466
707,2к,871
708,2к,1561
709,2к,1495
710,2к,1348
711,2к,320
712,2к,657
713,2к,433
714,2к,718
715,2к,9215
716,2к,1880
717,2к,331
718,2к,2135
719,2к,303
720,2к,60
721,2к,216
722,2к,1116
723,2к,1859
724,2к,1934
725,2к,148
726,2к,543
727,2к,433
728,2к,1109
729,2к,810
730,2к,903
731,2к,863
732,2к,521
733,2к,2257
734,2к,189
735,2к,896
736,2к,10690
737,2к,1632
738,2к,324
739,2к,824
740,2к,407
741,2к,111
742,2к,225
743,2к,12
744,2к,127
745,2к,32
746,2к,675
747,2к,253
748,2к,557
749,2к,1184
750,2к,2079
751,2к,2708
752,2к,19
753,2к,194
754,2к,1205
755,2к,968
756,2к,758
757,2к,593
758,2к,994
759,2к,1953
760,2к,5238
761,2к,12504
762,2к,195
763,2к,417
764,2к,794
765,2к,1257
766,2к,8
767,2к,2247
768,2к,519
769,2к,811
770,2к,1690
771,2к,410
772,2к,211
773,2к,331
774,2к,2052
775,2к,1297
776,2к,10321
777,2к,1726
778,2к,19
779,2к,968
780,2к,17235
781,2к,2370
782,2к,539
783,2к,884
784,2к,3925
785,2к,5369
786,2к,432
787,2к,1348
788,2к,970
789,2к,111
790,2к,2509
791,2к,802
792,2к,4638
793,2к,871
794,2к,60
795,2к,982
796,2к,1554
797,2к,419
798,2к,1104
799,2к,183
800,2к,253
801,2к,607
802,2к,645
803,2к,2823
804,2к,2506
805,2к,1941
806,2к,3048
807,2к,341
808,2к,981
809,2к,433
810,2к,128
811,2к,472
812,2к,2535
813,2к,189
814,2к,148
815,2к,228
816,2к,836
817,2к,1895
818,2к,1440
819,2к,5375
820,2к,12
821,2к,557
822,2к,32
823,2к,1800
824,2к,339
825,2к,857
826,2к,548
827,2к,910
828,2к,291
829,2к,296
830,2к,1313
831,2к,557
832,2к,1244
833,2к,350
834,2к,12537
835,2к,4653
836,2к,371
837,2к,256
838,2к,822
839,2к,2279
840,2к,3076
841,2к,675
842,2к,3281
843,2к,2066
844,2к,877
845,2к,1041
846,2к,1131
847,2к,472
848,2к,1283
849,2к,128
850,2к,5571
851,2к,580
852,2к,1491
853,2к,8
854,2к,19
855,2к,5883
856,2к,1081
857,2к,111
858,2к,968
859,2к,1546
860,2к,331
861,2к,32
862,2к,419
863,2к,519
864,2к,6132
865,2к,4787
866,2к,207
867,2к,4823
868,2к,504
869,2к,12982
870,2к,189
871,2к,3390
872,2к,1195
873,2к,452
874,2к,3014
875,2к,10797
876,2к,3120
877,2к,645
878,2к,338
879,2к,1344
880,2к,343
881,2к,2168
882,2к,228
883,2к,2802
884,2к,1524
885,2к,253
886,2к,548
887,2к,60
888,2к,350
889,2к,2070
890,2к,970
891,2к,14461
892,2к,148
893,2к,982
894,2к,2086
895,2к,2223
896,2к,203
897,2к,1652
898,2к,898
899,2к,539
900,2к,863
901,2к,953
902,2к,18464
903,2к,910
904,2к,12
905,2к,794
906,2к,2020
907,2к,1054
908,2к,1665
909,2к,5682
910,2к,2290
911,2к,673
912,2к,401
913,2к,339
914,2к,516
915,2к,455
916,2к,1086
917,2к,1533
918,2к,3150
919,2к,1155
920,2к,2318
921,2к,327
922,2к,10013
923,2к,2563
924,2к,4727
925,2к,4500
926,2к,2695
927,2к,1189
928,2к,2338
929,2к,1449
930,2к,2844
931,2к,6404
932,2к,43916
933,2к,1942
934,2к,19
935,2к,6909
936,2к,51560
937,2к,1255
938,2к,253
939,2к,785
940,2к,716
941,2к,11160
942,2к,1175
943,2к,550
944,2к,2981
945,2к,12
946,2к,191
947,2к,1165
948,2к,5109
949,2к,2378
950,2к,1346
951,2к,4589
952,2к,5404
953,2к,1976
954,2к,36
955,2к,590
956,2к,875
957,2к,13579
958,2к,148
959,2к,642
960,2к,803
961,2к,474
962,2к,839
963,2к,7344
964,2к,4868
965,2к,7067
966,2к,8581
967,2к,2874
968,2к,2553
969,2к,252
970,2к,8723
971,2к,23782
972,2к,654
973,2к,2191
974,2к,1763
975,2к,256
976,2к,5074
977,2к,3699
978,2к,7691
979,2к,3750
980,2к,1179
981,2к,331
982,2к,1947
983,2к,1509
984,2к,1056
985,2к,566
986,2к,7110
987,2к,2849
988,2к,2591
989,2к,13654
990,2к,62292
991,2к,2271
992,2к,624
993,2к,12651
994,2к,664
995,2к,133
996,2к,2971
997,2к,2450
998,2к,635
999,2к,5718
1000,2к,25246
1001,2к,1698
1002,2к,3269
1003,2к,133
1004,2к,2123
1005,2к,1832
1006,2к,9500
1007,2к,331
1008,2к,2430
1009,2к,839
1010,2к,7571
1011,2к,253
1012,2к,4934
1013,2к,273
1014,2к,2579
1015,2к,7580
1016,2к,3239
1017,2к,2831
1018,2к,3064
1019,2к,2735
1020,2к,7317
1021,2к,4800
1022,2к,12633
1023,2к,5475
1024,2к,19
1025,2к,869
1026,2к,2489
1027,2к,508
1028,2к,14675
1029,2к,9607
1030,2к,4315
1031,2к,566
1032,2к,148
1033,2к,1898
1034,2к,757
1035,2к,716
1036,2к,649
1037,2к,7879
1038,2к,790
1039,2к,252
1040,2к,2674
1041,2к,14567
1042,2к,2034
1043,2к,653
1044,2к,3419
1045,2к,10972
1046,2к,1342
1047,2к,2032
1048,2к,36
1049,2к,664
1050,2к,1155
1051,2к,2986
1052,2к,5237
1053,2к,8314
1054,2к,53924
1055,2к,1285
1056,2к,1207
1057,2к,1356
1058,2к,1230
1059,2к,9081
1060,2к,3848
1061,2к,1191
1062,2к,2369
1063,2к,1671
1064,2к,1035
1065,2к,3247
1066,2к,47366
1067,2к,12
1068,2к,1309
1069,2к,6111
1070,2к,68870
1071,2к,1212
1072,2к,347
1073,2к,191
1074,2к,2969
1075,2к,14080
1076,2к,989
1077,2к,5561
1078,2к,3398
1079,2к,1343
1080,2к,11093
1081,2к,3346
1082,2к,2077
1083,2к,2588
1084,2к,9670
1085,2к,2577
1086,2к,1358
1087,2к,3265
1088,2к,566
1089,2к,1230
1090,2к,1356
1091,2к,508
1092,2к,263
1093,2к,74692
1094,2к,2735
1095,2к,3152
1096,2к,830
1097,2к,3653
1098,2к,148
1099,2к,1070
1100,2к,2774
1101,2к,8856
1102,2к,805
1103,2к,273
1104,2к,36
1105,2к,1244
1106,2к,757
1107,2к,221
1108,2к,14702
1109,2к,829
1110,2к,15664
1111,2к,3124
1112,2к,2598
1113,2к,839
1114,2к,48932
1115,2к,2417
1116,2к,133
1117,2к,3159
1118,2к,19
1119,2к,16471
1120,2к,635
1121,2к,8021
1122,2к,10533
1123,2к,5571
1124,2к,1191
1125,2к,2658
1126,2к,2369
1127,2к,9177
1128,2к,706
1129,2к,12
1130,2к,1221
1131,2к,56798
1132,2к,1968
1133,2к,13172
1134,2к,4829
1135,2к,2178
1136,2к,1045
1137,2к,4198
1138,2к,1439
1139,2к,256
1140,2к,5066
1141,2к,8784
1142,2к,331
1143,2к,1255
1144,2к,4355
1145,2к,1864
1146,2к,6330
1147,2к,6480
1148,2к,836
1149,2к,391
1150,2к,1216
1151,2к,27960
1152,2к,8587
1153,2к,5855
1154,2к,3584
1155,2к,1671
1156,2к,7947
1157,2к,1731
1158,2к,5611
1159,2к,1870
1160,2к,1415
1161,2к,1354
1162,2к,8386
1163,2к,4255
1164,2к,36
1165,2к,566
1166,2к,64010
1167,2к,3166
1168,2к,3444
1169,2к,6146
1170,2к,369
1171,2к,1149
1172,2к,3348
1173,2к,1142
1174,2к,1671
1175,2к,2216
1176,2к,273
1177,2к,8921
1178,2к,30100
1179,2к,839
1180,2к,2302
1181,2к,5252
1182,2к,2208
1183,2к,8932
1184,2к,77505
1185,2к,4819
1186,2к,9427
1187,2к,513
1188,2к,6044
1189,2к,13502
1190,2к,1045
1191,2к,1444
1192,2к,11166
1193,2к,1287
1194,2к,148
1195,2к,819
1196,2к,1309
1197,2к,2993
1198,2к,2685
1199,2к,1536
1200,2к,1100
1201,2к,12
1202,2к,2971
1203,2к,1254
1204,2к,10062
1205,2к,4460
1206,2к,5634
1207,2к,15893
1208,2к,805
1209,2к,3178
1210,2к,1765
1211,2к,3430
1212,2к,6802
1213,2к,830
1214,2к,12191
1215,2к,8978
1216,2к,17782
1217,2к,1800
1218,2к,2774
1219,2к,2693
1220,2к,331
1221,2к,6715
1222,2к,9534
1223,2к,2129
1224,2к,3506
1225,2к,2618
1226,2к,835
1227,2к,5430
1228,2к,1356
1229,2к,1312
1230,2к,256
1231,2к,19
1232,2к,16854
1233,2к,261
1234,2к,4609
1235,2к,51874
1236,2к,2839
1237,2к,4749
1238,2к,549
1239,2к,133
1240,2к,261
1241,2к,256
1242,2к,3622
1243,2к,2977
1244,2к,1598
1245,2к,3612
1246,2к,589
1247,2к,1511
1248,2к,12913
1249,2к,1948
1250,2к,157
1251,2к,4829
1252,2к,19
1253,2к,3045
1254,2к,1502
1255,2к,10429
1256,2к,5881
1257,2к,3621
1258,2к,5019
1259,2к,2379
1260,2к,566
1261,2к,79165
1262,2к,1090
1263,2к,1584
1264,2к,415
1265,2к,69117
1266,2к,4942
1267,2к,406
1268,2к,1798
1269,2к,2813
1270,2к,3390
1271,2к,3527
1272,2к,148
1273,2к,844
1274,2к,17356
1275,2к,1175
1276,2к,1931
1277,2к,32178
1278,2к,6539
1279,2к,513
1280,2к,3520
1281,2к,6112
1282,2к,2302
1283,2к,884
1284,2к,1823
1285,2к,11758
1286,2к,819
1287,2к,1333
1288,2к,2774
1289,2к,1500
1290,2к,4511
1291,2к,4836
1292,2к,2230
1293,2к,904
1294,2к,10031
1295,2к,36
1296,2к,949
1297,2к,52582
1298,2к,5628
1299,2к,1254
1300,2к,18284
1301,2к,5407
1302,2к,1254
1303,2к,1100
1304,2к,6932
1305,2к,1356
1306,2к,16758
1307,2к,331
1308,2к,3002
1309,2к,11277
1310,2к,8943
1311,2к,1354
1312,2к,10633
1313,2к,2728
1314,2к,9620
1315,2к,6802
1316,2к,2861
1317,2к,2226
1318,2к,12
1319,2к,14690
1320,2к,9116
1321,2к,589
1322,2к,6932
1323,2к,844
1324,2к,12154
1325,2к,421
1326,2к,1326
1327,2к,3149
1328,2к,2332
1329,2к,70871
1330,2к,1616
1331,2к,5028
1332,2к,10479
1333,2к,3163
1334,2к,2509
1335,2к,429
1336,2к,9647
1337,2к,2977
1338,2к,19
1339,2к,3406
1340,2к,3974
1341,2к,1272
1342,2к,513
1343,2к,5628
1344,2к,3863
1345,2к,10157
1346,2к,2798
1347,2к,3040
1348,2к,1502
1349,2к,2320
1350,2к,4587
1351,2к,913
1352,2к,9555
1353,2к,157
1354,2к,18502
1355,2к,11154
1356,2к,2915
1357,2к,256
1358,2к,6104
1359,2к,148
1360,2к,3796
1361,2к,1116
1362,2к,13355
1363,2к,5237
1364,2к,54515
1365,2к,1823
1366,2к,4982
1367,2к,1272
1368,2к,261
1369,2к,7423
1370,2к,3625
1371,2к,15909
1372,2к,1955
1373,2к,36
1374,2к,652
1375,2к,949
1376,2к,1584
1377,2к,6713
1378,2к,12
1379,2к,566
1380,2к,1553
1381,2к,1598
1382,2к,11446
1383,2к,1403
1384,2к,5411
1385,2к,1146
1386,2к,11159
1387,2к,904
1388,2к,1798
1389,2к,19232
1390,2к,819
1391,2к,80353
1392,2к,2855
1393,2к,2797
1394,2к,6067
1395,2к,1714
1396,2к,1376
1397,2к,16915
1398,2к,6290
1399,2к,3527
1400,2к,33598
1401,2к,2003
1402,2к,256
1403,2к,3181
1404,2к,2855
1405,2к,54515
1406,2к,566
1407,2к,2003
1408,2к,75012
1409,2к,3863
1410,2к,16784
1411,2к,12394
1412,2к,148
1413,2к,14183
1414,2к,6713
1415,2к,4070
1416,2к,2892
1417,2к,1326
1418,2к,19498
1419,2к,3934
1420,2к,6356
1421,2к,1624
1422,2к,1636
1423,2к,3019
1424,2к,4718
1425,2к,19
1426,2к,429
1427,2к,5502
1428,2к,1376
1429,2к,2966
1430,2к,575
1431,2к,1293
1432,2к,1598
1433,2к,9647
1434,2к,84412
1435,2к,5750
1436,2к,2961
1437,2к,1823
1438,2к,4982
1439,2к,1146
1440,2к,3709
1441,2к,11242
1442,2к,19017
1443,2к,2332
1444,2к,1415
1445,2к,5028
1446,2к,421
1447,2к,843
1448,2к,1744
1449,2к,6104
1450,2к,17357
1451,2к,844
1452,2к,10296
1453,2к,3225
1454,2к,671
1455,2к,34118
1456,2к,11704
1457,2к,2320
1458,2к,7423
1459,2к,1955
1460,2к,3843
1461,2к,949
1462,2к,11629
1463,2к,12
1464,2к,261
1465,2к,5237
1466,2к,36
1467,2к,2224
1468,2к,2509
1469,2к,1518
1470,2к,6932
1471,2к,589
1472,2к,3473
1473,2к,1304
1474,2к,10479
1475,2к,157
1476,2к,6067
1477,2к,1584
1478,2к,3065
1479,2к,1116
1480,2к,913
1481,2к,904
1482,2к,9555
1483,2к,5750
1484,2к,36
1485,2к,1536
1486,2к,3065
1487,2к,1116
1488,2к,1293
1489,2к,3931
1490,2к,6932
1491,2к,2916
1492,2к,843
1493,2к,1598
1494,2к,1614
1495,2к,1823
1496,2к,75162
1497,2к,4982
1498,2к,3843
1499,2к,913
1500,2к,687
1501,2к,2966
1502,2к,148
1503,2к,19077
1504,2к,54660
1505,2к,19498
1506,2к,11629
1507,2к,6356
1508,2к,10479
1509,2к,261
1510,2к,256
1511,2к,1636
1512,2к,495
1513,2к,5028
1514,2к,844
1515,2к,3308
1516,2к,2332
1517,2к,9555
1518,2к,34407
1519,2к,2320
1520,2к,421
1521,2к,1415
1522,2к,1326
1523,2к,14243
1524,2к,4070
1525,2к,904
1526,2к,4718
1527,2к,2509
1528,2к,5429
1529,2к,84702
1530,2к,566
1531,2к,17173
1532,2к,589
1533,2к,2865
1534,2к,3709
1535,2к,11715
1536,2к,6067
1537,2к,2229
1538,2к,575
1539,2к,11242
1540,2к,2961
1541,2к,10373
1542,2к,6329
1543,2к,949
1544,2к,12
1545,2к,1376
1546,2к,19
1547,2к,3290
1548,2к,1744
1549,2к,9659
1550,2к,12556
1551,2к,6718
1552,2к,3934
1553,2к,8103
1554,2к,5502
1555,2к,3019
1556,2к,1955
1557,2к,1659
1558,2к,3638
1559,2к,17516
1560,2к,1402
1561,2к,157
1562,2к,1146
1563,2к,2003
1564,2к,13354
1565,2к,4957
1566,2к,4301
1567,2к,1208
1568,2к,36
1569,2к,58158
1570,2к,1083
1571,2к,649
1572,2к,2534
1573,2к,1649
1574,2к,3372
1575,2к,11461
1576,2к,1302
1577,2к,20943
1578,2к,93260
1579,2к,5375
1580,2к,19
1581,2к,7799
1582,2к,687
1583,2к,461
1584,2к,148
1585,2к,1230
1586,2к,1712
1587,2к,1224
1588,2к,12
1589,2к,7743
1590,2к,5198
1591,2к,6895
1592,2к,3773
1593,2к,11683
1594,2к,19676
1595,2к,4055
1596,2к,83778
1597,2к,1007
1598,2к,22516
1599,2к,2565
1600,2к,37068
1601,2к,3125
1602,2к,1307
1603,2к,1430
1604,2к,10827
1605,2к,5607
1606,2к,6959
1607,2к,260
1608,2к,13247
1609,2к,4255
1610,2к,1628
1611,2к,4233
1612,2к,2414
1613,2к,2713
1614,2к,3064
1615,2к,3129
1616,2к,157
1617,2к,1699
1618,2к,12856
1619,2к,1796
1620,2к,2867
1621,2к,1706
1622,2к,4110
1623,2к,3717
1624,2к,1994
1625,2к,2721
1626,2к,6250
1627,2к,7027
1628,2к,2019
1629,2к,294
1630,2к,4105
1631,2к,3458
1632,2к,5995
1633,2к,566
1634,2к,1921
1635,2к,10359
1636,2к,537
1637,2к,13045
1638,2к,4469
1639,2к,18133
1640,2к,9071
1641,2к,15551
1642,2к,1101
1643,2к,1678
1644,2к,1539
1645,2к,1875
1646,2к,7412
1647,2к,260
1648,2к,13471
1649,2к,3811
1650,2к,4403
1651,2к,4323
1652,2к,1921
1653,2к,2796
1654,2к,1101
1655,2к,5526
1656,2к,4106
1657,2к,1770
1658,2к,90762
1659,2к,9361
1660,2к,2552
1661,2к,1994
1662,2к,2767
1663,2к,19
1664,2к,11538
1665,2к,59518
1666,2к,37554
1667,2к,1115
1668,2к,7151
1669,2к,5872
1670,2к,1804
1671,2к,2721
1672,2к,12104
1673,2к,4312
1674,2к,1333
1675,2к,2867
1676,2к,13331
1677,2к,666
1678,2к,1357
1679,2к,8052
1680,2к,1321
1681,2к,1539
1682,2к,11409
1683,2к,3675
1684,2к,18638
1685,2к,15763
1686,2к,3064
1687,2к,2807
1688,2к,148
1689,2к,1411
1690,2к,4934
1691,2к,20774
1692,2к,36
1693,2к,6041
1694,2к,4340
1695,2к,3512
1696,2к,14628
1697,2к,294
1698,2к,1628
1699,2к,10502
1700,2к,1699
1701,2к,3419
1702,2к,5198
1703,2к,22981
1704,2к,94839
1705,2к,980
1706,2к,1230
1707,2к,4397
1708,2к,13566
1709,2к,4212
1710,2к,22105
1711,2к,649
1712,2к,6250
1713,2к,513
1714,2к,7946
1715,2к,1907
1716,2к,1430
1717,2к,157
1718,2к,2059
1719,2к,1678
1720,2к,7392
1721,2к,1160
1722,2к,12
1723,2к,5182
1724,2к,3367
1725,2к,719
1726,2к,692
1727,2к,3156
1728,2к,20999
1729,2к,2060
1730,2к,14560
1731,2к,1678
1732,2к,148
1733,2к,4507
1734,2к,23777
1735,2к,4437
1736,2к,2120
1737,2к,1848
1738,2к,4506
1739,2к,260
1740,2к,980
1741,2к,39399
1742,2к,4471
1743,2к,2920
1744,2к,4362
1745,2к,22992
1746,2к,93372
1747,2к,11474
1748,2к,14395
1749,2к,1382
1750,2к,5454
1751,2к,14837
1752,2к,62067
1753,2к,4530
1754,2к,157
1755,2к,4474
1756,2к,12694
1757,2к,5787
1758,2к,2863
1759,2к,7742
1760,2к,19493
1761,2к,99249
1762,2к,28
1763,2к,1920
1764,2к,1918
1765,2к,1923
1766,2к,7663
1767,2к,3743
1768,2к,3181
1769,2к,1921
1770,2к,12612
1771,2к,36
1772,2к,2765
1773,2к,7590
1774,2к,3578
1775,2к,1246
1776,2к,16607
1777,2к,3675
1778,2к,1250
1779,2к,2957
1780,2к,4211
1781,2к,4429
1782,2к,5092
1783,2к,1333
1784,2к,2281
1785,2к,5362
1786,2к,719
1787,2к,5969
1788,2к,7994
1789,2к,13618
1790,2к,1529
1791,2к,6334
1792,2к,9723
1793,2к,318
1794,2к,8517
1795,2к,737
1796,2к,2754
1797,2к,1101
1798,2к,1692
1799,2к,10735
1800,2к,1788
1801,2к,513
1802,2к,1429
1803,2к,6417
1804,2к,1442
1805,2к,1539
1806,2к,12
1807,2к,20729
1808,2к,14868
1809,2к,13315
1810,2к,11594
1811,2к,2373
1812,2к,2056
1813,2к,16346
1814,2к,645
1815,2к,41684
1816,2к,15474
1817,2к,3449
1818,2к,101566
1819,2к,2993
1820,2к,1523
1821,2к,4067
1822,2к,737
1823,2к,9116
1824,2к,3984
1825,2к,5273
1826,2к,1101
1827,2к,1726
1828,2к,6297
1829,2к,157
1830,2к,4758
1831,2к,3105
1832,2к,63579
1833,2к,4923
1834,2к,12
1835,2к,4741
1836,2к,4539
1837,2к,6540
1838,2к,1848
1839,2к,2843
1840,2к,6644
1841,2к,1250
1842,2к,1908
1843,2к,16795
1844,2к,25366
1845,2к,2775
1846,2к,2095
1847,2к,1920
1848,2к,2181
1849,2к,2944
1850,2к,2110
1851,2к,260
1852,2к,11517
1853,2к,14911
1854,2к,28
1855,2к,7964
1856,2к,5872
1857,2к,36
1858,2к,148
1859,2к,1333
1860,2к,980
1861,2к,8301
1862,2к,5233
1863,2к,98970
1864,2к,9738
1865,2к,5790
1866,2к,5227
1867,2к,9
1868,2к,24250
1869,2к,21813
1870,2к,795
1871,2к,1331
1872,2к,1567
1873,2к,3880
1874,2к,4661
1875,2к,5682
1876,2к,318
1877,2к,8177
1878,2к,719
1879,2к,1624
1880,2к,1968
1881,2к,1921
1882,2к,2026
1883,2к,13358
1884,2к,3292
1885,2к,1382
1886,2к,102
1887,2к,4507
1888,2к,7830
1889,2к,4619
1890,2к,3418
1891,2к,2462
1892,2к,1367
1893,2к,4368
1894,2к,5107
1895,2к,12877
1896,2к,4745
1897,2к,4458
1898,2к,19028
1899,2к,13060
1900,2к,4047
1901,2к,2210
1902,2к,2861
1903,2к,5093
1904,2к,719
1905,2к,6582
1906,2к,16515
1907,2к,107093
1908,2к,9059
1909,2к,5362
1910,2к,1779
1911,2к,10312
1912,2к,1928
1913,2к,1612
1914,2к,68694
1915,2к,6700
1916,2к,107229
1917,2к,6297
1918,2к,3659
1919,2к,1621
1920,2к,358
1921,2к,12
1922,2к,5057
1923,2к,3635
1924,2к,7573
1925,2к,6657
1926,2к,16870
1927,2к,8571
1928,2к,22178
1929,2к,9913
1930,2к,6539
1931,2к,285
1932,2к,2529
1933,2к,3192
1934,2к,2042
1935,2к,25931
1936,2к,2296
1937,2к,6710
1938,2к,8863
1939,2к,14779
1940,2к,45070
1941,2к,1920
1942,2к,1360
1943,2к,9647
1944,2к,1050
1945,2к,3210
1946,2к,1571
1947,2к,5621
1948,2к,148
1949,2к,26959
1950,2к,2424
1951,2к,1105
1952,2к,2133
1953,2к,2483
1954,2к,28
1955,2к,26181
1956,2к,2880
1957,2к,9
1958,2к,16905
1959,2к,1690
1960,2к,1377
1961,2к,1658
1962,2к,36
1963,2к,5699
1964,2к,14411
1965,2к,17950
1966,2к,300
1967,2к,260
1968,2к,2055
1969,2к,2269
1970,2к,5665
1971,2к,3300
1972,2к,7155
1973,2к,11713
1974,2к,13507
1975,2к,24982
1976,2к,13057
1977,2к,9284
1978,2к,338
1979,2к,6078
1980,2к,3223
1981,2к,5556
1982,2к,2313
1983,2к,14503
1984,2к,177256
1985,2к,2131
1986,2к,6842
1987,2к,14707
1988,2к,12675
1989,2к,3161
1990,2к,3329
1991,2к,9662
1992,2к,8013
1993,2к,2481
1994,2к,27
1995,2к,27055
1996,2к,3084
1997,2к,3575
1998,2к,4277
1999,2к,3668
2000,2к,40051
2001,2к,11507
2002,2к,21979
2003,2к,5112
2004,2к,43155
2005,2к,7054
2006,2к,115424
2007,2к,8609
2008,2к,5588
2009,2к,16
2010,2к,5796
2011,2к,2523
2012,2к,397
2013,2к,17188
2014,2к,35941
2015,2к,17095
2016,2к,36032
2017,2к,7584
2018,2к,49712
2019,2к,28163
2020,2к,156
2021,2к,46063
2022,2к,1356
2023,2к,4018
2024,2к,9
2025,2к,112383
2026,2к,3317
2027,2к,8231
2028,2к,221990
2029,2к,24047
2030,2к,28
2031,2к,3343
2032,2к,4293
2033,2к,19013
2034,2к,13070
2035,2к,6947
2036,2к,4199
2037,2к,16562
2038,2к,8659
2039,2к,9834
2040,2к,38210
2041,2к,9920
2042,2к,607
2043,2к,7486
2044,2к,4577
2045,2к,3898
2046,2к,148
2047,2к,2431
2048,2к,4401
2049,2к,2192
2050,2к,24885
2051,2к,13233
2052,2к,2714
2053,2к,2204
2054,2к,4118
2055,2к,9433
2056,2к,439
2057,2к,113126
2058,2к,13450
2059,2к,28
2060,2к,16
2061,2к,8696
2062,2к,6081
2063,2к,22053
2064,2к,12813
2065,2к,13522
2066,2к,25444
2067,2к,4184
2068,2к,3084
2069,2к,13486
2070,2к,9541
2071,2к,4657
2072,2к,2192
2073,2к,10002
2074,2к,25
2075,2к,5319
2076,2к,4321
2077,2к,13553
2078,2к,9970
2079,2к,17452
2080,2к,47601
2081,2к,11915
2082,2к,27641
2083,2к,39232
2084,2к,7170
2085,2к,9308
2086,2к,24246
2087,2к,19174
2088,2к,8236
2089,2к,2833
2090,2к,116045
2091,2к,7429
2092,2к,3898
2093,2к,3431
2094,2к,11859
2095,2к,14503
2096,2к,4199
2097,2к,2204
2098,2к,43296
2099,2к,5588
2100,2к,5823
2101,2к,7585
2102,2к,50250
2103,2к,3710
2104,2к,489
2105,2к,3247
2106,2к,36255
2107,2к,9864
2108,2к,8675
2109,2к,40509
2110,2к,156
2111,2к,3343
2112,2к,2188
2113,2к,148
2114,2к,3318
2115,2к,338
2116,2к,607
2117,2к,27
2118,2к,2429
2119,2к,3750
2120,2к,1356
2121,2к,16855
2122,2к,4401
2123,2к,24924
2124,2к,6924
2125,2к,4432
2126,2к,8013
2127,2к,28264
2128,2к,2431
2129,2к,180246
2130,2к,2515
2131,2к,222927
2132,2к,4137
2133,2к,5773
2134,2к,15008
2135,2к,7717
2136,2к,36341
2137,2к,519
2138,2к,17349
2139,2к,3223
2140,2к,2638
2141,2к,113439
2142,2к,19515
2143,2к,4239
2144,2к,2260
2145,2к,12054
2146,2к,10095
2147,2к,4229
2148,2к,8883
2149,2к,43821
2150,2к,12171
2151,2к,3929
2152,2к,6002
2153,2к,48164
2154,2к,4390
2155,2к,13916
2156,2к,3760
2157,2к,7935
2158,2к,2641
2159,2к,8085
2160,2к,2907
2161,2к,13912
2162,2к,4291
2163,2к,10091
2164,2к,24937
2165,2к,36990
2166,2к,3335
2167,2к,41127
2168,2к,520
2169,2к,16
2170,2к,2515
2171,2к,8639
2172,2к,2431
2173,2к,22057
2174,2к,26177
2175,2к,7880
2176,2к,25343
2177,2к,489
2178,2к,37555
2179,2к,27942
2180,2к,1356
2181,2к,15906
2182,2к,338
2183,2к,78
2184,2к,2204
2185,2к,14521
2186,2к,12813
2187,2к,156
2188,2к,7289
2189,2к,25
2190,2к,13929
2191,2к,4257
2192,2к,3482
2193,2к,3372
2194,2к,148
2195,2к,28528
2196,2к,17092
2197,2к,7357
2198,2к,51802
2199,2к,4463
2200,2к,6228
2201,2к,17743
2202,2к,4763
2203,2к,3295
2204,2к,2246
2205,2к,5672
2206,2к,5498
2207,2к,9494
2208,2к,27
2209,2к,3898
2210,2к,224953
2211,2к,10138
2212,2к,7806
2213,2к,2668
2214,2к,607
2215,2к,116352
2216,2к,41539
2217,2к,6227
2218,2к,3375
2219,2к,181842
2220,2к,9078
2221,2к,18021
2222,2к,3175
2223,2к,13727
2224,2к,9605
2225,2к,28954
2226,2к,489
2227,2к,13677
2228,2к,16791
2229,2к,42171
2230,2к,156
2231,2к,2516
2232,2к,44098
2233,2к,114230
2234,2к,148
2235,2к,9640
2236,2к,1708
2237,2к,3323
2238,2к,22789
2239,2к,27
2240,2к,2586
2241,2к,9133
2242,2к,18225
2243,2к,4440
2244,2к,7212
2245,2к,7806
2246,2к,6542
2247,2к,14520
2248,2к,4311
2249,2к,2515
2250,2к,8010
2251,2к,19798
2252,2к,8336
2253,2к,37357
2254,2к,9311
2255,2к,3537
2256,2к,10440
2257,2к,3385
2258,2к,3269
2259,2к,7564
2260,2к,4540
2261,2к,10188
2262,2к,25650
2263,2к,12118
2264,2к,12165
2265,2к,9012
2266,2к,27579
2267,2к,4467
2268,2к,41662
2269,2к,5684
2270,2к,4253
2271,2к,25
2272,2к,2318
2273,2к,4463
2274,2к,53080
2275,2к,185896
2276,2к,117999
2277,2к,2845
2278,2к,14282
2279,2к,14090
2280,2к,520
2281,2к,3898
2282,2к,49456
2283,2к,18442
2284,2к,3366
2285,2к,4830
2286,2к,2925
2287,2к,9680
2288,2к,17109
2289,2к,3835
2290,2к,3561
2291,2к,607
2292,2к,26597
2293,2к,8018
2294,2к,38611
2295,2к,2204
2296,2к,4004
2297,2к,229294
2298,2к,9784
2299,2к,5778
2300,2к,27116
2301,2к,338
2302,2к,12775
2303,2к,6108
2304,2к,14289
2305,2к,6244
2306,2к,78
2307,2к,16
2308,2к,3578
2309,2к,3588
2310,2к,14457
2311,2к,631
2312,2к,18576
2313,2к,3384
2314,2к,26045
2315,2к,7898
2316,2к,9421
2317,2к,78
2318,2к,3724
2319,2к,29136
2320,2к,12299
2321,2к,4504
2322,2к,7942
2323,2к,27278
2324,2к,621
2325,2к,1862
2326,2к,9918
2327,2к,2648
2328,2к,231196
2329,2к,118272
2330,2к,4467
2331,2к,3383
2332,2к,9804
2333,2к,9358
2334,2к,13830
2335,2к,3934
2336,2к,4463
2337,2к,2249
2338,2к,14747
2339,2к,114057
2340,2к,9802
2341,2к,526
2342,2к,12989
2343,2к,7584
2344,2к,19813
2345,2к,40763
2346,2к,4540
2347,2к,3823
2348,2к,53746
2349,2к,3578
2350,2к,25
2351,2к,9241
2352,2к,16
2353,2к,5910
2354,2к,45022
2355,2к,23819
2356,2к,6288
2357,2к,18486
2358,2к,39740
2359,2к,43249
2360,2к,6331
2361,2к,188041
2362,2к,2925
2363,2к,2585
2364,2к,4872
2365,2к,3898
2366,2к,14923
2367,2к,30559
2368,2к,38479
2369,2к,49520
2370,2к,6627
2371,2к,8411
2372,2к,7791
2373,2к,17037
2374,2к,2651
2375,2к,3660
2376,2к,14398
2377,2к,4253
2378,2к,5896
2379,2к,12195
2380,2к,148
2381,2к,27
2382,2к,520
2383,2к,4278
2384,2к,2388
2385,2к,3323
2386,2к,27780
2387,2к,156
2388,2к,8130
2389,2к,10623
2390,2к,10484
2391,2к,2904
2392,2к,17137
2393,2к,40583
2394,2к,4595
2395,2к,15168
2396,2к,2628
2397,2к,400
2398,2к,15
2399,2к,517
2400,2к,488
2401,2к,7975
2402,2к,8007
2403,2к,40348
2404,2к,4524
2405,2к,119115
2406,2к,4372
2407,2к,7876
2408,2к,30902
2409,2к,233522
2410,2к,12595
2411,2к,3461
2412,2к,4661
2413,2к,6176
2414,2к,27999
2415,2к,3672
2416,2к,9463
2417,2к,46128
2418,2к,148
2419,2к,10694
2420,2к,2411
2421,2к,50561
2422,2к,28154
2423,2к,6903
2424,2к,4481
2425,2к,26726
2426,2к,3173
2427,2к,29817
2428,2к,27
2429,2к,17252
2430,2к,9793
2431,2к,189622
2432,2к,69
2433,2к,8160
2434,2к,3359
2435,2к,4724
2436,2к,13980
2437,2к,6037
2438,2к,43587
2439,2к,54992
2440,2к,688
2441,2к,2651
2442,2к,3383
2443,2к,2435
2444,2к,7720
2445,2к,114445
2446,2к,3020
2447,2к,20113
2448,2к,17443
2449,2к,3729
2450,2к,14608
2451,2к,646
2452,2к,12196
2453,2к,14760
2454,2к,3823
2455,2к,41953
2456,2к,10464
2457,2к,10145
2458,2к,8513
2459,2к,9706
2460,2к,4220
2461,2к,5986
2462,2к,10013
2463,2к,10042
2464,2к,2763
2465,2к,3878
2466,2к,18679
2467,2к,24077
2468,2к,6251
2469,2к,18969
2470,2к,767
2471,2к,3539
2472,2к,2084
2473,2к,14871
2474,2к,4553
2475,2к,13004
2476,2к,3898
2477,2к,7305
2478,2к,10171
2479,2к,10313
2480,2к,27
2481,2к,20387
2482,2к,6004
2483,2к,17442
2484,2к,400
2485,2к,517
2486,2к,8393
2487,2к,488
2488,2к,2942
2489,2к,4617
2490,2к,13243
2491,2к,42908
2492,2к,2628
2493,2к,3775
2494,2к,3438
2495,2к,46556
2496,2к,15124
2497,2к,3878
2498,2к,5050
2499,2к,9559
2500,2к,19313
2501,2к,10172
2502,2к,15160
2503,2к,15367
2504,2к,15383
2505,2к,6364
2506,2к,3773
2507,2к,14195
2508,2к,41015
2509,2к,2651
2510,2к,3234
2511,2к,10687
2512,2к,120213
2513,2к,55732
2514,2к,646
2515,2к,2435
2516,2к,4692
2517,2к,3734
2518,2к,2411
2519,2к,27915
2520,2к,4741
2521,2к,24083
2522,2к,8133
2523,2к,3118
2524,2к,12709
2525,2к,10680
2526,2к,492
2527,2к,148
2528,2к,8168
2529,2к,12741
2530,2к,4553
2531,2к,51724
2532,2к,4406
2533,2к,44742
2534,2к,7738
2535,2к,234959
2536,2к,3488
2537,2к,4476
2538,2к,28302
2539,2к,4293
2540,2к,6343
2541,2к,10234
2542,2к,8007
2543,2к,41413
2544,2к,3598
2545,2к,191617
2546,2к,6155
2547,2к,31483
2548,2к,18159
2549,2к,4703
2550,2к,837
2551,2к,30045
2552,2к,28866
2553,2к,1987
2554,2к,7889
2555,2к,810
2556,2к,69
2557,2к,10016
2558,2к,3401
2559,2к,114176
2560,2к,19006
2561,2к,57358
2562,2к,10304
2563,2к,31627
2564,2к,3803
2565,2к,3603
2566,2к,4699
2567,2к,8533
2568,2к,27
2569,2к,10803
2570,2к,3582
2571,2к,19825
2572,2к,30208
2573,2к,2027
2574,2к,19638
2575,2к,6233
2576,2к,15639
2577,2к,18319
2578,2к,2651
2579,2к,2417
2580,2к,4511
2581,2к,29293
2582,2к,7519
2583,2к,10384
2584,2к,9773
2585,2к,7942
2586,2к,10352
2587,2к,15307
2588,2к,488
2589,2к,8181
2590,2к,3444
2591,2к,15432
2592,2к,863
2593,2к,193711
2594,2к,120451
2595,2к,52869
2596,2к,3209
2597,2к,4309
2598,2к,8087
2599,2к,3812
2600,2к,48754
2601,2к,3517
2602,2к,12947
2603,2к,2628
2604,2к,837
2605,2к,15290
2606,2к,13251
2607,2к,6033
2608,2к,69
2609,2к,45419
2610,2к,18012
2611,2к,4038
2612,2к,115374
2613,2к,43321
2614,2к,4561
2615,2к,3853
2616,2к,7889
2617,2к,42096
2618,2к,6306
2619,2к,4692
2620,2к,14354
2621,2к,6350
2622,2к,708
2623,2к,10681
2624,2к,3288
2625,2к,12939
2626,2к,8372
2627,2к,148
2628,2к,4771
2629,2к,24673
2630,2к,10225
2631,2к,3302
2632,2к,5069
2633,2к,2467
2634,2к,10024
2635,2к,28199
2636,2к,41804
2637,2к,517
2638,2к,403
2639,2к,239974
2640,2к,5117
2641,2к,20677
2642,2к,492
2643,2к,28622
2644,2к,4452
2645,2к,6306
2646,2к,13524
2647,2к,69
2648,2к,15702
2649,2к,20198
2650,2к,121700
2651,2к,14858
2652,2к,5260
2653,2к,4439
2654,2к,894
2655,2к,7975
2656,2к,3581
2657,2к,492
2658,2к,3903
2659,2к,3900
2660,2к,11268
2661,2к,10405
2662,2к,32
2663,2к,4860
2664,2к,7851
2665,2к,2031
2666,2к,4765
2667,2к,243270
2668,2к,3578
2669,2к,10437
2670,2к,197217
2671,2к,2628
2672,2к,53273
2673,2к,837
2674,2к,3437
2675,2к,10438
2676,2к,488
2677,2к,24852
2678,2к,42823
2679,2к,8687
2680,2к,8060
2681,2к,3209
2682,2к,6347
2683,2к,423
2684,2к,29591
2685,2к,10281
2686,2к,15960
2687,2к,4270
2688,2к,46954
2689,2к,8112
2690,2к,3304
2691,2к,19208
2692,2к,15984
2693,2к,6242
2694,2к,10325
2695,2к,13423
2696,2к,2651
2697,2к,30040
2698,2к,58109
2699,2к,517
2700,2к,4806
2701,2к,44142
2702,2к,115292
2703,2к,21272
2704,2к,50243
2705,2к,2418
2706,2к,3621
2707,2к,18112
2708,2к,8217
2709,2к,3715
2710,2к,32153
2711,2к,11023
2712,2к,4750
2713,2к,835
2714,2к,148
2715,2к,27
2716,2к,13324
2717,2к,5216
2718,2к,31663
2719,2к,28746
2720,2к,20367
2721,2к,15819
2722,2к,8628
2723,2к,3873
2724,2к,4912
2725,2к,2497
2726,2к,6640
2727,2к,43141
2728,2к,10891
2729,2к,4547
2730,2к,10516
2731,2к,20450
2732,2к,3311
2733,2к,3712
2734,2к,8387
2735,2к,2847
2736,2к,44973
2737,2к,16360
2738,2к,2664
2739,2к,5301
2740,2к,4623
2741,2к,3319
2742,2к,4069
2743,2к,5273
2744,2к,2031
2745,2к,11562
2746,2к,27
2747,2к,248055
2748,2к,4806
2749,2к,3738
2750,2к,894
2751,2к,13667
2752,2к,148
2753,2к,492
2754,2к,11256
2755,2к,860
2756,2к,116970
2757,2к,20217
2758,2к,6382
2759,2к,203918
2760,2к,2555
2761,2к,3924
2762,2к,4844
2763,2к,44992
2764,2к,32661
2765,2к,6554
2766,2к,25056
2767,2к,4750
2768,2к,21404
2769,2к,6302
2770,2к,8787
2771,2к,10684
2772,2к,78
2773,2к,16208
2774,2к,10350
2775,2к,517
2776,2к,837
2777,2к,54580
2778,2к,13679
2779,2к,8118
2780,2к,2382
2781,2к,10610
2782,2к,11033
2783,2к,791
2784,2к,28783
2785,2к,6868
2786,2к,4872
2787,2к,425
2788,2к,7851
2789,2к,8035
2790,2к,32669
2791,2к,3437
2792,2к,20605
2793,2к,43816
2794,2к,4546
2795,2к,30829
2796,2к,58748
2797,2к,4949
2798,2к,15475
2799,2к,18664
2800,2к,16439
2801,2к,3912
2802,2к,16038
2803,2к,69
2804,2к,10849
2805,2к,13538
2806,2к,30268
2807,2к,3777
2808,2к,48294
2809,2к,3918
2810,2к,8401
2811,2к,4250
2812,2к,122118
2813,2к,51242
2814,2к,8715
2815,2к,5639
2816,2к,30532
2817,2к,250942
2818,2к,11091
2819,2к,2553
2820,2к,123354
2821,2к,16205
2822,2к,17019
2823,2к,117882
2824,2к,8589
2825,2к,20456
2826,2к,60504
2827,2к,4554
2828,2к,4726
2829,2к,4961
2830,2к,32831
2831,2к,7371
2832,2к,21112
2833,2к,8663
2834,2к,16348
2835,2к,27
2836,2к,45008
2837,2к,25570
2838,2к,6601
2839,2к,837
2840,2к,6374
2841,2к,8295
2842,2к,2688
2843,2к,11400
2844,2к,3820
2845,2к,55284
2846,2к,3997
2847,2к,14409
2848,2к,16812
2849,2к,45900
2850,2к,3986
2851,2к,207637
2852,2к,988
2853,2к,10733
2854,2к,11167
2855,2к,3530
2856,2к,51477
2857,2к,3452
2858,2к,16283
2859,2к,20839
2860,2к,876
2861,2к,8750
2862,2к,429
2863,2к,4643
2864,2к,7008
2865,2к,7902
2866,2к,31804
2867,2к,69
2868,2к,4893
2869,2к,29233
2870,2к,5528
2871,2к,34413
2872,2к,2729
2873,2к,3311
2874,2к,4049
2875,2к,10735
2876,2к,5147
2877,2к,78
2878,2к,231
2879,2к,492
2880,2к,4742
2881,2к,10841
2882,2к,4850
2883,2к,13780
2884,2к,11193
2885,2к,21756
2886,2к,2208
2887,2к,18844
2888,2к,3936
2889,2к,3732
2890,2к,3007
2891,2к,9244
2892,2к,3949
2893,2к,8043
2894,2к,30
2895,2к,49035
2896,2к,46854
2897,2к,791
2898,2к,517
2899,2к,11729
2900,2к,14300
2901,2к,4826
2902,2к,34158
2903,2к,30
2904,2к,2663
2905,2к,2254
2906,2к,4955
2907,2к,3796
2908,2к,32507
2909,2к,20920
2910,2к,8221
2911,2к,214227
2912,2к,14036
2913,2к,11202
2914,2к,7288
2915,2к,14356
2916,2к,3917
2917,2к,4058
2918,2к,5639
2919,2к,7993
2920,2к,5040
2921,2к,3824
2922,2к,11449
2923,2к,8530
2924,2к,1263
2925,2к,19583
2926,2к,5388
2927,2к,17225
2928,2к,4885
2929,2к,7538
2930,2к,11185
2931,2к,8827
2932,2к,30783
2933,2к,9370
2934,2к,6396
2935,2к,11220
2936,2к,429
2937,2к,16510
2938,2к,25840
2939,2к,4684
2940,2к,61804
2941,2к,29664
2942,2к,2769
2943,2к,47612
2944,2к,121768
2945,2к,56425
2946,2к,5800
2947,2к,7030
2948,2к,21783
2949,2к,3997
2950,2к,492
2951,2к,4653
2952,2к,22158
2953,2к,3452
2954,2к,4115
2955,2к,52733
2956,2к,17013
2957,2к,231
2958,2к,876
2959,2к,35765
2960,2к,11602
2961,2к,837
2962,2к,5286
2963,2к,69
2964,2к,5221
2965,2к,517
2966,2к,9641
2967,2к,78
2968,2к,17364
2969,2к,11844
2970,2к,11344
2971,2к,791
2972,2к,52080
2973,2к,258825
2974,2к,3490
2975,2к,47000
2976,2к,14905
2977,2к,11392
2978,2к,2704
2979,2к,125383
2980,2к,4099
2981,2к,8664
2982,2к,3007
2983,2к,16542
2984,2к,27
2985,2к,47241
2986,2к,21211
2987,2к,123670
2988,2к,27
2989,2к,11400
2990,2к,9007
2991,2к,11185
2992,2к,3007
2993,2к,14969
2994,2к,22236
2995,2к,21226
2996,2к,5864
2997,2к,1281
2998,2к,21939
2999,2к,6442
3000,2к,17233
3001,2к,52453
3002,2к,18012
3003,2к,811
3004,2к,29841
3005,2к,8008
3006,2к,4970
3007,2к,19655
3008,2к,517
3009,2к,11293
3010,2к,3971
3011,2к,9641
3012,2к,3645
3013,2к,3852
3014,2к,4013
3015,2к,2871
3016,2к,215206
3017,2к,5106
3018,2к,5221
3019,2к,5722
3020,2к,11467
3021,2к,837
3022,2к,11644
3023,2к,11484
3024,2к,31015
3025,2к,69
3026,2к,8450
3027,2к,53151
3028,2к,35797
3029,2к,11520
3030,2к,492
3031,2к,9368
3032,2к,17200
3033,2к,7288
3034,2к,56840
3035,2к,14472
3036,2к,48270
3037,2к,4221
3038,2к,2254
3039,2к,78
3040,2к,125731
3041,2к,16885
3042,2к,12000
3043,2к,4279
3044,2к,429
3045,2к,47121
3046,2к,21321
3047,2к,8594
3048,2к,7535
3049,2к,8852
3050,2к,4326
3051,2к,4987
3052,2к,25908
3053,2к,231
3054,2к,5276
3055,2к,4666
3056,2к,2769
3057,2к,4910
3058,2к,261941
3059,2к,876
3060,2к,7031
3061,2к,34467
3062,2к,3912
3063,2к,47647
3064,2к,32810
3065,2к,3452
3066,2к,16570
3067,2к,62512
3068,2к,2844
3069,2к,14283
3070,2к,4689
3071,2к,30
3072,2к,5370
3073,2к,4987
3074,2к,22423
3075,2к,17307
3076,2к,1311
3077,2к,9698
3078,2к,124629
3079,2к,4140
3080,2к,11547
3081,2к,48632
3082,2к,14311
3083,2к,5866
3084,2к,127025
3085,2к,8748
3086,2к,47284
3087,2к,57628
3088,2к,11369
3089,2к,2844
3090,2к,2310
3091,2к,12196
3092,2к,30
3093,2к,29725
3094,2к,9087
3095,2к,5106
3096,2к,14973
3097,2к,6551
3098,2к,886
3099,2к,69
3100,2к,517
3101,2к,2893
3102,2к,9674
3103,2к,26768
3104,2к,8818
3105,2к,11460
3106,2к,4326
3107,2к,21712
3108,2к,53982
3109,2к,11956
3110,2к,7745
3111,2к,36176
3112,2к,18409
3113,2к,21503
3114,2к,19896
3115,2к,811
3116,2к,5329
3117,2к,3007
3118,2к,4378
3119,2к,11870
3120,2к,22963
3121,2к,216326
3122,2к,8026
3123,2к,64526
3124,2к,3912
3125,2к,4838
3126,2к,4990
3127,2к,5974
3128,2к,3694
3129,2к,3520
3130,2к,2769
3131,2к,4501
3132,2к,17328
3133,2к,5346
3134,2к,231
3135,2к,33223
3136,2к,78
3137,2к,3991
3138,2к,48182
3139,2к,31423
3140,2к,27
3141,2к,7421
3142,2к,3868
3143,2к,17347
3144,2к,7061
3145,2к,11520
3146,2к,52994
3147,2к,14557
3148,2к,492
3149,2к,876
3150,2к,5751
3151,2к,4938
3152,2к,262223
3153,2к,429
3154,2к,8877
3155,2к,11418
3156,2к,17213
3157,2к,34605
3158,2к,4636
3159,2к,5089
3160,2к,30
3161,2к,30108
3162,2к,9912
3163,2к,48832
3164,2к,14642
3165,2к,4042
3166,2к,14669
3167,2к,429
3168,2к,2844
3169,2к,5893
3170,2к,8110
3171,2к,5106
3172,2к,4202
3173,2к,3007
3174,2к,22579
3175,2к,4061
3176,2к,34802
3177,2к,876
3178,2к,17993
3179,2к,49379
3180,2к,12562
3181,2к,5995
3182,2к,4648
3183,2к,4692
3184,2к,6014
3185,2к,22404
3186,2к,7205
3187,2к,31516
3188,2к,17700
3189,2к,9003
3190,2к,4549
3191,2к,58576
3192,2к,27
3193,2к,20201
3194,2к,4710
3195,2к,22022
3196,2к,231
3197,2к,23751
3198,2к,27140
3199,2к,66017
3200,2к,8826
3201,2к,12081
3202,2к,5975
3203,2к,14963
3204,2к,2937
3205,2к,2310
3206,2к,492
3207,2к,3868
3208,2к,7540
3209,2к,9128
3210,2к,8818
3211,2к,11642
3212,2к,5100
3213,2к,12507
3214,2к,5346
3215,2к,517
3216,2к,17578
3217,2к,127278
3218,2к,33717
3219,2к,35736
3220,2к,2858
3221,2к,54327
3222,2к,11468
3223,2к,55409
3224,2к,18676
3225,2к,8042
3226,2к,3694
3227,2к,69
3228,2к,6306
3229,2к,11819
3230,2к,17320
3231,2к,1411
3232,2к,123
3233,2к,11852
3234,2к,268134
3235,2к,11671
3236,2к,126804
3237,2к,886
3238,2к,218367
3239,2к,48885
3240,2к,3599
3241,2к,5085
3242,2к,811
3243,2к,6646
3244,2к,9849
3245,2к,9969
3246,2к,15093
3247,2к,886
3248,2к,6452
3249,2к,4061
3250,2к,12170
3251,2к,12008
3252,2к,34
3253,2к,12253
3254,2к,27292
3255,2к,35330
3256,2к,18200
3257,2к,5395
3258,2к,54917
3259,2к,127632
3260,2к,4176
3261,2к,4076
3262,2к,18777
3263,2к,22409
3264,2к,231
3265,2к,23079
3266,2к,34909
3267,2к,27
3268,2к,8961
3269,2к,908
3270,2к,6105
3271,2к,4864
3272,2к,13080
3273,2к,30
3274,2к,14943
3275,2к,11659
3276,2к,5161
3277,2к,5958
3278,2к,11542
3279,2к,6855
3280,2к,8860
3281,2к,4922
3282,2к,5189
3283,2к,220966
3284,2к,8343
3285,2к,18294
3286,2к,3999
3287,2к,517
3288,2к,17780
3289,2к,24342
3290,2к,7623
3291,2к,6209
3292,2к,128839
3293,2к,9090
3294,2к,3719
3295,2к,6122
3296,2к,492
3297,2к,3776
3298,2к,9965
3299,2к,811
3300,2к,17922
3301,2к,270192
3302,2к,13013
3303,2к,8541
3304,2к,1429
3305,2к,2949
3306,2к,3010
3307,2к,2844
3308,2к,31915
3309,2к,429
3310,2к,9319
3311,2к,123
3312,2к,15037
3313,2к,22832
3314,2к,5116
3315,2к,36656
3316,2к,4648
3317,2к,51826
3318,2к,49113
3319,2к,11729
3320,2к,49074
3321,2к,4508
3322,2к,30480
3323,2к,7320
3324,2к,2857
3325,2к,56026
3326,2к,67306
3327,2к,2354
3328,2к,20214
3329,2к,69
3330,2к,5377
3331,2к,60398
3332,2к,6021
3333,2к,5557
3334,2к,35118
3335,2к,455
3336,2к,274490
3337,2к,12347
3338,2к,4205
3339,2к,4152
3340,2к,57314
3341,2к,1469
3342,2к,32504
3343,2к,7046
3344,2к,14943
3345,2к,20499
3346,2к,222819
3347,2к,5182
3348,2к,3011
3349,2к,11896
3350,2к,6304
3351,2к,129455
3352,2к,27
3353,2к,18945
3354,2к,128036
3355,2к,30541
3356,2к,12423
3357,2к,9105
3358,2к,8650
3359,2к,978
3360,2к,5189
3361,2к,52165
3362,2к,7882
3363,2к,22864
3364,2к,8744
3365,2к,2994
3366,2к,15478
3367,2к,4870
3368,2к,231
3369,2к,4068
3370,2к,4131
3371,2к,8924
3372,2к,9498
3373,2к,6442
3374,2к,79
3375,2к,263
3376,2к,13436
3377,2к,6122
3378,2к,2946
3379,2к,49452
3380,2к,15388
3381,2к,517
3382,2к,36826
3383,2к,61155
3384,2к,17898
3385,2к,10130
3386,2к,69
3387,2к,6451
3388,2к,30
3389,2к,5426
3390,2к,24626
3391,2к,13193
3392,2к,12085
3393,2к,4507
3394,2к,4682
3395,2к,3719
3396,2к,11659
3397,2к,908
3398,2к,18451
3399,2к,23625
3400,2к,10074
3401,2к,9128
3402,2к,22866
3403,2к,69157
3404,2к,899
3405,2к,18513
3406,2к,5412
3407,2к,2464
3408,2к,35433
3409,2к,50096
3410,2к,11822
3411,2к,4100
3412,2к,7423
3413,2к,5287
3414,2к,55401
3415,2к,2949
3416,2к,492
3417,2к,18247
3418,2к,27666
3419,2к,15446
3420,2к,18891
3421,2к,56450
3422,2к,12497
3423,2к,28235
3424,2к,899
3425,2к,50844
3426,2к,7503
3427,2к,58853
3428,2к,4434
3429,2к,12317
3430,2к,5412
3431,2к,13515
3432,2к,18510
3433,2к,23248
3434,2к,278232
3435,2к,10455
3436,2к,35887
3437,2к,52543
3438,2к,1011
3439,2к,6336
3440,2к,5307
3441,2к,25667
3442,2к,5503
3443,2к,2949
3444,2к,4068
3445,2к,18445
3446,2к,4550
3447,2к,20540
3448,2к,11865
3449,2к,19157
3450,2к,23657
3451,2к,15808
3452,2к,224967
3453,2к,4507
3454,2к,999
3455,2к,3024
3456,2к,31037
3457,2к,8724
3458,2к,6071
3459,2к,3764
3460,2к,6941
3461,2к,5241
3462,2к,61708
3463,2к,5632
3464,2к,128677
3465,2к,52594
3466,2к,6288
3467,2к,231
3468,2к,6444
3469,2к,4291
3470,2к,3255
3471,2к,492
3472,2к,18077
3473,2к,13616
3474,2к,538
3475,2к,14352
3476,2к,12992
3477,2к,9282
3478,2к,69
3479,2к,129388
3480,2к,38000
3481,2к,12126
3482,2к,4402
3483,2к,9556
3484,2к,9218
3485,2к,10327
3486,2к,27
3487,2к,7050
3488,2к,381
3489,2к,2732
3490,2к,23167
3491,2к,9219
3492,2к,1469
3493,2к,2946
3494,2к,171
3495,2к,4702
3496,2к,5510
3497,2к,10371
3498,2к,8048
3499,2к,474
3500,2к,70548
3501,2к,30
3502,2к,33293
3503,2к,4923
3504,2к,35786
3505,2к,15478
3506,2к,6557
3507,2к,30
3508,2к,15632
3509,2к,5334
3510,2к,6071
3511,2к,13640
3512,2к,3333
3513,2к,54343
3514,2к,13071
3515,2к,27
3516,2к,9434
3517,2к,20704
3518,2к,18796
3519,2к,538
3520,2к,26272
3521,2к,33715
3522,2к,23273
3523,2к,16279
3524,2к,38482
3525,2к,18546
3526,2к,3789
3527,2к,56718
3528,2к,4702
3529,2к,11561
3530,2к,23891
3531,2к,4470
3532,2к,23325
3533,2к,62837
3534,2к,13693
3535,2к,1469
3536,2к,2946
3537,2к,5510
3538,2к,10348
3539,2к,413
3540,2к,2996
3541,2к,10439
3542,2к,999
3543,2к,36478
3544,2к,723
3545,2к,10386
3546,2к,5632
3547,2к,53267
3548,2к,60489
3549,2к,4921
3550,2к,1011
3551,2к,7614
3552,2к,9243
3553,2к,6512
3554,2к,148
3555,2к,8901
3556,2к,36250
3557,2к,279678
3558,2к,5619
3559,2к,4068
3560,2к,5503
3561,2к,8109
3562,2к,29108
3563,2к,4297
3564,2к,492
3565,2к,9572
3566,2к,1045
3567,2к,3040
3568,2к,4450
3569,2к,171
3570,2к,130221
3571,2к,15423
3572,2к,52779
3573,2к,225993
3574,2к,12603
3575,2к,8736
3576,2к,18970
3577,2к,4509
3578,2к,12181
3579,2к,18236
3580,2к,71307
3581,2к,12373
3582,2к,7050
3583,2к,19394
3584,2к,7651
3585,2к,14860
3586,2к,4547
3587,2к,6288
3588,2к,3114
3589,2к,31878
3590,2к,79
3591,2к,128799
3592,2к,5644
3593,2к,4773
3594,2к,20804
3595,2к,72098
3596,2к,7983
3597,2к,4909
3598,2к,60
3599,2к,24055
3600,2к,6861
3601,2к,1059
3602,2к,57443
3603,2к,9764
3604,2к,79
3605,2к,61593
3606,2к,34247
3607,2к,5680
3608,2к,6512
3609,2к,15983
3610,2к,6386
3611,2к,8631
3612,2к,36748
3613,2к,53790
3614,2к,132021
3615,2к,516
3616,2к,5435
3617,2к,13172
3618,2к,11022
3619,2к,11664
3620,2к,227583
3621,2к,3863
3622,2к,63247
3623,2к,7811
3624,2к,37702
3625,2к,4552
3626,2к,18356
3627,2к,26715
3628,2к,285014
3629,2к,2938
3630,2к,10348
3631,2к,4917
3632,2к,53110
3633,2к,9013
3634,2к,19201
3635,2к,9218
3636,2к,6048
3637,2к,13709
3638,2к,12378
3639,2к,15208
3640,2к,14089
3641,2к,552
3642,2к,3333
3643,2к,538
3644,2к,5699
3645,2к,38562
3646,2к,7112
3647,2к,15669
3648,2к,4690
3649,2к,148
3650,2к,2946
3651,2к,5558
3652,2к,16588
3653,2к,12440
3654,2к,4638
3655,2к,23651
3656,2к,10581
3657,2к,3087
3658,2к,54802
3659,2к,19695
3660,2к,19273
3661,2к,29390
3662,2к,337
3663,2к,13149
3664,2к,708
3665,2к,1030
3666,2к,4926
3667,2к,3040
3668,2к,129079
3669,2к,10772
3670,2к,1469
3671,2к,4342
3672,2к,19004
3673,2к,6694
3674,2к,24162
3675,2к,143
3676,2к,8905
3677,2к,999
3678,2к,5580
3679,2к,32087
3680,2к,6503
3681,2к,32145
3682,2к,4360
3683,2к,4982
3684,2к,6718
3685,2к,4552
3686,2к,129878
3687,2к,5417
3688,2к,27019
3689,2к,30289
3690,2к,5944
3691,2к,228
3692,2к,38792
3693,2к,8733
3694,2к,38881
3695,2к,16651
3696,2к,524
3697,2к,15813
3698,2к,337
3699,2к,25035
3700,2к,1030
3701,2к,55663
3702,2к,20800
3703,2к,3087
3704,2к,15367
3705,2к,16411
3706,2к,14325
3707,2к,19221
3708,2к,73935
3709,2к,12870
3710,2к,228172
3711,2к,7983
3712,2к,5588
3713,2к,552
3714,2к,9205
3715,2к,1059
3716,2к,6601
3717,2к,11175
3718,2к,11676
3719,2к,287491
3720,2к,37386
3721,2к,4714
3722,2к,6861
3723,2к,9270
3724,2к,61958
3725,2к,10782
3726,2к,3349
3727,2к,4773
3728,2к,5094
3729,2к,7914
3730,2к,9189
3731,2к,19695
3732,2к,3222
3733,2к,5128
3734,2к,10582
3735,2к,54317
3736,2к,60
3737,2к,13846
3738,2к,6217
3739,2к,3100
3740,2к,9898
3741,2к,12710
3742,2к,538
3743,2к,148
3744,2к,5722
3745,2к,13301
3746,2к,7144
3747,2к,24866
3748,2к,3863
3749,2к,18674
3750,2к,63875
3751,2к,23976
3752,2к,1549
3753,2к,54564
3754,2к,5803
3755,2к,1019
3756,2к,13228
3757,2к,2938
3758,2к,133553
3759,2к,19261
3760,2к,160
3761,2к,58532
3762,2к,4690
3763,2к,19553
3764,2к,708
3765,2к,34959
3766,2к,10640
3767,2к,19136
3768,2к,8582
3769,2к,6717
3770,2к,23983
3771,2к,9558
3772,2к,30803
3773,2к,3284
3774,2к,4952
3775,2к,19336
3776,2к,3943
3777,2к,55195
3778,2к,10775
3779,2к,39307
3780,2к,4689
3781,2к,6877
3782,2к,56174
3783,2к,32532
3784,2к,6722
3785,2к,3210
3786,2к,6682
3787,2к,1078
3788,2к,19584
3789,2к,13228
3790,2к,352
3791,2к,6950
3792,2к,4798
3793,2к,13868
3794,2к,3123
3795,2к,9261
3796,2к,1229
3797,2к,25522
3798,2к,27064
3799,2к,15870
3800,2к,16554
3801,2к,74954
3802,2к,708
3803,2к,9508
3804,2к,160
3805,2к,12803
3806,2к,35227
3807,2к,11145
3808,2к,291899
3809,2к,5963
3810,2к,5850
3811,2к,538
3812,2к,41442
3813,2к,7389
3814,2к,14408
3815,2к,25536
3816,2к,1553
3817,2к,5612
3818,2к,8902
3819,2к,66
3820,2к,337
3821,2к,10093
3822,2к,55190
3823,2к,5595
3824,2к,20166
3825,2к,63717
3826,2к,13060
3827,2к,37652
3828,2к,16701
3829,2к,10686
3830,2к,11807
3831,2к,2938
3832,2к,4965
3833,2к,8028
3834,2к,10939
3835,2к,19806
3836,2к,63602
3837,2к,786
3838,2к,5116
3839,2к,19902
3840,2к,5637
3841,2к,148
3842,2к,130276
3843,2к,136818
3844,2к,4386
3845,2к,1019
3846,2к,59698
3847,2к,524
3848,2к,3656
3849,2к,13400
3850,2к,6287
3851,2к,15682
3852,2к,4598
3853,2к,230923
3854,2к,30971
3855,2к,148
3856,2к,19347
3857,2к,76880
3858,2к,27689
3859,2к,10184
3860,2к,10696
3861,2к,16167
3862,2к,3284
3863,2к,160
3864,2к,4608
3865,2к,292701
3866,2к,7140
3867,2к,56267
3868,2к,19902
3869,2к,13799
3870,2к,4252
3871,2к,35680
3872,2к,538
3873,2к,37710
3874,2к,8830
3875,2к,20217
3876,2к,708
3877,2к,13813
3878,2к,1068
3879,2к,10939
3880,2к,20901
3881,2к,41861
3882,2к,337
3883,2к,5608
3884,2к,3231
3885,2к,1260
3886,2к,5721
3887,2к,26296
3888,2к,19476
3889,2к,63571
3890,2к,16547
3891,2к,3210
3892,2к,5014
3893,2к,66
3894,2к,11162
3895,2к,6114
3896,2к,352
3897,2к,16751
3898,2к,4426
3899,2к,5317
3900,2к,39854
3901,2к,6048
3902,2к,64640
3903,2к,4866
3904,2к,59848
3905,2к,55200
3906,2к,8274
3907,2к,12803
3908,2к,12352
3909,2к,59855
3910,2к,26041
3911,2к,9834
3912,2к,9823
3913,2к,4114
3914,2к,32701
3915,2к,14248
3916,2к,5669
3917,2к,7089
3918,2к,6680
3919,2к,13087
3920,2к,9097
3921,2к,3642
3922,2к,6289
3923,2к,1078
3924,2к,786
3925,2к,231297
3926,2к,5057
3927,2к,524
3928,2к,13228
3929,2к,138266
3930,2к,7389
3931,2к,4799
3932,2к,24153
3933,2к,130840
3934,2к,10849
3935,2к,6755
3936,2к,9504
3937,2к,1553
3938,2к,19467
3939,2к,16085
3940,2к,7054
3941,2к,57260
3942,2к,297003
3943,2к,16691
3944,2к,16806
3945,2к,6680
3946,2к,708
3947,2к,5323
3948,2к,66
3949,2к,4170
3950,2к,7090
3951,2к,19642
3952,2к,4438
3953,2к,5689
3954,2к,31558
3955,2к,391
3956,2к,26460
3957,2к,1068
3958,2к,61126
3959,2к,19758
3960,2к,10624
3961,2к,24199
3962,2к,5146
3963,2к,5667
3964,2к,26687
3965,2к,6048
3966,2к,234533
3967,2к,13604
3968,2к,12563
3969,2к,6818
3970,2к,148
3971,2к,3210
3972,2к,5014
3973,2к,160
3974,2к,1651
3975,2к,63897
3976,2к,8876
3977,2к,524
3978,2к,13092
3979,2к,21025
3980,2к,13826
3981,2к,16330
3982,2к,19520
3983,2к,14376
3984,2к,538
3985,2к,7140
3986,2к,64292
3987,2к,16564
3988,2к,131268
3989,2к,3257
3990,2к,1352
3991,2к,33244
3992,2к,7083
3993,2к,27935
3994,2к,56518
3995,2к,13170
3996,2к,1078
3997,2к,7387
3998,2к,4867
3999,2к,11146
4000,2к,6271
4001,2к,4641
4002,2к,849
4003,2к,40055
4004,2к,3636
4005,2к,9518
4006,2к,20328
4007,2к,10859
4008,2к,4875
4009,2к,3284
4010,2к,38043
4011,2к,13929
4012,2к,35958
4013,2к,138661
4014,2к,20360
4015,2к,6289
4016,2к,10935
4017,2к,10079
4018,2к,4192
4019,2к,8282
4020,2к,41550
4021,2к,352
4022,2к,78828
4023,2к,10809
4024,2к,5719
4025,2к,66283
4026,2к,9288
4027,2к,9939
4028,2к,66
4029,2к,57673
4030,2к,130406
4031,2к,11084
4032,2к,28659
4033,2к,6858
4034,2к,19649
4035,2к,13502
4036,2к,64869
4037,2к,160
4038,2к,7090
4039,2к,5355
4040,2к,6680
4041,2к,7140
4042,2к,31584
4043,2к,538
4044,2к,20425
4045,2к,8419
4046,2к,4192
4047,2к,7419
4048,2к,1352
4049,2к,524
4050,2к,10199
4051,2к,40090
4052,2к,9936
4053,2к,79906
4054,2к,5667
4055,2к,5323
4056,2к,16559
4057,2к,3299
4058,2к,4666
4059,2к,12458
4060,2к,20089
4061,2к,4514
4062,2к,19678
4063,2к,10973
4064,2к,5807
4065,2к,26597
4066,2к,26792
4067,2к,16748
4068,2к,139390
4069,2к,9518
4070,2к,9414
4071,2к,407
4072,2к,36127
4073,2к,10622
4074,2к,66481
4075,2к,63912
4076,2к,16834
4077,2к,4875
4078,2к,24178
4079,2к,42519
4080,2к,4895
4081,2к,3684
4082,2к,14015
4083,2к,3210
4084,2к,11146
4085,2к,7107
4086,2к,3257
4087,2к,895
4088,2к,9017
4089,2к,6271
4090,2к,6062
4091,2к,56812
4092,2к,13160
4093,2к,3105
4094,2к,13698
4095,2к,148
4096,2к,5689
4097,2к,20360
4098,2к,33294
4099,2к,234858
4100,2к,61825
4101,2к,38256
4102,2к,352
4103,2к,708
4104,2к,5014
4105,2к,21080
4106,2к,1310
4107,2к,11067
4108,2к,6415
4109,2к,14112
4110,2к,1652
4111,2к,297706
4112,2к,1068
4113,2к,14751
4114,2к,16825
4115,2к,352
4116,2к,4533
4117,2к,20906
4118,2к,20507
4119,2к,64678
4120,2к,31597
4121,2к,16890
4122,2к,10922
4123,2к,5351
4124,2к,5655
4125,2к,13627
4126,2к,26603
4127,2к,26792
4128,2к,538
4129,2к,62063
4130,2к,6938
4131,2к,524
4132,2к,1310
4133,2к,16913
4134,2к,8612
4135,2к,4209
4136,2к,9291
4137,2к,235560
4138,2к,12791
4139,2к,299276
4140,2к,20127
4141,2к,57233
4142,2к,3257
4143,2к,9182
4144,2к,148
4145,2к,19760
4146,2к,11034
4147,2к,14239
4148,2к,66
4149,2к,1068
4150,2к,11127
4151,2к,3297
4152,2к,1002
4153,2к,58297
4154,2к,398
4155,2к,10224
4156,2к,6125
4157,2к,40147
4158,2к,5413
4159,2к,10632
4160,2к,64205
4161,2к,6746
4162,2к,3105
4163,2к,24214
4164,2к,10199
4165,2к,37047
4166,2к,708
4167,2к,14025
4168,2к,13148
4169,2к,1664
4170,2к,11146
4171,2к,5689
4172,2к,160
4173,2к,3295
4174,2к,5863
4175,2к,10209
4176,2к,6240
4177,2к,38435
4178,2к,139857
4179,2к,67162
4180,2к,3674
4181,2к,6413
4182,2к,33404
4183,2к,4889
4184,2к,7417
4185,2к,80450
4186,2к,29619
4187,2к,130672
4188,2к,19650
4189,2к,7305
4190,2к,5323
4191,2к,14261
4192,2к,7083
4193,2к,42923
4194,2к,4995
4195,2к,1352
4196,2к,16934
4197,2к,20674
4198,2к,4930
4199,2к,15312
4200,2к,16597
4201,2к,7039
4202,2к,398
4203,2к,19785
4204,2к,3297
4205,2к,14310
4206,2к,31815
4207,2к,14035
4208,2к,5572
4209,2к,5655
4210,2к,3289
4211,2к,524
4212,2к,5009
4213,2к,5365
4214,2к,21111
4215,2к,7299
4216,2к,27085
4217,2к,11093
4218,2к,14145
4219,2к,6413
4220,2к,19728
4221,2к,4930
4222,2к,7486
4223,2к,37527
4224,2к,33712
4225,2к,10396
4226,2к,41481
4227,2к,5575
4228,2к,20306
4229,2к,352
4230,2к,6676
4231,2к,59286
4232,2к,17122
4233,2к,17035
4234,2к,7291
4235,2к,66
4236,2к,1311
4237,2к,9679
4238,2к,5864
4239,2к,16890
4240,2к,7693
4241,2к,43257
4242,2к,20935
4243,2к,11152
4244,2к,65013
4245,2к,16599
4246,2к,6403
4247,2к,29713
4248,2к,11231
4249,2к,6149
4250,2к,38875
4251,2к,21123
4252,2к,1689
4253,2к,300958
4254,2к,13621
4255,2к,11068
4256,2к,24812
4257,2к,62732
4258,2к,4889
4259,2к,1352
4260,2к,16019
4261,2к,67619
4262,2к,81715
4263,2к,12791
4264,2к,9262
4265,2к,148
4266,2к,10930
4267,2к,3249
4268,2к,26879
4269,2к,13196
4270,2к,236984
4271,2к,11185
4272,2к,4199
4273,2к,8693
4274,2к,141895
4275,2к,3547
4276,2к,57561
4277,2к,708
4278,2к,538
4279,2к,1068
4280,2к,160
4281,2к,5422
4282,2к,3853
4283,2к,4587
4284,2к,131820
4285,2к,1188
4286,2к,64796
4287,2к,10319
4288,2к,7039
4289,2к,11702
4290,2к,708
4291,2к,5603
4292,2к,20572
4293,2к,14285
4294,2к,7048
4295,2к,29107
4296,2к,22828
4297,2к,33080
4298,2к,260218
4299,2к,195
4300,2к,7540
4301,2к,11641
4302,2к,5975
4303,2к,8563
4304,2к,15411
4305,2к,18770
4306,2к,5781
4307,2к,24399
4308,2к,14859
4309,2к,33177
4310,2к,11425
4311,2к,1692
4312,2к,1443
4313,2к,3981
4314,2к,4171
4315,2к,10166
4316,2к,19795
4317,2к,24472
4318,2к,69628
4319,2к,36434
4320,2к,7945
4321,2к,321894
4322,2к,10768
4323,2к,51280
4324,2к,27907
4325,2к,93790
4326,2к,411
4327,2к,6836
4328,2к,11135
4329,2к,5582
4330,2к,64489
4331,2к,7649
4332,2к,17601
4333,2к,5380
4334,2к,74976
4335,2к,7865
4336,2к,73128
4337,2к,72167
4338,2к,6199
4339,2к,9718
4340,2к,3196
4341,2к,38076
4342,2к,610
4343,2к,66149
4344,2к,4221
4345,2к,7129
4346,2к,22864
4347,2к,21847
4348,2к,19573
4349,2к,6495
4350,2к,66
4351,2к,1327
4352,2к,63
4353,2к,7342
4354,2к,13117
4355,2к,5747
4356,2к,1352
4357,2к,5322
4358,2к,16815
4359,2к,6020
4360,2к,203
4361,2к,1139
4362,2к,4559
4363,2к,10451
4364,2к,42088
4365,2к,41859
4366,2к,16146
4367,2к,738
4368,2к,5696
4369,2к,16647
4370,2к,418
4371,2к,159405
4372,2к,12855
4373,2к,11809
4374,2к,45512
4375,2к,23433
4376,2к,143997
4377,2к,73165
4378,2к,42510
4379,2к,11451
4380,2к,1139
4381,2к,51472
4382,2к,11907
4383,2к,5893
4384,2к,75573
4385,2к,6633
4386,2к,73390
4387,2к,159088
4388,2к,16647
4389,2к,5735
4390,2к,675
4391,2к,5406
4392,2к,119
4393,2к,323372
4394,2к,96
4395,2к,10548
4396,2к,17013
4397,2к,11702
4398,2к,5537
4399,2к,203
4400,2к,1443
4401,2к,3981
4402,2к,745
4403,2к,3285
4404,2к,5858
4405,2к,23024
4406,2к,19989
4407,2к,29107
4408,2к,38449
4409,2к,418
4410,2к,4169
4411,2к,20578
4412,2к,6090
4413,2к,195
4414,2к,18070
4415,2к,66119
4416,2к,13224
4417,2к,7048
4418,2к,7166
4419,2к,12767
4420,2к,22018
4421,2к,24520
4422,2к,11276
4423,2к,16312
4424,2к,4683
4425,2к,610
4426,2к,10270
4427,2к,9718
4428,2к,145384
4429,2к,24510
4430,2к,64896
4431,2к,708
4432,2к,4273
4433,2к,5658
4434,2к,260756
4435,2к,45706
4436,2к,1692
4437,2к,22863
4438,2к,34360
4439,2к,94709
4440,2к,6836
4441,2к,11034
4442,2к,11734
4443,2к,7676
4444,2к,6221
4445,2к,1395
4446,2к,9003
4447,2к,36497
4448,2к,7867
4449,2к,41930
4450,2к,14281
4451,2к,33856
4452,2к,18956
4453,2к,70453
4454,2к,6114
4455,2к,19778
4456,2к,7344
4457,2к,14859
4458,2к,5380
4459,2к,8562
4460,2к,7540
4461,2к,28303
4462,2к,1352
4463,2к,15551
4464,2к,23545
4465,2к,11715
4466,2к,5537
4467,2к,19141
4468,2к,76086
4469,2к,11491
4470,2к,6059
4471,2к,11971
4472,2к,10625
4473,2к,43340
4474,2к,24741
4475,2к,5454
4476,2к,28362
4477,2к,1692
4478,2к,5979
4479,2к,14347
4480,2к,16759
4481,2к,36849
4482,2к,8011
4483,2к,708
4484,2к,16584
4485,2к,7540
4486,2к,745
4487,2к,4035
4488,2к,96
4489,2к,15551
4490,2к,4205
4491,2к,11796
4492,2к,24956
4493,2к,23087
4494,2к,326217
4495,2к,66503
4496,2к,34316
4497,2к,418
4498,2к,610
4499,2к,314
4500,2к,3175
4501,2к,51559
4502,2к,6227
4503,2к,6632
4504,2к,38555
4505,2к,5735
4506,2к,15088
4507,2к,4683
4508,2к,7873
4509,2к,8607
4510,2к,5477
4511,2к,5666
4512,2к,160647
4513,2к,20763
4514,2к,11466
4515,2к,261746
4516,2к,23168
4517,2к,73783
4518,2к,17198
4519,2к,20027
4520,2к,1443
4521,2к,46509
4522,2к,1352
4523,2к,34501
4524,2к,18572
4525,2к,11451
4526,2к,9152
4527,2к,203
4528,2к,4273
4529,2к,10309
4530,2к,1677
4531,2к,64475
4532,2к,12838
4533,2к,13224
4534,2к,23545
4535,2к,21931
4536,2к,71014
4537,2к,675
4538,2к,1139
4539,2к,9909
4540,2к,95057
4541,2к,5882
4542,2к,195
4543,2к,73614
4544,2к,29579
4545,2к,6836
4546,2к,6134
4547,2к,145432
4548,2к,20133
4549,2к,42484
4550,2к,7165
4551,2к,7446
4552,2к,7423
4553,2к,43775
4554,2к,12907
4555,2к,38593
4556,2к,8607
4557,2к,12307
4558,2к,23684
4559,2к,327114
4560,2к,17232
4561,2к,708
4562,2к,18681
4563,2к,19557
4564,2к,11714
4565,2к,6836
4566,2к,145720
4567,2к,9929
4568,2к,7487
4569,2к,1352
4570,2к,13423
4571,2к,8161
4572,2к,29579
4573,2к,195
4574,2к,37369
4575,2к,9340
4576,2к,7544
4577,2к,21754
4578,2к,314
4579,2к,24899
4580,2к,20164
4581,2к,4273
4582,2к,6658
4583,2к,626
4584,2к,52727
4585,2к,8126
4586,2к,6227
4587,2к,4743
4588,2к,66836
4589,2к,15632
4590,2к,2008
4591,2к,23594
4592,2к,6359
4593,2к,1443
4594,2к,96
4595,2к,42936
4596,2к,675
4597,2к,745
4598,2к,14462
4599,2к,5505
4600,2к,11469
4601,2к,20400
4602,2к,22223
4603,2к,34895
4604,2к,203
4605,2к,28292
4606,2к,74650
4607,2к,11491
4608,2к,15171
4609,2к,7165
4610,2к,1139
4611,2к,10343
4612,2к,23420
4613,2к,5561
4614,2к,16755
4615,2к,5882
4616,2к,6242
4617,2к,5454
4618,2к,34835
4619,2к,74772
4620,2к,96666
4621,2к,5734
4622,2к,46931
4623,2к,4457
4624,2к,161277
4625,2к,77322
4626,2к,617
4627,2к,65622
4628,2к,16585
4629,2к,71534
4630,2к,11618
4631,2к,1782
4632,2к,5545
4633,2к,6151
4634,2к,261819
4635,2к,7749
4636,2к,3175
4637,2к,4035
4638,2к,12081
4639,2к,25162
4640,2к,10771
4641,2к,77442
4642,2к,617
4643,2к,4457
4644,2к,11686
4645,2к,72484
4646,2к,28417
4647,2к,7634
4648,2к,146381
4649,2к,203
4650,2к,7803
4651,2к,7163
4652,2к,17038
4653,2к,675
4654,2к,195
4655,2к,25370
4656,2к,10771
4657,2к,13087
4658,2к,35561
4659,2к,5908
4660,2к,5505
4661,2к,15498
4662,2к,718
4663,2к,11714
4664,2к,857
4665,2к,4301
4666,2к,1352
4667,2к,21759
4668,2к,17436
4669,2к,314
4670,2к,5253
4671,2к,47092
4672,2к,6733
4673,2к,3317
4674,2к,8161
4675,2к,11610
4676,2к,5545
4677,2к,20367
4678,2к,6340
4679,2к,12633
4680,2к,43909
4681,2к,23706
4682,2к,22415
4683,2к,6453
4684,2к,5999
4685,2к,6900
4686,2к,75538
4687,2к,66272
4688,2к,6264
4689,2к,37542
4690,2к,20152
4691,2к,8594
4692,2к,1024
4693,2к,15632
4694,2к,19291
4695,2к,14486
4696,2к,23924
4697,2к,329955
4698,2к,2191
4699,2к,1491
4700,2к,9340
4701,2к,68437
4702,2к,5454
4703,2к,23590
4704,2к,25103
4705,2к,1158
4706,2к,8705
4707,2к,5561
4708,2к,35616
4709,2к,13545
4710,2к,6294
4711,2к,43726
4712,2к,96
4713,2к,12312
4714,2к,29997
4715,2к,162017
4716,2к,11566
4717,2к,75611
4718,2к,2072
4719,2к,7617
4720,2к,38823
4721,2к,16585
4722,2к,262183
4723,2к,10166
4724,2к,10668
4725,2к,98756
4726,2к,20708
4727,2к,4122
4728,2к,53216
4729,2к,5487
4730,2к,15597
4731,2к,13672
4732,2к,25292
4733,2к,6435
4734,2к,67153
4735,2к,6942
4736,2к,1158
4737,2к,5777
4738,2к,99645
4739,2к,716
4740,2к,20830
4741,2к,2368
4742,2к,7163
4743,2к,10074
4744,2к,22924
4745,2к,76450
4746,2к,35944
4747,2к,146031
4748,2к,4457
4749,2к,35856
4750,2к,72602
4751,2к,77870
4752,2к,13087
4753,2к,4301
4754,2к,7878
4755,2к,21874
4756,2к,28688
4757,2к,15756
4758,2к,166035
4759,2к,14504
4760,2к,11700
4761,2к,4122
4762,2к,263365
4763,2к,12802
4764,2к,876
4765,2к,47491
4766,2к,25407
4767,2к,1517
4768,2к,43761
4769,2к,8161
4770,2к,7920
4771,2к,734
4772,2к,1142
4773,2к,69387
4774,2к,19887
4775,2к,2088
4776,2к,24344
4777,2к,20408
4778,2к,37893
4779,2к,8597
4780,2к,96
4781,2к,77373
4782,2к,10905
4783,2к,6073
4784,2к,12312
4785,2к,331015
4786,2к,7744
4787,2к,11616
4788,2к,8833
4789,2к,17079
4790,2к,23851
4791,2к,617
4792,2к,7017
4793,2к,1352
4794,2к,5509
4795,2к,10744
4796,2к,44374
4797,2к,11744
4798,2к,5622
4799,2к,6437
4800,2к,20792
4801,2к,17574
4802,2к,11650
4803,2к,30098
4804,2к,38897
4805,2к,16696
4806,2к,4546
4807,2к,53364
4808,2к,6416
4809,2к,203
4810,2к,23613
4811,2к,9820
4812,2к,6832
4813,2к,314
4814,2к,195
4815,2к,5505
4816,2к,5924
4817,2к,4632
4818,2к,11755
4819,2к,68130
4820,2к,1175
4821,2к,15799
4822,2к,4256
4823,2к,170499
4824,2к,22978
4825,2к,15817
4826,2к,24555
4827,2к,17133
4828,2к,8161
4829,2к,11135
4830,2к,10785
4831,2к,30423
4832,2к,10719
4833,2к,723
4834,2к,418
4835,2к,54137
4836,2к,13280
4837,2к,2604
4838,2к,38447
4839,2к,22027
4840,2к,6416
4841,2к,13161
4842,2к,6692
4843,2к,36499
4844,2к,14522
4845,2к,265203
4846,2к,6578
4847,2к,14280
4848,2к,20583
4849,2к,4641
4850,2к,5972
4851,2к,76965
4852,2к,617
4853,2к,39254
4854,2к,69755
4855,2к,21068
4856,2к,102128
4857,2к,7134
4858,2к,45395
4859,2к,716
4860,2к,8869
4861,2к,5505
4862,2к,10143
4863,2к,5756
4864,2к,6033
4865,2к,7070
4866,2к,24418
4867,2к,11674
4868,2к,96
4869,2к,48105
4870,2к,11700
4871,2к,79562
4872,2к,8668
4873,2к,333379
4874,2к,2088
4875,2к,203
4876,2к,12322
4877,2к,1270
4878,2к,28940
4879,2к,7187
4880,2к,7934
4881,2к,147286
4882,2к,5658
4883,2к,23907
4884,2к,44309
4885,2к,36321
4886,2к,25478
4887,2к,7920
4888,2к,6872
4889,2к,195
4890,2к,11643
4891,2к,16846
4892,2к,932
4893,2к,1517
4894,2к,21115
4895,2к,4377
4896,2к,78077
4897,2к,7928
4898,2к,17654
4899,2к,1352
4900,2к,20075
4901,2к,6267
4902,2к,25581
4903,2к,72960
4904,2к,6198
4905,2к,16916
4906,2к,6862
4907,2к,716
4908,2к,1517
4909,2к,8161
4910,2к,11755
4911,2к,5693
4912,2к,20530
4913,2к,80430
4914,2к,68587
4915,2к,4836
4916,2к,5558
4917,2к,12494
4918,2к,7928
4919,2к,418
4920,2к,8003
4921,2к,6415
4922,2к,12147
4923,2к,6589
4924,2к,4395
4925,2к,44376
4926,2к,6372
4927,2к,2088
4928,2к,24623
4929,2к,7071
4930,2к,1734
4931,2к,24688
4932,2к,11165
4933,2к,224
4934,2к,25942
4935,2к,8049
4936,2к,3064
4937,2к,14488
4938,2к,22242
4939,2к,45701
4940,2к,25999
4941,2к,11764
4942,2к,39417
4943,2к,24351
4944,2к,335106
4945,2к,22983
4946,2к,195
4947,2к,17243
4948,2к,48664
4949,2к,789
4950,2к,31101
4951,2к,17933
4952,2к,21363
4953,2к,13192
4954,2к,16066
4955,2к,7312
4956,2к,15850
4957,2к,14682
4958,2к,96
4959,2к,4688
4960,2к,13474
4961,2к,73540
4962,2к,54307
4963,2к,890
4964,2к,38959
4965,2к,10815
4966,2к,77709
4967,2к,1175
4968,2к,7134
4969,2к,6154
4970,2к,147888
4971,2к,6902
4972,2к,170297
4973,2к,70325
4974,2к,5866
4975,2к,21391
4976,2к,8712
4977,2к,6509
4978,2к,36763
4979,2к,4192
4980,2к,29380
4981,2к,10212
4982,2к,11474
4983,2к,265689
4984,2к,78554
4985,2к,36953
4986,2к,11725
4987,2к,1005
4988,2к,20615
4989,2к,103124
4990,2к,6397
4991,2к,9160
4992,2к,1352
4993,2к,16691
4994,2к,54785
4995,2к,6970
4996,2к,24921
4997,2к,4226
4998,2к,1384
4999,2к,29598
5000,2к,224
5001,2к,336417
5002,2к,8035
5003,2к,7181
5004,2к,1935
5005,2к,5764
5006,2к,7109
5007,2к,11571
5008,2к,8102
5009,2к,31250
5010,2к,171452
5011,2к,21481
5012,2к,22248
5013,2к,6794
5014,2к,20574
5015,2к,8174
5016,2к,39200
5017,2к,21405
5018,2к,13479
5019,2к,6449
5020,2к,242
5021,2к,1138
5022,2к,8812
5023,2к,17332
5024,2к,25994
5025,2к,81577
5026,2к,11946
5027,2к,890
5028,2к,69613
5029,2к,2088
5030,2к,6222
5031,2к,8056
5032,2к,6558
5033,2к,1175
5034,2к,268719
5035,2к,22987
5036,2к,4708
5037,2к,11755
5038,2к,16157
5039,2к,12658
5040,2к,5088
5041,2к,17897
5042,2к,442
5043,2к,49620
5044,2к,1586
5045,2к,24377
5046,2к,5693
5047,2к,195
5048,2к,46159
5049,2к,13002
5050,2к,11799
5051,2к,148907
5052,2к,7580
5053,2к,5911
5054,2к,10405
5055,2к,78819
5056,2к,6595
5057,2к,71198
5058,2к,3267
5059,2к,26065
5060,2к,16821
5061,2к,6600
5062,2к,12717
5063,2к,11385
5064,2к,14629
5065,2к,7071
5066,2к,4680
5067,2к,74170
5068,2к,37556
5069,2к,39668
5070,2к,44710
5071,2к,79152
5072,2к,20792
5073,2к,13585
5074,2к,192
5075,2к,9593
5076,2к,716
5077,2к,25081
5078,2к,899
5079,2к,14801
5080,2к,37051
5081,2к,106011
5082,2к,7697
5083,2к,22269
5084,2к,171352
5085,2к,716
5086,2к,8802
5087,2к,31543
5088,2к,17453
5089,2к,5911
5090,2к,17996
5091,2к,39669
5092,2к,23049
5093,2к,192
5094,2к,11696
5095,2к,4502
5096,2к,25982
5097,2к,37555
5098,2к,14709
5099,2к,7010
5100,2к,29910
5101,2к,26065
5102,2к,8065
5103,2к,16691
5104,2к,79695
5105,2к,6448
5106,2к,7071
5107,2к,338470
5108,2к,271521
5109,2к,6739
5110,2к,899
5111,2к,11799
5112,2к,17017
5113,2к,21634
5114,2к,12693
5115,2к,8174
5116,2к,5088
5117,2к,1175
5118,2к,9698
5119,2к,49905
5120,2к,82149
5121,2к,54780
5122,2к,195
5123,2к,20929
5124,2к,242
5125,2к,25174
5126,2к,10584
5127,2к,4680
5128,2к,6498
5129,2к,149672
5130,2к,1567
5131,2к,46526
5132,2к,2148
5133,2к,79278
5134,2к,24922
5135,2к,37979
5136,2к,44839
5137,2к,74383
5138,2к,71769
5139,2к,442
5140,2к,7250
5141,2к,11586
5142,2к,890
5143,2к,11947
5144,2к,224
5145,2к,2088
5146,2к,5734
5147,2к,13565
5148,2к,4708
5149,2к,6293
5150,2к,16160
5151,2к,8319
5152,2к,20921
5153,2к,39892
5154,2к,24377
5155,2к,3785
5156,2к,7127
5157,2к,6595
5158,2к,8204
5159,2к,69622
5160,2к,13002
5161,2к,21481
5162,2к,1384
5163,2к,11409
5164,2к,5924
5165,2к,12714
5166,2к,14801
5167,2к,1130
5168,2к,13653
5169,2к,6892
5170,2к,107265
5171,2к,1175
5172,2к,55417
5173,2к,272678
5174,2к,26093
5175,2к,21417
5176,2к,107882
5177,2к,21894
5178,2к,16160
5179,2к,11816
5180,2к,25650
5181,2к,4708
5182,2к,7507
5183,2к,339709
5184,2к,173561
5185,2к,17971
5186,2к,7739
5187,2к,5924
5188,2к,25230
5189,2к,6595
5190,2к,890
5191,2к,39933
5192,2к,38335
5193,2к,79999
5194,2к,25087
5195,2к,2106
5196,2к,8736
5197,2к,8101
5198,2к,6293
5199,2к,716
5200,2к,11946
5201,2к,192
5202,2к,7285
5203,2к,224
5204,2к,11690
5205,2к,21088
5206,2к,21495
5207,2к,10634
5208,2к,73249
5209,2к,6469
5210,2к,2667
5211,2к,6498
5212,2к,12864
5213,2к,14056
5214,2к,23172
5215,2к,13002
5216,2к,14800
5217,2к,45016
5218,2к,7118
5219,2к,31596
5220,2к,16759
5221,2к,80584
5222,2к,74453
5223,2к,22325
5224,2к,6047
5225,2к,12828
5226,2к,5088
5227,2к,14902
5228,2к,8174
5229,2к,1567
5230,2к,150402
5231,2к,9379
5232,2к,568
5233,2к,1384
5234,2к,49911
5235,2к,1130
5236,2к,11409
5237,2к,13603
5238,2к,46981
5239,2к,18645
5240,2к,7087
5241,2к,5842
5242,2к,39887
5243,2к,70706
5244,2к,8273
5245,2к,242
5246,2к,26706
5247,2к,7164
5248,2к,901
5249,2к,4691
5250,2к,38100
5251,2к,3915
5252,2к,11726
5253,2к,9698
5254,2к,29983
5255,2к,4550
5256,2к,83287
5257,2к,237
5258,2к,6795
5259,2к,17017
5260,2к,1130
5261,2к,84204
5262,2к,151118
5263,2к,13520
5264,2к,27104
5265,2к,39522
5266,2к,81139
5267,2к,1175
5268,2к,11462
5269,2к,11887
5270,2к,22102
5271,2к,2176
5272,2к,3979
5273,2к,4745
5274,2к,9547
5275,2к,22403
5276,2к,23402
5277,2к,26363
5278,2к,38247
5279,2к,25268
5280,2к,224
5281,2к,14892
5282,2к,6521
5283,2к,45206
5284,2к,6868
5285,2к,14363
5286,2к,7250
5287,2к,71730
5288,2к,1384
5289,2к,6751
5290,2к,31712
5291,2к,8174
5292,2к,13550
5293,2к,17152
5294,2к,568
5295,2к,7101
5296,2к,7332
5297,2к,13700
5298,2к,40219
5299,2к,30459
5300,2к,10777
5301,2к,25599
5302,2к,5842
5303,2к,901
5304,2к,108893
5305,2к,5948
5306,2к,40073
5307,2к,716
5308,2к,21352
5309,2к,5088
5310,2к,16428
5311,2к,6016
5312,2к,16588
5313,2к,174445
5314,2к,11946
5315,2к,6797
5316,2к,1632
5317,2к,18966
5318,2к,21786
5319,2к,3157
5320,2к,18274
5321,2к,50023
5322,2к,7855
5323,2к,74396
5324,2к,75441
5325,2к,4757
5326,2к,237
5327,2к,25830
5328,2к,890
5329,2к,7828
5330,2к,7256
5331,2к,21151
5332,2к,14998
5333,2к,80767
5334,2к,8184
5335,2к,8998
5336,2к,192
5337,2к,4550
5338,2к,6415
5339,2к,12079
5340,2к,12940
5341,2к,341136
5342,2к,47244
5343,2к,273723
5344,2к,8345
5345,2к,55597
5346,2к,11781
5347,2к,9901
5348,2к,242
5349,2к,11505
5350,2к,8265
5351,2к,45348
5352,2к,9954
5353,2к,50588
5354,2к,11956
5355,2к,716
5356,2к,6440
5357,2к,9263
5358,2к,25885
5359,2к,21417
5360,2к,40049
5361,2к,7075
5362,2к,21842
5363,2к,38632
5364,2к,3179
5365,2к,75067
5366,2к,5021
5367,2к,26032
5368,2к,4751
5369,2к,901
5370,2к,11946
5371,2к,11878
5372,2к,242
5373,2к,14970
5374,2к,7471
5375,2к,175180
5376,2к,1384
5377,2к,13040
5378,2к,81404
5379,2к,17455
5380,2к,7250
5381,2к,150746
5382,2к,6016
5383,2к,5946
5384,2к,2176
5385,2к,274978
5386,2к,109295
5387,2к,12200
5388,2к,6894
5389,2к,13528
5390,2к,18430
5391,2к,23622
5392,2к,26781
5393,2к,13526
5394,2к,5860
5395,2к,224
5396,2к,8345
5397,2к,47543
5398,2к,8184
5399,2к,40386
5400,2к,4550
5401,2к,1175
5402,2к,76276
5403,2к,19129
5404,2к,5088
5405,2к,32310
5406,2к,10905
5407,2к,30601
5408,2к,1614
5409,2к,84076
5410,2к,14518
5411,2к,237
5412,2к,4018
5413,2к,794
5414,2к,81794
5415,2к,22355
5416,2к,16644
5417,2к,13796
5418,2к,192
5419,2к,15350
5420,2к,22804
5421,2к,16660
5422,2к,10182
5423,2к,25462
5424,2к,8365
5425,2к,7458
5426,2к,40403
5427,2к,7918
5428,2к,72367
5429,2к,342144
5430,2к,56139
5431,2к,890
5432,2к,22339
5433,2к,7157
5434,2к,1130
5435,2к,6874
5436,2к,6699
5437,2к,27373
5438,2к,11974
5439,2к,48042
5440,2к,40823
5441,2к,30712
5442,2к,7001
5443,2к,5075
5444,2к,4202
5445,2к,10086
5446,2к,11047
5447,2к,2176
5448,2к,7390
5449,2к,11873
5450,2к,23625
5451,2к,3903
5452,2к,13043
5453,2к,6098
5454,2к,23007
5455,2к,19305
5456,2к,716
5457,2к,38928
5458,2к,40759
5459,2к,45517
5460,2к,1384
5461,2к,1175
5462,2к,12351
5463,2к,1677
5464,2к,22355
5465,2к,5894
5466,2к,27567
5467,2к,901
5468,2к,18430
5469,2к,76801
5470,2к,9332
5471,2к,26669
5472,2к,10482
5473,2к,72392
5474,2к,7371
5475,2к,84293
5476,2к,150767
5477,2к,8008
5478,2к,8393
5479,2к,50703
5480,2к,32410
5481,2к,7426
5482,2к,21878
5483,2к,224
5484,2к,4751
5485,2к,26843
5486,2к,794
5487,2к,8500
5488,2к,275420
5489,2к,13902
5490,2к,14559
5491,2к,6916
5492,2к,81765
5493,2к,5094
5494,2к,16700
5495,2к,890
5496,2к,4635
5497,2к,7483
5498,2к,5991
5499,2к,11970
5500,2к,81795
5501,2к,13548
5502,2к,7488
5503,2к,342738
5504,2к,40754
5505,2к,1186
5506,2к,242
5507,2к,13529
5508,2к,76125
5509,2к,6444
5510,2к,22536
5511,2к,25730
5512,2к,15417
5513,2к,21725
5514,2к,16857
5515,2к,17578
5516,2к,56139
5517,2к,11505
5518,2к,6873
5519,2к,192
5520,2к,14970
5521,2к,175396
5522,2к,8265
5523,2к,8380
5524,2к,110007
5525,2к,26252
5526,2к,237
5527,2к,716
5528,2к,12140
5529,2к,39608
5530,2к,77310
5531,2к,192
5532,2к,276572
5533,2к,16844
5534,2к,7501
5535,2к,10073
5536,2к,22373
5537,2к,18570
5538,2к,13970
5539,2к,12028
5540,2к,26973
5541,2к,41460
5542,2к,242
5543,2к,27585
5544,2к,344033
5545,2к,4635
5546,2к,6444
5547,2к,7510
5548,2к,81673
5549,2к,14621
5550,2к,7929
5551,2к,6047
5552,2к,150950
5553,2к,794
5554,2к,56362
5555,2к,11195
5556,2к,1384
5557,2к,111610
5558,2к,7336
5559,2к,8566
5560,2к,51091
5561,2к,82128
5562,2к,12402
5563,2к,10482
5564,2к,11952
5565,2к,16925
5566,2к,11631
5567,2к,4013
5568,2к,21932
5569,2к,7088
5570,2к,6204
5571,2к,6926
5572,2к,4751
5573,2к,26454
5574,2к,7483
5575,2к,23062
5576,2к,17708
5577,2к,19126
5578,2к,73101
5579,2к,13598
5580,2к,15712
5581,2к,8344
5582,2к,13168
5583,2к,8380
5584,2к,45863
5585,2к,979
5586,2к,26949
5587,2к,26832
5588,2к,41099
5589,2к,77037
5590,2к,32605
5591,2к,1207
5592,2к,9362
5593,2к,15107
5594,2к,237
5595,2к,6873
5596,2к,13831
5597,2к,1175
5598,2к,23841
5599,2к,23382
5600,2к,904
5601,2к,41803
5602,2к,5925
5603,2к,1677
5604,2к,176499
5605,2к,30982
5606,2к,4203
5607,2к,22468
5608,2к,2276
5609,2к,48778
5610,2к,85187
5611,2к,5142
5612,2к,5075
5613,2к,8532
5614,2к,7468
5615,2к,224
1,3к,9
2,3к,9
3,3к,29
4,3к,19
5,3к,8
6,3к,94
7,3к,8
8,3к,13
9,3к,74
10,3к,0
11,3к,16
12,3к,11
13,3к,0
14,3к,135
15,3к,92
16,3к,0
17,3к,68
18,3к,64
19,3к,27
20,3к,43
21,3к,133
22,3к,38
23,3к,54
24,3к,48
25,3к,0
26,3к,10
27,3к,59
28,3к,194
29,3к,0
30,3к,111
31,3к,37
32,3к,8
33,3к,509
34,3к,39
35,3к,28
36,3к,93
37,3к,256
38,3к,101
39,3к,74
40,3к,52
41,3к,0
42,3к,3
43,3к,304
44,3к,15
45,3к,30
46,3к,0
47,3к,16
48,3к,394
49,3к,101
50,3к,29
51,3к,12
52,3к,459
53,3к,27
54,3к,80
55,3к,64
56,3к,39
57,3к,30
58,3к,16
59,3к,88
60,3к,0
61,3к,0
62,3к,6
63,3к,0
64,3к,135
65,3к,53
66,3к,260
67,3к,0
68,3к,268
69,3к,165
70,3к,30
71,3к,43
72,3к,0
73,3к,0
74,3к,611
75,3к,244
76,3к,0
77,3к,11
78,3к,24
79,3к,10
80,3к,26
81,3к,90
82,3к,18
83,3к,53
84,3к,122
85,3к,25
86,3к,19
87,3к,39
88,3к,30
89,3к,73
90,3к,0
91,3к,61
92,3к,0
93,3к,264
94,3к,152
95,3к,11
96,3к,64
97,3к,3
98,3к,46
99,3к,0
100,3к,102
101,3к,99
102,3к,83
103,3к,105
104,3к,41
105,3к,280
106,3к,27
107,3к,115
108,3к,0
109,3к,0
110,3к,13
111,3к,80
112,3к,47
113,3к,29
114,3к,64
115,3к,9
116,3к,111
117,3к,403
118,3к,110
119,3к,8
120,3к,10
121,3к,447
122,3к,509
123,3к,615
124,3к,165
125,3к,112
126,3к,141
127,3к,275
128,3к,246
129,3к,0
130,3к,167
131,3к,710
132,3к,113
133,3к,131
134,3к,99
135,3к,275
136,3к,345
137,3к,30
138,3к,11
139,3к,105
140,3к,80
141,3к,46
142,3к,110
143,3к,0
144,3к,26
145,3к,19
146,3к,10
147,3к,43
148,3к,237
149,3к,46
150,3к,845
151,3к,47
152,3к,10
153,3к,300
154,3к,13
155,3к,205
156,3к,44
157,3к,0
158,3к,25
159,3к,131
160,3к,3
161,3к,3
162,3к,152
163,3к,63
164,3к,16
165,3к,0
166,3к,1162
167,3к,3
168,3к,153
169,3к,0
170,3к,0
171,3к,122
172,3к,87
173,3к,8
174,3к,126
175,3к,443
176,3к,99
177,3к,116
178,3к,0
179,3к,595
180,3к,509
181,3к,493
182,3к,296
183,3к,392
184,3к,81
185,3к,26
186,3к,0
187,3к,95
188,3к,265
189,3к,64
190,3к,27
191,3к,0
192,3к,181
193,3к,260
194,3к,104
195,3к,228
196,3к,68
197,3к,718
198,3к,111
199,3к,64
200,3к,30
201,3к,62
202,3к,113
203,3к,941
204,3к,90
205,3к,122
206,3к,305
207,3к,152
208,3к,51
209,3к,48
210,3к,678
211,3к,345
212,3к,160
213,3к,202
214,3к,158
215,3к,0
216,3к,1160
217,3к,325
218,3к,221
219,3к,0
220,3к,110
221,3к,908
222,3к,603
223,3к,125
224,3к,99
225,3к,0
226,3к,16
227,3к,153
228,3к,131
229,3к,88
230,3к,73
231,3к,3
232,3к,3
233,3к,488
234,3к,50
235,3к,533
236,3к,961
237,3к,121
238,3к,567
239,3к,314
240,3к,64
241,3к,212
242,3к,26
243,3к,54
244,3к,512
245,3к,0
246,3к,111
247,3к,0
248,3к,139
249,3к,1927
250,3к,8
251,3к,168
252,3к,80
253,3к,175
254,3к,262
255,3к,237
256,3к,70
257,3к,20
258,3к,30
259,3к,22
260,3к,129
261,3к,80
262,3к,1395
263,3к,326
264,3к,640
265,3к,229
266,3к,27
267,3к,95
268,3к,0
269,3к,113
270,3к,122
271,3к,68
272,3к,90
273,3к,66
274,3к,122
275,3к,354
276,3к,14
277,3к,129
278,3к,168
279,3к,30
280,3к,361
281,3к,3
282,3к,20
283,3к,126
284,3к,19
285,3к,0
286,3к,105
287,3к,0
288,3к,178
289,3к,20
290,3к,153
291,3к,171
292,3к,299
293,3к,997
294,3к,3
295,3к,138
296,3к,168
297,3к,133
298,3к,28
299,3к,574
300,3к,99
301,3к,64
302,3к,192
303,3к,135
304,3к,292
305,3к,0
306,3к,574
307,3к,3
308,3к,0
309,3к,180
310,3к,19
311,3к,226
312,3к,2191
313,3к,1224
314,3к,73
315,3к,8
316,3к,353
317,3к,102
318,3к,154
319,3к,138
320,3к,375
321,3к,533
322,3к,699
323,3к,605
324,3к,0
325,3к,322
326,3к,132
327,3к,3
328,3к,595
329,3к,195
330,3к,229
331,3к,111
332,3к,392
333,3к,0
334,3к,213
335,3к,131
336,3к,48
337,3к,105
338,3к,27
339,3к,197
340,3к,129
341,3к,110
342,3к,877
343,3к,0
344,3к,113
345,3к,90
346,3к,1254
347,3к,20
348,3к,251
349,3к,2421
350,3к,321
351,3к,382
352,3к,1189
353,3к,18
354,3к,110
355,3к,758
356,3к,152
357,3к,545
358,3к,52
359,3к,31
360,3к,0
361,3к,115
362,3к,49
363,3к,282
364,3к,107
365,3к,240
366,3к,28
367,3к,1431
368,3к,114
369,3к,209
370,3к,1668
371,3к,292
372,3к,48
373,3к,168
374,3к,633
375,3к,861
376,3к,484
377,3к,210
378,3к,21
379,3к,1090
380,3к,3
381,3к,281
382,3к,419
383,3к,102
384,3к,99
385,3к,758
386,3к,0
387,3к,0
388,3к,0
389,3к,602
390,3к,153
391,3к,392
392,3к,136
393,3к,271
394,3к,161
395,3к,105
396,3к,31
397,3к,159
398,3к,0
399,3к,110
400,3к,397
401,3к,2460
402,3к,183
403,3к,916
404,3к,137
405,3к,116
406,3к,159
407,3к,116
408,3к,307
409,3к,90
410,3к,154
411,3к,394
412,3к,3
413,3к,20
414,3к,16
415,3к,27
416,3к,3
417,3к,1244
418,3к,680
419,3к,2
420,3к,190
421,3к,0
422,3к,218
423,3к,282
424,3к,220
425,3к,703
426,3к,325
427,3к,2353
428,3к,0
429,3к,322
430,3к,110
431,3к,64
432,3к,123
433,3к,192
434,3к,660
435,3к,20
436,3к,113
437,3к,131
438,3к,178
439,3к,82
440,3к,19
441,3к,941
442,3к,268
443,3к,711
444,3к,137
445,3к,240
446,3к,168
447,3к,44
448,3к,40
449,3к,1168
450,3к,0
451,3к,0
452,3к,199
453,3к,3253
454,3к,159
455,3к,123
456,3к,278
457,3к,90
458,3к,339
459,3к,20
460,3к,236
461,3к,658
462,3к,325
463,3к,132
464,3к,126
465,3к,110
466,3к,221
467,3к,503
468,3к,110
469,3к,1749
470,3к,21
471,3к,305
472,3к,166
473,3к,195
474,3к,539
475,3к,271
476,3к,48
477,3к,159
478,3к,429
479,3к,11
480,3к,245
481,3к,419
482,3к,137
483,3к,0
484,3к,31
485,3к,282
486,3к,666
487,3к,326
488,3к,253
489,3к,28
490,3к,773
491,3к,2
492,3к,174
493,3к,3
494,3к,27
495,3к,218
496,3к,82
497,3к,161
498,3к,0
499,3к,64
500,3к,703
501,3к,131
502,3к,183
503,3к,2433
504,3к,129
505,3к,129
506,3к,301
507,3к,409
508,3к,40
509,3к,3
510,3к,3
511,3к,1321
512,3к,1606
513,3к,937
514,3к,732
515,3к,47
516,3к,122
517,3к,484
518,3к,1271
519,3к,164
520,3к,1037
521,3к,82
522,3к,226
523,3к,133
524,3к,63
525,3к,345
526,3к,1776
527,3к,339
528,3к,513
529,3к,168
530,3к,868
531,3к,126
532,3к,3
533,3к,214
534,3к,708
535,3к,123
536,3к,606
537,3к,358
538,3к,877
539,3к,227
540,3к,25
541,3к,1431
542,3к,137
543,3к,0
544,3к,239
545,3к,444
546,3к,132
547,3к,196
548,3к,21
549,3к,378
550,3к,92
551,3к,221
552,3к,131
553,3к,41
554,3к,340
555,3к,6
556,3к,3566
557,3к,560
558,3к,27
559,3к,11
560,3к,48
561,3к,175
562,3к,90
563,3к,460
564,3к,301
565,3к,241
566,3к,335
567,3к,191
568,3к,161
569,3к,64
570,3к,2
571,3к,147
572,3к,271
573,3к,278
574,3к,3
575,3к,293
576,3к,171
577,3к,47
578,3к,2946
579,3к,68
580,3к,40
581,3к,429
582,3к,169
583,3к,2454
584,3к,469
585,3к,1834
586,3к,249
587,3к,0
588,3к,40
589,3к,1786
590,3к,795
591,3к,852
592,3к,166
593,3к,1192
594,3к,1159
595,3к,1644
596,3к,205
597,3к,203
598,3к,475
599,3к,3
600,3к,271
601,3к,338
602,3к,613
603,3к,1878
604,3к,25
605,3к,31
606,3к,92
607,3к,147
608,3к,0
609,3к,48
610,3к,849
611,3к,166
612,3к,256
613,3к,41
614,3к,131
615,3к,1919
616,3к,979
617,3к,27
618,3к,216
619,3к,460
620,3к,203
621,3к,184
622,3к,3135
623,3к,3
624,3к,249
625,3к,130
626,3к,849
627,3к,82
628,3к,133
629,3к,37
630,3к,594
631,3к,354
632,3к,329
633,3к,131
634,3к,546
635,3к,2153
636,3к,71
637,3к,362
638,3к,3922
639,3к,469
640,3к,692
641,3к,64
642,3к,852
643,3к,16
644,3к,68
645,3к,246
646,3к,520
647,3к,144
648,3к,40
649,3к,11
650,3к,1219
651,3к,0
652,3к,3
653,3к,3
654,3к,1783
655,3к,224
656,3к,63
657,3к,244
658,3к,139
659,3к,161
660,3к,40
661,3к,293
662,3к,878
663,3к,205
664,3к,216
665,3к,1572
666,3к,358
667,3к,241
668,3к,334
669,3к,3488
670,3к,372
671,3к,258
672,3к,222
673,3к,194
674,3к,475
675,3к,567
676,3к,510
677,3к,2051
678,3к,169
679,3к,33
680,3к,422
681,3к,1861
682,3к,4192
683,3к,734
684,3к,2311
685,3к,293
686,3к,285
687,3к,401
688,3к,1652
689,3к,27
690,3к,147
691,3к,359
692,3к,64
693,3к,3254
694,3к,144
695,3к,979
696,3к,40
697,3к,168
698,3к,166
699,3к,71
700,3к,2237
701,3к,293
702,3к,2285
703,3к,368
704,3к,867
705,3к,0
706,3к,925
707,3к,241
708,3к,460
709,3к,515
710,3к,567
711,3к,200
712,3к,271
713,3к,224
714,3к,338
715,3к,2089
716,3к,956
717,3к,197
718,3к,729
719,3к,90
720,3к,0
721,3к,31
722,3к,369
723,3к,831
724,3к,1193
725,3к,131
726,3к,100
727,3к,207
728,3к,541
729,3к,153
730,3к,143
731,3к,335
732,3к,288
733,3к,638
734,3к,11
735,3к,303
736,3к,5023
737,3к,469
738,3к,130
739,3к,281
740,3к,161
741,3к,63
742,3к,87
743,3к,3
744,3к,37
745,3к,48
746,3к,269
747,3к,53
748,3к,240
749,3к,363
750,3к,810
751,3к,1343
752,3к,3
753,3к,133
754,3к,468
755,3к,256
756,3к,284
757,3к,224
758,3к,445
759,3к,825
760,3к,1942
761,3к,3993
762,3к,61
763,3к,178
764,3к,379
765,3к,470
766,3к,0
767,3к,947
768,3к,375
769,3к,316
770,3к,712
771,3к,112
772,3к,45
773,3к,197
774,3к,588
775,3к,458
776,3к,2367
777,3к,739
778,3к,3
779,3к,256
780,3к,4360
781,3к,846
782,3к,306
783,3к,319
784,3к,1056
785,3к,2407
786,3к,144
787,3к,567
788,3к,351
789,3к,63
790,3к,1069
791,3к,364
792,3к,2643
793,3к,241
794,3к,0
795,3к,293
796,3к,466
797,3к,166
798,3к,175
799,3к,71
800,3к,53
801,3к,100
802,3к,294
803,3к,918
804,3к,840
805,3к,1214
806,3к,1596
807,3к,149
808,3к,388
809,3к,224
810,3к,33
811,3к,316
812,3к,759
813,3к,11
814,3к,131
815,3к,59
816,3к,184
817,3к,961
818,3к,412
819,3к,2105
820,3к,3
821,3к,244
822,3к,48
823,3к,607
824,3к,99
825,3к,381
826,3к,214
827,3к,315
828,3к,111
829,3к,177
830,3к,499
831,3к,240
832,3к,388
833,3к,168
834,3к,5859
835,3к,2673
836,3к,78
837,3к,93
838,3к,326
839,3к,947
840,3к,1253
841,3к,324
842,3к,1063
843,3к,1059
844,3к,381
845,3к,378
846,3к,488
847,3к,316
848,3к,540
849,3к,33
850,3к,2511
851,3к,260
852,3к,458
853,3к,0
854,3к,3
855,3к,2381
856,3к,439
857,3к,63
858,3к,256
859,3к,548
860,3к,197
861,3к,48
862,3к,166
863,3к,375
864,3к,3351
865,3к,1261
866,3к,97
867,3к,2762
868,3к,192
869,3к,4145
870,3к,11
871,3к,1679
872,3к,215
873,3к,87
874,3к,1249
875,3к,2546
876,3к,919
877,3к,294
878,3к,123
879,3к,474
880,3к,230
881,3к,1007
882,3к,59
883,3к,1096
884,3к,611
885,3к,53
886,3к,214
887,3к,0
888,3к,168
889,3к,1259
890,3к,351
891,3к,6767
892,3к,131
893,3к,293
894,3к,933
895,3к,616
896,3к,71
897,3к,485
898,3к,185
899,3к,306
900,3к,395
901,3к,267
902,3к,4806
903,3к,315
904,3к,3
905,3к,379
906,3к,613
907,3к,495
908,3к,466
909,3к,2177
910,3к,947
911,3к,127
912,3к,163
913,3к,99
914,3к,165
915,3к,127
916,3к,364
917,3к,588
918,3к,1116
919,3к,371
920,3к,812
921,3к,173
922,3к,5142
923,3к,656
924,3к,1254
925,3к,1836
926,3к,932
927,3к,492
928,3к,872
929,3к,647
930,3к,1062
931,3к,3165
932,3к,16222
933,3к,755
934,3к,3
935,3к,3152
936,3к,24690
937,3к,311
938,3к,53
939,3к,190
940,3к,290
941,3к,4001
942,3к,501
943,3к,355
944,3к,1021
945,3к,3
946,3к,34
947,3к,395
948,3к,1328
949,3к,640
950,3к,663
951,3к,2317
952,3к,1498
953,3к,638
954,3к,0
955,3к,268
956,3к,603
957,3к,5108
958,3к,131
959,3к,265
960,3к,149
961,3к,118
962,3к,154
963,3к,4083
964,3к,2076
965,3к,1826
966,3к,3490
967,3к,853
968,3к,864
969,3к,220
970,3к,2541
971,3к,5546
972,3к,312
973,3к,677
974,3к,297
975,3к,124
976,3к,1959
977,3к,1382
978,3к,4259
979,3к,1127
980,3к,463
981,3к,197
982,3к,667
983,3к,706
984,3к,248
985,3к,252
986,3к,2817
987,3к,1236
988,3к,1008
989,3к,5242
990,3к,20170
991,3к,813
992,3к,424
993,3к,6205
994,3к,475
995,3к,97
996,3к,898
997,3к,640
998,3к,355
999,3к,1601
1000,3к,5803
1001,3к,712
1002,3к,1190
1003,3к,97
1004,3к,750
1005,3к,308
1006,3к,3945
1007,3к,197
1008,3к,709
1009,3к,154
1010,3к,1946
1011,3к,53
1012,3к,1330
1013,3к,131
1014,3к,1006
1015,3к,4168
1016,3к,1142
1017,3к,1049
1018,3к,962
1019,3к,1066
1020,3к,3005
1021,3к,2358
1022,3к,4553
1023,3к,2543
1024,3к,3
1025,3к,221
1026,3к,832
1027,3к,118
1028,3к,5415
1029,3к,2695
1030,3к,1217
1031,3к,252
1032,3к,131
1033,3к,1022
1034,3к,381
1035,3к,290
1036,3к,435
1037,3к,3445
1038,3к,358
1039,3к,220
1040,3к,701
1041,3к,7329
1042,3к,767
1043,3к,269
1044,3к,1106
1045,3к,5561
1046,3к,520
1047,3к,680
1048,3к,0
1049,3к,475
1050,3к,371
1051,3к,915
1052,3к,2076
1053,3к,3957
1054,3к,25681
1055,3к,311
1056,3к,509
1057,3к,683
1058,3к,332
1059,3к,4762
1060,3к,1486
1061,3к,393
1062,3к,902
1063,3к,648
1064,3к,710
1065,3к,1464
1066,3к,17512
1067,3к,3
1068,3к,534
1069,3к,1419
1070,3к,22282
1071,3к,443
1072,3к,173
1073,3к,34
1074,3к,1028
1075,3к,5246
1076,3к,207
1077,3к,2151
1078,3к,1193
1079,3к,536
1080,3к,5745
1081,3к,1155
1082,3к,698
1083,3к,740
1084,3к,3983
1085,3к,913
1086,3к,329
1087,3к,1479
1088,3к,252
1089,3к,332
1090,3к,683
1091,3к,118
1092,3к,53
1093,3к,24700
1094,3к,1066
1095,3к,1002
1096,3к,276
1097,3к,1277
1098,3к,131
1099,3к,226
1100,3к,716
1101,3к,4071
1102,3к,315
1103,3к,131
1104,3к,0
1105,3к,374
1106,3к,381
1107,3к,40
1108,3к,5463
1109,3к,562
1110,3к,7779
1111,3к,1059
1112,3к,1036
1113,3к,154
1114,3к,17903
1115,3к,860
1116,3к,97
1117,3к,1216
1118,3к,3
1119,3к,6095
1120,3к,355
1121,3к,4499
1122,3к,2812
1123,3к,2237
1124,3к,393
1125,3к,695
1126,3к,902
1127,3к,4802
1128,3к,435
1129,3к,3
1130,3к,387
1131,3к,27157
1132,3к,1062
1133,3к,4747
1134,3к,2378
1135,3к,815
1136,3к,725
1137,3к,1624
1138,3к,565
1139,3к,224
1140,3к,1405
1141,3к,3644
1142,3к,197
1143,3к,444
1144,3к,1257
1145,3к,324
1146,3к,2807
1147,3к,1575
1148,3к,369
1149,3к,218
1150,3к,509
1151,3к,6528
1152,3к,3738
1153,3к,1642
1154,3к,1134
1155,3к,648
1156,3к,2014
1157,3к,728
1158,3к,2200
1159,3к,324
1160,3к,394
1161,3к,545
1162,3к,4579
1163,3к,1640
1164,3к,0
1165,3к,252
1166,3к,30493
1167,3к,1165
1168,3к,1173
1169,3к,1706
1170,3к,166
1171,3к,505
1172,3к,1051
1173,3к,262
1174,3к,648
1175,3к,860
1176,3к,53
1177,3к,2180
1178,3к,7350
1179,3к,154
1180,3к,1348
1181,3к,2600
1182,3к,1175
1183,3к,3766
1184,3к,25582
1185,3к,1246
1186,3к,4432
1187,3к,243
1188,3к,2323
1189,3к,4837
1190,3к,725
1191,3к,468
1192,3к,3148
1193,3к,460
1194,3к,131
1195,3к,396
1196,3к,525
1197,3к,1082
1198,3к,939
1199,3к,376
1200,3к,730
1201,3к,3
1202,3к,875
1203,3к,332
1204,3к,4196
1205,3к,1671
1206,3к,2311
1207,3к,6073
1208,3к,315
1209,3к,1077
1210,3к,730
1211,3к,1658
1212,3к,3176
1213,3к,276
1214,3к,6351
1215,3к,4040
1216,3к,6446
1217,3к,739
1218,3к,716
1219,3к,1116
1220,3к,197
1221,3к,1596
1222,3к,5011
1223,3к,717
1224,3к,1219
1225,3к,1105
1226,3к,534
1227,3к,1435
1228,3к,683
1229,3к,424
1230,3к,224
1231,3к,3
1232,3к,8239
1233,3к,48
1234,3к,1534
1235,3к,19464
1236,3к,750
1237,3к,1371
1238,3к,118
1239,3к,97
1240,3к,48
1241,3к,224
1242,3к,1720
1243,3к,1364
1244,3к,506
1245,3к,1227
1246,3к,138
1247,3к,476
1248,3к,6661
1249,3к,765
1250,3к,119
1251,3к,1578
1252,3к,3
1253,3к,891
1254,3к,438
1255,3к,5211
1256,3к,2393
1257,3к,1214
1258,3к,1320
1259,3к,808
1260,3к,252
1261,3к,26225
1262,3к,759
1263,3к,379
1264,3к,175
1265,3к,32764
1266,3к,1464
1267,3к,112
1268,3к,766
1269,3к,1007
1270,3к,1272
1271,3к,1216
1272,3к,131
1273,3к,335
1274,3к,8670
1275,3к,518
1276,3к,325
1277,3к,7934
1278,3к,1799
1279,3к,243
1280,3к,1087
1281,3к,2395
1282,3к,1348
1283,3к,163
1284,3к,761
1285,3к,3224
1286,3к,396
1287,3к,484
1288,3к,716
1289,3к,570
1290,3к,1685
1291,3к,1734
1292,3к,860
1293,3к,562
1294,3к,4226
1295,3к,0
1296,3к,318
1297,3к,19919
1298,3к,1551
1299,3к,332
1300,3к,6680
1301,3к,2741
1302,3к,294
1303,3к,730
1304,3к,1714
1305,3к,683
1306,3к,6240
1307,3к,197
1308,3к,1094
1309,3к,5644
1310,3к,4887
1311,3к,545
1312,3к,4400
1313,3к,1155
1314,3к,2251
1315,3к,3176
1316,3к,751
1317,3к,1209
1318,3к,3
1319,3к,5111
1320,3к,4095
1321,3к,138
1322,3к,1714
1323,3к,335
1324,3к,3298
1325,3к,175
1326,3к,347
1327,3к,1136
1328,3к,1354
1329,3к,33559
1330,3к,692
1331,3к,1692
1332,3к,4581
1333,3к,936
1334,3к,1368
1335,3к,211
1336,3к,5260
1337,3к,1364
1338,3к,3
1339,3к,1283
1340,3к,1803
1341,3к,305
1342,3к,243
1343,3к,1551
1344,3к,1363
1345,3к,2260
1346,3к,996
1347,3к,888
1348,3к,438
1349,3к,860
1350,3к,1736
1351,3к,180
1352,3к,4257
1353,3к,119
1354,3к,9524
1355,3к,4611
1356,3к,751
1357,3к,224
1358,3к,2997
1359,3к,131
1360,3к,1264
1361,3к,754
1362,3к,6898
1363,3к,1356
1364,3к,20793
1365,3к,761
1366,3к,1830
1367,3к,553
1368,3к,48
1369,3к,3575
1370,3к,1102
1371,3к,5667
1372,3к,350
1373,3к,0
1374,3к,310
1375,3к,318
1376,3к,379
1377,3к,1843
1378,3к,3
1379,3к,252
1380,3к,490
1381,3к,506
1382,3к,5729
1383,3к,545
1384,3к,1591
1385,3к,798
1386,3к,5332
1387,3к,562
1388,3к,766
1389,3к,7326
1390,3к,396
1391,3к,26650
1392,3к,1007
1393,3к,1186
1394,3к,2550
1395,3к,731
1396,3к,693
1397,3к,6277
1398,3к,2440
1399,3к,1216
1400,3к,8161
1401,3к,805
1402,3к,224
1403,3к,936
1404,3к,1007
1405,3к,20793
1406,3к,252
1407,3к,805
1408,3к,35584
1409,3к,1363
1410,3к,5984
1411,3к,3438
1412,3к,131
1413,3к,7052
1414,3к,1843
1415,3к,1808
1416,3к,1010
1417,3к,347
1418,3к,7418
1419,3к,1310
1420,3к,2460
1421,3к,709
1422,3к,496
1423,3к,1382
1424,3к,1761
1425,3к,3
1426,3к,211
1427,3к,1592
1428,3к,693
1429,3к,778
1430,3к,259
1431,3к,334
1432,3к,506
1433,3к,5260
1434,3к,27520
1435,3к,1587
1436,3к,1247
1437,3к,761
1438,3к,1830
1439,3к,798
1440,3к,1131
1441,3к,5333
1442,3к,9666
1443,3к,1354
1444,3к,551
1445,3к,1692
1446,3к,175
1447,3к,402
1448,3к,763
1449,3к,2997
1450,3к,6441
1451,3к,335
1452,3к,2313
1453,3к,1159
1454,3к,348
1455,3к,8254
1456,3к,5854
1457,3к,860
1458,3к,3575
1459,3к,350
1460,3к,1296
1461,3к,318
1462,3к,4811
1463,3к,3
1464,3к,48
1465,3к,1356
1466,3к,0
1467,3к,863
1468,3к,1368
1469,3к,438
1470,3к,1714
1471,3к,138
1472,3к,1295
1473,3к,553
1474,3к,4581
1475,3к,119
1476,3к,2550
1477,3к,379
1478,3к,910
1479,3к,754
1480,3к,180
1481,3к,562
1482,3к,4257
1483,3к,1587
1484,3к,0
1485,3к,456
1486,3к,910
1487,3к,754
1488,3к,334
1489,3к,1403
1490,3к,1714
1491,3к,1010
1492,3к,402
1493,3к,506
1494,3к,379
1495,3к,761
1496,3к,35733
1497,3к,1830
1498,3к,1296
1499,3к,180
1500,3к,366
1501,3к,778
1502,3к,131
1503,3к,9808
1504,3к,20854
1505,3к,7418
1506,3к,4811
1507,3к,2460
1508,3к,4581
1509,3к,48
1510,3к,224
1511,3к,496
1512,3к,255
1513,3к,1692
1514,3к,335
1515,3к,1181
1516,3к,1354
1517,3к,4257
1518,3к,8340
1519,3к,860
1520,3к,175
1521,3к,551
1522,3к,347
1523,3к,7069
1524,3к,1808
1525,3к,562
1526,3к,1761
1527,3к,1368
1528,3к,1393
1529,3к,27598
1530,3к,252
1531,3к,6191
1532,3к,138
1533,3к,1007
1534,3к,1131
1535,3к,5864
1536,3к,2550
1537,3к,863
1538,3к,259
1539,3к,5333
1540,3к,1247
1541,3к,2334
1542,3к,3087
1543,3к,318
1544,3к,3
1545,3к,693
1546,3к,3
1547,3к,945
1548,3к,763
1549,3к,5266
1550,3к,3474
1551,3к,1843
1552,3к,1310
1553,3к,3856
1554,3к,1592
1555,3к,1382
1556,3к,350
1557,3к,715
1558,3к,1337
1559,3к,6577
1560,3к,592
1561,3к,119
1562,3к,798
1563,3к,805
1564,3к,3720
1565,3к,1822
1566,3к,1500
1567,3к,828
1568,3к,1
1569,3к,22346
1570,3к,765
1571,3к,138
1572,3к,1029
1573,3к,679
1574,3к,955
1575,3к,2661
1576,3к,416
1577,3к,11027
1578,3к,30592
1579,3к,1933
1580,3к,3
1581,3к,2134
1582,3к,366
1583,3к,184
1584,3к,131
1585,3к,362
1586,3к,528
1587,3к,879
1588,3к,3
1589,3к,2099
1590,3к,1919
1591,3к,3384
1592,3к,1040
1593,3к,5269
1594,3к,7614
1595,3к,2023
1596,3к,40796
1597,3к,230
1598,3к,8873
1599,3к,1454
1600,3к,8787
1601,3к,1130
1602,3к,730
1603,3к,344
1604,3к,4455
1605,3к,1438
1606,3к,2671
1607,3к,228
1608,3к,6603
1609,3к,1500
1610,3к,410
1611,3к,1307
1612,3к,381
1613,3к,993
1614,3к,1413
1615,3к,830
1616,3к,119
1617,3к,516
1618,3к,6021
1619,3к,685
1620,3к,1031
1621,3к,731
1622,3к,1444
1623,3к,1323
1624,3к,610
1625,3к,1490
1626,3к,1712
1627,3к,3114
1628,3к,892
1629,3к,54
1630,3к,1817
1631,3к,1257
1632,3к,1840
1633,3к,252
1634,3к,840
1635,3к,5747
1636,3к,269
1637,3к,5288
1638,3к,1380
1639,3к,6657
1640,3к,4305
1641,3к,7435
1642,3к,282
1643,3к,379
1644,3к,750
1645,3к,719
1646,3к,3259
1647,3к,228
1648,3к,3744
1649,3к,1375
1650,3к,1518
1651,3к,1882
1652,3к,840
1653,3к,1531
1654,3к,282
1655,3к,2088
1656,3к,1090
1657,3к,537
1658,3к,43591
1659,3к,4489
1660,3к,381
1661,3к,610
1662,3к,993
1663,3к,3
1664,3к,2689
1665,3к,22555
1666,3к,8911
1667,3к,248
1668,3к,3434
1669,3к,1511
1670,3к,706
1671,3к,1571
1672,3к,5454
1673,3к,1348
1674,3к,856
1675,3к,1031
1676,3к,6260
1677,3к,312
1678,3к,987
1679,3к,2150
1680,3к,751
1681,3к,750
1682,3к,4612
1683,3к,1329
1684,3к,6728
1685,3к,7631
1686,3к,1413
1687,3к,1183
1688,3к,131
1689,3к,429
1690,3к,1607
1691,3к,8058
1692,3к,1
1693,3к,1873
1694,3к,1516
1695,3к,1215
1696,3к,7297
1697,3к,54
1698,3к,410
1699,3к,5807
1700,3к,516
1701,3к,955
1702,3к,1919
1703,3к,8989
1704,3к,30967
1705,3к,405
1706,3к,362
1707,3к,1567
1708,3к,5508
1709,3к,2050
1710,3к,11576
1711,3к,138
1712,3к,1712
1713,3к,195
1714,3к,2168
1715,3к,819
1716,3к,344
1717,3к,119
1718,3к,900
1719,3к,379
1720,3к,2752
1721,3к,853
1722,3к,3
1723,3к,1881
1724,3к,842
1725,3к,374
1726,3к,325
1727,3к,1468
1728,3к,8157
1729,3к,645
1730,3к,6740
1731,3к,379
1732,3к,131
1733,3к,1406
1734,3к,9377
1735,3к,1242
1736,3к,916
1737,3к,533
1738,3к,1522
1739,3к,228
1740,3к,405
1741,3к,9370
1742,3к,2280
1743,3к,1036
1744,3к,1933
1745,3к,12095
1746,3к,45247
1747,3к,4620
1748,3к,5930
1749,3к,802
1750,3к,1982
1751,3к,7395
1752,3к,23422
1753,3к,1586
1754,3к,119
1755,3к,1628
1756,3к,5738
1757,3к,2201
1758,3к,1206
1759,3к,2881
1760,3к,7264
1761,3к,32727
1762,3к,9
1763,3к,589
1764,3к,739
1765,3к,757
1766,3к,3375
1767,3к,1303
1768,3к,1796
1769,3к,840
1770,3к,2971
1771,3к,1
1772,3к,393
1773,3к,3588
1774,3к,875
1775,3к,350
1776,3к,7932
1777,3к,1329
1778,3к,853
1779,3к,1065
1780,3к,1209
1781,3к,1698
1782,3к,1685
1783,3к,378
1784,3к,962
1785,3к,2017
1786,3к,374
1787,3к,1512
1788,3к,2184
1789,3к,3773
1790,3к,1049
1791,3к,1989
1792,3к,4662
1793,3к,58
1794,3к,2245
1795,3к,275
1796,3к,1649
1797,3к,282
1798,3к,410
1799,3к,5888
1800,3к,437
1801,3к,195
1802,3к,429
1803,3к,1762
1804,3к,899
1805,3к,750
1806,3к,3
1807,3к,7681
1808,3к,4195
1809,3к,3067
1810,3к,4680
1811,3к,978
1812,3к,845
1813,3к,8315
1814,3к,263
1815,3к,9734
1816,3к,7008
1817,3к,1661
1818,3к,33460
1819,3к,1083
1820,3к,917
1821,3к,1464
1822,3к,275
1823,3к,2324
1824,3к,1335
1825,3к,1777
1826,3к,282
1827,3к,1131
1828,3к,1635
1829,3к,119
1830,3к,1677
1831,3к,1149
1832,3к,24089
1833,3к,1832
1834,3к,3
1835,3к,1560
1836,3к,1446
1837,3к,2094
1838,3к,533
1839,3к,421
1840,3к,1816
1841,3к,853
1842,3к,465
1843,3к,8077
1844,3к,9806
1845,3к,1649
1846,3к,651
1847,3к,589
1848,3к,933
1849,3к,1239
1850,3к,611
1851,3к,228
1852,3к,6416
1853,3к,6268
1854,3к,9
1855,3к,2975
1856,3к,2213
1857,3к,1
1858,3к,131
1859,3к,378
1860,3к,405
1861,3к,3827
1862,3к,2780
1863,3к,47404
1864,3к,4692
1865,3к,2128
1866,3к,1786
1867,3к,2
1868,3к,12642
1869,3к,8440
1870,3к,343
1871,3к,371
1872,3к,758
1873,3к,943
1874,3к,2119
1875,3к,2189
1876,3к,58
1877,3к,2200
1878,3к,374
1879,3к,517
1880,3к,427
1881,3к,840
1882,3к,777
1883,3к,6031
1884,3к,1907
1885,3к,802
1886,3к,72
1887,3к,1629
1888,3к,3455
1889,3к,1316
1890,3к,1257
1891,3к,1023
1892,3к,402
1893,3к,1625
1894,3к,1812
1895,3к,5164
1896,3к,1467
1897,3к,1483
1898,3к,8634
1899,3к,7263
1900,3к,957
1901,3к,696
1902,3к,809
1903,3к,1760
1904,3к,374
1905,3к,2587
1906,3к,7404
1907,3к,35068
1908,3к,2406
1909,3к,1444
1910,3к,1148
1911,3к,4965
1912,3к,1227
1913,3к,407
1914,3к,25736
1915,3к,2607
1916,3к,52176
1917,3к,2217
1918,3к,1719
1919,3к,465
1920,3к,74
1921,3к,3
1922,3к,2314
1923,3к,2149
1924,3к,2548
1925,3к,1715
1926,3к,6880
1927,3к,3771
1928,3к,8328
1929,3к,2473
1930,3к,2357
1931,3к,191
1932,3к,629
1933,3к,475
1934,3к,594
1935,3к,13474
1936,3к,968
1937,3к,2160
1938,3к,3327
1939,3к,6586
1940,3к,10771
1941,3к,589
1942,3к,951
1943,3к,4276
1944,3к,492
1945,3к,1301
1946,3к,925
1947,3к,2048
1948,3к,131
1949,3к,10495
1950,3к,920
1951,3к,418
1952,3к,992
1953,3к,1048
1954,3к,9
1955,3к,10032
1956,3к,1753
1957,3к,2
1958,3к,5048
1959,3к,829
1960,3к,577
1961,3к,423
1962,3к,1
1963,3к,3075
1964,3к,3325
1965,3к,8993
1966,3к,172
1967,3к,228
1968,3к,786
1969,3к,497
1970,3к,2271
1971,3к,1184
1972,3к,2068
1973,3к,3694
1974,3к,4461
1975,3к,14647
1976,3к,4409
1977,3к,3494
1978,3к,359
1979,3к,2404
1980,3к,1328
1981,3к,1683
1982,3к,874
1983,3к,4939
1984,3к,60917
1985,3к,713
1986,3к,3240
1987,3к,5023
1988,3к,5505
1989,3к,1711
1990,3к,1149
1991,3к,4712
1992,3к,2780
1993,3к,733
1994,3к,8
1995,3к,12286
1996,3к,1609
1997,3к,2116
1998,3к,1301
1999,3к,2258
2000,3к,15346
2001,3к,4562
2002,3к,5212
2003,3к,1988
2004,3к,16673
2005,3к,2180
2006,3к,45141
2007,3к,2161
2008,3к,2854
2009,3к,2
2010,3к,900
2011,3к,649
2012,3к,219
2013,3к,4473
2014,3к,9052
2015,3к,6464
2016,3к,15281
2017,3к,2407
2018,3к,20404
2019,3к,13087
2020,3к,129
2021,3к,23260
2022,3к,757
2023,3к,1590
2024,3к,2
2025,3к,28580
2026,3к,1121
2027,3к,3692
2028,3к,106712
2029,3к,9898
2030,3к,9
2031,3к,1305
2032,3к,1185
2033,3к,7930
2034,3к,6770
2035,3к,2625
2036,3к,1507
2037,3к,8103
2038,3к,2408
2039,3к,4279
2040,3к,16644
2041,3к,2959
2042,3к,183
2043,3к,3225
2044,3к,2471
2045,3к,827
2046,3к,131
2047,3к,733
2048,3к,1672
2049,3к,1114
2050,3к,10663
2051,3к,3687
2052,3к,806
2053,3к,1296
2054,3к,1638
2055,3к,3688
2056,3к,204
2057,3к,28715
2058,3к,4575
2059,3к,9
2060,3к,2
2061,3к,2424
2062,3к,2398
2063,3к,5224
2064,3к,5641
2065,3к,6911
2066,3к,10901
2067,3к,1648
2068,3к,1609
2069,3к,3785
2070,3к,3714
2071,3к,2513
2072,3к,1114
2073,3к,4846
2074,3к,29
2075,3к,2043
2076,3к,1349
2077,3к,4523
2078,3к,2969
2079,3к,4551
2080,3к,23940
2081,3к,3757
2082,3к,12588
2083,3к,16966
2084,3к,2209
2085,3к,3507
2086,3к,10090
2087,3к,7946
2088,3к,3692
2089,3к,823
2090,3к,45377
2091,3к,2864
2092,3к,827
2093,3к,1158
2094,3к,4816
2095,3к,4939
2096,3к,1507
2097,3к,1296
2098,3к,16709
2099,3к,2854
2100,3к,900
2101,3к,3271
2102,3к,20633
2103,3к,2280
2104,3к,264
2105,3к,1731
2106,3к,9233
2107,3к,4285
2108,3к,2306
2109,3к,15654
2110,3к,129
2111,3к,1305
2112,3к,730
2113,3к,131
2114,3к,1121
2115,3к,359
2116,3к,183
2117,3к,8
2118,3к,908
2119,3к,2103
2120,3к,757
2121,3к,8178
2122,3к,1672
2123,3к,14638
2124,3к,3293
2125,3к,1205
2126,3к,2780
2127,3к,13349
2128,3к,733
2129,3к,62257
2130,3к,733
2131,3к,107002
2132,3к,1623
2133,3к,1729
2134,3к,5131
2135,3к,2439
2136,3к,15437
2137,3к,250
2138,3к,6522
2139,3к,1328
2140,3к,626
2141,3к,28707
2142,3к,8119
2143,3к,1643
2144,3к,1146
2145,3к,3796
2146,3к,2987
2147,3к,1517
2148,3к,2351
2149,3к,16964
2150,3к,4977
2151,3к,2378
2152,3к,900
2153,3к,24112
2154,3к,1383
2155,3к,7103
2156,3к,2275
2157,3к,3384
2158,3к,623
2159,3к,2745
2160,3к,889
2161,3к,3920
2162,3к,1193
2163,3к,4876
2164,3к,10330
2165,3к,9745
2166,3к,1131
2167,3к,17625
2168,3к,250
2169,3к,2
2170,3к,733
2171,3к,3973
2172,3к,733
2173,3к,5243
2174,3к,11162
2175,3к,2588
2176,3к,14827
2177,3к,264
2178,3к,15943
2179,3к,12656
2180,3к,757
2181,3к,5493
2182,3к,359
2183,3к,9
2184,3к,1296
2185,3к,4941
2186,3к,5641
2187,3к,129
2188,3к,3388
2189,3к,29
2190,3к,4729
2191,3к,1710
2192,3к,1199
2193,3к,1306
2194,3к,131
2195,3к,13417
2196,3к,8332
2197,3к,2212
2198,3к,21209
2199,3к,1666
2200,3к,2565
2201,3к,6663
2202,3к,2538
2203,3к,1804
2204,3к,744
2205,3к,2894
2206,3к,2103
2207,3к,3602
2208,3к,8
2209,3к,827
2210,3к,107708
2211,3к,4377
2212,3к,3005
2213,3к,918
2214,3к,183
2215,3к,45572
2216,3к,15863
2217,3к,1809
2218,3к,1408
2219,3к,62807
2220,3к,2452
2221,3к,4641
2222,3к,1663
2223,3к,4631
2224,3к,3714
2225,3к,13392
2226,3к,264
2227,3к,4556
2228,3к,5846
2229,3к,18079
2230,3к,129
2231,3к,658
2232,3к,17044
2233,3к,29166
2234,3к,131
2235,3к,3729
2236,3к,1141
2237,3к,1374
2238,3к,5416
2239,3к,8
2240,3к,756
2241,3к,2464
2242,3к,6900
2243,3к,1683
2244,3к,3309
2245,3к,3005
2246,3к,2739
2247,3к,4941
2248,3к,1756
2249,3к,733
2250,3к,3394
2251,3к,8302
2252,3к,2795
2253,3к,9873
2254,3к,2399
2255,3к,1123
2256,3к,4460
2257,3к,1332
2258,3к,1687
2259,3к,2233
2260,3к,1466
2261,3к,4889
2262,3к,10677
2263,3к,3822
2264,3к,5005
2265,3к,4148
2266,3к,12854
2267,3к,1220
2268,3к,15929
2269,3к,2148
2270,3к,1559
2271,3к,29
2272,3к,1183
2273,3к,1666
2274,3к,21655
2275,3к,64823
2276,3к,45816
2277,3к,674
2278,3к,4022
2279,3к,4725
2280,3к,250
2281,3к,827
2282,3к,25044
2283,3к,4729
2284,3к,1805
2285,3к,2601
2286,3к,915
2287,3к,3665
2288,3к,8331
2289,3к,2347
2290,3к,1252
2291,3к,183
2292,3к,16050
2293,3к,2575
2294,3к,16350
2295,3к,1296
2296,3к,2415
2297,3к,109567
2298,3к,2979
2299,3к,2929
2300,3к,11320
2301,3к,359
2302,3к,5550
2303,3к,900
2304,3к,7389
2305,3к,1809
2306,3к,9
2307,3к,2
2308,3к,1157
2309,3к,1611
2310,3к,4127
2311,3к,191
2312,3к,7012
2313,3к,1697
2314,3к,10775
2315,3к,3016
2316,3к,2422
2317,3к,9
2318,3к,1288
2319,3к,13411
2320,3к,3870
2321,3к,1703
2322,3к,2581
2323,3к,11312
2324,3к,342
2325,3к,1187
2326,3к,3789
2327,3к,722
2328,3к,110423
2329,3к,45879
2330,3к,1220
2331,3к,1804
2332,3к,3798
2333,3к,4239
2334,3к,4623
2335,3к,2159
2336,3к,1666
2337,3к,1366
2338,3к,7781
2339,3к,29102
2340,3к,2977
2341,3к,415
2342,3к,5661
2343,3к,3349
2344,3к,8286
2345,3к,15816
2346,3к,1466
2347,3к,2299
2348,3к,21819
2349,3к,1159
2350,3к,29
2351,3к,2440
2352,3к,2
2353,3к,2314
2354,3к,17322
2355,3к,5549
2356,3к,950
2357,3к,4737
2358,3к,16731
2359,3к,18873
2360,3к,1842
2361,3к,65815
2362,3к,915
2363,3к,757
2364,3к,2617
2365,3к,827
2366,3к,4938
2367,3к,18048
2368,3к,10166
2369,3к,25143
2370,3к,2764
2371,3к,2840
2372,3к,2329
2373,3к,5893
2374,3к,801
2375,3к,1189
2376,3к,4830
2377,3к,1559
2378,3к,2962
2379,3к,5019
2380,3к,131
2381,3к,8
2382,3к,250
2383,3к,1765
2384,3к,1227
2385,3к,1374
2386,3к,12846
2387,3к,129
2388,3к,3485
2389,3к,4520
2390,3к,4946
2391,3к,725
2392,3к,8331
2393,3к,17051
2394,3к,1726
2395,3к,4940
2396,3к,766
2397,3к,174
2398,3к,2
2399,3к,404
2400,3к,202
2401,3к,3118
2402,3к,2603
2403,3к,10443
2404,3к,1792
2405,3к,46106
2406,3к,1807
2407,3к,2382
2408,3к,18276
2409,3к,111647
2410,3к,3949
2411,3к,1776
2412,3к,1505
2413,3к,1876
2414,3к,11618
2415,3к,1716
2416,3к,2484
2417,3к,17558
2418,3к,131
2419,3к,4520
2420,3к,1376
2421,3к,25567
2422,3к,13166
2423,3к,2810
2424,3к,1236
2425,3к,10977
2426,3к,1012
2427,3к,13795
2428,3к,8
2429,3к,6110
2430,3к,2605
2431,3к,66261
2432,3к,3
2433,3к,3494
2434,3к,1406
2435,3к,2550
2436,3к,4643
2437,3к,3070
2438,3к,18948
2439,3к,22220
2440,3к,342
2441,3к,801
2442,3к,1804
2443,3к,1247
2444,3к,3372
2445,3к,29295
2446,3к,769
2447,3к,8406
2448,3к,8360
2449,3к,1183
2450,3к,4209
2451,3к,183
2452,3к,5042
2453,3к,4992
2454,3к,2276
2455,3к,16304
2456,3к,4956
2457,3к,3863
2458,3к,2851
2459,3к,4609
2460,3к,2345
2461,3к,2338
2462,3к,3905
2463,3к,2997
2464,3к,742
2465,3к,1330
2466,3к,4825
2467,3к,5617
2468,3к,992
2469,3к,7195
2470,3к,209
2471,3к,1172
2472,3к,1267
2473,3к,7799
2474,3к,1696
2475,3к,5673
2476,3к,827
2477,3к,2909
2478,3к,3045
2479,3к,2747
2480,3к,8
2481,3к,8522
2482,3к,2311
2483,3к,8361
2484,3к,174
2485,3к,404
2486,3к,2756
2487,3к,202
2488,3к,747
2489,3к,1269
2490,3к,5858
2491,3к,16603
2492,3к,766
2493,3к,2193
2494,3к,1421
2495,3к,17805
2496,3к,4328
2497,3к,1330
2498,3к,2681
2499,3к,2512
2500,3к,7280
2501,3к,3839
2502,3к,5104
2503,3к,8088
2504,3к,4981
2505,3к,1942
2506,3к,1183
2507,3к,4668
2508,3к,10554
2509,3к,801
2510,3к,1030
2511,3к,5020
2512,3к,46370
2513,3к,22447
2514,3к,183
2515,3к,1247
2516,3к,910
2517,3к,1739
2518,3к,1376
2519,3к,11221
2520,3к,1763
2521,3к,5639
2522,3к,2667
2523,3к,811
2524,3к,5142
2525,3к,4520
2526,3к,90
2527,3к,131
2528,3к,3507
2529,3к,3976
2530,3к,1696
2531,3к,25875
2532,3к,2345
2533,3к,19323
2534,3к,3378
2535,3к,112111
2536,3к,1787
2537,3к,1826
2538,3к,11822
2539,3к,1559
2540,3к,1005
2541,3к,4790
2542,3к,3164
2543,3к,17285
2544,3к,1186
2545,3к,66699
2546,3к,3081
2547,3к,18843
2548,3к,6346
2549,3к,1582
2550,3к,229
2551,3к,13929
2552,3к,13393
2553,3к,1264
2554,3к,2385
2555,3к,474
2556,3к,3
2557,3к,3947
2558,3к,1822
2559,3к,29288
2560,3к,4981
2561,3к,22933
2562,3к,3856
2563,3к,18864
2564,3к,1735
2565,3к,1180
2566,3к,1509
2567,3к,2781
2568,3к,8
2569,3к,5070
2570,3к,1851
2571,3к,7435
2572,3к,14007
2573,3к,1304
2574,3к,5191
2575,3к,1885
2576,3к,5105
2577,3к,6274
2578,3к,801
2579,3к,1376
2580,3к,1867
2581,3к,13809
2582,3к,3023
2583,3к,4884
2584,3к,2569
2585,3к,3409
2586,3к,2749
2587,3к,4341
2588,3к,202
2589,3к,2677
2590,3к,1421
2591,3к,8092
2592,3к,483
2593,3к,67715
2594,3к,46555
2595,3к,26488
2596,3к,871
2597,3к,1559
2598,3к,3181
2599,3к,1204
2600,3к,18875
2601,3к,1834
2602,3к,4016
2603,3к,766
2604,3к,229
2605,3к,5217
2606,3к,5858
2607,3к,2324
2608,3к,3
2609,3к,19401
2610,3к,8682
2611,3к,1427
2612,3к,29667
2613,3к,16762
2614,3к,1706
2615,3к,2231
2616,3к,2385
2617,3к,10897
2618,3к,3152
2619,3к,910
2620,3к,4688
2621,3к,1039
2622,3к,235
2623,3к,4519
2624,3к,1099
2625,3к,5209
2626,3к,3623
2627,3к,131
2628,3к,1763
2629,3к,5804
2630,3к,3078
2631,3к,851
2632,3к,1361
2633,3к,1263
2634,3к,3948
2635,3к,11272
2636,3к,17495
2637,3к,404
2638,3к,173
2639,3к,114854
2640,3к,2745
2641,3к,8722
2642,3к,90
2643,3к,12002
2644,3к,2357
2645,3к,3152
2646,3к,5307
2647,3к,3
2648,3к,8203
2649,3к,7571
2650,3к,47166
2651,3к,4738
2652,3к,1375
2653,3к,2388
2654,3к,537
2655,3к,3416
2656,3к,1850
2657,3к,90
2658,3к,2231
2659,3к,1229
2660,3к,5298
2661,3к,2822
2662,3к,0
2663,3к,1810
2664,3к,3147
2665,3к,1308
2666,3к,1526
2667,3к,116891
2668,3к,886
2669,3к,4113
2670,3к,69015
2671,3к,766
2672,3к,26617
2673,3к,229
2674,3к,1430
2675,3к,2758
2676,3к,202
2677,3к,5907
2678,3к,11235
2679,3к,2878
2680,3к,2404
2681,3к,871
2682,3к,1063
2683,3к,173
2684,3к,12394
2685,3к,3078
2686,3к,5152
2687,3к,1475
2688,3к,20243
2689,3к,3184
2690,3к,1099
2691,3к,6583
2692,3к,5481
2693,3к,2352
2694,3к,3902
2695,3к,5985
2696,3к,801
2697,3к,14421
2698,3к,23160
2699,3к,404
2700,3к,1749
2701,3к,17120
2702,3к,29631
2703,3к,8852
2704,3к,19327
2705,3к,1376
2706,3к,1878
2707,3к,8709
2708,3к,2686
2709,3к,1229
2710,3к,18978
2711,3к,5206
2712,3к,1767
2713,3к,270
2714,3к,131
2715,3к,8
2716,3к,4179
2717,3к,2794
2718,3к,14745
2719,3к,11521
2720,3к,5383
2721,3к,4487
2722,3к,3637
2723,3к,1755
2724,3к,980
2725,3к,1283
2726,3к,1923
2727,3к,17833
2728,3к,4545
2729,3к,1892
2730,3к,2828
2731,3к,7659
2732,3к,905
2733,3к,1865
2734,3к,2474
2735,3к,2343
2736,3к,17669
2737,3к,5614
2738,3к,766
2739,3к,1391
2740,3к,1964
2741,3к,1099
2742,3к,1285
2743,3к,2825
2744,3к,1308
2745,3к,5477
2746,3к,8
2747,3к,119290
2748,3к,1749
2749,3к,897
2750,3к,537
2751,3к,5363
2752,3к,131
2753,3к,90
2754,3к,5357
2755,3к,290
2756,3к,29989
2757,3к,6758
2758,3к,2390
2759,3к,71449
2760,3к,1317
2761,3к,2262
2762,3к,1542
2763,3к,18371
2764,3к,19398
2765,3к,1186
2766,3к,6008
2767,3к,1767
2768,3к,8934
2769,3к,3174
2770,3к,3794
2771,3к,3402
2772,3к,12
2773,3к,5181
2774,3к,3918
2775,3к,404
2776,3к,229
2777,3к,27309
2778,3к,4316
2779,3к,3193
2780,3к,1470
2781,3к,4131
2782,3к,4586
2783,3к,293
2784,3к,11534
2785,3к,2000
2786,3к,1826
2787,3к,173
2788,3к,3163
2789,3к,3431
2790,3к,15314
2791,3к,1430
2792,3к,5442
2793,3к,11519
2794,3к,2376
2795,3к,14735
2796,3к,23223
2797,3к,989
2798,3к,4848
2799,3к,9130
2800,3к,8522
2801,3к,1752
2802,3к,4534
2803,3к,3
2804,3к,2883
2805,3к,6008
2806,3к,12764
2807,3к,1943
2808,3к,20608
2809,3к,1242
2810,3к,2796
2811,3к,1475
2812,3к,47387
2813,3к,19673
2814,3к,2882
2815,3к,1409
2816,3к,12949
2817,3к,121136
2818,3к,2870
2819,3к,1543
2820,3к,47967
2821,3к,5181
2822,3к,5886
2823,3к,30068
2824,3к,2822
2825,3к,6809
2826,3к,23818
2827,3к,1511
2828,3к,2017
2829,3к,1848
2830,3к,19481
2831,3к,2048
2832,3к,5552
2833,3к,2601
2834,3к,4606
2835,3к,8
2836,3к,11684
2837,3к,6122
2838,3к,2489
2839,3к,229
2840,3к,3210
2841,3к,3224
2842,3к,766
2843,3к,5449
2844,3к,1962
2845,3к,27709
2846,3к,1283
2847,3к,5428
2848,3к,8852
2849,3к,17967
2850,3к,974
2851,3к,72519
2852,3к,643
2853,3к,3977
2854,3к,3408
2855,3к,1480
2856,3к,19791
2857,3к,1138
2858,3к,5011
2859,3к,7829
2860,3к,306
2861,3к,2844
2862,3к,173
2863,3к,2390
2864,3к,1347
2865,3к,3163
2866,3к,15261
2867,3к,3
2868,3к,1558
2869,3к,11673
2870,3к,3118
2871,3к,15968
2872,3к,1396
2873,3к,905
2874,3к,1285
2875,3к,2949
2876,3к,1011
2877,3к,12
2878,3к,150
2879,3к,90
2880,3к,1766
2881,3к,4180
2882,3к,1763
2883,3к,4363
2884,3к,4624
2885,3к,9087
2886,3к,1350
2887,3к,9212
2888,3к,1762
2889,3к,1877
2890,3к,2403
2891,3к,3952
2892,3к,2277
2893,3к,3433
2894,3к,0
2895,3к,20990
2896,3к,18939
2897,3к,293
2898,3к,404
2899,3к,5581
2900,3к,6287
2901,3к,1460
2902,3к,20168
2903,3к,0
2904,3к,1568
2905,3к,1406
2906,3к,2290
2907,3к,1877
2908,3к,15581
2909,3к,6945
2910,3к,3520
2911,3к,74657
2912,3к,4429
2913,3к,4643
2914,3к,1543
2915,3к,5417
2916,3к,2009
2917,3к,1019
2918,3к,1409
2919,3к,3200
2920,3к,1799
2921,3к,1660
2922,3к,4221
2923,3к,3402
2924,3к,821
2925,3к,9547
2926,3к,1095
2927,3к,6008
2928,3к,2491
2929,3к,2136
2930,3к,3125
2931,3к,2633
2932,3к,13031
2933,3к,2928
2934,3к,3217
2935,3к,4267
2936,3к,173
2937,3к,5218
2938,3к,6242
2939,3к,1747
2940,3к,24149
2941,3к,11757
2942,3к,1396
2943,3к,19241
2944,3к,31470
2945,3к,28273
2946,3к,3160
2947,3к,2603
2948,3к,9052
2949,3к,1283
2950,3к,90
2951,3к,1511
2952,3к,5730
2953,3к,1136
2954,3к,1789
2955,3к,20280
2956,3к,8988
2957,3к,150
2958,3к,306
2959,3к,16640
2960,3к,5574
2961,3к,229
2962,3к,1821
2963,3к,3
2964,3к,1952
2965,3к,404
2966,3к,4166
2967,3к,12
2968,3к,5211
2969,3к,5661
2970,3к,3434
2971,3к,293
2972,3к,22008
2973,3к,124505
2974,3к,905
2975,3к,18292
2976,3к,6405
2977,3к,2993
2978,3к,776
2979,3к,48637
2980,3к,2327
2981,3к,2835
2982,3к,2403
2983,3к,4795
2984,3к,8
2985,3к,12134
2986,3к,7975
2987,3к,31848
2988,3к,8
2989,3к,4318
2990,3к,2775
2991,3к,3125
2992,3к,2403
2993,3к,6426
2994,3к,5877
2995,3к,7032
2996,3к,3224
2997,3к,821
2998,3к,9078
2999,3к,3237
3000,3к,6012
3001,3к,22106
3002,3к,5351
3003,3к,293
3004,3к,11822
3005,3к,3187
3006,3к,1462
3007,3к,9580
3008,3к,404
3009,3к,4674
3010,3к,2027
3011,3к,4165
3012,3к,922
3013,3к,1865
3014,3к,1283
3015,3к,816
3016,3к,74950
3017,3к,1813
3018,3к,1952
3019,3к,1424
3020,3к,4227
3021,3к,229
3022,3к,5580
3023,3к,3005
3024,3к,13159
3025,3к,3
3026,3к,3617
3027,3к,20437
3028,3к,16672
3029,3к,3566
3030,3к,90
3031,3к,2930
3032,3к,9081
3033,3к,1543
3034,3к,28415
3035,3к,5418
3036,3к,12375
3037,3к,1038
3038,3к,1406
3039,3к,12
3040,3к,48746
3041,3к,4882
3042,3к,5701
3043,3к,1880
3044,3к,173
3045,3к,18281
3046,3к,7993
3047,3к,3489
3048,3к,2135
3049,3к,2669
3050,3к,2424
3051,3к,2486
3052,3к,6244
3053,3к,150
3054,3к,1811
3055,3к,1729
3056,3к,1396
3057,3к,2257
3058,3к,125323
3059,3к,306
3060,3к,2603
3061,3к,20484
3062,3к,1670
3063,3к,19242
3064,3к,15642
3065,3к,1136
3066,3к,5154
3067,3к,24404
3068,3к,1644
3069,3к,4507
3070,3к,1529
3071,3к,0
3072,3к,1072
3073,3к,2486
3074,3к,9358
3075,3к,6037
3076,3к,850
3077,3к,3088
3078,3к,32009
3079,3к,1339
3080,3к,4333
3081,3к,12558
3082,3к,4511
3083,3к,3318
3084,3к,49244
3085,3к,3644
3086,3к,18273
3087,3к,28664
3088,3к,4716
3089,3к,1644
3090,3к,1462
3091,3к,5859
3092,3к,0
3093,3к,11769
3094,3к,2818
3095,3к,1813
3096,3к,6426
3097,3к,3287
3098,3к,236
3099,3к,3
3100,3к,404
3101,3к,819
3102,3к,4200
3103,3к,6477
3104,3к,3589
3105,3к,4346
3106,3к,2424
3107,3к,8129
3108,3к,20701
3109,3к,5683
3110,3к,2214
3111,3к,17001
3112,3к,5452
3113,3к,7278
3114,3к,9699
3115,3к,293
3116,3к,1952
3117,3к,2403
3118,3к,1913
3119,3к,3103
3120,3к,6046
3121,3к,75380
3122,3к,3225
3123,3к,24753
3124,3к,1670
3125,3к,1638
3126,3к,1467
3127,3к,1430
3128,3к,922
3129,3к,1159
3130,3к,1396
3131,3к,1089
3132,3к,9127
3133,3к,1833
3134,3к,150
3135,3к,16005
3136,3к,12
3137,3к,2027
3138,3к,19329
3139,3к,13541
3140,3к,8
3141,3к,1579
3142,3к,1913
3143,3к,5306
3144,3к,2625
3145,3к,3566
3146,3к,22322
3147,3к,5452
3148,3к,90
3149,3к,306
3150,3к,1167
3151,3к,2271
3152,3к,125791
3153,3к,173
3154,3к,2652
3155,3к,3125
3156,3к,4944
3157,3к,20706
3158,3к,1668
3159,3к,1670
3160,3к,0
3161,3к,11941
3162,3к,4374
3163,3к,12510
3164,3к,5376
3165,3к,1723
3166,3к,4717
3167,3к,173
3168,3к,1644
3169,3к,3327
3170,3к,3250
3171,3к,1813
3172,3к,1348
3173,3к,2403
3174,3к,9377
3175,3к,2057
3176,3к,20752
3177,3к,306
3178,3к,5437
3179,3к,19811
3180,3к,3329
3181,3к,2710
3182,3к,2526
3183,3к,1681
3184,3к,1214
3185,3к,7834
3186,3к,2625
3187,3к,13573
3188,3к,6114
3189,3к,2677
3190,3к,1943
3191,3к,29171
3192,3к,8
3193,3к,9746
3194,3к,1104
3195,3к,8178
3196,3к,150
3197,3к,6294
3198,3к,6540
3199,3к,25200
3200,3к,3633
3201,3к,5726
3202,3к,1429
3203,3к,6426
3204,3к,819
3205,3к,1462
3206,3к,90
3207,3к,1909
3208,3к,1595
3209,3к,2868
3210,3к,3591
3211,3к,3230
3212,3к,1467
3213,3к,6002
3214,3к,1833
3215,3к,404
3216,3к,9466
3217,3к,49440
3218,3к,16689
3219,3к,16747
3220,3к,1444
3221,3к,20836
3222,3к,4752
3223,3к,23315
3224,3к,5471
3225,3к,2276
3226,3к,922
3227,3к,3
3228,3к,2691
3229,3к,4486
3230,3к,4967
3231,3к,866
3232,3к,36
3233,3к,4432
3234,3к,128662
3235,3к,3631
3236,3к,32467
3237,3к,236
3238,3к,75788
3239,3к,18835
3240,3к,1176
3241,3к,2337
3242,3к,293
3243,3к,3356
3244,3к,3126
3245,3к,3156
3246,3к,5599
3247,3к,236
3248,3к,2736
3249,3к,2057
3250,3к,4590
3251,3к,4510
3252,3к,24
3253,3к,5861
3254,3к,6572
3255,3к,21059
3256,3к,6221
3257,3к,1843
3258,3к,21030
3259,3к,49512
3260,3к,1812
3261,3к,1340
3262,3к,5518
3263,3к,8279
3264,3к,150
3265,3к,8037
3266,3к,17296
3267,3к,8
3268,3к,3649
3269,3к,322
3270,3к,2710
3271,3к,1767
3272,3к,6171
3273,3к,0
3274,3к,6426
3275,3к,3639
3276,3к,2355
3277,3к,3353
3278,3к,4813
3279,3к,3535
3280,3к,3594
3281,3к,1139
3282,3к,1852
3283,3к,76961
3284,3к,3301
3285,3к,9874
3286,3к,1966
3287,3к,404
3288,3к,5176
3289,3к,6488
3290,3к,1603
3291,3к,1263
3292,3к,33030
3293,3к,2687
3294,3к,937
3295,3к,1505
3296,3к,90
3297,3к,1208
3298,3к,4440
3299,3к,293
3300,3к,5428
3301,3к,129687
3302,3к,3415
3303,3к,2436
3304,3к,866
3305,3к,830
3306,3к,2402
3307,3к,1644
3308,3к,13816
3309,3к,173
3310,3к,2935
3311,3к,36
3312,3к,4784
3313,3к,9549
3314,3к,1669
3315,3к,17001
3316,3к,2434
3317,3к,20550
3318,3к,19134
3319,3к,3244
3320,3к,12499
3321,3к,1961
3322,3к,12036
3323,3к,2664
3324,3к,1445
3325,3к,23600
3326,3к,25743
3327,3к,1484
3328,3к,9759
3329,3к,3
3330,3к,1511
3331,3к,29906
3332,3к,3370
3333,3к,1856
3334,3к,17464
3335,3к,176
3336,3к,131663
3337,3к,4647
3338,3к,1818
3339,3к,2085
3340,3к,23907
3341,3к,906
3342,3к,14154
3343,3к,3641
3344,3к,6426
3345,3к,9867
3346,3к,77772
3347,3к,2370
3348,3к,2401
3349,3к,3289
3350,3к,1289
3351,3к,33240
3352,3к,8
3353,3к,5572
3354,3к,49607
3355,3к,12090
3356,3к,5958
3357,3к,2687
3358,3к,3389
3359,3к,284
3360,3к,1852
3361,3к,20703
3362,3к,1628
3363,3к,9549
3364,3к,2512
3365,3к,1492
3366,3к,4863
3367,3к,1770
3368,3к,150
3369,3к,1273
3370,3к,2054
3371,3к,3632
3372,3к,2967
3373,3к,2722
3374,3к,50
3375,3к,106
3376,3к,6384
3377,3к,1505
3378,3к,1672
3379,3к,12672
3380,3к,5700
3381,3к,404
3382,3к,17100
3383,3к,30452
3384,3к,5207
3385,3к,4592
3386,3к,3
3387,3к,2776
3388,3к,0
3389,3к,1528
3390,3к,6555
3391,3к,3431
3392,3к,4548
3393,3к,1975
3394,3к,2446
3395,3к,937
3396,3к,3639
3397,3к,322
3398,3к,9923
3399,3к,8116
3400,3к,3147
3401,3к,3687
3402,3к,8451
3403,3к,26187
3404,3к,359
3405,3к,6316
3406,3к,1286
3407,3к,1556
3408,3к,21180
3409,3к,19478
3410,3к,4981
3411,3к,1344
3412,3к,2679
3413,3к,1756
3414,3к,21168
3415,3к,830
3416,3к,90
3417,3к,5490
3418,3к,6719
3419,3к,5692
3420,3к,6478
3421,3к,21889
3422,3к,4731
3423,3к,6784
3424,3к,359
3425,3к,19861
3426,3к,2718
3427,3к,24380
3428,3к,2335
3429,3к,3382
3430,3к,1286
3431,3к,3468
3432,3к,9936
3433,3к,8668
3434,3к,133956
3435,3к,3199
3436,3к,21578
3437,3к,20784
3438,3к,320
3439,3к,1297
3440,3к,2390
3441,3к,6781
3442,3к,1819
3443,3к,830
3444,3к,1273
3445,3к,5498
3446,3к,2015
3447,3к,9894
3448,3к,5021
3449,3к,5578
3450,3к,8129
3451,3к,4932
3452,3к,78605
3453,3к,1975
3454,3к,341
3455,3к,1502
3456,3к,12288
3457,3к,3407
3458,3к,3403
3459,3к,952
3460,3к,2806
3461,3к,1878
3462,3к,30810
3463,3к,1868
3464,3к,49725
3465,3к,13321
3466,3к,1534
3467,3к,150
3468,3к,2720
3469,3к,1402
3470,3к,2452
3471,3к,90
3472,3к,5295
3473,3к,6369
3474,3к,411
3475,3к,7039
3476,3к,4969
3477,3к,3758
3478,3к,3
3479,3к,33255
3480,3к,17401
3481,3к,3956
3482,3к,2209
3483,3к,3001
3484,3к,2624
3485,3к,3890
3486,3к,8
3487,3к,3642
3488,3к,176
3489,3к,1595
3490,3к,9691
3491,3к,2845
3492,3к,906
3493,3к,1672
3494,3к,90
3495,3к,2466
3496,3к,1556
3497,3к,4795
3498,3к,1650
3499,3к,179
3500,3к,26553
3501,3к,0
3502,3к,14471
3503,3к,1784
3504,3к,17958
3505,3к,6594
3506,3к,1326
3507,3к,0
3508,3к,5749
3509,3к,2414
3510,3к,3403
3511,3к,6372
3512,3к,2478
3513,3к,21107
3514,3к,5013
3515,3к,8
3516,3к,3826
3517,3к,10173
3518,3к,5520
3519,3к,411
3520,3к,7011
3521,3к,14635
3522,3к,8711
3523,3к,5240
3524,3к,17487
3525,3к,9930
3526,3к,950
3527,3к,22058
3528,3к,2466
3529,3к,4801
3530,3к,8216
3531,3к,2353
3532,3к,9863
3533,3к,31345
3534,3к,3577
3535,3к,906
3536,3к,1672
3537,3к,1556
3538,3к,3176
3539,3к,192
3540,3к,830
3541,3к,3940
3542,3к,341
3543,3к,18233
3544,3к,145
3545,3к,4803
3546,3к,1868
3547,3к,20751
3548,3к,25087
3549,3к,1784
3550,3к,320
3551,3к,2780
3552,3к,2852
3553,3к,2733
3554,3к,131
3555,3к,2528
3556,3к,21849
3557,3к,134512
3558,3к,1326
3559,3к,1274
3560,3к,1899
3561,3к,1674
3562,3к,6974
3563,3к,1416
3564,3к,182
3565,3к,3001
3566,3к,389
3567,3к,1522
3568,3к,2233
3569,3к,90
3570,3к,33538
3571,3к,6549
3572,3к,13511
3573,3к,79039
3574,3к,4775
3575,3к,3415
3576,3к,6497
3577,3к,1975
3578,3к,3959
3579,3к,5333
3580,3к,26799
3581,3к,3438
3582,3к,3642
3583,3к,5671
3584,3к,2958
3585,3к,7210
3586,3к,2006
3587,3к,1534
3588,3к,1757
3589,3к,12690
3590,3к,13
3591,3к,49750
3592,3к,1939
3593,3к,2130
3594,3к,10239
3595,3к,27256
3596,3к,3058
3597,3к,2536
3598,3к,0
3599,3к,8361
3600,3к,1663
3601,3к,347
3602,3к,22312
3603,3к,3980
3604,3к,13
3605,3к,25384
3606,3к,14938
3607,3к,1939
3608,3к,2733
3609,3к,5776
3610,3к,3536
3611,3к,1815
3612,3к,18343
3613,3к,20991
3614,3к,34321
3615,3к,198
3616,3к,2443
3617,3к,5032
3618,3к,3534
3619,3к,4859
3620,3к,79443
3621,3к,973
3622,3к,31489
3623,3к,2796
3624,3к,22633
3625,3к,2436
3626,3к,5390
3627,3к,7160
3628,3к,137863
3629,3к,1694
3630,3к,3176
3631,3к,1784
3632,3к,13482
3633,3к,2598
3634,3к,5577
3635,3к,2847
3636,3к,1428
3637,3к,6412
3638,3к,3444
3639,3к,7418
3640,3к,3613
3641,3к,222
3642,3к,2478
3643,3к,425
3644,3к,1867
3645,3к,17521
3646,3к,3660
3647,3к,6612
3648,3к,2328
3649,3к,131
3650,3к,1672
3651,3к,1567
3652,3к,5320
3653,3к,4264
3654,3к,2032
3655,3к,9984
3656,3к,4884
3657,3к,830
3658,3к,21216
3659,3к,5690
3660,3к,6582
3661,3к,7012
3662,3к,142
3663,3к,4981
3664,3к,159
3665,3к,558
3666,3к,1517
3667,3к,1522
3668,3к,49785
3669,3к,4018
3670,3к,906
3671,3к,1426
3672,3к,10115
3673,3к,1372
3674,3к,9021
3675,3к,57
3676,3к,3493
3677,3к,341
3678,3к,1899
3679,3к,12803
3680,3к,2729
3681,3к,12924
3682,3к,1433
3683,3к,2586
3684,3к,1372
3685,3к,2436
3686,3к,49998
3687,3к,2425
3688,3к,7225
3689,3к,7068
3690,3к,1905
3691,3к,76
3692,3к,17610
3693,3к,1835
3694,3к,23194
3695,3к,5335
3696,3к,198
3697,3к,6737
3698,3к,142
3699,3к,8567
3700,3к,558
3701,3к,21468
3702,3к,10260
3703,3к,830
3704,3к,7464
3705,3к,5888
3706,3к,3658
3707,3к,5585
3708,3к,28291
3709,3к,4398
3710,3к,79622
3711,3к,3058
3712,3к,1577
3713,3к,222
3714,3к,2646
3715,3к,347
3716,3к,3547
3717,3к,3582
3718,3к,4890
3719,3к,138907
3720,3к,18619
3721,3к,2047
3722,3к,1663
3723,3к,2858
3724,3к,25505
3725,3к,4104
3726,3к,2486
3727,3к,2130
3728,3к,1818
3729,3к,2826
3730,3к,3609
3731,3к,5690
3732,3к,1715
3733,3к,1549
3734,3к,4883
3735,3к,13843
3736,3к,0
3737,3к,6547
3738,3к,1481
3739,3к,1558
3740,3к,4011
3741,3к,3539
3742,3к,425
3743,3к,131
3744,3к,1953
3745,3к,5103
3746,3к,3664
3747,3к,9418
3748,3к,973
3749,3к,5538
3750,3к,31698
3751,3к,10100
3752,3к,906
3753,3к,21343
3754,3к,1933
3755,3к,349
3756,3к,4994
3757,3к,1694
3758,3к,34697
3759,3к,10210
3760,3к,68
3761,3к,22727
3762,3к,2328
3763,3к,6620
3764,3к,159
3765,3к,15012
3766,3к,3222
3767,3к,5668
3768,3к,3141
3769,3к,2765
3770,3к,10071
3771,3к,2774
3772,3к,7166
3773,3к,1715
3774,3к,1516
3775,3к,5584
3776,3к,991
3777,3к,14177
3778,3к,5021
3779,3к,23610
3780,3к,2329
3781,3к,1668
3782,3к,21630
3783,3к,13066
3784,3к,1352
3785,3к,1597
3786,3к,3560
3787,3к,558
3788,3к,6611
3789,3к,4993
3790,3к,76
3791,3к,1634
3792,3к,2053
3793,3к,6550
3794,3к,830
3795,3к,3623
3796,3к,386
3797,3к,8766
3798,3к,7221
3799,3к,6755
3800,3к,5972
3801,3к,29046
3802,3к,159
3803,3к,3033
3804,3к,68
3805,3к,4201
3806,3к,15105
3807,3к,3566
3808,3к,141343
3809,3к,1922
3810,3к,2032
3811,3к,425
3812,3к,19010
3813,3к,3829
3814,3к,3728
3815,3к,9624
3816,3к,906
3817,3к,1565
3818,3к,1855
3819,3к,0
3820,3к,142
3821,3к,4088
3822,3к,21710
3823,3к,2511
3824,3к,9985
3825,3к,26469
3826,3к,3627
3827,3к,18887
3828,3к,5337
3829,3к,3222
3830,3к,4922
3831,3к,1694
3832,3к,2212
3833,3к,2854
3834,3к,4092
3835,3к,10460
3836,3к,31533
3837,3к,283
3838,3к,2608
3839,3к,5792
3840,3к,1898
3841,3к,131
3842,3к,50008
3843,3к,35658
3844,3к,1433
3845,3к,348
3846,3к,23225
3847,3к,198
3848,3к,2486
3849,3к,5105
3850,3к,2087
3851,3к,7510
3852,3к,2452
3853,3к,80210
3854,3к,7234
3855,3к,131
3856,3к,5584
3857,3к,29629
3858,3к,7273
3859,3к,4120
3860,3к,3222
3861,3к,7658
3862,3к,1715
3863,3к,68
3864,3к,2452
3865,3к,141546
3866,3к,1750
3867,3к,14469
3868,3к,5792
3869,3к,5202
3870,3к,2900
3871,3к,15217
3872,3к,425
3873,3к,18938
3874,3к,3229
3875,3к,10636
3876,3к,159
3877,3к,6554
3878,3к,362
3879,3к,4092
3880,3к,10280
3881,3к,18972
3882,3к,142
3883,3к,1566
3884,3к,830
3885,3к,426
3886,3к,2531
3887,3к,9744
3888,3к,5792
3889,3к,31284
3890,3к,5973
3891,3к,1597
3892,3к,2280
3893,3к,0
3894,3к,3566
3895,3к,2107
3896,3к,76
3897,3к,5343
3898,3к,1457
3899,3к,2689
3900,3к,23926
3901,3к,1930
3902,3к,26699
3903,3к,2075
3904,3к,23163
3905,3к,21801
3906,3к,2971
3907,3к,4201
3908,3к,5048
3909,3к,23235
3910,3к,8966
3911,3к,2941
3912,3к,3109
3913,3к,1043
3914,3к,13167
3915,3к,3720
3916,3к,1907
3917,3к,1756
3918,3к,3554
3919,3к,3633
3920,3к,1926
3921,3к,1926
3922,3к,2087
3923,3к,558
3924,3к,283
3925,3к,80449
3926,3к,1573
3927,3к,198
3928,3к,4993
3929,3к,36157
3930,3к,3829
3931,3к,2329
3932,3к,10112
3933,3к,50054
3934,3к,5097
3935,3к,2782
3936,3к,3736
3937,3к,906
3938,3к,6595
3939,3к,6913
3940,3к,1427
3941,3к,14687
3942,3к,143964
3943,3к,7197
3944,3к,5376
3945,3к,3554
3946,3к,159
3947,3к,2691
3948,3к,0
3949,3к,2819
3950,3к,1757
3951,3к,5833
3952,3к,1462
3953,3к,1908
3954,3к,7352
3955,3к,178
3956,3к,9823
3957,3к,369
3958,3к,24047
3959,3к,6647
3960,3к,4227
3961,3к,10131
3962,3к,1579
3963,3к,1570
3964,3к,9275
3965,3к,1930
3966,3к,81407
3967,3к,5106
3968,3к,5096
3969,3к,2782
3970,3к,131
3971,3к,1597
3972,3к,2281
3973,3к,68
3974,3к,954
3975,3к,24674
3976,3к,3237
3977,3к,198
3978,3к,3651
3979,3к,10434
3980,3к,6575
3981,3к,7730
3982,3к,5617
3983,3к,3787
3984,3к,425
3985,3к,1750
3986,3к,31616
3987,3к,5999
3988,3к,50200
3989,3к,852
3990,3к,474
3991,3к,13227
3992,3к,1428
3993,3к,7315
3994,3к,22461
3995,3к,4336
3996,3к,558
3997,3к,3833
3998,3к,2075
3999,3к,3561
4000,3к,2107
4001,3к,2444
4002,3к,304
4003,3к,24100
4004,3к,1930
4005,3к,3729
4006,3к,10702
4007,3к,4053
4008,3к,2342
4009,3к,1715
4010,3к,19103
4011,3к,5255
4012,3к,15233
4013,3к,36315
4014,3к,5948
4015,3к,2087
4016,3к,5110
4017,3к,2997
4018,3к,1067
4019,3к,2981
4020,3к,18844
4021,3к,76
4022,3к,30462
4023,3к,3302
4024,3к,2529
4025,3к,27102
4026,3к,1968
4027,3к,3145
4028,3к,0
4029,3к,14824
4030,3к,48566
4031,3к,3491
4032,3к,7470
4033,3к,2795
4034,3к,5627
4035,3к,3750
4036,3к,32138
4037,3к,68
4038,3к,1757
4039,3к,1653
4040,3к,3554
4041,3к,1750
4042,3к,7374
4043,3к,425
4044,3к,10728
4045,3к,3023
4046,3к,1067
4047,3к,3865
4048,3к,474
4049,3к,198
4050,3к,3037
4051,3к,24105
4052,3к,3148
4053,3к,30872
4054,3к,1570
4055,3к,2691
4056,3к,5985
4057,3к,1715
4058,3к,2444
4059,3к,5043
4060,3к,6695
4061,3к,1499
4062,3к,5816
4063,3к,4089
4064,3к,2588
4065,3к,9922
4066,3к,9355
4067,3к,8169
4068,3к,36344
4069,3к,3729
4070,3к,1968
4071,3к,186
4072,3к,15328
4073,3к,4231
4074,3к,27136
4075,3к,24664
4076,3к,5385
4077,3к,2342
4078,3к,10182
4079,3к,18978
4080,3к,2075
4081,3к,1948
4082,3к,6647
4083,3к,1597
4084,3к,3561
4085,3к,1436
4086,3к,852
4087,3к,304
4088,3к,3247
4089,3к,2107
4090,3к,1914
4091,3к,22652
4092,3к,4326
4093,3к,2693
4094,3к,5136
4095,3к,131
4096,3к,1908
4097,3к,5948
4098,3к,13251
4099,3к,81421
4100,3к,24087
4101,3к,19154
4102,3к,76
4103,3к,159
4104,3к,2281
4105,3к,10433
4106,3к,587
4107,3к,5229
4108,3к,2145
4109,3к,5360
4110,3к,954
4111,3к,144552
4112,3к,369
4113,3к,3874
4114,3к,7234
4115,3к,76
4116,3к,1504
4117,3к,10307
4118,3к,6007
4119,3к,32185
4120,3к,7412
4121,3к,7254
4122,3к,4070
4123,3к,2230
4124,3к,1573
4125,3к,3757
4126,3к,9881
4127,3к,9355
4128,3к,425
4129,3к,24235
4130,3к,2827
4131,3к,198
4132,3к,587
4133,3к,8216
4134,3к,3042
4135,3к,1067
4136,3к,1967
4137,3к,81757
4138,3к,5165
4139,3к,145218
4140,3к,6716
4141,3к,22753
4142,3к,852
4143,3к,3330
4144,3к,131
4145,3к,5876
4146,3к,3472
4147,3к,5249
4148,3к,0
4149,3к,369
4150,3к,5256
4151,3к,1716
4152,3к,314
4153,3к,15032
4154,3к,180
4155,3к,3241
4156,3к,1946
4157,3к,24123
4158,3к,1669
4159,3к,4238
4160,3к,24921
4161,3к,3616
4162,3к,2693
4163,3к,10182
4164,3к,3037
4165,3к,15979
4166,3к,159
4167,3к,6651
4168,3к,4323
4169,3к,954
4170,3к,3561
4171,3к,1908
4172,3к,68
4173,3к,1623
4174,3к,2604
4175,3к,3936
4176,3к,2193
4177,3к,19325
4178,3к,36512
4179,3к,27356
4180,3к,1948
4181,3к,2144
4182,3к,13309
4183,3к,2490
4184,3к,3864
4185,3к,31077
4186,3к,7830
4187,3к,48701
4188,3к,5627
4189,3к,1550
4190,3к,2691
4191,3к,5379
4192,3к,1767
4193,3к,19181
4194,3к,2342
4195,3к,474
4196,3к,5405
4197,3к,10824
4198,3к,2075
4199,3к,4022
4200,3к,6005
4201,3к,1737
4202,3к,180
4203,3к,5888
4204,3к,1716
4205,3к,5390
4206,3к,7426
4207,3к,6654
4208,3к,1888
4209,3к,1573
4210,3к,852
4211,3к,198
4212,3к,2375
4213,3к,2733
4214,3к,10403
4215,3к,1813
4216,3к,10015
4217,3к,3492
4218,3к,5256
4219,3к,2137
4220,3к,5628
4221,3к,2075
4222,3к,3887
4223,3к,16245
4224,3к,13434
4225,3к,3081
4226,3к,24816
4227,3к,2510
4228,3к,6751
4229,3к,76
4230,3к,3616
4231,3к,15195
4232,3к,8447
4233,3к,5421
4234,3к,2914
4235,3к,0
4236,3к,587
4237,3к,2027
4238,3к,2604
4239,3к,7254
4240,3к,1594
4241,3к,19334
4242,3к,6145
4243,3к,5295
4244,3к,32396
4245,3к,6135
4246,3к,2261
4247,3к,7830
4248,3к,3563
4249,3к,1946
4250,3к,19545
4251,3к,11094
4252,3к,979
4253,3к,146170
4254,3к,3751
4255,3к,4365
4256,3к,10356
4257,3к,24583
4258,3к,2490
4259,3к,474
4260,3к,4117
4261,3к,27483
4262,3к,31398
4263,3к,5165
4264,3к,3330
4265,3к,131
4266,3к,4058
4267,3к,2765
4268,3к,9360
4269,3к,4349
4270,3к,82121
4271,3к,3584
4272,3к,1063
4273,3к,3063
4274,3к,37146
4275,3к,1643
4276,3к,22795
4277,3к,159
4278,3к,425
4279,3к,369
4280,3к,68
4281,3к,1669
4282,3к,2002
4283,3к,1541
4284,3к,49095
4285,3к,351
4286,3к,25306
4287,3к,4012
4288,3к,1737
4289,3к,3667
4290,3к,159
4291,3к,2365
4292,3к,8964
4293,3к,5638
4294,3к,2472
4295,3к,11914
4296,3к,7457
4297,3к,9080
4298,3к,89974
4299,3к,83
4300,3к,3007
4301,3к,2299
4302,3к,1672
4303,3к,4572
4304,3к,4836
4305,3к,9007
4306,3к,2884
4307,3к,12176
4308,3к,7089
4309,3к,12798
4310,3к,3602
4311,3к,976
4312,3к,701
4313,3к,1236
4314,3к,2962
4315,3к,3624
4316,3к,6224
4317,3к,7254
4318,3к,27903
4319,3к,8681
4320,3к,1596
4321,3к,157549
4322,3к,3167
4323,3к,22106
4324,3к,10321
4325,3к,36262
4326,3к,76
4327,3к,3674
4328,3к,4138
4329,3к,1845
4330,3к,25491
4331,3к,1962
4332,3к,4564
4333,3к,2530
4334,3к,37249
4335,3к,1945
4336,3к,28481
4337,3к,29607
4338,3к,3110
4339,3к,3519
4340,3к,2796
4341,3к,14753
4342,3к,511
4343,3к,16486
4344,3к,1998
4345,3к,2547
4346,3к,6670
4347,3к,6409
4348,3к,7135
4349,3к,2898
4350,3к,0
4351,3к,370
4352,3к,28
4353,3к,2238
4354,3к,6302
4355,3к,1743
4356,3к,474
4357,3к,1355
4358,3к,6647
4359,3к,2033
4360,3к,169
4361,3к,380
4362,3к,2145
4363,3к,4039
4364,3к,25157
4365,3к,18038
4366,3к,4520
4367,3к,286
4368,3к,2666
4369,3к,6180
4370,3к,217
4371,3к,41131
4372,3к,4043
4373,3к,4703
4374,3к,22072
4375,3к,12337
4376,3к,54223
4377,3к,28482
4378,3к,25430
4379,3к,3606
4380,3к,380
4381,3к,22165
4382,3к,4740
4383,3к,1762
4384,3к,37182
4385,3к,2953
4386,3к,29888
4387,3к,41002
4388,3к,6180
4389,3к,2678
4390,3к,147
4391,3к,1371
4392,3к,28
4393,3к,158132
4394,3к,0
4395,3к,4098
4396,3к,6690
4397,3к,3677
4398,3к,2265
4399,3к,169
4400,3к,701
4401,3к,1236
4402,3к,286
4403,3к,2958
4404,3к,2900
4405,3к,7502
4406,3к,6278
4407,3к,11914
4408,3к,14817
4409,3к,217
4410,3к,2964
4411,3к,8967
4412,3к,1712
4413,3к,83
4414,3к,4627
4415,3к,16498
4416,3к,6385
4417,3к,2472
4418,3к,2607
4419,3к,4022
4420,3к,6439
4421,3к,7270
4422,3к,4182
4423,3к,4593
4424,3к,2118
4425,3к,511
4426,3к,3685
4427,3к,3519
4428,3к,54436
4429,3к,12243
4430,3к,25630
4431,3к,159
4432,3к,2016
4433,3к,1872
4434,3к,90163
4435,3к,21937
4436,3к,976
4437,3к,6650
4438,3к,13160
4439,3к,36569
4440,3к,3674
4441,3к,3267
4442,3к,2299
4443,3к,1970
4444,3к,3110
4445,3к,399
4446,3к,1744
4447,3к,8681
4448,3к,2007
4449,3к,18102
4450,3к,5647
4451,3к,9211
4452,3к,9245
4453,3к,28061
4454,3к,2067
4455,3к,7194
4456,3к,2253
4457,3к,7089
4458,3к,2530
4459,3к,4575
4460,3к,3007
4461,3к,10319
4462,3к,474
4463,3к,4874
4464,3к,12331
4465,3к,3682
4466,3к,2265
4467,3к,9323
4468,3к,37401
4469,3к,3606
4470,3к,1687
4471,3к,4755
4472,3к,4135
4473,3к,25695
4474,3к,7404
4475,3к,1371
4476,3к,10511
4477,3к,976
4478,3к,1784
4479,3к,5647
4480,3к,6217
4481,3к,8791
4482,3к,2007
4483,3к,159
4484,3к,4655
4485,3к,3007
4486,3к,286
4487,3к,1263
4488,3к,0
4489,3к,4874
4490,3к,3012
4491,3к,2299
4492,3к,12637
4493,3к,7518
4494,3к,159172
4495,3к,16726
4496,3к,9364
4497,3к,217
4498,3к,511
4499,3к,58
4500,3к,1499
4501,3к,22226
4502,3к,3107
4503,3к,2954
4504,3к,14900
4505,3к,2584
4506,3к,7238
4507,3к,2118
4508,3к,2109
4509,3к,4594
4510,3к,2562
4511,3к,1874
4512,3к,41275
4513,3к,9085
4514,3к,4231
4515,3к,90552
4516,3к,6698
4517,3к,30057
4518,3к,6740
4519,3к,6287
4520,3к,701
4521,3к,22498
4522,3к,474
4523,3к,13222
4524,3к,4789
4525,3к,3411
4526,3к,1756
4527,3к,169
4528,3к,2016
4529,3к,3693
4530,3к,453
4531,3к,25526
4532,3к,4058
4533,3к,6385
4534,3к,12331
4535,3к,6424
4536,3к,28222
4537,3к,147
4538,3к,380
4539,3к,3677
4540,3к,36663
4541,3к,2900
4542,3к,83
4543,3к,28690
4544,3к,12075
4545,3к,3674
4546,3к,2067
4547,3к,54458
4548,3к,7252
4549,3к,18406
4550,3к,2499
4551,3к,2739
4552,3к,2278
4553,3к,26059
4554,3к,4076
4555,3к,14925
4556,3к,4594
4557,3к,4886
4558,3к,12525
4559,3к,159310
4560,3к,6745
4561,3к,159
4562,3к,4851
4563,3к,9497
4564,3к,3692
4565,3к,3674
4566,3к,54567
4567,3к,3677
4568,3к,2301
4569,3к,474
4570,3к,6513
4571,3к,2140
4572,3к,12075
4573,3к,83
4574,3к,8882
4575,3к,1841
4576,3к,2826
4577,3к,9498
4578,3к,58
4579,3к,7414
4580,3к,7268
4581,3к,2016
4582,3к,2971
4583,3к,321
4584,3к,22792
4585,3к,2286
4586,3к,3107
4587,3к,2172
4588,3к,16861
4589,3к,4886
4590,3к,470
4591,3к,6903
4592,3к,2111
4593,3к,701
4594,3к,0
4595,3к,18787
4596,3к,147
4597,3к,286
4598,3к,5672
4599,3к,2562
4600,3к,3411
4601,3к,6350
4602,3к,6489
4603,3к,9524
4604,3к,169
4605,3к,10607
4606,3к,29061
4607,3к,3606
4608,3к,7248
4609,3к,2499
4610,3к,380
4611,3к,3697
4612,3к,7600
4613,3к,2259
4614,3к,6215
4615,3к,2900
4616,3к,1722
4617,3к,1371
4618,3к,13339
4619,3к,30287
4620,3к,37041
4621,3к,1884
4622,3к,22751
4623,3к,3055
4624,3к,41392
4625,3к,37971
4626,3к,513
4627,3к,25890
4628,3к,4655
4629,3к,28401
4630,3к,4290
4631,3к,1000
4632,3к,2602
4633,3к,1837
4634,3к,90465
4635,3к,3055
4636,3к,1499
4637,3к,1263
4638,3к,2370
4639,3к,12667
4640,3к,4198
4641,3к,37946
4642,3к,513
4643,3к,3055
4644,3к,4331
4645,3к,28947
4646,3к,10631
4647,3к,2890
4648,3к,54640
4649,3к,169
4650,3к,3077
4651,3к,2515
4652,3к,6292
4653,3к,147
4654,3к,83
4655,3к,12700
4656,3к,4198
4657,3к,4091
4658,3к,13533
4659,3к,1950
4660,3к,2562
4661,3к,7468
4662,3к,161
4663,3к,3692
4664,3к,288
4665,3к,2050
4666,3к,474
4667,3к,9503
4668,3к,6787
4669,3к,58
4670,3к,2187
4671,3к,23007
4672,3к,2995
4673,3к,1549
4674,3к,2140
4675,3к,3614
4676,3к,2602
4677,3к,7346
4678,3к,3135
4679,3к,5006
4680,3к,26143
4681,3к,7699
4682,3к,6530
4683,3к,2127
4684,3к,2909
4685,3к,3706
4686,3к,29281
4687,3к,26209
4688,3к,1870
4689,3к,8953
4690,3к,9632
4691,3к,2555
4692,3к,593
4693,3к,4886
4694,3к,4856
4695,3к,5676
4696,3к,12636
4697,3к,160432
4698,3к,596
4699,3к,761
4700,3к,1841
4701,3к,17183
4702,3к,1371
4703,3к,6901
4704,3к,7483
4705,3к,386
4706,3к,4635
4707,3к,2259
4708,3к,9615
4709,3к,6576
4710,3к,1736
4711,3к,19166
4712,3к,0
4713,3к,2330
4714,3к,12178
4715,3к,41699
4716,3к,3434
4717,3к,30693
4718,3к,1025
4719,3к,2341
4720,3к,14971
4721,3к,4655
4722,3к,90567
4723,3к,3712
4724,3к,3810
4725,3к,37543
4726,3к,6463
4727,3к,1286
4728,3к,22861
4729,3к,2211
4730,3к,7504
4731,3к,6669
4732,3к,7550
4733,3к,3180
4734,3к,26376
4735,3к,2270
4736,3к,386
4737,3к,2729
4738,3к,37852
4739,3к,169
4740,3к,6465
4741,3к,620
4742,3к,2515
4743,3к,3712
4744,3к,6642
4745,3к,30934
4746,3к,9715
4747,3к,54722
4748,3к,3055
4749,3к,13569
4750,3к,28980
4751,3к,30391
4752,3к,4091
4753,3к,2050
4754,3к,2411
4755,3к,9592
4756,3к,10760
4757,3к,4886
4758,3к,42722
4759,3к,5685
4760,3к,4273
4761,3к,1286
4762,3к,90944
4763,3к,5095
4764,3к,305
4765,3к,23192
4766,3к,12698
4767,3к,788
4768,3к,19156
4769,3к,2140
4770,3к,3109
4771,3к,177
4772,3к,565
4773,3к,17275
4774,3к,4946
4775,3к,1033
4776,3к,12916
4777,3к,9783
4778,3к,9017
4779,3к,2566
4780,3к,0
4781,3к,38034
4782,3к,3883
4783,3к,2909
4784,3к,2329
4785,3к,161029
4786,3к,2946
4787,3к,3435
4788,3к,4697
4789,3к,6289
4790,3к,7765
4791,3к,513
4792,3к,3750
4793,3к,474
4794,3к,1379
4795,3к,4189
4796,3к,26386
4797,3к,3692
4798,3к,2259
4799,3к,1737
4800,3к,7471
4801,3к,6838
4802,3к,3634
4803,3к,12205
4804,3к,15046
4805,3к,4691
4806,3к,1792
4807,3к,22954
4808,3к,1932
4809,3к,169
4810,3к,6898
4811,3к,1886
4812,3к,3048
4813,3к,58
4814,3к,83
4815,3к,2562
4816,3к,1950
4817,3к,1814
4818,3к,3681
4819,3к,26533
4820,3к,386
4821,3к,4918
4822,3к,1317
4823,3к,43853
4824,3к,6655
4825,3к,7617
4826,3к,13015
4827,3к,6298
4828,3к,2140
4829,3к,3934
4830,3к,4198
4831,3к,12246
4832,3к,2123
4833,3к,188
4834,3к,60
4835,3к,23399
4836,3к,5306
4837,3к,683
4838,3к,9110
4839,3к,9636
4840,3к,1932
4841,3к,4113
4842,3к,3208
4843,3к,9835
4844,3к,5694
4845,3к,91603
4846,3к,1763
4847,3к,6885
4848,3к,9861
4849,3к,3092
4850,3к,2233
4851,3к,31054
4852,3к,513
4853,3к,15083
4854,3к,17334
4855,3к,6559
4856,3к,38531
4857,3к,3829
4858,3к,27169
4859,3к,169
4860,3к,4686
4861,3к,2562
4862,3к,3712
4863,3к,1531
4864,3к,1993
4865,3к,2270
4866,3к,7907
4867,3к,3465
4868,3к,0
4869,3к,23500
4870,3к,4273
4871,3к,30976
4872,3к,2640
4873,3к,161902
4874,3к,1033
4875,3к,169
4876,3к,2307
4877,3к,573
4878,3к,10879
4879,3к,2521
4880,3к,2423
4881,3к,55076
4882,3к,2268
4883,3к,7106
4884,3к,19553
4885,3к,13813
4886,3к,12914
4887,3к,3109
4888,3к,3106
4889,3к,83
4890,3к,3636
4891,3к,4733
4892,3к,319
4893,3к,788
4894,3к,7601
4895,3к,2091
4896,3к,38210
4897,3к,3165
4898,3к,6928
4899,3к,474
4900,3к,4987
4901,3к,2991
4902,3к,7593
4903,3к,29053
4904,3к,2859
4905,3к,4742
4906,3к,3234
4907,3к,169
4908,3к,788
4909,3к,2140
4910,3к,3681
4911,3к,2291
4912,3к,5030
4913,3к,31281
4914,3к,26692
4915,3к,1866
4916,3к,2593
4917,3к,2394
4918,3к,3165
4919,3к,60
4920,3к,3117
4921,3к,1933
4922,3к,3627
4923,3к,1771
4924,3к,2100
4925,3к,19567
4926,3к,2903
4927,3к,1033
4928,3к,7949
4929,3к,2269
4930,3к,605
4931,3к,13065
4932,3к,3953
4933,3к,176
4934,3к,13077
4935,3к,2475
4936,3к,842
4937,3к,6947
4938,3к,9837
4939,3к,27010
4940,3к,7648
4941,3к,3651
4942,3к,15188
4943,3к,7185
4944,3к,162166
4945,3к,6655
4946,3к,83
4947,3к,6351
4948,3к,23669
4949,3к,651
4950,3к,12608
4951,3к,7030
4952,3к,6661
4953,3к,4174
4954,3к,5060
4955,3к,2565
4956,3к,7633
4957,3к,5734
4958,3к,0
4959,3к,3092
4960,3к,5364
4961,3к,29270
4962,3к,23439
4963,3к,295
4964,3к,9125
4965,3к,2141
4966,3к,31334
4967,3к,386
4968,3к,3829
4969,3к,2029
4970,3к,55446
4971,3к,3126
4972,3к,43805
4973,3к,17457
4974,3к,1531
4975,3к,7699
4976,3к,2675
4977,3к,2356
4978,3к,13937
4979,3к,1317
4980,3к,10973
4981,3к,3712
4982,3к,4277
4983,3к,91775
4984,3к,38339
4985,3к,9942
4986,3к,4265
4987,3к,319
4988,3к,9877
4989,3к,38755
4990,3к,3027
4991,3к,4872
4992,3к,474
4993,3к,4593
4994,3к,23632
4995,3к,3248
4996,3к,8040
4997,3к,1319
4998,3к,500
4999,3к,11197
5000,3к,176
5001,3к,161750
5002,3к,3117
5003,3к,3829
5004,3к,636
5005,3к,2319
5006,3к,3174
5007,3к,4315
5008,3к,2505
5009,3к,12641
5010,3к,44168
5011,3к,6726
5012,3к,9854
5013,3к,2408
5014,3к,9864
5015,3к,2140
5016,3к,9157
5017,3к,7668
5018,3к,4227
5019,3к,1953
5020,3к,44
5021,3к,400
5022,3к,2682
5023,3к,6391
5024,3к,7654
5025,3к,31824
5026,3к,4316
5027,3к,295
5028,3к,27153
5029,3к,1033
5030,3к,2036
5031,3к,3164
5032,3к,3023
5033,3к,386
5034,3к,93083
5035,3к,6655
5036,3к,2188
5037,3к,3681
5038,3к,7742
5039,3к,3849
5040,3к,2791
5041,3к,7062
5042,3к,60
5043,3к,24039
5044,3к,806
5045,3к,7180
5046,3к,2605
5047,3к,83
5048,3к,27303
5049,3к,2610
5050,3к,3649
5051,3к,55872
5052,3к,2650
5053,3к,1546
5054,3к,3746
5055,3к,31545
5056,3к,3057
5057,3к,17681
5058,3к,885
5059,3к,13150
5060,3к,5310
5061,3к,1771
5062,3к,2394
5063,3к,4006
5064,3к,7016
5065,3к,2269
5066,3к,3092
5067,3к,29472
5068,3к,14196
5069,3к,15263
5070,3к,19715
5071,3к,38670
5072,3к,5080
5073,3к,5369
5074,3к,48
5075,3к,5066
5076,3к,169
5077,3к,13167
5078,3к,703
5079,3к,5788
5080,3к,9952
5081,3к,39989
5082,3к,2745
5083,3к,9860
5084,3к,44098
5085,3к,169
5086,3к,2685
5087,3к,12761
5088,3к,6479
5089,3к,1546
5090,3к,7070
5091,3к,15263
5092,3к,6664
5093,3к,48
5094,3к,3627
5095,3к,1365
5096,3к,7651
5097,3к,14195
5098,3к,7029
5099,3к,3263
5100,3к,11307
5101,3к,13150
5102,3к,3119
5103,3к,4593
5104,3к,31927
5105,3к,1953
5106,3к,2269
5107,3к,163601
5108,3к,93935
5109,3к,1927
5110,3к,703
5111,3к,3649
5112,3к,5400
5113,3к,6759
5114,3к,2394
5115,3к,2140
5116,3к,2791
5117,3к,386
5118,3к,5120
5119,3к,24308
5120,3к,32088
5121,3к,23632
5122,3к,83
5123,3к,5216
5124,3к,44
5125,3к,13167
5126,3к,3829
5127,3к,3092
5128,3к,3008
5129,3к,56062
5130,3к,807
5131,3к,27497
5132,3к,723
5133,3к,38739
5134,3к,8091
5135,3к,10292
5136,3к,19783
5137,3к,29592
5138,3к,17833
5139,3к,60
5140,3к,3852
5141,3к,4321
5142,3к,295
5143,3к,4330
5144,3к,176
5145,3к,1033
5146,3к,2307
5147,3к,4264
5148,3к,2188
5149,3к,2052
5150,3к,7740
5151,3к,3224
5152,3к,10092
5153,3к,9322
5154,3к,7180
5155,3к,1199
5156,3к,3176
5157,3к,3057
5158,3к,2547
5159,3к,27237
5160,3к,2610
5161,3к,7696
5162,3к,500
5163,3к,4022
5164,3к,2658
5165,3к,3858
5166,3к,5788
5167,3к,400
5168,3к,5383
5169,3к,2424
5170,3к,40393
5171,3к,386
5172,3к,23779
5173,3к,94438
5174,3к,7675
5175,3к,5448
5176,3к,40212
5177,3к,6765
5178,3к,7740
5179,3к,3649
5180,3к,13297
5181,3к,2188
5182,3к,2608
5183,3к,164143
5184,3к,44410
5185,3к,6748
5186,3к,2763
5187,3к,2658
5188,3к,7346
5189,3к,3057
5190,3к,295
5191,3к,15400
5192,3к,10412
5193,3к,39267
5194,3к,8170
5195,3к,1063
5196,3к,3312
5197,3к,3119
5198,3к,2052
5199,3к,169
5200,3к,4331
5201,3к,48
5202,3к,3852
5203,3к,176
5204,3к,4378
5205,3к,10229
5206,3к,7688
5207,3к,3829
5208,3к,18319
5209,3к,1975
5210,3к,848
5211,3к,3008
5212,3к,3934
5213,3к,5586
5214,3к,6682
5215,3к,2610
5216,3к,5787
5217,3к,19904
5218,3к,2269
5219,3к,12795
5220,3к,4619
5221,3к,31650
5222,3к,29575
5223,3к,9871
5224,3к,1570
5225,3к,2393
5226,3к,2791
5227,3к,7163
5228,3к,2140
5229,3к,807
5230,3к,56421
5231,3к,3072
5232,3к,62
5233,3к,500
5234,3к,24327
5235,3к,400
5236,3к,4022
5237,3к,4264
5238,3к,27876
5239,3к,7278
5240,3к,3302
5241,3к,2353
5242,3к,9323
5243,3к,27922
5244,3к,2547
5245,3к,44
5246,3к,13411
5247,3к,3189
5248,3к,705
5249,3к,3128
5250,3к,14382
5251,3к,1199
5252,3к,3627
5253,3к,5120
5254,3к,11412
5255,3к,1389
5256,3к,32575
5257,3к,107
5258,3к,1955
5259,3к,5439
5260,3к,400
5261,3к,32730
5262,3к,56500
5263,3к,2743
5264,3к,13538
5265,3к,11103
5266,3к,31742
5267,3к,386
5268,3к,4022
5269,3к,4456
5270,3к,6821
5271,3к,1103
5272,3к,1199
5273,3к,3137
5274,3к,3076
5275,3к,9914
5276,3к,6712
5277,3к,7753
5278,3к,14452
5279,3к,8227
5280,3к,176
5281,3к,5799
5282,3к,1995
5283,3к,20048
5284,3к,1986
5285,3к,5725
5286,3к,3220
5287,3к,28367
5288,3к,500
5289,3к,3096
5290,3к,12801
5291,3к,2140
5292,3к,4103
5293,3к,5475
5294,3к,62
5295,3к,3303
5296,3к,3868
5297,3к,4289
5298,3к,9401
5299,3к,11517
5300,3к,3829
5301,3к,7410
5302,3к,2361
5303,3к,705
5304,3к,40503
5305,3к,2666
5306,3к,15429
5307,3к,169
5308,3к,7664
5309,3к,2791
5310,3к,7772
5311,3к,1570
5312,3к,4597
5313,3к,44532
5314,3к,4331
5315,3к,3198
5316,3к,824
5317,3к,7345
5318,3к,5531
5319,3к,1113
5320,3к,6914
5321,3к,24423
5322,3к,2682
5323,3к,18801
5324,3к,29940
5325,3к,2198
5326,3к,107
5327,3к,13404
5328,3к,295
5329,3к,2747
5330,3к,2337
5331,3к,10269
5332,3к,7238
5333,3к,39699
5334,3к,3190
5335,3к,3363
5336,3к,48
5337,3к,1389
5338,3к,2071
5339,3к,3752
5340,3к,2408
5341,3к,164692
5342,3к,27952
5343,3к,94779
5344,3к,2564
5345,3к,23913
5346,3к,3633
5347,3к,5285
5348,3к,44
5349,3к,4050
5350,3к,2157
5351,3к,20075
5352,3к,5298
5353,3к,24644
5354,3к,3678
5355,3к,169
5356,3к,2079
5357,3к,3516
5358,3к,7446
5359,3к,7686
5360,3к,11189
5361,3к,3282
5362,3к,10329
5363,3к,14496
5364,3к,1127
5365,3к,18932
5366,3к,2308
5367,3к,13619
5368,3к,3137
5369,3к,705
5370,3к,4332
5371,3к,4450
5372,3к,44
5373,3к,5806
5374,3к,3932
5375,3к,44837
5376,3к,500
5377,3к,2428
5378,3к,40299
5379,3к,5530
5380,3к,3220
5381,3к,56785
5382,3к,1570
5383,3к,2664
5384,3к,1103
5385,3к,95229
5386,3к,40618
5387,3к,3816
5388,3к,1996
5389,3к,2747
5390,3к,6961
5391,3к,6833
5392,3к,7829
5393,3к,4103
5394,3к,2374
5395,3к,176
5396,3к,2564
5397,3к,28228
5398,3к,3190
5399,3к,9459
5400,3к,1389
5401,3к,386
5402,3к,30195
5403,3к,7391
5404,3к,2791
5405,3к,13127
5406,3к,3929
5407,3к,11567
5408,3к,824
5409,3к,32814
5410,3к,5748
5411,3к,107
5412,3к,1230
5413,3к,73
5414,3к,32024
5415,3к,9896
5416,3к,4612
5417,3к,4324
5418,3к,48
5419,3к,7552
5420,3к,7043
5421,3к,7869
5422,3к,3045
5423,3к,8269
5424,3к,2814
5425,3к,2432
5426,3к,15503
5427,3к,2747
5428,3к,28605
5429,3к,165038
5430,3к,24074
5431,3к,295
5432,3к,5683
5433,3к,3326
5434,3к,400
5435,3к,3133
5436,3к,2076
5437,3к,13723
5438,3к,4332
5439,3к,28388
5440,3к,15644
5441,3к,11589
5442,3к,3157
5443,3к,2354
5444,3к,1230
5445,3к,5332
5446,3к,3961
5447,3к,1103
5448,3к,3407
5449,3к,4462
5450,3к,6833
5451,3к,1260
5452,3к,2445
5453,3к,1570
5454,3к,7070
5455,3к,7435
5456,3к,169
5457,3к,14626
5458,3к,9499
5459,3к,20142
5460,3к,500
5461,3к,386
5462,3к,3856
5463,3к,845
5464,3к,9896
5465,3к,2374
5466,3к,13815
5467,3к,705
5468,3к,6961
5469,3к,30648
5470,3к,3504
5471,3к,13993
5472,3к,3137
5473,3к,28534
5474,3к,3269
5475,3к,32936
5476,3к,56819
5477,3к,2765
5478,3к,2812
5479,3к,24681
5480,3к,13143
5481,3к,3940
5482,3к,10348
5483,3к,176
5484,3к,3137
5485,3к,7831
5486,3к,73
5487,3к,3285
5488,3к,95323
5489,3к,4339
5490,3к,5765
5491,3к,2018
5492,3к,40488
5493,3к,2793
5494,3к,4640
5495,3к,295
5496,3к,1410
5497,3к,3414
5498,3к,2682
5499,3к,3702
5500,3к,32023
5501,3к,4125
5502,3к,2450
5503,3к,165436
5504,3к,11405
5505,3к,432
5506,3к,44
5507,3к,2746
5508,3к,19015
5509,3к,2079
5510,3к,5715
5511,3к,8398
5512,3к,7603
5513,3к,7720
5514,3к,7965
5515,3к,5590
5516,3к,24074
5517,3к,4050
5518,3к,2142
5519,3к,48
5520,3к,5806
5521,3к,44742
5522,3к,2157
5523,3к,2589
5524,3к,40890
5525,3к,7552
5526,3к,107
5527,3к,169
5528,3к,3749
5529,3к,14937
5530,3к,19248
5531,3к,48
5532,3к,95815
5533,3к,4675
5534,3к,2451
5535,3к,5329
5536,3к,10575
5537,3к,7022
5538,3к,2918
5539,3к,4384
5540,3к,7857
5541,3к,9554
5542,3к,44
5543,3к,13832
5544,3к,166146
5545,3к,1410
5546,3к,2079
5547,3к,3309
5548,3к,40263
5549,3к,5828
5550,3к,2725
5551,3к,2760
5552,3к,56978
5553,3к,73
5554,3к,24187
5555,3к,3983
5556,3к,500
5557,3к,41403
5558,3к,3389
5559,3к,3303
5560,3к,24909
5561,3к,32101
5562,3к,3876
5563,3к,3137
5564,3к,4475
5565,3к,8013
5566,3к,4078
5567,3к,1288
5568,3к,7809
5569,3к,3178
5570,3к,1592
5571,3к,2033
5572,3к,3137
5573,3к,8677
5574,3к,3424
5575,3к,5861
5576,3к,5654
5577,3к,7390
5578,3к,28689
5579,3к,4286
5580,3к,7822
5581,3к,2223
5582,3к,2451
5583,3к,2589
5584,3к,20226
5585,3к,325
5586,3к,14051
5587,3к,7616
5588,3к,11482
5589,3к,30756
5590,3к,13296
5591,3к,432
5592,3к,3503
5593,3к,5832
5594,3к,107
5595,3к,2142
5596,3к,4335
5597,3к,386
5598,3к,6909
5599,3к,7193
5600,3к,712
5601,3к,15994
5602,3к,2391
5603,3к,845
5604,3к,44994
5605,3к,11673
5606,3к,1230
5607,3к,10033
5608,3к,1161
5609,3к,28868
5610,3к,33026
5611,3к,2833
5612,3к,2354
5613,3к,2863
5614,3к,3944
5615,3к,176
1,4к+,0
2,4к+,0
3,4к+,4
4,4к+,0
5,4к+,0
6,4к+,10
7,4к+,0
8,4к+,3
9,4к+,0
10,4к+,0
11,4к+,0
12,4к+,0
13,4к+,0
14,4к+,0
15,4к+,35
16,4к+,0
17,4к+,0
18,4к+,10
19,4к+,0
20,4к+,14
21,4к+,16
22,4к+,0
23,4к+,5
24,4к+,14
25,4к+,0
26,4к+,0
27,4к+,0
28,4к+,0
29,4к+,0
30,4к+,6
31,4к+,0
32,4к+,0
33,4к+,1
34,4к+,0
35,4к+,0
36,4к+,0
37,4к+,0
38,4к+,0
39,4к+,0
40,4к+,0
41,4к+,0
42,4к+,0
43,4к+,24
44,4к+,6
45,4к+,0
46,4к+,0
47,4к+,0
48,4к+,80
49,4к+,21
50,4к+,0
51,4к+,0
52,4к+,13
53,4к+,0
54,4к+,0
55,4к+,0
56,4к+,7
57,4к+,0
58,4к+,1
59,4к+,0
60,4к+,0
61,4к+,0
62,4к+,0
63,4к+,0
64,4к+,6
65,4к+,10
66,4к+,0
67,4к+,0
68,4к+,8
69,4к+,9
70,4к+,0
71,4к+,0
72,4к+,0
73,4к+,0
74,4к+,13
75,4к+,47
76,4к+,0
77,4к+,0
78,4к+,1
79,4к+,0
80,4к+,0
81,4к+,2
82,4к+,0
83,4к+,0
84,4к+,36
85,4к+,0
86,4к+,0
87,4к+,7
88,4к+,4
89,4к+,0
90,4к+,0
91,4к+,0
92,4к+,0
93,4к+,0
94,4к+,0
95,4к+,0
96,4к+,0
97,4к+,6
98,4к+,0
99,4к+,0
100,4к+,10
101,4к+,0
102,4к+,7
103,4к+,14
104,4к+,0
105,4к+,0
106,4к+,0
107,4к+,1
108,4к+,0
109,4к+,0
110,4к+,3
111,4к+,0
112,4к+,17
113,4к+,0
114,4к+,0
115,4к+,0
116,4к+,0
117,4к+,80
118,4к+,0
119,4к+,0
120,4к+,0
121,4к+,9
122,4к+,1
123,4к+,58
124,4к+,18
125,4к+,0
126,4к+,18
127,4к+,0
128,4к+,20
129,4к+,0
130,4к+,16
131,4к+,57
132,4к+,0
133,4к+,0
134,4к+,0
135,4к+,0
136,4к+,38
137,4к+,4
138,4к+,0
139,4к+,89
140,4к+,0
141,4к+,9
142,4к+,0
143,4к+,0
144,4к+,0
145,4к+,0
146,4к+,0
147,4к+,0
148,4к+,54
149,4к+,0
150,4к+,66
151,4к+,0
152,4к+,0
153,4к+,0
154,4к+,3
155,4к+,18
156,4к+,4
157,4к+,0
158,4к+,0
159,4к+,0
160,4к+,0
161,4к+,6
162,4к+,0
163,4к+,3
164,4к+,0
165,4к+,0
166,4к+,82
167,4к+,0
168,4к+,14
169,4к+,0
170,4к+,0
171,4к+,8
172,4к+,17
173,4к+,0
174,4к+,7
175,4к+,95
176,4к+,0
177,4к+,28
178,4к+,0
179,4к+,30
180,4к+,1
181,4к+,9
182,4к+,9
183,4к+,0
184,4к+,0
185,4к+,4
186,4к+,0
187,4к+,10
188,4к+,0
189,4к+,0
190,4к+,0
191,4к+,0
192,4к+,10
193,4к+,0
194,4к+,28
195,4к+,17
196,4к+,0
197,4к+,116
198,4к+,0
199,4к+,0
200,4к+,0
201,4к+,14
202,4к+,0
203,4к+,22
204,4к+,2
205,4к+,39
206,4к+,8
207,4к+,6
208,4к+,3
209,4к+,0
210,4к+,38
211,4к+,12
212,4к+,0
213,4к+,14
214,4к+,0
215,4к+,0
216,4к+,23
217,4к+,8
218,4к+,18
219,4к+,0
220,4к+,28
221,4к+,122
222,4к+,9
223,4к+,17
224,4к+,0
225,4к+,0
226,4к+,0
227,4к+,14
228,4к+,0
229,4к+,6
230,4к+,0
231,4к+,0
232,4к+,6
233,4к+,2
234,4к+,0
235,4к+,1
236,4к+,176
237,4к+,3
238,4к+,111
239,4к+,29
240,4к+,0
241,4к+,8
242,4к+,0
243,4к+,0
244,4к+,0
245,4к+,0
246,4к+,0
247,4к+,15
248,4к+,10
249,4к+,145
250,4к+,0
251,4к+,4
252,4к+,0
253,4к+,6
254,4к+,40
255,4к+,54
256,4к+,0
257,4к+,0
258,4к+,0
259,4к+,3
260,4к+,28
261,4к+,4
262,4к+,121
263,4к+,0
264,4к+,1
265,4к+,10
266,4к+,0
267,4к+,10
268,4к+,0
269,4к+,0
270,4к+,14
271,4к+,0
272,4к+,4
273,4к+,0
274,4к+,4
275,4к+,9
276,4к+,0
277,4к+,0
278,4к+,28
279,4к+,4
280,4к+,0
281,4к+,0
282,4к+,0
283,4к+,7
284,4к+,0
285,4к+,0
286,4к+,89
287,4к+,15
288,4к+,7
289,4к+,0
290,4к+,0
291,4к+,0
292,4к+,27
293,4к+,42
294,4к+,0
295,4к+,5
296,4к+,4
297,4к+,5
298,4к+,3
299,4к+,2
300,4к+,0
301,4к+,0
302,4к+,0
303,4к+,14
304,4к+,37
305,4к+,0
306,4к+,0
307,4к+,6
308,4к+,0
309,4к+,10
310,4к+,0
311,4к+,74
312,4к+,168
313,4к+,37
314,4к+,0
315,4к+,0
316,4к+,16
317,4к+,26
318,4к+,29
319,4к+,6
320,4к+,0
321,4к+,1
322,4к+,144
323,4к+,16
324,4к+,0
325,4к+,54
326,4к+,0
327,4к+,0
328,4к+,12
329,4к+,6
330,4к+,10
331,4к+,0
332,4к+,2
333,4к+,0
334,4к+,50
335,4к+,0
336,4к+,0
337,4к+,89
338,4к+,0
339,4к+,25
340,4к+,0
341,4к+,1
342,4к+,24
343,4к+,0
344,4к+,0
345,4к+,4
346,4к+,145
347,4к+,0
348,4к+,0
349,4к+,178
350,4к+,20
351,4к+,9
352,4к+,300
353,4к+,1
354,4к+,28
355,4к+,1
356,4к+,4
357,4к+,39
358,4к+,0
359,4к+,6
360,4к+,0
361,4к+,19
362,4к+,4
363,4к+,47
364,4к+,10
365,4к+,12
366,4к+,4
367,4к+,163
368,4к+,28
369,4к+,6
370,4к+,464
371,4к+,37
372,4к+,0
373,4к+,4
374,4к+,16
375,4к+,58
376,4к+,49
377,4к+,10
378,4к+,1
379,4к+,52
380,4к+,6
381,4к+,78
382,4к+,0
383,4к+,26
384,4к+,0
385,4к+,144
386,4к+,15
387,4к+,0
388,4к+,0
389,4к+,1
390,4к+,4
391,4к+,2
392,4к+,2
393,4к+,0
394,4к+,5
395,4к+,89
396,4к+,6
397,4к+,5
398,4к+,0
399,4к+,1
400,4к+,9
401,4к+,184
402,4к+,14
403,4к+,32
404,4к+,0
405,4к+,12
406,4к+,0
407,4к+,0
408,4к+,27
409,4к+,4
410,4к+,29
411,4к+,48
412,4к+,0
413,4к+,0
414,4к+,0
415,4к+,0
416,4к+,0
417,4к+,37
418,4к+,0
419,4к+,0
420,4к+,0
421,4к+,0
422,4к+,9
423,4к+,47
424,4к+,0
425,4к+,41
426,4к+,91
427,4к+,181
428,4к+,0
429,4к+,54
430,4к+,4
431,4к+,0
432,4к+,20
433,4к+,0
434,4к+,12
435,4к+,0
436,4к+,0
437,4к+,0
438,4к+,7
439,4к+,0
440,4к+,0
441,4к+,8
442,4к+,50
443,4к+,1
444,4к+,28
445,4к+,12
446,4к+,4
447,4к+,6
448,4к+,20
449,4к+,10
450,4к+,15
451,4к+,0
452,4к+,29
453,4к+,297
454,4к+,0
455,4к+,20
456,4к+,50
457,4к+,4
458,4к+,37
459,4к+,0
460,4к+,10
461,4к+,17
462,4к+,91
463,4к+,12
464,4к+,0
465,4к+,1
466,4к+,0
467,4к+,133
468,4к+,4
469,4к+,464
470,4к+,1
471,4к+,81
472,4к+,0
473,4к+,0
474,4к+,64
475,4к+,0
476,4к+,0
477,4к+,5
478,4к+,10
479,4к+,0
480,4к+,9
481,4к+,0
482,4к+,0
483,4к+,0
484,4к+,0
485,4к+,47
486,4к+,12
487,4к+,27
488,4к+,9
489,4к+,4
490,4к+,144
491,4к+,0
492,4к+,4
493,4к+,0
494,4к+,0
495,4к+,7
496,4к+,0
497,4к+,5
498,4к+,0
499,4к+,0
500,4к+,41
501,4к+,0
502,4к+,14
503,4к+,184
504,4к+,89
505,4к+,30
506,4к+,6
507,4к+,2
508,4к+,0
509,4к+,0
510,4к+,6
511,4к+,57
512,4к+,166
513,4к+,58
514,4к+,1
515,4к+,1
516,4к+,0
517,4к+,49
518,4к+,55
519,4к+,2
520,4к+,39
521,4к+,0
522,4к+,4
523,4к+,4
524,4к+,0
525,4к+,9
526,4к+,49
527,4к+,37
528,4к+,49
529,4к+,4
530,4к+,2
531,4к+,0
532,4к+,6
533,4к+,5
534,4к+,12
535,4к+,20
536,4к+,133
537,4к+,27
538,4к+,1
539,4к+,29
540,4к+,0
541,4к+,10
542,4к+,28
543,4к+,0
544,4к+,10
545,4к+,129
546,4к+,12
547,4к+,0
548,4к+,1
549,4к+,11
550,4к+,6
551,4к+,0
552,4к+,0
553,4к+,0
554,4к+,67
555,4к+,0
556,4к+,301
557,4к+,64
558,4к+,0
559,4к+,0
560,4к+,0
561,4к+,1
562,4к+,4
563,4к+,91
564,4к+,6
565,4к+,1
566,4к+,1
567,4к+,0
568,4к+,30
569,4к+,0
570,4к+,0
571,4к+,4
572,4к+,2
573,4к+,57
574,4к+,0
575,4к+,12
576,4к+,5
577,4к+,1
578,4к+,214
579,4к+,31
580,4к+,20
581,4к+,10
582,4к+,89
583,4к+,622
584,4к+,4
585,4к+,81
586,4к+,9
587,4к+,15
588,4к+,0
589,4к+,198
590,4к+,17
591,4к+,159
592,4к+,0
593,4к+,80
594,4к+,39
595,4к+,98
596,4к+,0
597,4к+,14
598,4к+,0
599,4к+,0
600,4к+,2
601,4к+,57
602,4к+,49
603,4к+,67
604,4к+,0
605,4к+,1
606,4к+,6
607,4к+,4
608,4к+,0
609,4к+,0
610,4к+,12
611,4к+,0
612,4к+,0
613,4к+,0
614,4к+,0
615,4к+,49
616,4к+,21
617,4к+,0
618,4к+,0
619,4к+,12
620,4к+,14
621,4к+,1
622,4к+,214
623,4к+,6
624,4к+,9
625,4к+,4
626,4к+,17
627,4к+,0
628,4к+,4
629,4к+,0
630,4к+,64
631,4к+,1
632,4к+,10
633,4к+,20
634,4к+,38
635,4к+,237
636,4к+,1
637,4к+,9
638,4к+,309
639,4к+,11
640,4к+,165
641,4к+,0
642,4к+,169
643,4к+,0
644,4к+,31
645,4к+,45
646,4к+,129
647,4к+,0
648,4к+,20
649,4к+,0
650,4к+,80
651,4к+,15
652,4к+,0
653,4к+,0
654,4к+,142
655,4к+,5
656,4к+,0
657,4к+,4
658,4к+,28
659,4к+,30
660,4к+,0
661,4к+,12
662,4к+,2
663,4к+,0
664,4к+,5
665,4к+,76
666,4к+,27
667,4к+,1
668,4к+,6
669,4к+,686
670,4к+,70
671,4к+,0
672,4к+,12
673,4к+,13
674,4к+,0
675,4к+,4
676,4к+,91
677,4к+,100
678,4к+,89
679,4к+,0
680,4к+,70
681,4к+,145
682,4к+,318
683,4к+,78
684,4к+,117
685,4к+,14
686,4к+,6
687,4к+,9
688,4к+,77
689,4к+,0
690,4к+,4
691,4к+,18
692,4к+,0
693,4к+,218
694,4к+,0
695,4к+,2
696,4к+,0
697,4к+,20
698,4к+,0
699,4к+,9
700,4к+,95
701,4к+,12
702,4к+,265
703,4к+,16
704,4к+,12
705,4к+,0
706,4к+,17
707,4к+,1
708,4к+,12
709,4к+,0
710,4к+,4
711,4к+,21
712,4к+,2
713,4к+,29
714,4к+,57
715,4к+,60
716,4к+,179
717,4к+,6
718,4к+,49
719,4к+,0
720,4к+,15
721,4к+,1
722,4к+,1
723,4к+,138
724,4к+,22
725,4к+,0
726,4к+,0
727,4к+,0
728,4к+,91
729,4к+,6
730,4к+,28
731,4к+,15
732,4к+,0
733,4к+,38
734,4к+,0
735,4к+,24
736,4к+,871
737,4к+,11
738,4к+,4
739,4к+,89
740,4к+,30
741,4к+,0
742,4к+,36
743,4к+,0
744,4к+,0
745,4к+,0
746,4к+,9
747,4к+,0
748,4к+,11
749,4к+,27
750,4к+,165
751,4к+,88
752,4к+,0
753,4к+,4
754,4к+,6
755,4к+,0
756,4к+,77
757,4к+,5
758,4к+,18
759,4к+,89
760,4к+,77
761,4к+,250
762,4к+,8
763,4к+,5
764,4к+,57
765,4к+,22
766,4к+,0
767,4к+,138
768,4к+,12
769,4к+,2
770,4к+,0
771,4к+,1
772,4к+,0
773,4к+,6
774,4к+,15
775,4к+,3
776,4к+,68
777,4к+,91
778,4к+,0
779,4к+,0
780,4к+,318
781,4к+,56
782,4к+,0
783,4к+,82
784,4к+,17
785,4к+,106
786,4к+,0
787,4к+,4
788,4к+,89
789,4к+,0
790,4к+,2
791,4к+,5
792,4к+,209
793,4к+,1
794,4к+,15
795,4к+,14
796,4к+,80
797,4к+,0
798,4к+,28
799,4к+,9
800,4к+,0
801,4к+,0
802,4к+,6
803,4к+,12
804,4к+,165
805,4к+,22
806,4к+,108
807,4к+,4
808,4к+,17
809,4к+,29
810,4к+,0
811,4к+,34
812,4к+,38
813,4к+,0
814,4к+,0
815,4к+,0
816,4к+,6
817,4к+,179
818,4к+,16
819,4к+,145
820,4к+,0
821,4к+,0
822,4к+,0
823,4к+,12
824,4к+,0
825,4к+,9
826,4к+,39
827,4к+,24
828,4к+,36
829,4к+,4
830,4к+,9
831,4к+,11
832,4к+,27
833,4к+,20
834,4к+,956
835,4к+,348
836,4к+,1
837,4к+,0
838,4к+,2
839,4к+,138
840,4к+,206
841,4к+,33
842,4к+,13
843,4к+,118
844,4к+,9
845,4к+,91
846,4к+,25
847,4к+,34
848,4к+,50
849,4к+,0
850,4к+,106
851,4к+,0
852,4к+,35
853,4к+,0
854,4к+,0
855,4к+,193
856,4к+,21
857,4к+,0
858,4к+,0
859,4к+,72
860,4к+,6
861,4к+,0
862,4к+,0
863,4к+,12
864,4к+,505
865,4к+,30
866,4к+,8
867,4к+,239
868,4к+,6
869,4к+,267
870,4к+,0
871,4к+,164
872,4к+,28
873,4к+,1
874,4к+,2
875,4к+,210
876,4к+,40
877,4к+,6
878,4к+,36
879,4к+,3
880,4к+,4
881,4к+,179
882,4к+,0
883,4к+,113
884,4к+,4
885,4к+,0
886,4к+,39
887,4к+,15
888,4к+,20
889,4к+,31
890,4к+,89
891,4к+,1087
892,4к+,0
893,4к+,14
894,4к+,133
895,4к+,15
896,4к+,9
897,4к+,16
898,4к+,6
899,4к+,0
900,4к+,5
901,4к+,1
902,4к+,337
903,4к+,24
904,4к+,0
905,4к+,57
906,4к+,12
907,4к+,19
908,4к+,80
909,4к+,108
910,4к+,0
911,4к+,0
912,4к+,4
913,4к+,0
914,4к+,0
915,4к+,1
916,4к+,16
917,4к+,17
918,4к+,92
919,4к+,19
920,4к+,178
921,4к+,21
922,4к+,891
923,4к+,94
924,4к+,42
925,4к+,351
926,4к+,56
927,4к+,3
928,4к+,75
929,4к+,7
930,4к+,13
931,4к+,481
932,4к+,1636
933,4к+,54
934,4к+,0
935,4к+,37
936,4к+,3638
937,4к+,0
938,4к+,0
939,4к+,18
940,4к+,39
941,4к+,125
942,4к+,95
943,4к+,0
944,4к+,110
945,4к+,0
946,4к+,0
947,4к+,2
948,4к+,21
949,4к+,52
950,4к+,7
951,4к+,8
952,4к+,20
953,4к+,15
954,4к+,0
955,4к+,12
956,4к+,22
957,4к+,234
958,4к+,0
959,4к+,0
960,4к+,1
961,4к+,0
962,4к+,22
963,4к+,327
964,4к+,297
965,4к+,31
966,4к+,226
967,4к+,18
968,4к+,9
969,4к+,0
970,4к+,67
971,4к+,450
972,4к+,9
973,4к+,12
974,4к+,31
975,4к+,1
976,4к+,254
977,4к+,7
978,4к+,478
979,4к+,56
980,4к+,91
981,4к+,6
982,4к+,50
983,4к+,50
984,4к+,10
985,4к+,36
986,4к+,32
987,4к+,70
988,4к+,70
989,4к+,310
990,4к+,1041
991,4к+,122
992,4к+,55
993,4к+,773
994,4к+,12
995,4к+,5
996,4к+,53
997,4к+,52
998,4к+,0
999,4к+,20
1000,4к+,450
1001,4к+,12
1002,4к+,14
1003,4к+,5
1004,4к+,56
1005,4к+,31
1006,4к+,290
1007,4к+,6
1008,4к+,22
1009,4к+,22
1010,4к+,31
1011,4к+,0
1012,4к+,42
1013,4к+,1
1014,4к+,170
1015,4к+,327
1016,4к+,98
1017,4к+,9
1018,4к+,18
1019,4к+,72
1020,4к+,33
1021,4к+,8
1022,4к+,144
1023,4к+,315
1024,4к+,0
1025,4к+,28
1026,4к+,178
1027,4к+,0
1028,4к+,314
1029,4к+,76
1030,4к+,56
1031,4к+,36
1032,4к+,0
1033,4к+,65
1034,4к+,9
1035,4к+,39
1036,4к+,55
1037,4к+,37
1038,4к+,14
1039,4к+,0
1040,4к+,94
1041,4к+,845
1042,4к+,54
1043,4к+,0
1044,4к+,110
1045,4к+,898
1046,4к+,98
1047,4к+,15
1048,4к+,0
1049,4к+,12
1050,4к+,19
1051,4к+,53
1052,4к+,395
1053,4к+,550
1054,4к+,3825
1055,4к+,0
1056,4к+,96
1057,4к+,7
1058,4к+,10
1059,4к+,556
1060,4к+,7
1061,4к+,17
1062,4к+,85
1063,4к+,17
1064,4к+,27
1065,4к+,78
1066,4к+,2085
1067,4к+,0
1068,4к+,4
1069,4к+,21
1070,4к+,1167
1071,4к+,2
1072,4к+,21
1073,4к+,0
1074,4к+,56
1075,4к+,234
1076,4к+,1
1077,4к+,296
1078,4к+,98
1079,4к+,4
1080,4к+,944
1081,4к+,47
1082,4к+,24
1083,4к+,22
1084,4к+,290
1085,4к+,182
1086,4к+,0
1087,4к+,78
1088,4к+,36
1089,4к+,10
1090,4к+,7
1091,4к+,0
1092,4к+,0
1093,4к+,1279
1094,4к+,72
1095,4к+,53
1096,4к+,0
1097,4к+,22
1098,4к+,0
1099,4к+,11
1100,4к+,94
1101,4к+,557
1102,4к+,39
1103,4к+,1
1104,4к+,0
1105,4к+,28
1106,4к+,9
1107,4к+,0
1108,4к+,314
1109,4к+,21
1110,4к+,890
1111,4к+,56
1112,4к+,180
1113,4к+,22
1114,4к+,2132
1115,4к+,71
1116,4к+,5
1117,4к+,9
1118,4к+,0
1119,4к+,254
1120,4к+,0
1121,4к+,355
1122,4к+,77
1123,4к+,396
1124,4к+,17
1125,4к+,52
1126,4к+,85
1127,4к+,569
1128,4к+,69
1129,4к+,0
1130,4к+,35
1131,4к+,3941
1132,4к+,65
1133,4к+,159
1134,4к+,8
1135,4к+,66
1136,4к+,27
1137,4к+,33
1138,4к+,132
1139,4к+,4
1140,4к+,57
1141,4к+,60
1142,4к+,6
1143,4к+,2
1144,4к+,66
1145,4к+,31
1146,4к+,393
1147,4к+,37
1148,4к+,14
1149,4к+,21
1150,4к+,96
1151,4к+,482
1152,4к+,43
1153,4к+,23
1154,4к+,110
1155,4к+,17
1156,4к+,31
1157,4к+,12
1158,4к+,296
1159,4к+,31
1160,4к+,31
1161,4к+,4
1162,4к+,355
1163,4к+,23
1164,4к+,0
1165,4к+,36
1166,4к+,4320
1167,4к+,176
1168,4к+,47
1169,4к+,37
1170,4к+,1
1171,4к+,14
1172,4к+,58
1173,4к+,11
1174,4к+,17
1175,4к+,66
1176,4к+,0
1177,4к+,44
1178,4к+,776
1179,4к+,22
1180,4к+,0
1181,4к+,8
1182,4к+,77
1183,4к+,60
1184,4к+,1315
1185,4к+,110
1186,4к+,612
1187,4к+,21
1188,4к+,332
1189,4к+,162
1190,4к+,27
1191,4к+,18
1192,4к+,84
1193,4к+,2
1194,4к+,0
1195,4к+,9
1196,4к+,97
1197,4к+,72
1198,4к+,183
1199,4к+,0
1200,4к+,27
1201,4к+,0
1202,4к+,22
1203,4к+,10
1204,4к+,292
1205,4к+,33
1206,4к+,398
1207,4к+,374
1208,4к+,39
1209,4к+,56
1210,4к+,12
1211,4к+,78
1212,4к+,428
1213,4к+,0
1214,4к+,965
1215,4к+,50
1216,4к+,324
1217,4к+,132
1218,4к+,94
1219,4к+,190
1220,4к+,6
1221,4к+,37
1222,4к+,579
1223,4к+,24
1224,4к+,98
1225,4к+,85
1226,4к+,70
1227,4к+,57
1228,4к+,7
1229,4к+,41
1230,4к+,4
1231,4к+,0
1232,4к+,952
1233,4к+,0
1234,4к+,22
1235,4к+,2278
1236,4к+,57
1237,4к+,153
1238,4к+,0
1239,4к+,5
1240,4к+,0
1241,4к+,4
1242,4к+,78
1243,4к+,96
1244,4к+,41
1245,4к+,98
1246,4к+,0
1247,4к+,18
1248,4к+,991
1249,4к+,133
1250,4к+,7
1251,4к+,22
1252,4к+,0
1253,4к+,22
1254,4к+,31
1255,4к+,805
1256,4к+,398
1257,4к+,56
1258,4к+,110
1259,4к+,33
1260,4к+,36
1261,4к+,1341
1262,4к+,27
1263,4к+,6
1264,4к+,1
1265,4к+,4709
1266,4к+,153
1267,4к+,17
1268,4к+,12
1269,4к+,187
1270,4к+,210
1271,4к+,47
1272,4к+,0
1273,4к+,39
1274,4к+,967
1275,4к+,14
1276,4к+,32
1277,4к+,1036
1278,4к+,44
1279,4к+,21
1280,4к+,58
1281,4к+,350
1282,4к+,0
1283,4к+,22
1284,4к+,18
1285,4к+,84
1286,4к+,9
1287,4к+,2
1288,4к+,94
1289,4к+,104
1290,4к+,33
1291,4к+,38
1292,4к+,66
1293,4к+,80
1294,4к+,78
1295,4к+,0
1296,4к+,0
1297,4к+,2284
1298,4к+,57
1299,4к+,10
1300,4к+,339
1301,4к+,8
1302,4к+,11
1303,4к+,27
1304,4к+,44
1305,4к+,7
1306,4к+,375
1307,4к+,6
1308,4к+,72
1309,4к+,656
1310,4к+,366
1311,4к+,4
1312,4к+,330
1313,4к+,199
1314,4к+,44
1315,4к+,428
1316,4к+,57
1317,4к+,77
1318,4к+,0
1319,4к+,166
1320,4к+,50
1321,4к+,0
1322,4к+,44
1323,4к+,39
1324,4к+,86
1325,4к+,1
1326,4к+,10
1327,4к+,72
1328,4к+,0
1329,4к+,4810
1330,4к+,114
1331,4к+,22
1332,4к+,78
1333,4к+,22
1334,4к+,86
1335,4к+,6
1336,4к+,410
1337,4к+,96
1338,4к+,0
1339,4к+,213
1340,4к+,82
1341,4к+,12
1342,4к+,21
1343,4к+,57
1344,4к+,106
1345,4к+,44
1346,4к+,33
1347,4к+,108
1348,4к+,31
1349,4к+,66
1350,4к+,33
1351,4к+,23
1352,4к+,50
1353,4к+,7
1354,4к+,1178
1355,4к+,331
1356,4к+,57
1357,4к+,4
1358,4к+,8
1359,4к+,0
1360,4к+,56
1361,4к+,27
1362,4к+,1027
1363,4к+,110
1364,4к+,2325
1365,4к+,18
1366,4к+,38
1367,4к+,14
1368,4к+,0
1369,4к+,500
1370,4к+,58
1371,4к+,171
1372,4к+,32
1373,4к+,0
1374,4к+,37
1375,4к+,0
1376,4к+,6
1377,4к+,44
1378,4к+,0
1379,4к+,36
1380,4к+,18
1381,4к+,41
1382,4к+,656
1383,4к+,6
1384,4к+,160
1385,4к+,28
1386,4к+,850
1387,4к+,80
1388,4к+,12
1389,4к+,456
1390,4к+,9
1391,4к+,1411
1392,4к+,187
1393,4к+,206
1394,4к+,409
1395,4к+,4
1396,4к+,7
1397,4к+,383
1398,4к+,366
1399,4к+,47
1400,4к+,1122
1401,4к+,133
1402,4к+,4
1403,4к+,22
1404,4к+,197
1405,4к+,2325
1406,4к+,36
1407,4к+,133
1408,4к+,5307
1409,4к+,106
1410,4к+,171
1411,4к+,86
1412,4к+,0
1413,4к+,1048
1414,4к+,44
1415,4к+,88
1416,4к+,39
1417,4к+,10
1418,4к+,475
1419,4к+,102
1420,4к+,371
1421,4к+,116
1422,4к+,18
1423,4к+,96
1424,4к+,33
1425,4к+,0
1426,4к+,6
1427,4к+,160
1428,4к+,7
1429,4к+,57
1430,4к+,24
1431,4к+,12
1432,4к+,41
1433,4к+,410
1434,4к+,1483
1435,4к+,57
1436,4к+,206
1437,4к+,18
1438,4к+,38
1439,4к+,28
1440,4к+,59
1441,4к+,850
1442,4к+,1188
1443,4к+,0
1444,4к+,6
1445,4к+,22
1446,4к+,1
1447,4к+,9
1448,4к+,4
1449,4к+,8
1450,4к+,408
1451,4к+,39
1452,4к+,44
1453,4к+,72
1454,4к+,62
1455,4к+,1138
1456,4к+,681
1457,4к+,66
1458,4к+,500
1459,4к+,32
1460,4к+,50
1461,4к+,0
1462,4к+,331
1463,4к+,0
1464,4к+,0
1465,4к+,110
1466,4к+,0
1467,4к+,12
1468,4к+,86
1469,4к+,31
1470,4к+,44
1471,4к+,0
1472,4к+,213
1473,4к+,14
1474,4к+,78
1475,4к+,7
1476,4к+,409
1477,4к+,6
1478,4к+,108
1479,4к+,27
1480,4к+,23
1481,4к+,80
1482,4к+,50
1483,4к+,57
1484,4к+,0
1485,4к+,31
1486,4к+,108
1487,4к+,27
1488,4к+,12
1489,4к+,106
1490,4к+,44
1491,4к+,39
1492,4к+,9
1493,4к+,41
1494,4к+,6
1495,4к+,18
1496,4к+,5307
1497,4к+,38
1498,4к+,50
1499,4к+,23
1500,4к+,66
1501,4к+,57
1502,4к+,0
1503,4к+,1231
1504,4к+,2325
1505,4к+,475
1506,4к+,331
1507,4к+,371
1508,4к+,78
1509,4к+,0
1510,4к+,4
1511,4к+,18
1512,4к+,11
1513,4к+,22
1514,4к+,39
1515,4к+,72
1516,4к+,0
1517,4к+,50
1518,4к+,1138
1519,4к+,66
1520,4к+,1
1521,4к+,6
1522,4к+,10
1523,4к+,1049
1524,4к+,88
1525,4к+,80
1526,4к+,33
1527,4к+,86
1528,4к+,117
1529,4к+,1483
1530,4к+,36
1531,4к+,171
1532,4к+,0
1533,4к+,197
1534,4к+,59
1535,4к+,681
1536,4к+,409
1537,4к+,12
1538,4к+,24
1539,4к+,850
1540,4к+,206
1541,4к+,48
1542,4к+,8
1543,4к+,0
1544,4к+,0
1545,4к+,7
1546,4к+,0
1547,4к+,22
1548,4к+,4
1549,4к+,410
1550,4к+,86
1551,4к+,44
1552,4к+,102
1553,4к+,582
1554,4к+,160
1555,4к+,96
1556,4к+,32
1557,4к+,117
1558,4к+,213
1559,4к+,470
1560,4к+,20
1561,4к+,7
1562,4к+,28
1563,4к+,133
1564,4к+,94
1565,4к+,33
1566,4к+,223
1567,4к+,27
1568,4к+,0
1569,4к+,2381
1570,4к+,102
1571,4к+,0
1572,4к+,13
1573,4к+,20
1574,4к+,108
1575,4к+,64
1576,4к+,39
1577,4к+,1322
1578,4к+,1843
1579,4к+,22
1580,4к+,0
1581,4к+,65
1582,4к+,66
1583,4к+,1
1584,4к+,0
1585,4к+,0
1586,4к+,41
1587,4к+,28
1588,4к+,0
1589,4к+,55
1590,4к+,38
1591,4к+,8
1592,4к+,33
1593,4к+,103
1594,4к+,601
1595,4к+,112
1596,4к+,5975
1597,4к+,35
1598,4к+,486
1599,4к+,0
1600,4к+,1140
1601,4к+,220
1602,4к+,9
1603,4к+,12
1604,4к+,60
1605,4к+,117
1606,4к+,441
1607,4к+,8
1608,4к+,711
1609,4к+,52
1610,4к+,11
1611,4к+,66
1612,4к+,32
1613,4к+,137
1614,4к+,237
1615,4к+,59
1616,4к+,7
1617,4к+,61
1618,4к+,998
1619,4к+,6
1620,4к+,80
1621,4к+,120
1622,4к+,106
1623,4к+,65
1624,4к+,19
1625,4к+,96
1626,4к+,80
1627,4к+,453
1628,4к+,5
1629,4к+,0
1630,4к+,88
1631,4к+,72
1632,4к+,162
1633,4к+,36
1634,4к+,18
1635,4к+,421
1636,4к+,11
1637,4к+,387
1638,4к+,102
1639,4к+,183
1640,4к+,652
1641,4к+,1051
1642,4к+,30
1643,4к+,6
1644,4к+,8
1645,4к+,6
1646,4к+,460
1647,4к+,8
1648,4к+,94
1649,4к+,77
1650,4к+,109
1651,4к+,90
1652,4к+,18
1653,4к+,103
1654,4к+,30
1655,4к+,22
1656,4к+,35
1657,4к+,41
1658,4к+,6205
1659,4к+,669
1660,4к+,32
1661,4к+,19
1662,4к+,137
1663,4к+,0
1664,4к+,64
1665,4к+,2398
1666,4к+,1140
1667,4к+,35
1668,4к+,12
1669,4к+,123
1670,4к+,20
1671,4к+,0
1672,4к+,103
1673,4к+,66
1674,4к+,27
1675,4к+,80
1676,4к+,1033
1677,4к+,11
1678,4к+,28
1679,4к+,61
1680,4к+,9
1681,4к+,8
1682,4к+,62
1683,4к+,72
1684,4к+,189
1685,4к+,1070
1686,4к+,237
1687,4к+,16
1688,4к+,0
1689,4к+,39
1690,4к+,110
1691,4к+,623
1692,4к+,0
1693,4к+,162
1694,4к+,52
1695,4к+,221
1696,4к+,789
1697,4к+,0
1698,4к+,11
1699,4к+,421
1700,4к+,61
1701,4к+,108
1702,4к+,38
1703,4к+,502
1704,4к+,1853
1705,4к+,90
1706,4к+,0
1707,4к+,223
1708,4к+,432
1709,4к+,115
1710,4к+,1409
1711,4к+,0
1712,4к+,80
1713,4к+,1
1714,4к+,73
1715,4к+,123
1716,4к+,12
1717,4к+,7
1718,4к+,5
1719,4к+,6
1720,4к+,452
1721,4к+,102
1722,4к+,0
1723,4к+,34
1724,4к+,59
1725,4к+,66
1726,4к+,11
1727,4к+,257
1728,4к+,637
1729,4к+,19
1730,4к+,1088
1731,4к+,6
1732,4к+,0
1733,4к+,66
1734,4к+,543
1735,4к+,35
1736,4к+,129
1737,4к+,61
1738,4к+,109
1739,4к+,8
1740,4к+,90
1741,4к+,1140
1742,4к+,116
1743,4к+,137
1744,4к+,94
1745,4к+,1422
1746,4к+,6451
1747,4к+,62
1748,4к+,481
1749,4к+,14
1750,4к+,36
1751,4к+,801
1752,4к+,2433
1753,4к+,52
1754,4к+,7
1755,4к+,224
1756,4к+,104
1757,4к+,22
1758,4к+,16
1759,4к+,469
1760,4к+,198
1761,4к+,1930
1762,4к+,0
1763,4к+,41
1764,4к+,6
1765,4к+,20
1766,4к+,471
1767,4к+,238
1768,4к+,111
1769,4к+,18
1770,4к+,73
1771,4к+,0
1772,4к+,32
1773,4к+,12
1774,4к+,59
1775,4к+,50
1776,4к+,1096
1777,4к+,72
1778,4к+,102
1779,4к+,80
1780,4к+,124
1781,4к+,77
1782,4к+,159
1783,4к+,0
1784,4к+,5
1785,4к+,42
1786,4к+,66
1787,4к+,123
1788,4к+,73
1789,4к+,94
1790,4к+,28
1791,4к+,194
1792,4к+,784
1793,4к+,0
1794,4к+,61
1795,4к+,16
1796,4к+,0
1797,4к+,30
1798,4к+,11
1799,4к+,453
1800,4к+,12
1801,4к+,1
1802,4к+,39
1803,4к+,80
1804,4к+,27
1805,4к+,8
1806,4к+,0
1807,4к+,221
1808,4к+,138
1809,4к+,73
1810,4к+,62
1811,4к+,5
1812,4к+,20
1813,4к+,941
1814,4к+,1
1815,4к+,1157
1816,4к+,1119
1817,4к+,273
1818,4к+,1977
1819,4к+,80
1820,4к+,27
1821,4к+,72
1822,4к+,16
1823,4к+,61
1824,4к+,238
1825,4к+,159
1826,4к+,30
1827,4к+,30
1828,4к+,123
1829,4к+,7
1830,4к+,52
1831,4к+,141
1832,4к+,2568
1833,4к+,81
1834,4к+,0
1835,4к+,109
1836,4к+,66
1837,4к+,204
1838,4к+,61
1839,4к+,32
1840,4к+,80
1841,4к+,102
1842,4к+,12
1843,4к+,1096
1844,4к+,543
1845,4к+,0
1846,4к+,19
1847,4к+,41
1848,4к+,129
1849,4к+,16
1850,4к+,34
1851,4к+,8
1852,4к+,534
1853,4к+,484
1854,4к+,0
1855,4к+,475
1856,4к+,22
1857,4к+,0
1858,4к+,0
1859,4к+,0
1860,4к+,90
1861,4к+,21
1862,4к+,121
1863,4к+,6623
1864,4к+,814
1865,4к+,37
1866,4к+,128
1867,4к+,0
1868,4к+,1522
1869,4к+,647
1870,4к+,11
1871,4к+,50
1872,4к+,8
1873,4к+,59
1874,4к+,94
1875,4к+,42
1876,4к+,0
1877,4к+,73
1878,4к+,66
1879,4к+,39
1880,4к+,6
1881,4к+,18
1882,4к+,6
1883,4к+,104
1884,4к+,111
1885,4к+,14
1886,4к+,0
1887,4к+,224
1888,4к+,471
1889,4к+,35
1890,4к+,80
1891,4к+,5
1892,4к+,25
1893,4к+,92
1894,4к+,241
1895,4к+,101
1896,4к+,66
1897,4к+,242
1898,4к+,1128
1899,4к+,559
1900,4к+,59
1901,4к+,19
1902,4к+,61
1903,4к+,52
1904,4к+,66
1905,4к+,23
1906,4к+,1135
1907,4к+,2091
1908,4к+,83
1909,4к+,37
1910,4к+,26
1911,4к+,902
1912,4к+,39
1913,4к+,0
1914,4к+,2704
1915,4к+,45
1916,4к+,8269
1917,4к+,225
1918,4к+,279
1919,4к+,92
1920,4к+,0
1921,4к+,0
1922,4к+,95
1923,4к+,121
1924,4к+,212
1925,4к+,123
1926,4к+,576
1927,4к+,565
1928,4к+,244
1929,4к+,69
1930,4к+,40
1931,4к+,22
1932,4к+,43
1933,4к+,34
1934,4к+,35
1935,4к+,1629
1936,4к+,18
1937,4к+,128
1938,4к+,520
1939,4к+,120
1940,4к+,1157
1941,4к+,41
1942,4к+,120
1943,4к+,21
1944,4к+,11
1945,4к+,21
1946,4к+,27
1947,4к+,119
1948,4к+,0
1949,4к+,562
1950,4к+,20
1951,4к+,6
1952,4к+,39
1953,4к+,147
1954,4к+,0
1955,4к+,810
1956,4к+,0
1957,4к+,0
1958,4к+,138
1959,4к+,8
1960,4к+,90
1961,4к+,50
1962,4к+,0
1963,4к+,132
1964,4к+,79
1965,4к+,985
1966,4к+,0
1967,4к+,8
1968,4к+,6
1969,4к+,6
1970,4к+,96
1971,4к+,169
1972,4к+,126
1973,4к+,238
1974,4к+,321
1975,4к+,1569
1976,4к+,51
1977,4к+,394
1978,4к+,44
1979,4к+,181
1980,4к+,149
1981,4к+,69
1982,4к+,43
1983,4к+,30
1984,4к+,5716
1985,4к+,11
1986,4к+,175
1987,4к+,409
1988,4к+,36
1989,4к+,43
1990,4к+,51
1991,4к+,131
1992,4к+,137
1993,4к+,107
1994,4к+,0
1995,4к+,1753
1996,4к+,37
1997,4к+,99
1998,4к+,43
1999,4к+,161
2000,4к+,2054
2001,4к+,316
2002,4к+,140
2003,4к+,35
2004,4к+,1258
2005,4к+,94
2006,4к+,4524
2007,4к+,103
2008,4к+,441
2009,4к+,1
2010,4к+,42
2011,4к+,0
2012,4к+,22
2013,4к+,167
2014,4к+,318
2015,4к+,834
2016,4к+,523
2017,4к+,286
2018,4к+,1566
2019,4к+,2172
2020,4к+,10
2021,4к+,2812
2022,4к+,229
2023,4к+,86
2024,4к+,0
2025,4к+,1470
2026,4к+,6
2027,4к+,297
2028,4к+,21351
2029,4к+,377
2030,4к+,0
2031,4к+,211
2032,4к+,49
2033,4к+,997
2034,4к+,355
2035,4к+,237
2036,4к+,64
2037,4к+,1361
2038,4к+,79
2039,4к+,127
2040,4к+,1975
2041,4к+,156
2042,4к+,0
2043,4к+,376
2044,4к+,0
2045,4к+,12
2046,4к+,0
2047,4к+,41
2048,4к+,66
2049,4к+,12
2050,4к+,355
2051,4к+,183
2052,4к+,50
2053,4к+,146
2054,4к+,28
2055,4к+,107
2056,4к+,0
2057,4к+,1486
2058,4к+,50
2059,4к+,0
2060,4к+,1
2061,4к+,81
2062,4к+,181
2063,4к+,140
2064,4к+,36
2065,4к+,396
2066,4к+,360
2067,4к+,28
2068,4к+,37
2069,4к+,202
2070,4к+,107
2071,4к+,0
2072,4к+,12
2073,4к+,131
2074,4к+,17
2075,4к+,35
2076,4к+,44
2077,4к+,344
2078,4к+,162
2079,4к+,175
2080,4к+,2877
2081,4к+,238
2082,4к+,1780
2083,4к+,2003
2084,4к+,94
2085,4к+,394
2086,4к+,377
2087,4к+,996
2088,4к+,297
2089,4к+,50
2090,4к+,4535
2091,4к+,237
2092,4к+,12
2093,4к+,51
2094,4к+,396
2095,4к+,30
2096,4к+,64
2097,4к+,146
2098,4к+,1273
2099,4к+,441
2100,4к+,42
2101,4к+,382
2102,4к+,1607
2103,4к+,163
2104,4к+,0
2105,4к+,43
2106,4к+,333
2107,4к+,126
2108,4к+,117
2109,4к+,2152
2110,4к+,10
2111,4к+,211
2112,4к+,19
2113,4к+,0
2114,4к+,6
2115,4к+,44
2116,4к+,0
2117,4к+,0
2118,4к+,43
2119,4к+,101
2120,4к+,229
2121,4к+,1361
2122,4к+,66
2123,4к+,1567
2124,4к+,208
2125,4к+,43
2126,4к+,137
2127,4к+,2206
2128,4к+,41
2129,4к+,5751
2130,4к+,107
2131,4к+,21400
2132,4к+,86
2133,4к+,69
2134,4к+,410
2135,4к+,286
2136,4к+,523
2137,4к+,22
2138,4к+,841
2139,4к+,149
2140,4к+,15
2141,4к+,1442
2142,4к+,1005
2143,4к+,86
2144,4к+,12
2145,4к+,238
2146,4к+,162
2147,4к+,64
2148,4к+,123
2149,4к+,1278
2150,4к+,402
2151,4к+,101
2152,4к+,43
2153,4к+,2878
2154,4к+,44
2155,4к+,399
2156,4к+,163
2157,4к+,378
2158,4к+,15
2159,4к+,128
2160,4к+,50
2161,4к+,202
2162,4к+,43
2163,4к+,134
2164,4к+,399
2165,4к+,438
2166,4к+,6
2167,4к+,2058
2168,4к+,22
2169,4к+,1
2170,4к+,107
2171,4к+,297
2172,4к+,41
2173,4к+,140
2174,4к+,360
2175,4к+,286
2176,4к+,1602
2177,4к+,0
2178,4к+,549
2179,4к+,1769
2180,4к+,229
2181,4к+,431
2182,4к+,44
2183,4к+,0
2184,4к+,146
2185,4к+,30
2186,4к+,36
2187,4к+,10
2188,4к+,208
2189,4к+,17
2190,4к+,50
2191,4к+,28
2192,4к+,51
2193,4к+,211
2194,4к+,0
2195,4к+,2207
2196,4к+,1389
2197,4к+,94
2198,4к+,1624
2199,4к+,73
2200,4к+,260
2201,4к+,841
2202,4к+,1
2203,4к+,43
2204,4к+,19
2205,4к+,449
2206,4к+,35
2207,4к+,397
2208,4к+,0
2209,4к+,12
2210,4к+,21541
2211,4к+,131
2212,4к+,237
2213,4к+,43
2214,4к+,0
2215,4к+,4564
2216,4к+,2147
2217,4к+,73
2218,4к+,149
2219,4к+,5858
2220,4к+,81
2221,4к+,175
2222,4к+,37
2223,4к+,344
2224,4к+,107
2225,4к+,2194
2226,4к+,0
2227,4к+,50
2228,4к+,452
2229,4к+,2081
2230,4к+,10
2231,4к+,19
2232,4к+,1270
2233,4к+,1442
2234,4к+,0
2235,4к+,107
2236,4к+,229
2237,4к+,149
2238,4к+,149
2239,4к+,0
2240,4к+,49
2241,4к+,81
2242,4к+,843
2243,4к+,86
2244,4к+,209
2245,4к+,237
2246,4к+,280
2247,4к+,30
2248,4к+,28
2249,4к+,107
2250,4к+,378
2251,4к+,1071
2252,4к+,128
2253,4к+,438
2254,4к+,123
2255,4к+,45
2256,4к+,134
2257,4к+,196
2258,4к+,37
2259,4к+,94
2260,4к+,46
2261,4к+,134
2262,4к+,423
2263,4к+,238
2264,4к+,402
2265,4к+,300
2266,4к+,1816
2267,4к+,43
2268,4к+,2151
2269,4к+,35
2270,4к+,64
2271,4к+,17
2272,4к+,12
2273,4к+,73
2274,4к+,1649
2275,4к+,6049
2276,4к+,4552
2277,4к+,15
2278,4к+,202
2279,4к+,346
2280,4к+,22
2281,4к+,12
2282,4к+,3089
2283,4к+,177
2284,4к+,43
2285,4к+,0
2286,4к+,50
2287,4к+,397
2288,4к+,1389
2289,4к+,238
2290,4к+,51
2291,4к+,0
2292,4к+,1700
2293,4к+,296
2294,4к+,542
2295,4к+,146
2296,4к+,101
2297,4к+,21966
2298,4к+,162
2299,4к+,474
2300,4к+,345
2301,4к+,44
2302,4к+,37
2303,4к+,99
2304,4к+,399
2305,4к+,74
2306,4к+,0
2307,4к+,1
2308,4к+,10
2309,4к+,220
2310,4к+,202
2311,4к+,0
2312,4к+,843
2313,4к+,38
2314,4к+,424
2315,4к+,242
2316,4к+,123
2317,4к+,0
2318,4к+,51
2319,4к+,2194
2320,4к+,238
2321,4к+,86
2322,4к+,303
2323,4к+,345
2324,4к+,0
2325,4к+,229
2326,4к+,410
2327,4к+,19
2328,4к+,22227
2329,4к+,4567
2330,4к+,43
2331,4к+,43
2332,4к+,107
2333,4к+,320
2334,4к+,51
2335,4к+,101
2336,4к+,73
2337,4к+,146
2338,4к+,412
2339,4к+,1421
2340,4к+,161
2341,4к+,52
2342,4к+,40
2343,4к+,209
2344,4к+,1071
2345,4к+,2232
2346,4к+,46
2347,4к+,184
2348,4к+,1649
2349,4к+,45
2350,4к+,17
2351,4к+,82
2352,4к+,1
2353,4к+,35
2354,4к+,1322
2355,4к+,152
2356,4к+,99
2357,4к+,177
2358,4к+,544
2359,4к+,2269
2360,4к+,74
2361,4к+,6049
2362,4к+,50
2363,4к+,49
2364,4к+,0
2365,4к+,12
2366,4к+,30
2367,4к+,1904
2368,4к+,475
2369,4к+,3085
2370,4к+,280
2371,4к+,128
2372,4к+,94
2373,4к+,452
2374,4к+,107
2375,4к+,10
2376,4к+,352
2377,4к+,64
2378,4к+,474
2379,4к+,401
2380,4к+,0
2381,4к+,0
2382,4к+,22
2383,4к+,28
2384,4к+,12
2385,4к+,149
2386,4к+,1826
2387,4к+,10
2388,4к+,384
2389,4к+,134
2390,4к+,143
2391,4к+,15
2392,4к+,1379
2393,4к+,551
2394,4к+,86
2395,4к+,30
2396,4к+,51
2397,4к+,10
2398,4к+,1
2399,4к+,48
2400,4к+,22
2401,4к+,266
2402,4к+,303
2403,4к+,475
2404,4к+,96
2405,4к+,4619
2406,4к+,28
2407,4к+,94
2408,4к+,1924
2409,4к+,22531
2410,4к+,238
2411,4к+,38
2412,4к+,46
2413,4к+,44
2414,4к+,365
2415,4к+,225
2416,4к+,83
2417,4к+,1331
2418,4к+,0
2419,4к+,134
2420,4к+,146
2421,4к+,3137
2422,4к+,1849
2423,4к+,266
2424,4к+,43
2425,4к+,424
2426,4к+,50
2427,4к+,2233
2428,4к+,0
2429,4к+,452
2430,4к+,123
2431,4к+,6049
2432,4к+,0
2433,4к+,384
2434,4к+,149
2435,4к+,0
2436,4к+,51
2437,4к+,500
2438,4к+,2269
2439,4к+,1663
2440,4к+,0
2441,4к+,107
2442,4к+,43
2443,4к+,12
2444,4к+,208
2445,4к+,1424
2446,4к+,15
2447,4к+,1071
2448,4к+,1379
2449,4к+,10
2450,4к+,202
2451,4к+,0
2452,4к+,402
2453,4к+,344
2454,4к+,184
2455,4к+,2341
2456,4к+,143
2457,4к+,107
2458,4к+,128
2459,4к+,370
2460,4к+,166
2461,4к+,35
2462,4к+,424
2463,4к+,161
2464,4к+,19
2465,4к+,50
2466,4к+,204
2467,4к+,152
2468,4к+,99
2469,4к+,847
2470,4к+,1
2471,4к+,45
2472,4к+,229
2473,4к+,412
2474,4к+,73
2475,4к+,40
2476,4к+,12
2477,4к+,282
2478,4к+,161
2479,4к+,123
2480,4к+,0
2481,4к+,1079
2482,4к+,35
2483,4к+,1379
2484,4к+,10
2485,4к+,48
2486,4к+,125
2487,4к+,22
2488,4к+,19
2489,4к+,43
2490,4к+,48
2491,4к+,2343
2492,4к+,51
2493,4к+,184
2494,4к+,149
2495,4к+,1321
2496,4к+,202
2497,4к+,50
2498,4к+,0
2499,4к+,91
2500,4к+,851
2501,4к+,107
2502,4к+,344
2503,4к+,424
2504,4к+,30
2505,4к+,74
2506,4к+,10
2507,4к+,51
2508,4к+,479
2509,4к+,107
2510,4к+,50
2511,4к+,160
2512,4к+,4622
2513,4к+,1669
2514,4к+,0
2515,4к+,12
2516,4к+,12
2517,4к+,227
2518,4к+,146
2519,4к+,461
2520,4к+,86
2521,4к+,152
2522,4к+,311
2523,4к+,15
2524,4к+,439
2525,4к+,134
2526,4к+,1
2527,4к+,0
2528,4к+,384
2529,4к+,238
2530,4к+,73
2531,4к+,3177
2532,4к+,166
2533,4к+,2336
2534,4к+,208
2535,4к+,22674
2536,4к+,94
2537,4к+,28
2538,4к+,376
2539,4к+,64
2540,4к+,99
2541,4к+,356
2542,4к+,282
2543,4к+,557
2544,4к+,45
2545,4к+,6034
2546,4к+,500
2547,4к+,1943
2548,4к+,452
2549,4к+,48
2550,4к+,1
2551,4к+,2281
2552,4к+,1882
2553,4к+,202
2554,4к+,94
2555,4к+,0
2556,4к+,0
2557,4к+,421
2558,4к+,43
2559,4к+,1442
2560,4к+,208
2561,4к+,1688
2562,4к+,107
2563,4к+,1949
2564,4к+,233
2565,4к+,43
2566,4к+,47
2567,4к+,125
2568,4к+,0
2569,4к+,160
2570,4к+,94
2571,4к+,882
2572,4к+,2272
2573,4к+,202
2574,4к+,208
2575,4к+,44
2576,4к+,31
2577,4к+,455
2578,4к+,107
2579,4к+,146
2580,4к+,29
2581,4к+,1907
2582,4к+,319
2583,4к+,364
2584,4к+,86
2585,4к+,210
2586,4к+,123
2587,4к+,202
2588,4к+,22
2589,4к+,326
2590,4к+,149
2591,4к+,424
2592,4к+,0
2593,4к+,6270
2594,4к+,4619
2595,4к+,3239
2596,4к+,15
2597,4к+,64
2598,4к+,282
2599,4к+,10
2600,4к+,1470
2601,4к+,43
2602,4к+,238
2603,4к+,51
2604,4к+,1
2605,4к+,345
2606,4к+,48
2607,4к+,35
2608,4к+,0
2609,4к+,2340
2610,4к+,1400
2611,4к+,50
2612,4к+,1465
2613,4к+,2376
2614,4к+,73
2615,4к+,184
2616,4к+,94
2617,4к+,559
2618,4к+,507
2619,4к+,12
2620,4к+,51
2621,4к+,99
2622,4к+,0
2623,4к+,134
2624,4к+,61
2625,4к+,432
2626,4к+,393
2627,4к+,0
2628,4к+,86
2629,4к+,152
2630,4к+,161
2631,4к+,27
2632,4к+,43
2633,4к+,12
2634,4к+,421
2635,4к+,496
2636,4к+,561
2637,4к+,48
2638,4к+,10
2639,4к+,23529
2640,4к+,0
2641,4к+,1116
2642,4к+,1
2643,4к+,376
2644,4к+,166
2645,4к+,507
2646,4к+,432
2647,4к+,0
2648,4к+,453
2649,4к+,907
2650,4к+,4652
2651,4к+,51
2652,4к+,43
2653,4к+,174
2654,4к+,0
2655,4к+,210
2656,4к+,94
2657,4к+,1
2658,4к+,184
2659,4к+,10
2660,4к+,458
2661,4к+,144
2662,4к+,0
2663,4к+,86
2664,4к+,325
2665,4к+,200
2666,4к+,48
2667,4к+,23823
2668,4к+,27
2669,4к+,421
2670,4к+,6387
2671,4к+,51
2672,4к+,3241
2673,4к+,1
2674,4к+,149
2675,4к+,123
2676,4к+,22
2677,4к+,151
2678,4к+,570
2679,4к+,125
2680,4к+,94
2681,4к+,15
2682,4к+,99
2683,4к+,10
2684,4к+,433
2685,4к+,161
2686,4к+,31
2687,4к+,50
2688,4к+,2354
2689,4к+,283
2690,4к+,61
2691,4к+,457
2692,4к+,396
2693,4к+,35
2694,4к+,111
2695,4к+,48
2696,4к+,107
2697,4к+,1966
2698,4к+,1703
2699,4к+,48
2700,4к+,73
2701,4к+,2407
2702,4к+,1460
2703,4к+,1134
2704,4к+,1500
2705,4к+,146
2706,4к+,43
2707,4к+,1400
2708,4к+,341
2709,4к+,43
2710,4к+,1949
2711,4к+,160
2712,4к+,75
2713,4к+,0
2714,4к+,0
2715,4к+,0
2716,4к+,270
2717,4к+,0
2718,4к+,2328
2719,4к+,512
2720,4к+,208
2721,4к+,202
2722,4к+,397
2723,4к+,233
2724,4к+,12
2725,4к+,12
2726,4к+,45
2727,4к+,561
2728,4к+,134
2729,4к+,29
2730,4к+,144
2731,4к+,946
2732,4к+,15
2733,4к+,130
2734,4к+,104
2735,4к+,1479
2736,4к+,2426
2737,4к+,428
2738,4к+,51
2739,4к+,43
2740,4к+,29
2741,4к+,61
2742,4к+,51
2743,4к+,0
2744,4к+,200
2745,4к+,498
2746,4к+,0
2747,4к+,24579
2748,4к+,73
2749,4к+,32
2750,4к+,0
2751,4к+,460
2752,4к+,0
2753,4к+,1
2754,4к+,160
2755,4к+,2
2756,4к+,1460
2757,4к+,457
2758,4к+,40
2759,4к+,6711
2760,4к+,12
2761,4к+,191
2762,4к+,50
2763,4к+,614
2764,4к+,1990
2765,4к+,99
2766,4к+,151
2767,4к+,75
2768,4к+,1134
2769,4к+,541
2770,4к+,392
2771,4к+,167
2772,4к+,0
2773,4к+,31
2774,4к+,111
2775,4к+,48
2776,4к+,1
2777,4к+,3319
2778,4к+,295
2779,4к+,306
2780,4к+,146
2781,4к+,408
2782,4к+,143
2783,4к+,22
2784,4к+,563
2785,4к+,46
2786,4к+,86
2787,4к+,10
2788,4к+,309
2789,4к+,210
2790,4к+,2416
2791,4к+,149
2792,4к+,216
2793,4к+,582
2794,4к+,166
2795,4к+,1979
2796,4к+,1722
2797,4к+,12
2798,4к+,61
2799,4к+,1429
2800,4к+,500
2801,4к+,233
2802,4к+,202
2803,4к+,0
2804,4к+,131
2805,4к+,48
2806,4к+,438
2807,4к+,43
2808,4к+,2375
2809,4к+,10
2810,4к+,341
2811,4к+,50
2812,4к+,4724
2813,4к+,1567
2814,4к+,125
2815,4к+,43
2816,4к+,440
2817,4к+,25149
2818,4к+,132
2819,4к+,146
2820,4к+,4782
2821,4к+,31
2822,4к+,428
2823,4к+,1460
2824,4к+,341
2825,4к+,457
2826,4к+,1716
2827,4к+,50
2828,4к+,29
2829,4к+,86
2830,4к+,2050
2831,4к+,52
2832,4к+,220
2833,4к+,100
2834,4к+,202
2835,4к+,0
2836,4к+,618
2837,4к+,152
2838,4к+,40
2839,4к+,1
2840,4к+,570
2841,4к+,306
2842,4к+,51
2843,4к+,152
2844,4к+,43
2845,4к+,3393
2846,4к+,10
2847,4к+,460
2848,4к+,513
2849,4к+,2329
2850,4к+,32
2851,4к+,6905
2852,4к+,0
2853,4к+,111
2854,4к+,169
2855,4к+,149
2856,4к+,1568
2857,4к+,61
2858,4к+,61
2859,4к+,1009
2860,4к+,2
2861,4к+,125
2862,4к+,10
2863,4к+,166
2864,4к+,111
2865,4к+,309
2866,4к+,2092
2867,4к+,0
2868,4к+,50
2869,4к+,555
2870,4к+,0
2871,4к+,2515
2872,4к+,12
2873,4к+,15
2874,4к+,51
2875,4к+,144
2876,4к+,12
2877,4к+,0
2878,4к+,0
2879,4к+,1
2880,4к+,75
2881,4к+,408
2882,4к+,75
2883,4к+,295
2884,4к+,143
2885,4к+,1134
2886,4к+,219
2887,4к+,1452
2888,4к+,233
2889,4к+,130
2890,4к+,1479
2891,4к+,393
2892,4к+,191
2893,4к+,211
2894,4к+,0
2895,4к+,2419
2896,4к+,643
2897,4к+,22
2898,4к+,48
2899,4к+,479
2900,4к+,54
2901,4к+,53
2902,4к+,2253
2903,4к+,0
2904,4к+,146
2905,4к+,219
2906,4к+,30
2907,4к+,130
2908,4к+,2229
2909,4к+,523
2910,4к+,211
2911,4к+,7097
2912,4к+,297
2913,4к+,142
2914,4к+,112
2915,4к+,462
2916,4к+,43
2917,4к+,32
2918,4к+,43
2919,4к+,343
2920,4к+,103
2921,4к+,149
2922,4к+,136
2923,4к+,325
2924,4к+,0
2925,4к+,1492
2926,4к+,12
2927,4к+,428
2928,4к+,166
2929,4к+,52
2930,4к+,144
2931,4к+,100
2932,4к+,440
2933,4к+,125
2934,4к+,570
2935,4к+,454
2936,4к+,10
2937,4к+,31
2938,4к+,152
2939,4к+,52
2940,4к+,1722
2941,4к+,581
2942,4к+,12
2943,4к+,652
2944,4к+,1624
2945,4к+,3454
2946,4к+,0
2947,4к+,40
2948,4к+,1134
2949,4к+,10
2950,4к+,1
2951,4к+,50
2952,4к+,221
2953,4к+,62
2954,4к+,254
2955,4к+,1658
2956,4к+,513
2957,4к+,0
2958,4к+,2
2959,4к+,2620
2960,4к+,158
2961,4к+,1
2962,4к+,50
2963,4к+,0
2964,4к+,86
2965,4к+,48
2966,4к+,411
2967,4к+,0
2968,4к+,62
2969,4к+,475
2970,4к+,169
2971,4к+,22
2972,4к+,2569
2973,4к+,25889
2974,4к+,15
2975,4к+,2415
2976,4к+,67
2977,4к+,141
2978,4к+,51
2979,4к+,4854
2980,4к+,191
2981,4к+,343
2982,4к+,1479
2983,4к+,206
2984,4к+,0
2985,4к+,840
2986,4к+,1012
2987,4к+,1663
2988,4к+,0
2989,4к+,454
2990,4к+,343
2991,4к+,144
2992,4к+,1479
2993,4к+,87
2994,4к+,221
2995,4к+,531
2996,4к+,0
2997,4к+,0
2998,4к+,1134
2999,4к+,577
3000,4к+,428
3001,4к+,2571
3002,4к+,62
3003,4к+,27
3004,4к+,581
3005,4к+,362
3006,4к+,53
3007,4к+,1493
3008,4к+,48
3009,4к+,142
3010,4к+,43
3011,4к+,412
3012,4к+,15
3013,4к+,148
3014,4к+,10
3015,4к+,51
3016,4к+,7082
3017,4к+,103
3018,4к+,86
3019,4к+,43
3020,4к+,136
3021,4к+,1
3022,4к+,158
3023,4к+,141
3024,4к+,442
3025,4к+,0
3026,4к+,230
3027,4к+,1670
3028,4к+,2620
3029,4к+,169
3030,4к+,1
3031,4к+,124
3032,4к+,517
3033,4к+,112
3034,4к+,3478
3035,4к+,467
3036,4к+,845
3037,4к+,40
3038,4к+,219
3039,4к+,0
3040,4к+,4861
3041,4к+,206
3042,4к+,475
3043,4к+,254
3044,4к+,10
3045,4к+,2415
3046,4к+,1013
3047,4к+,331
3048,4к+,52
3049,4к+,101
3050,4к+,196
3051,4к+,166
3052,4к+,152
3053,4к+,0
3054,4к+,50
3055,4к+,52
3056,4к+,12
3057,4к+,30
3058,4к+,26004
3059,4к+,2
3060,4к+,40
3061,4к+,2319
3062,4к+,149
3063,4к+,652
3064,4к+,2229
3065,4к+,62
3066,4к+,31
3067,4к+,1758
3068,4к+,146
3069,4к+,282
3070,4к+,50
3071,4к+,0
3072,4к+,12
3073,4к+,166
3074,4к+,1134
3075,4к+,428
3076,4к+,0
3077,4к+,139
3078,4к+,1664
3079,4к+,10
3080,4к+,136
3081,4к+,850
3082,4к+,282
3083,4к+,0
3084,4к+,4969
3085,4к+,230
3086,4к+,2393
3087,4к+,3474
3088,4к+,142
3089,4к+,146
3090,4к+,219
3091,4к+,511
3092,4к+,0
3093,4к+,595
3094,4к+,343
3095,4к+,103
3096,4к+,87
3097,4к+,586
3098,4к+,1
3099,4к+,0
3100,4к+,48
3101,4к+,51
3102,4к+,411
3103,4к+,152
3104,4к+,330
3105,4к+,454
3106,4к+,196
3107,4к+,1027
3108,4к+,1758
3109,4к+,158
3110,4к+,81
3111,4к+,2647
3112,4к+,62
3113,4к+,571
3114,4к+,1508
3115,4к+,27
3116,4к+,86
3117,4к+,1479
3118,4к+,254
3119,4к+,177
3120,4к+,221
3121,4к+,7123
3122,4к+,363
3123,4к+,1799
3124,4к+,149
3125,4к+,50
3126,4к+,53
3127,4к+,43
3128,4к+,15
3129,4к+,62
3130,4к+,12
3131,4к+,40
3132,4к+,528
3133,4к+,50
3134,4к+,0
3135,4к+,2288
3136,4к+,0
3137,4к+,43
3138,4к+,679
3139,4к+,444
3140,4к+,0
3141,4к+,112
3142,4к+,148
3143,4к+,31
3144,4к+,40
3145,4к+,169
3146,4к+,2589
3147,4к+,467
3148,4к+,1
3149,4к+,2
3150,4к+,28
3151,4к+,30
3152,4к+,26279
3153,4к+,10
3154,4к+,101
3155,4к+,144
3156,4к+,206
3157,4к+,2337
3158,4к+,52
3159,4к+,50
3160,4к+,0
3161,4к+,596
3162,4к+,427
3163,4к+,817
3164,4к+,442
3165,4к+,149
3166,4к+,326
3167,4к+,10
3168,4к+,146
3169,4к+,0
3170,4к+,363
3171,4к+,103
3172,4к+,10
3173,4к+,1479
3174,4к+,1133
3175,4к+,43
3176,4к+,2343
3177,4к+,2
3178,4к+,31
3179,4к+,684
3180,4к+,177
3181,4к+,166
3182,4к+,196
3183,4к+,57
3184,4к+,32
3185,4к+,644
3186,4к+,40
3187,4к+,444
3188,4к+,428
3189,4к+,104
3190,4к+,254
3191,4к+,3553
3192,4к+,0
3193,4к+,1509
3194,4к+,40
3195,4к+,1037
3196,4к+,0
3197,4к+,230
3198,4к+,152
3199,4к+,1824
3200,4к+,230
3201,4к+,158
3202,4к+,43
3203,4к+,87
3204,4к+,51
3205,4к+,219
3206,4к+,1
3207,4к+,148
3208,4к+,112
3209,4к+,343
3210,4к+,329
3211,4к+,150
3212,4к+,53
3213,4к+,512
3214,4к+,50
3215,4к+,48
3216,4к+,542
3217,4к+,4981
3218,4к+,2409
3219,4к+,2631
3220,4к+,12
3221,4к+,1767
3222,4к+,142
3223,4к+,2656
3224,4к+,62
3225,4к+,81
3226,4к+,15
3227,4к+,0
3228,4к+,121
3229,4к+,454
3230,4к+,206
3231,4к+,0
3232,4к+,1
3233,4к+,138
3234,4к+,27026
3235,4к+,169
3236,4к+,1702
3237,4к+,1
3238,4к+,7131
3239,4к+,2465
3240,4к+,62
3241,4к+,30
3242,4к+,27
3243,4к+,586
3244,4к+,139
3245,4к+,139
3246,4к+,494
3247,4к+,1
3248,4к+,121
3249,4к+,43
3250,4к+,454
3251,4к+,170
3252,4к+,0
3253,4к+,158
3254,4к+,160
3255,4к+,2401
3256,4к+,428
3257,4к+,50
3258,4к+,1770
3259,4к+,4992
3260,4к+,149
3261,4к+,10
3262,4к+,62
3263,4к+,1051
3264,4к+,0
3265,4к+,797
3266,4к+,2504
3267,4к+,0
3268,4к+,230
3269,4к+,2
3270,4к+,166
3271,4к+,57
3272,4к+,513
3273,4к+,0
3274,4к+,87
3275,4к+,169
3276,4к+,30
3277,4к+,0
3278,4к+,145
3279,4к+,612
3280,4к+,327
3281,4к+,40
3282,4к+,103
3283,4к+,7228
3284,4к+,363
3285,4к+,555
3286,4к+,148
3287,4к+,48
3288,4к+,218
3289,4к+,230
3290,4к+,112
3291,4к+,34
3292,4к+,1712
3293,4к+,104
3294,4к+,15
3295,4к+,44
3296,4к+,1
3297,4к+,62
3298,4к+,437
3299,4к+,27
3300,4к+,31
3301,4к+,27182
3302,4к+,182
3303,4к+,82
3304,4к+,0
3305,4к+,55
3306,4к+,1479
3307,4к+,146
3308,4к+,449
3309,4к+,10
3310,4к+,349
3311,4к+,1
3312,4к+,326
3313,4к+,1176
3314,4к+,52
3315,4к+,2624
3316,4к+,196
3317,4к+,777
3318,4к+,2484
3319,4к+,150
3320,4к+,817
3321,4к+,260
3322,4к+,634
3323,4к+,40
3324,4к+,12
3325,4к+,2659
3326,4к+,1873
3327,4к+,225
3328,4к+,1511
3329,4к+,0
3330,4к+,53
3331,4к+,3601
3332,4к+,0
3333,4к+,51
3334,4к+,2512
3335,4к+,10
3336,4к+,27590
3337,4к+,454
3338,4к+,149
3339,4к+,43
3340,4к+,2678
3341,4к+,0
3342,4к+,512
3343,4к+,648
3344,4к+,87
3345,4к+,1511
3346,4к+,7316
3347,4к+,30
3348,4к+,1479
3349,4к+,150
3350,4к+,34
3351,4к+,1712
3352,4к+,0
3353,4к+,62
3354,4к+,5000
3355,4к+,635
3356,4к+,174
3357,4к+,104
3358,4к+,363
3359,4к+,1
3360,4к+,103
3361,4к+,789
3362,4к+,112
3363,4к+,1176
3364,4к+,82
3365,4к+,12
3366,4к+,327
3367,4к+,57
3368,4к+,0
3369,4к+,64
3370,4к+,148
3371,4к+,329
3372,4к+,355
3373,4к+,121
3374,4к+,1
3375,4к+,1
3376,4к+,546
3377,4к+,44
3378,4к+,148
3379,4к+,824
3380,4к+,532
3381,4к+,48
3382,4к+,2624
3383,4к+,3813
3384,4к+,218
3385,4к+,453
3386,4к+,0
3387,4к+,166
3388,4к+,0
3389,4к+,53
3390,4к+,230
3391,4к+,182
3392,4к+,170
3393,4к+,264
3394,4к+,189
3395,4к+,15
3396,4к+,169
3397,4к+,2
3398,4к+,555
3399,4к+,797
3400,4к+,139
3401,4к+,232
3402,4к+,1051
3403,4к+,1924
3404,4к+,27
3405,4к+,428
3406,4к+,62
3407,4к+,225
3408,4к+,2401
3409,4к+,2507
3410,4к+,145
3411,4к+,10
3412,4к+,40
3413,4к+,52
3414,4к+,1787
3415,4к+,55
3416,4к+,1
3417,4к+,31
3418,4к+,161
3419,4к+,525
3420,4к+,438
3421,4к+,1959
3422,4к+,454
3423,4к+,161
3424,4к+,27
3425,4к+,2550
3426,4к+,40
3427,4к+,2748
3428,4к+,43
3429,4к+,150
3430,4к+,62
3431,4к+,182
3432,4к+,557
3433,4к+,1078
3434,4к+,28351
3435,4к+,139
3436,4к+,2501
3437,4к+,789
3438,4к+,1
3439,4к+,37
3440,4к+,30
3441,4к+,239
3442,4к+,52
3443,4к+,55
3444,4к+,64
3445,4к+,31
3446,4к+,150
3447,4к+,1511
3448,4к+,145
3449,4к+,62
3450,4к+,797
3451,4к+,327
3452,4к+,7365
3453,4к+,264
3454,4к+,2
3455,4к+,12
3456,4к+,647
3457,4к+,363
3458,4к+,0
3459,4к+,15
3460,4к+,166
3461,4к+,103
3462,4к+,3838
3463,4к+,51
3464,4к+,5018
3465,4к+,887
3466,4к+,44
3467,4к+,0
3468,4к+,121
3469,4к+,10
3470,4к+,1479
3471,4к+,1
3472,4к+,218
3473,4к+,204
3474,4к+,48
3475,4к+,567
3476,4к+,185
3477,4к+,232
3478,4к+,0
3479,4к+,1714
3480,4к+,2643
3481,4к+,257
3482,4к+,187
3483,4к+,380
3484,4к+,82
3485,4к+,341
3486,4к+,0
3487,4к+,647
3488,4к+,1
3489,4к+,225
3490,4к+,1179
3491,4к+,133
3492,4к+,234
3493,4к+,148
3494,4к+,1
3495,4к+,189
3496,4к+,53
3497,4к+,455
3498,4к+,112
3499,4к+,17
3500,4к+,1979
3501,4к+,0
3502,4к+,514
3503,4к+,57
3504,4к+,2585
3505,4к+,87
3506,4к+,37
3507,4к+,0
3508,4к+,549
3509,4к+,31
3510,4к+,0
3511,4к+,204
3512,4к+,1479
3513,4к+,789
3514,4к+,185
3515,4к+,0
3516,4к+,229
3517,4к+,1566
3518,4к+,32
3519,4к+,48
3520,4к+,265
3521,4к+,543
3522,4к+,1091
3523,4к+,327
3524,4к+,2656
3525,4к+,564
3526,4к+,15
3527,4к+,1979
3528,4к+,189
3529,4к+,145
3530,4к+,802
3531,4к+,43
3532,4к+,1182
3533,4к+,4015
3534,4к+,188
3535,4к+,234
3536,4к+,148
3537,4к+,53
3538,4к+,139
3539,4к+,1
3540,4к+,55
3541,4к+,347
3542,4к+,2
3543,4к+,2608
3544,4к+,1
3545,4к+,458
3546,4к+,51
3547,4к+,2652
3548,4к+,2821
3549,4к+,58
3550,4к+,1
3551,4к+,40
3552,4к+,132
3553,4к+,121
3554,4к+,0
3555,4к+,81
3556,4к+,2511
3557,4к+,28433
3558,4к+,63
3559,4к+,64
3560,4к+,52
3561,4к+,112
3562,4к+,161
3563,4к+,10
3564,4к+,17
3565,4к+,380
3566,4к+,55
3567,4к+,13
3568,4к+,187
3569,4к+,1
3570,4к+,1848
3571,4к+,78
3572,4к+,889
3573,4к+,7366
3574,4к+,460
3575,4к+,363
3576,4к+,438
3577,4к+,264
3578,4к+,257
3579,4к+,219
3580,4к+,2004
3581,4к+,150
3582,4к+,647
3583,4к+,62
3584,4к+,166
3585,4к+,571
3586,4к+,150
3587,4к+,44
3588,4к+,237
3589,4к+,662
3590,4к+,0
3591,4к+,5024
3592,4к+,87
3593,4к+,284
3594,4к+,1566
3595,4к+,2056
3596,4к+,166
3597,4к+,189
3598,4к+,0
3599,4к+,809
3600,4к+,49
3601,4к+,1
3602,4к+,1985
3603,4к+,231
3604,4к+,37
3605,4к+,2848
3606,4к+,519
3607,4к+,87
3608,4к+,121
3609,4к+,551
3610,4к+,1
3611,4к+,114
3612,4к+,2610
3613,4к+,2652
3614,4к+,1848
3615,4к+,17
3616,4к+,31
3617,4к+,185
3618,4к+,403
3619,4к+,148
3620,4к+,7424
3621,4к+,15
3622,4к+,4006
3623,4к+,40
3624,4к+,2619
3625,4к+,48
3626,4к+,220
3627,4к+,270
3628,4к+,29074
3629,4к+,237
3630,4к+,139
3631,4к+,58
3632,4к+,853
3633,4к+,81
3634,4к+,32
3635,4к+,132
3636,4к+,63
3637,4к+,204
3638,4к+,148
3639,4к+,579
3640,4к+,188
3641,4к+,1
3642,4к+,1479
3643,4к+,69
3644,4к+,51
3645,4к+,2656
3646,4к+,647
3647,4к+,78
3648,4к+,223
3649,4к+,0
3650,4к+,148
3651,4к+,53
3652,4к+,327
3653,4к+,345
3654,4к+,158
3655,4к+,1216
3656,4к+,474
3657,4к+,55
3658,4к+,789
3659,4к+,62
3660,4к+,438
3661,4к+,161
3662,4к+,1
3663,4к+,487
3664,4к+,1
3665,4к+,55
3666,4к+,64
3667,4к+,13
3668,4к+,5008
3669,4к+,347
3670,4к+,234
3671,4к+,15
3672,4к+,580
3673,4к+,37
3674,4к+,1121
3675,4к+,0
3676,4к+,363
3677,4к+,2
3678,4к+,52
3679,4к+,658
3680,4к+,130
3681,4к+,696
3682,4к+,15
3683,4к+,192
3684,4к+,37
3685,4к+,48
3686,4к+,5046
3687,4к+,32
3688,4к+,271
3689,4к+,161
3690,4к+,51
3691,4к+,37
3692,4к+,2656
3693,4к+,114
3694,4к+,2631
3695,4к+,327
3696,4к+,17
3697,4к+,86
3698,4к+,1
3699,4к+,849
3700,4к+,55
3701,4к+,813
3702,4к+,1602
3703,4к+,55
3704,4к+,583
3705,4к+,571
3706,4к+,188
3707,4к+,32
3708,4к+,2056
3709,4к+,345
3710,4к+,7424
3711,4к+,166
3712,4к+,53
3713,4к+,1
3714,4к+,81
3715,4к+,1
3716,4к+,17
3717,4к+,403
3718,4к+,148
3719,4к+,29482
3720,4к+,2765
3721,4к+,163
3722,4к+,49
3723,4к+,132
3724,4к+,2849
3725,4к+,347
3726,4к+,1479
3727,4к+,284
3728,4к+,58
3729,4к+,42
3730,4к+,363
3731,4к+,62
3732,4к+,167
3733,4к+,80
3734,4к+,474
3735,4к+,889
3736,4к+,0
3737,4к+,208
3738,4к+,63
3739,4к+,13
3740,4к+,231
3741,4к+,150
3742,4к+,69
3743,4к+,0
3744,4к+,87
3745,4к+,186
3746,4к+,647
3747,4к+,1186
3748,4к+,15
3749,4к+,220
3750,4к+,4004
3751,4к+,1216
3752,4к+,234
3753,4к+,2651
3754,4к+,52
3755,4к+,2
3756,4к+,483
3757,4к+,237
3758,4к+,1866
3759,4к+,600
3760,4к+,0
3761,4к+,2054
3762,4к+,223
3763,4к+,438
3764,4к+,1
3765,4к+,537
3766,4к+,139
3767,4к+,220
3768,4к+,168
3769,4к+,148
3770,4к+,1184
3771,4к+,81
3772,4к+,161
3773,4к+,171
3774,4к+,80
3775,4к+,32
3776,4к+,15
3777,4к+,1160
3778,4к+,488
3779,4к+,2674
3780,4к+,223
3781,4к+,49
3782,4к+,818
3783,4к+,698
3784,4к+,43
3785,4к+,13
3786,4к+,17
3787,4к+,55
3788,4к+,438
3789,4к+,484
3790,4к+,37
3791,4к+,79
3792,4к+,163
3793,4к+,208
3794,4к+,55
3795,4к+,363
3796,4к+,5
3797,4к+,863
3798,4к+,273
3799,4к+,86
3800,4к+,588
3801,4к+,2066
3802,4к+,1
3803,4к+,158
3804,4к+,0
3805,4к+,213
3806,4к+,536
3807,4к+,404
3808,4к+,30163
3809,4к+,51
3810,4к+,87
3811,4к+,69
3812,4к+,2862
3813,4к+,669
3814,4к+,191
3815,4к+,1198
3816,4к+,234
3817,4к+,53
3818,4к+,114
3819,4к+,0
3820,4к+,1
3821,4к+,246
3822,4к+,2684
3823,4к+,32
3824,4к+,1555
3825,4к+,2909
3826,4к+,153
3827,4к+,2785
3828,4к+,327
3829,4к+,139
3830,4к+,148
3831,4к+,237
3832,4к+,297
3833,4к+,42
3834,4к+,368
3835,4к+,604
3836,4к+,3959
3837,4к+,1
3838,4к+,187
3839,4к+,62
3840,4к+,59
3841,4к+,0
3842,4к+,5010
3843,4к+,1916
3844,4к+,15
3845,4к+,2
3846,4к+,2087
3847,4к+,17
3848,4к+,1479
3849,4к+,186
3850,4к+,52
3851,4к+,583
3852,4к+,48
3853,4к+,7553
3854,4к+,161
3855,4к+,0
3856,4к+,32
3857,4к+,2102
3858,4к+,273
3859,4к+,254
3860,4к+,139
3861,4к+,628
3862,4к+,171
3863,4к+,0
3864,4к+,48
3865,4к+,30132
3866,4к+,44
3867,4к+,1138
3868,4к+,62
3869,4к+,199
3870,4к+,1479
3871,4к+,538
3872,4к+,69
3873,4к+,2776
3874,4к+,168
3875,4к+,611
3876,4к+,1
3877,4к+,208
3878,4к+,2
3879,4к+,368
3880,4к+,1607
3881,4к+,2862
3882,4к+,1
3883,4к+,53
3884,4к+,55
3885,4к+,1
3886,4к+,32
3887,4к+,1163
3888,4к+,228
3889,4к+,3939
3890,4к+,588
3891,4к+,13
3892,4к+,314
3893,4к+,0
3894,4к+,404
3895,4к+,91
3896,4к+,37
3897,4к+,327
3898,4к+,15
3899,4к+,189
3900,4к+,2676
3901,4к+,51
3902,4к+,2919
3903,4к+,169
3904,4к+,1980
3905,4к+,2648
3906,4к+,42
3907,4к+,213
3908,4к+,157
3909,4к+,815
3910,4к+,868
3911,4к+,81
3912,4к+,160
3913,4к+,15
3914,4к+,700
3915,4к+,189
3916,4к+,59
3917,4к+,107
3918,4к+,21
3919,4к+,153
3920,4к+,114
3921,4к+,309
3922,4к+,52
3923,4к+,55
3924,4к+,1
3925,4к+,7665
3926,4к+,80
3927,4к+,17
3928,4к+,484
3929,4к+,1920
3930,4к+,669
3931,4к+,223
3932,4к+,1204
3933,4к+,5012
3934,4к+,489
3935,4к+,148
3936,4к+,363
3937,4к+,234
3938,4к+,438
3939,4к+,90
3940,4к+,44
3941,4к+,1151
3942,4к+,30383
3943,4к+,90
3944,4к+,320
3945,4к+,21
3946,4к+,1
3947,4к+,189
3948,4к+,0
3949,4к+,1479
3950,4к+,108
3951,4к+,231
3952,4к+,15
3953,4к+,59
3954,4к+,161
3955,4к+,1
3956,4к+,1168
3957,4к+,2
3958,4к+,2138
3959,4к+,438
3960,4к+,254
3961,4к+,1201
3962,4к+,80
3963,4к+,55
3964,4к+,878
3965,4к+,51
3966,4к+,7665
3967,4к+,484
3968,4к+,157
3969,4к+,148
3970,4к+,0
3971,4к+,13
3972,4к+,317
3973,4к+,0
3974,4к+,234
3975,4к+,823
3976,4к+,166
3977,4к+,17
3978,4к+,153
3979,4к+,1622
3980,4к+,208
3981,4к+,654
3982,4к+,32
3983,4к+,188
3984,4к+,69
3985,4к+,44
3986,4к+,3946
3987,4к+,588
3988,4к+,5014
3989,4к+,55
3990,4к+,1
3991,4к+,700
3992,4к+,44
3993,4к+,277
3994,4к+,2797
3995,4к+,213
3996,4к+,55
3997,4к+,669
3998,4к+,169
3999,4к+,404
4000,4к+,91
4001,4к+,48
4002,4к+,1
4003,4к+,2682
4004,4к+,309
4005,4к+,363
4006,4к+,613
4007,4к+,369
4008,4к+,224
4009,4к+,171
4010,4к+,2791
4011,4к+,200
4012,4к+,536
4013,4к+,1920
4014,4к+,62
4015,4к+,52
4016,4к+,539
4017,4к+,81
4018,4к+,15
4019,4к+,42
4020,4к+,2863
4021,4к+,37
4022,4к+,2147
4023,4к+,140
4024,4к+,33
4025,4к+,2923
4026,4к+,113
4027,4к+,160
4028,4к+,0
4029,4к+,1169
4030,4к+,4492
4031,4к+,171
4032,4к+,298
4033,4к+,148
4034,4к+,42
4035,4к+,158
4036,4к+,3906
4037,4к+,0
4038,4к+,108
4039,4к+,80
4040,4к+,21
4041,4к+,44
4042,4к+,161
4043,4к+,69
4044,4к+,613
4045,4к+,43
4046,4к+,15
4047,4к+,669
4048,4к+,1
4049,4к+,10
4050,4к+,81
4051,4к+,2682
4052,4к+,160
4053,4к+,2164
4054,4к+,55
4055,4к+,189
4056,4к+,588
4057,4к+,172
4058,4к+,48
4059,4к+,157
4060,4к+,438
4061,4к+,31
4062,4к+,231
4063,4к+,369
4064,4к+,33
4065,4к+,1184
4066,4к+,931
4067,4к+,654
4068,4к+,1886
4069,4к+,363
4070,4к+,113
4071,4к+,1
4072,4к+,543
4073,4к+,254
4074,4к+,2923
4075,4к+,845
4076,4к+,327
4077,4к+,224
4078,4к+,1236
4079,4к+,2862
4080,4к+,169
4081,4к+,309
4082,4к+,208
4083,4к+,13
4084,4к+,404
4085,4к+,47
4086,4к+,55
4087,4к+,1
4088,4к+,166
4089,4к+,91
4090,4к+,51
4091,4к+,2789
4092,4к+,216
4093,4к+,1479
4094,4к+,484
4095,4к+,0
4096,4к+,59
4097,4к+,62
4098,4к+,700
4099,4к+,7645
4100,4к+,2141
4101,4к+,2792
4102,4к+,37
4103,4к+,1
4104,4к+,317
4105,4к+,1623
4106,4к+,55
4107,4к+,539
4108,4к+,52
4109,4к+,200
4110,4к+,234
4111,4к+,30548
4112,4к+,10
4113,4к+,197
4114,4к+,100
4115,4к+,37
4116,4к+,31
4117,4к+,1602
4118,4к+,62
4119,4к+,3870
4120,4к+,161
4121,4к+,121
4122,4к+,369
4123,4к+,296
4124,4к+,55
4125,4к+,158
4126,4к+,1184
4127,4к+,943
4128,4к+,69
4129,4к+,2136
4130,4к+,148
4131,4к+,10
4132,4к+,55
4133,4к+,656
4134,4к+,43
4135,4к+,15
4136,4к+,113
4137,4к+,7651
4138,4к+,158
4139,4к+,30601
4140,4к+,438
4141,4к+,2810
4142,4к+,55
4143,4к+,166
4144,4к+,0
4145,4к+,231
4146,4к+,161
4147,4к+,484
4148,4к+,0
4149,4к+,10
4150,4к+,545
4151,4к+,172
4152,4к+,1
4153,4к+,1212
4154,4к+,1
4155,4к+,163
4156,4к+,51
4157,4к+,2689
4158,4к+,80
4159,4к+,254
4160,4к+,845
4161,4к+,21
4162,4к+,1479
4163,4к+,1236
4164,4к+,81
4165,4к+,618
4166,4к+,1
4167,4к+,211
4168,4к+,216
4169,4к+,246
4170,4к+,404
4171,4к+,59
4172,4к+,0
4173,4к+,13
4174,4к+,33
4175,4к+,370
4176,4к+,94
4177,4к+,2792
4178,4к+,1886
4179,4к+,2931
4180,4к+,309
4181,4к+,52
4182,4к+,731
4183,4к+,48
4184,4к+,670
4185,4к+,2155
4186,4к+,298
4187,4к+,4491
4188,4к+,42
4189,4к+,49
4190,4к+,189
4191,4к+,200
4192,4к+,44
4193,4к+,2886
4194,4к+,224
4195,4к+,1
4196,4к+,327
4197,4к+,613
4198,4к+,169
4199,4к+,202
4200,4к+,591
4201,4к+,108
4202,4к+,1
4203,4к+,231
4204,4к+,172
4205,4к+,200
4206,4к+,161
4207,4к+,212
4208,4к+,59
4209,4к+,55
4210,4к+,55
4211,4к+,10
4212,4к+,224
4213,4к+,189
4214,4к+,1622
4215,4к+,44
4216,4к+,1212
4217,4к+,161
4218,4к+,484
4219,4к+,52
4220,4к+,42
4221,4к+,169
4222,4к+,670
4223,4к+,618
4224,4к+,740
4225,4к+,81
4226,4к+,2817
4227,4к+,327
4228,4к+,498
4229,4к+,37
4230,4к+,21
4231,4к+,1180
4232,4к+,689
4233,4к+,327
4234,4к+,148
4235,4к+,0
4236,4к+,55
4237,4к+,116
4238,4к+,32
4239,4к+,121
4240,4к+,49
4241,4к+,2904
4242,4к+,62
4243,4к+,558
4244,4к+,3874
4245,4к+,599
4246,4к+,94
4247,4к+,298
4248,4к+,167
4249,4к+,51
4250,4к+,2825
4251,4к+,612
4252,4к+,246
4253,4к+,30614
4254,4к+,158
4255,4к+,258
4256,4к+,1257
4257,4к+,2195
4258,4к+,48
4259,4к+,1
4260,4к+,202
4261,4к+,2947
4262,4к+,2168
4263,4к+,158
4264,4к+,166
4265,4к+,0
4266,4к+,369
4267,4к+,1479
4268,4к+,947
4269,4к+,216
4270,4к+,7702
4271,4к+,404
4272,4к+,15
4273,4к+,43
4274,4к+,1886
4275,4к+,13
4276,4к+,2836
4277,4к+,1
4278,4к+,69
4279,4к+,10
4280,4к+,0
4281,4к+,80
4282,4к+,327
4283,4к+,43
4284,4к+,4519
4285,4к+,1
4286,4к+,845
4287,4к+,370
4288,4к+,108
4289,4к+,482
4290,4к+,1
4291,4к+,176
4292,4к+,121
4293,4к+,183
4294,4к+,54
4295,4к+,1387
4296,4к+,520
4297,4к+,381
4298,4к+,8084
4299,4к+,0
4300,4к+,151
4301,4к+,137
4302,4к+,55
4303,4к+,839
4304,4к+,246
4305,4к+,764
4306,4к+,73
4307,4к+,1926
4308,4к+,230
4309,4к+,1747
4310,4к+,169
4311,4к+,254
4312,4к+,65
4313,4к+,66
4314,4к+,356
4315,4к+,55
4316,4к+,336
4317,4к+,286
4318,4к+,2452
4319,4к+,252
4320,4к+,49
4321,4к+,32482
4322,4к+,95
4323,4к+,3595
4324,4к+,1018
4325,4к+,2810
4326,4к+,37
4327,4к+,21
4328,4к+,375
4329,4к+,50
4330,4к+,2879
4331,4к+,108
4332,4к+,210
4333,4к+,224
4334,4к+,4606
4335,4к+,49
4336,4к+,981
4337,4к+,3255
4338,4к+,200
4339,4к+,170
4340,4к+,1509
4341,4к+,759
4342,4к+,96
4343,4к+,1203
4344,4к+,23
4345,4к+,95
4346,4к+,77
4347,4к+,62
4348,4к+,663
4349,4к+,38
4350,4к+,0
4351,4к+,1
4352,4к+,0
4353,4к+,52
4354,4к+,668
4355,4к+,81
4356,4к+,1
4357,4к+,25
4358,4к+,241
4359,4к+,59
4360,4к+,3
4361,4к+,10
4362,4к+,342
4363,4к+,370
4364,4к+,2818
4365,4к+,655
4366,4к+,181
4367,4к+,16
4368,4к+,331
4369,4к+,543
4370,4к+,44
4371,4к+,2022
4372,4к+,162
4373,4к+,270
4374,4к+,3207
4375,4к+,650
4376,4к+,4997
4377,4к+,981
4378,4к+,2838
4379,4к+,169
4380,4к+,10
4381,4к+,3614
4382,4к+,283
4383,4к+,81
4384,4к+,4614
4385,4к+,43
4386,4к+,3269
4387,4к+,2024
4388,4к+,543
4389,4к+,331
4390,4к+,37
4391,4к+,25
4392,4к+,0
4393,4к+,32518
4394,4к+,0
4395,4к+,373
4396,4к+,243
4397,4к+,489
4398,4к+,171
4399,4к+,3
4400,4к+,65
4401,4к+,66
4402,4к+,18
4403,4к+,1510
4404,4к+,73
4405,4к+,520
4406,4к+,336
4407,4к+,1387
4408,4к+,767
4409,4к+,44
4410,4к+,356
4411,4к+,121
4412,4к+,55
4413,4к+,0
4414,4к+,214
4415,4к+,1203
4416,4к+,676
4417,4к+,54
4418,4к+,95
4419,4к+,163
4420,4к+,62
4421,4к+,286
4422,4к+,383
4423,4к+,188
4424,4к+,343
4425,4к+,96
4426,4к+,64
4427,4к+,170
4428,4к+,4997
4429,4к+,1986
4430,4к+,2881
4431,4к+,1
4432,4к+,23
4433,4к+,50
4434,4к+,8144
4435,4к+,3213
4436,4к+,254
4437,4к+,79
4438,4к+,1780
4439,4к+,2816
4440,4к+,21
4441,4к+,95
4442,4к+,137
4443,4к+,108
4444,4к+,200
4445,4к+,1
4446,4к+,49
4447,4к+,252
4448,4к+,105
4449,4к+,657
4450,4к+,183
4451,4к+,381
4452,4к+,777
4453,4к+,2458
4454,4к+,59
4455,4к+,664
4456,4к+,52
4457,4к+,230
4458,4к+,224
4459,4к+,849
4460,4к+,151
4461,4к+,1020
4462,4к+,1
4463,4к+,246
4464,4к+,650
4465,4к+,489
4466,4к+,171
4467,4к+,786
4468,4к+,4627
4469,4к+,169
4470,4к+,55
4471,4к+,283
4472,4к+,373
4473,4к+,2856
4474,4к+,286
4475,4к+,25
4476,4к+,1020
4477,4к+,254
4478,4к+,81
4479,4к+,183
4480,4к+,573
4481,4к+,252
4482,4к+,105
4483,4к+,1
4484,4к+,202
4485,4к+,151
4486,4к+,18
4487,4к+,66
4488,4к+,0
4489,4к+,246
4490,4к+,356
4491,4к+,137
4492,4к+,2070
4493,4к+,526
4494,4к+,32614
4495,4к+,1212
4496,4к+,394
4497,4к+,44
4498,4к+,96
4499,4к+,0
4500,4к+,138
4501,4к+,3629
4502,4к+,203
4503,4к+,43
4504,4к+,762
4505,4к+,331
4506,4к+,243
4507,4к+,343
4508,4к+,79
4509,4к+,865
4510,4к+,240
4511,4к+,50
4512,4к+,2024
4513,4к+,121
4514,4к+,387
4515,4к+,8187
4516,4к+,79
4517,4к+,3269
4518,4к+,243
4519,4к+,336
4520,4к+,65
4521,4к+,3350
4522,4к+,1
4523,4к+,1793
4524,4к+,214
4525,4к+,95
4526,4к+,49
4527,4к+,3
4528,4к+,23
4529,4к+,64
4530,4к+,1
4531,4к+,2917
4532,4к+,163
4533,4к+,676
4534,4к+,650
4535,4к+,62
4536,4к+,2466
4537,4к+,37
4538,4к+,10
4539,4к+,177
4540,4к+,2831
4541,4к+,73
4542,4к+,0
4543,4к+,982
4544,4к+,1421
4545,4к+,21
4546,4к+,59
4547,4к+,5003
4548,4к+,665
4549,4к+,696
4550,4к+,54
4551,4к+,102
4552,4к+,52
4553,4к+,2843
4554,4к+,163
4555,4к+,770
4556,4к+,865
4557,4к+,291
4558,4к+,650
4559,4к+,32602
4560,4к+,245
4561,4к+,1
4562,4к+,214
4563,4к+,865
4564,4к+,496
4565,4к+,21
4566,4к+,5003
4567,4к+,177
4568,4к+,52
4569,4к+,1
4570,4к+,703
4571,4к+,118
4572,4к+,1421
4573,4к+,0
4574,4к+,253
4575,4к+,49
4576,4к+,103
4577,4к+,243
4578,4к+,0
4579,4к+,286
4580,4к+,667
4581,4к+,23
4582,4к+,44
4583,4к+,44
4584,4к+,3748
4585,4к+,89
4586,4к+,203
4587,4к+,342
4588,4к+,1277
4589,4к+,246
4590,4к+,1
4591,4к+,118
4592,4к+,61
4593,4к+,65
4594,4к+,0
4595,4к+,701
4596,4к+,37
4597,4к+,18
4598,4к+,183
4599,4к+,240
4600,4к+,95
4601,4к+,337
4602,4к+,62
4603,4к+,410
4604,4к+,3
4605,4к+,1006
4606,4к+,985
4607,4к+,169
4608,4к+,243
4609,4к+,54
4610,4к+,10
4611,4к+,64
4612,4к+,527
4613,4к+,171
4614,4к+,573
4615,4к+,73
4616,4к+,56
4617,4к+,25
4618,4к+,1814
4619,4к+,3287
4620,4к+,2826
4621,4к+,47
4622,4к+,3407
4623,4к+,375
4624,4к+,2024
4625,4к+,4703
4626,4к+,95
4627,4к+,2953
4628,4к+,202
4629,4к+,2522
4630,4к+,416
4631,4к+,254
4632,4к+,331
4633,4к+,82
4634,4к+,8179
4635,4к+,151
4636,4к+,138
4637,4к+,66
4638,4к+,142
4639,4к+,2070
4640,4к+,373
4641,4к+,4675
4642,4к+,95
4643,4к+,375
4644,4к+,416
4645,4к+,2706
4646,4к+,1009
4647,4к+,103
4648,4к+,4972
4649,4к+,3
4650,4к+,151
4651,4к+,54
4652,4к+,573
4653,4к+,37
4654,4к+,0
4655,4к+,2076
4656,4к+,373
4657,4к+,163
4658,4к+,1822
4659,4к+,47
4660,4к+,240
4661,4к+,243
4662,4к+,1
4663,4к+,496
4664,4к+,18
4665,4к+,24
4666,4к+,1
4667,4к+,243
4668,4к+,249
4669,4к+,0
4670,4к+,407
4671,4к+,3452
4672,4к+,44
4673,4к+,138
4674,4к+,118
4675,4к+,169
4676,4к+,331
4677,4к+,670
4678,4к+,203
4679,4к+,338
4680,4к+,2847
4681,4к+,527
4682,4к+,62
4683,4к+,61
4684,4к+,73
4685,4к+,21
4686,4к+,985
4687,4к+,3011
4688,4к+,82
4689,4к+,254
4690,4к+,862
4691,4к+,89
4692,4к+,44
4693,4к+,246
4694,4к+,218
4695,4к+,183
4696,4к+,666
4697,4к+,32771
4698,4к+,1
4699,4к+,93
4700,4к+,49
4701,4к+,1349
4702,4к+,25
4703,4к+,118
4704,4к+,286
4705,4к+,10
4706,4к+,893
4707,4к+,171
4708,4к+,410
4709,4к+,715
4710,4к+,56
4711,4к+,689
4712,4к+,0
4713,4к+,142
4714,4к+,1421
4715,4к+,2024
4716,4к+,95
4717,4к+,3309
4718,4к+,254
4719,4к+,52
4720,4к+,785
4721,4к+,202
4722,4к+,8193
4723,4к+,177
4724,4к+,65
4725,4к+,2936
4726,4к+,337
4727,4к+,66
4728,4к+,3748
4729,4к+,407
4730,4к+,243
4731,4к+,715
4732,4к+,305
4733,4к+,203
4734,4к+,3041
4735,4к+,65
4736,4к+,10
4737,4к+,355
4738,4к+,2947
4739,4к+,1
4740,4к+,337
4741,4к+,2
4742,4к+,54
4743,4к+,177
4744,4к+,62
4745,4к+,3298
4746,4к+,422
4747,4к+,4968
4748,4к+,375
4749,4к+,1880
4750,4к+,2711
4751,4к+,985
4752,4к+,163
4753,4к+,24
4754,4к+,52
4755,4к+,243
4756,4к+,1074
4757,4к+,246
4758,4к+,2024
4759,4к+,183
4760,4к+,415
4761,4к+,62
4762,4к+,8245
4763,4к+,338
4764,4к+,18
4765,4к+,3496
4766,4к+,2096
4767,4к+,93
4768,4к+,686
4769,4к+,118
4770,4к+,151
4771,4к+,37
4772,4к+,44
4773,4к+,1349
4774,4к+,211
4775,4к+,20
4776,4к+,698
4777,4к+,884
4778,4к+,264
4779,4к+,106
4780,4к+,0
4781,4к+,4672
4782,4к+,65
4783,4к+,73
4784,4к+,142
4785,4к+,32999
4786,4к+,113
4787,4к+,95
4788,4к+,894
4789,4к+,573
4790,4к+,527
4791,4к+,95
4792,4к+,22
4793,4к+,1
4794,4к+,25
4795,4к+,373
4796,4к+,2892
4797,4к+,496
4798,4к+,171
4799,4к+,56
4800,4к+,670
4801,4к+,252
4802,4к+,169
4803,4к+,1423
4804,4к+,784
4805,4к+,202
4806,4к+,138
4807,4к+,3748
4808,4к+,82
4809,4к+,3
4810,4к+,118
4811,4к+,49
4812,4к+,44
4813,4к+,0
4814,4к+,0
4815,4к+,240
4816,4к+,47
4817,4к+,140
4818,4к+,496
4819,4к+,2899
4820,4к+,10
4821,4к+,246
4822,4к+,64
4823,4к+,2028
4824,4к+,62
4825,4к+,243
4826,4к+,718
4827,4к+,573
4828,4к+,118
4829,4к+,65
4830,4к+,373
4831,4к+,1423
4832,4к+,49
4833,4к+,48
4834,4к+,0
4835,4к+,3797
4836,4к+,338
4837,4к+,7
4838,4к+,264
4839,4к+,276
4840,4к+,82
4841,4к+,163
4842,4к+,256
4843,4к+,422
4844,4к+,183
4845,4к+,8295
4846,4к+,62
4847,4к+,754
4848,4к+,892
4849,4к+,377
4850,4к+,409
4851,4к+,3312
4852,4к+,95
4853,4к+,794
4854,4к+,1348
4855,4к+,337
4856,4к+,2971
4857,4к+,22
4858,4к+,3038
4859,4к+,1
4860,4к+,894
4861,4к+,240
4862,4к+,177
4863,4к+,35
4864,4к+,47
4865,4к+,65
4866,4к+,527
4867,4к+,95
4868,4к+,0
4869,4к+,3496
4870,4к+,415
4871,4к+,986
4872,4к+,120
4873,4к+,33027
4874,4к+,20
4875,4к+,3
4876,4к+,142
4877,4к+,44
4878,4к+,1096
4879,4к+,54
4880,4к+,54
4881,4к+,4998
4882,4к+,171
4883,4к+,118
4884,4к+,705
4885,4к+,1890
4886,4к+,2111
4887,4к+,151
4888,4к+,45
4889,4к+,0
4890,4к+,172
4891,4к+,202
4892,4к+,26
4893,4к+,93
4894,4к+,670
4895,4к+,24
4896,4к+,4622
4897,4к+,117
4898,4к+,253
4899,4к+,1
4900,4к+,211
4901,4к+,73
4902,4к+,305
4903,4к+,2733
4904,4к+,355
4905,4к+,207
4906,4к+,248
4907,4к+,1
4908,4к+,93
4909,4к+,118
4910,4к+,496
4911,4к+,172
4912,4к+,215
4913,4к+,986
4914,4к+,2933
4915,4к+,140
4916,4к+,240
4917,4к+,160
4918,4к+,117
4919,4к+,0
4920,4к+,151
4921,4к+,82
4922,4к+,153
4923,4к+,62
4924,4к+,24
4925,4к+,705
4926,4к+,327
4927,4к+,20
4928,4к+,527
4929,4к+,65
4930,4к+,44
4931,4к+,718
4932,4к+,65
4933,4к+,3
4934,4к+,2120
4935,4к+,54
4936,4к+,7
4937,4к+,769
4938,4к+,296
4939,4к+,2977
4940,4к+,305
4941,4к+,172
4942,4к+,804
4943,4к+,119
4944,4к+,33089
4945,4к+,62
4946,4к+,0
4947,4к+,573
4948,4к+,3514
4949,4к+,109
4950,4к+,1488
4951,4к+,256
4952,4к+,347
4953,4к+,196
4954,4к+,246
4955,4к+,54
4956,4к+,244
4957,4к+,185
4958,4к+,0
4959,4к+,377
4960,4к+,371
4961,4к+,2737
4962,4к+,3797
4963,4к+,48
4964,4к+,264
4965,4к+,49
4966,4к+,3328
4967,4к+,10
4968,4к+,22
4969,4к+,47
4970,4к+,5004
4971,4к+,53
4972,4к+,2026
4973,4к+,1321
4974,4к+,35
4975,4к+,671
4976,4к+,124
4977,4к+,439
4978,4к+,1925
4979,4к+,64
4980,4к+,1048
4981,4к+,177
4982,4к+,395
4983,4к+,8347
4984,4к+,4629
4985,4к+,419
4986,4к+,415
4987,4к+,26
4988,4к+,909
4989,4к+,2999
4990,4к+,73
4991,4к+,918
4992,4к+,1
4993,4к+,157
4994,4к+,3821
4995,4к+,248
4996,4к+,535
4997,4к+,69
4998,4к+,1
4999,4к+,1055
5000,4к+,3
5001,4к+,32605
5002,4к+,151
5003,4к+,22
5004,4к+,44
5005,4к+,172
5006,4к+,53
5007,4к+,404
5008,4к+,53
5009,4к+,1488
5010,4к+,2026
5011,4к+,342
5012,4к+,296
5013,4к+,439
5014,4к+,814
5015,4к+,118
5016,4к+,264
5017,4к+,675
5018,4к+,197
5019,4к+,82
5020,4к+,5
5021,4к+,42
5022,4к+,124
5023,4к+,580
5024,4к+,305
5025,4к+,977
5026,4к+,417
5027,4к+,48
5028,4к+,2917
5029,4к+,20
5030,4к+,46
5031,4к+,117
5032,4к+,344
5033,4к+,10
5034,4к+,8604
5035,4к+,62
5036,4к+,26
5037,4к+,496
5038,4к+,244
5039,4к+,155
5040,4к+,202
5041,4к+,252
5042,4к+,0
5043,4к+,3573
5044,4к+,93
5045,4к+,119
5046,4к+,244
5047,4к+,0
5048,4к+,2994
5049,4к+,49
5050,4к+,175
5051,4к+,5015
5052,4к+,56
5053,4к+,35
5054,4к+,177
5055,4к+,3343
5056,4к+,73
5057,4к+,1323
5058,4к+,17
5059,4к+,2126
5060,4к+,246
5061,4к+,62
5062,4к+,160
5063,4к+,74
5064,4к+,775
5065,4к+,65
5066,4к+,377
5067,4к+,2757
5068,4к+,1985
5069,4к+,813
5070,4к+,704
5071,4к+,4678
5072,4к+,225
5073,4к+,371
5074,4к+,4
5075,4к+,946
5076,4к+,1
5077,4к+,719
5078,4к+,111
5079,4к+,185
5080,4к+,418
5081,4к+,3122
5082,4к+,74
5083,4к+,296
5084,4к+,2028
5085,4к+,1
5086,4к+,124
5087,4к+,1537
5088,4к+,588
5089,4к+,35
5090,4к+,252
5091,4к+,813
5092,4к+,62
5093,4к+,4
5094,4к+,496
5095,4к+,69
5096,4к+,305
5097,4к+,1985
5098,4к+,775
5099,4к+,252
5100,4к+,1045
5101,4к+,2126
5102,4к+,151
5103,4к+,156
5104,4к+,3388
5105,4к+,82
5106,4к+,65
5107,4к+,33278
5108,4к+,8694
5109,4к+,78
5110,4к+,111
5111,4к+,175
5112,4к+,254
5113,4к+,344
5114,4к+,160
5115,4к+,118
5116,4к+,202
5117,4к+,10
5118,4к+,948
5119,4к+,3611
5120,4к+,987
5121,4к+,3821
5122,4к+,0
5123,4к+,225
5124,4к+,5
5125,4к+,719
5126,4к+,187
5127,4к+,377
5128,4к+,344
5129,4к+,5033
5130,4к+,93
5131,4к+,3014
5132,4к+,44
5133,4к+,4687
5134,4к+,535
5135,4к+,445
5136,4к+,704
5137,4к+,2759
5138,4к+,1561
5139,4к+,0
5140,4к+,22
5141,4к+,404
5142,4к+,48
5143,4к+,417
5144,4к+,3
5145,4к+,20
5146,4к+,166
5147,4к+,197
5148,4к+,26
5149,4к+,46
5150,4к+,221
5151,4к+,117
5152,4к+,862
5153,4к+,264
5154,4к+,119
5155,4к+,19
5156,4к+,53
5157,4к+,73
5158,4к+,53
5159,4к+,2938
5160,4к+,49
5161,4к+,677
5162,4к+,1
5163,4к+,74
5164,4к+,244
5165,4к+,155
5166,4к+,185
5167,4к+,42
5168,4к+,370
5169,4к+,439
5170,4к+,3163
5171,4к+,10
5172,4к+,3821
5173,4к+,8793
5174,4к+,305
5175,4к+,252
5176,4к+,3142
5177,4к+,344
5178,4к+,221
5179,4к+,173
5180,4к+,719
5181,4к+,26
5182,4к+,439
5183,4к+,33371
5184,4к+,2095
5185,4к+,617
5186,4к+,74
5187,4к+,244
5188,4к+,119
5189,4к+,73
5190,4к+,48
5191,4к+,827
5192,4к+,445
5193,4к+,4611
5194,4к+,535
5195,4к+,32
5196,4к+,138
5197,4к+,151
5198,4к+,46
5199,4к+,1
5200,4к+,417
5201,4к+,4
5202,4к+,22
5203,4к+,3
5204,4к+,404
5205,4к+,876
5206,4к+,677
5207,4к+,187
5208,4к+,1575
5209,4к+,88
5210,4к+,44
5211,4к+,344
5212,4к+,155
5213,4к+,381
5214,4к+,62
5215,4к+,49
5216,4к+,186
5217,4к+,708
5218,4к+,65
5219,4к+,1537
5220,4к+,156
5221,4к+,3388
5222,4к+,2755
5223,4к+,296
5224,4к+,35
5225,4к+,160
5226,4к+,202
5227,4к+,793
5228,4к+,118
5229,4к+,93
5230,4к+,5060
5231,4к+,131
5232,4к+,0
5233,4к+,1
5234,4к+,3613
5235,4к+,42
5236,4к+,74
5237,4к+,197
5238,4к+,3030
5239,4к+,252
5240,4к+,253
5241,4к+,170
5242,4к+,264
5243,4к+,2969
5244,4к+,53
5245,4к+,5
5246,4к+,2176
5247,4к+,54
5248,4к+,109
5249,4к+,377
5250,4к+,2020
5251,4к+,19
5252,4к+,496
5253,4к+,948
5254,4к+,1067
5255,4к+,69
5256,4к+,1010
5257,4к+,0
5258,4к+,78
5259,4к+,254
5260,4к+,42
5261,4к+,1034
5262,4к+,5072
5263,4к+,49
5264,4к+,2222
5265,4к+,504
5266,4к+,3401
5267,4к+,10
5268,4к+,74
5269,4к+,404
5270,4к+,344
5271,4к+,32
5272,4к+,19
5273,4к+,377
5274,4к+,124
5275,4к+,310
5276,4к+,62
5277,4к+,310
5278,4к+,2020
5279,4к+,551
5280,4к+,3
5281,4к+,186
5282,4к+,88
5283,4к+,710
5284,4к+,79
5285,4к+,417
5286,4к+,54
5287,4к+,3043
5288,4к+,1
5289,4к+,73
5290,4к+,1536
5291,4к+,118
5292,4к+,155
5293,4к+,254
5294,4к+,0
5295,4к+,253
5296,4к+,22
5297,4к+,197
5298,4к+,264
5299,4к+,1067
5300,4к+,187
5301,4к+,119
5302,4к+,170
5303,4к+,109
5304,4к+,3142
5305,4к+,244
5306,4к+,820
5307,4к+,1
5308,4к+,672
5309,4к+,202
5310,4к+,222
5311,4к+,35
5312,4к+,151
5313,4к+,2114
5314,4к+,417
5315,4к+,394
5316,4к+,104
5317,4к+,252
5318,4к+,254
5319,4к+,116
5320,4к+,617
5321,4к+,3641
5322,4к+,439
5323,4к+,1628
5324,4к+,2787
5325,4к+,26
5326,4к+,0
5327,4к+,735
5328,4к+,48
5329,4к+,74
5330,4к+,65
5331,4к+,876
5332,4к+,794
5333,4к+,4653
5334,4к+,151
5335,4к+,138
5336,4к+,4
5337,4к+,69
5338,4к+,46
5339,4к+,173
5340,4к+,160
5341,4к+,33420
5342,4к+,3041
5343,4к+,8874
5344,4к+,53
5345,4к+,3821
5346,4к+,501
5347,4к+,965
5348,4к+,5
5349,4к+,74
5350,4к+,118
5351,4к+,711
5352,4к+,983
5353,4к+,3625
5354,4к+,520
5355,4к+,1
5356,4к+,46
5357,4к+,138
5358,4к+,119
5359,4к+,672
5360,4к+,504
5361,4к+,400
5362,4к+,876
5363,4к+,2020
5364,4к+,127
5365,4к+,1629
5366,4к+,26
5367,4к+,735
5368,4к+,371
5369,4к+,109
5370,4к+,416
5371,4к+,404
5372,4к+,5
5373,4к+,186
5374,4к+,22
5375,4к+,2103
5376,4к+,1
5377,4к+,160
5378,4к+,4718
5379,4к+,263
5380,4к+,54
5381,4к+,5141
5382,4к+,35
5383,4к+,244
5384,4к+,32
5385,4к+,8897
5386,4к+,3142
5387,4к+,173
5388,4к+,79
5389,4к+,49
5390,4к+,617
5391,4к+,62
5392,4к+,310
5393,4к+,155
5394,4к+,170
5395,4к+,3
5396,4к+,53
5397,4к+,3070
5398,4к+,151
5399,4к+,267
5400,4к+,69
5401,4к+,10
5402,4к+,2791
5403,4к+,252
5404,4к+,202
5405,4к+,1565
5406,4к+,205
5407,4к+,1188
5408,4к+,104
5409,4к+,1034
5410,4к+,431
5411,4к+,0
5412,4к+,19
5413,4к+,0
5414,4к+,3432
5415,4к+,309
5416,4к+,150
5417,4к+,197
5418,4к+,4
5419,4к+,795
5420,4к+,341
5421,4к+,222
5422,4к+,124
5423,4к+,552
5424,4к+,439
5425,4к+,65
5426,4к+,823
5427,4к+,74
5428,4к+,3087
5429,4к+,33494
5430,4к+,3822
5431,4к+,48
5432,4к+,254
5433,4к+,253
5434,4к+,42
5435,4к+,73
5436,4к+,96
5437,4к+,2254
5438,4к+,416
5439,4к+,3108
5440,4к+,824
5441,4к+,1189
5442,4к+,73
5443,4к+,26
5444,4к+,19
5445,4к+,1000
5446,4к+,205
5447,4к+,32
5448,4к+,418
5449,4к+,404
5450,4к+,62
5451,4к+,128
5452,4к+,160
5453,4к+,35
5454,4к+,341
5455,4к+,252
5456,4к+,1
5457,4к+,2020
5458,4к+,267
5459,4к+,714
5460,4к+,1
5461,4к+,10
5462,4к+,174
5463,4к+,104
5464,4к+,309
5465,4к+,170
5466,4к+,2262
5467,4к+,109
5468,4к+,617
5469,4к+,2819
5470,4к+,146
5471,4к+,736
5472,4к+,129
5473,4к+,3089
5474,4к+,54
5475,4к+,1046
5476,4к+,5144
5477,4к+,74
5478,4к+,439
5479,4к+,3635
5480,4к+,1565
5481,4к+,22
5482,4к+,879
5483,4к+,3
5484,4к+,371
5485,4к+,310
5486,4к+,0
5487,4к+,187
5488,4к+,8832
5489,4к+,197
5490,4к+,431
5491,4к+,79
5492,4к+,4690
5493,4к+,202
5494,4к+,150
5495,4к+,48
5496,4к+,73
5497,4к+,257
5498,4к+,244
5499,4к+,525
5500,4к+,3432
5501,4к+,155
5502,4к+,65
5503,4к+,33559
5504,4к+,526
5505,4к+,42
5506,4к+,5
5507,4к+,49
5508,4к+,1620
5509,4к+,46
5510,4к+,257
5511,4к+,557
5512,4к+,795
5513,4к+,672
5514,4к+,222
5515,4к+,264
5516,4к+,3822
5517,4к+,74
5518,4к+,102
5519,4к+,4
5520,4к+,186
5521,4к+,2111
5522,4к+,118
5523,4к+,53
5524,4к+,3169
5525,4к+,119
5526,4к+,0
5527,4к+,1
5528,4к+,526
5529,4к+,2020
5530,4к+,1621
5531,4к+,4
5532,4к+,8977
5533,4к+,151
5534,4к+,65
5535,4к+,1000
5536,4к+,882
5537,4к+,617
5538,4к+,54
5539,4к+,420
5540,4к+,310
5541,4к+,268
5542,4к+,5
5543,4к+,2262
5544,4к+,33615
5545,4к+,73
5546,4к+,46
5547,4к+,54
5548,4к+,4781
5549,4к+,440
5550,4к+,74
5551,4к+,244
5552,4к+,5114
5553,4к+,0
5554,4к+,3822
5555,4к+,205
5556,4к+,1
5557,4к+,3204
5558,4к+,418
5559,4к+,187
5560,4к+,3708
5561,4к+,3432
5562,4к+,174
5563,4к+,129
5564,4к+,420
5565,4к+,219
5566,4к+,73
5567,4к+,128
5568,4к+,689
5569,4к+,73
5570,4к+,35
5571,4к+,79
5572,4к+,371
5573,4к+,557
5574,4к+,257
5575,4к+,262
5576,4к+,266
5577,4к+,270
5578,4к+,3095
5579,4к+,155
5580,4к+,818
5581,4к+,127
5582,4к+,160
5583,4к+,53
5584,4к+,722
5585,4к+,48
5586,4к+,753
5587,4к+,119
5588,4к+,527
5589,4к+,2811
5590,4к+,1586
5591,4к+,42
5592,4к+,146
5593,4к+,186
5594,4к+,0
5595,4к+,102
5596,4к+,197
5597,4к+,10
5598,4к+,62
5599,4к+,342
5600,4к+,109
5601,4к+,872
5602,4к+,170
5603,4к+,104
5604,4к+,2104
5605,4к+,1226
5606,4к+,19
5607,4к+,309
5608,4к+,32
5609,4к+,3132
5610,4к+,1047
5611,4к+,202
5612,4к+,26
5613,4к+,439
5614,4к+,22
5615,4к+,3
