object_id,developer_id,region_id,planned_year,planned_quarter
1,7542,2,2028,2
2,1456,3,2020,1
3,166,3,2019,3
4,3064,3,2023,4
5,14715,3,2024,3
6,2080,3,2028,3
7,25574,3,2028,1
8,17061,3,2019,1
9,6242,3,2025,2
10,12144,4,2023,1
11,22886,4,2028,3
12,7535,5,2020,3
13,2458,5,2029,2
14,7175,5,2023,1
15,6582,5,2023,3
16,4054,5,2025,2
17,17621,5,2020,3
18,16883,5,2029,3
19,18794,5,2019,1
20,18585,5,2029,2
21,18432,5,2029,2
22,8086,5,2026,1
23,17412,5,2029,4
24,1510,8,2025,3
25,6954,8,2022,3
26,6769,8,2022,3
27,7740,9,2020,1
28,2561,9,2028,3
29,29586,9,2028,2
30,17246,13,2026,1
31,6242,14,2024,1
32,1667,15,2030,2
33,27058,15,2030,3
34,8117,15,2025,2
35,18612,15,2022,3
36,24723,15,2026,1
37,7757,16,2028,2
38,8545,16,2020,4
39,6288,20,2023,2
40,28423,21,2029,3
41,15328,24,2027,4
42,6121,24,2021,1
43,8113,27,2023,2
44,8059,27,2026,1
45,36282,28,2030,4
46,6558,29,2027,2
47,17061,31,2026,3
48,7382,31,2020,3
49,6881,32,2025,3
50,952,34,2022,2
51,7691,35,2029,4
52,7590,37,2023,3
53,7814,38,2029,4
54,6442,46,2026,2
55,2561,47,2027,2
56,4029,47,2025,4
57,2476,47,2026,4
58,36282,48,2022,4
59,1990,48,2019,1
60,3808,48,2022,3
61,5808,52,2023,2
62,7382,53,2023,3
63,6156,55,2020,1
64,1429,66,2025,2
65,8184,67,2024,2
66,7669,68,2022,4
67,8070,68,2022,3
68,36282,6,2021,1
69,15328,9,2025,3
70,29757,25,2023,3
71,2825,35,2027,3
72,8812,2,2025,2
73,8638,7,2030,3
74,13253,11,2023,2
75,14351,11,2019,2
76,18866,11,2029,3
77,8198,13,2027,2
78,1651,12,2022,3
79,8943,8,2024,2
80,1104,44,2019,4
81,3763,3,2020,3
82,9367,22,2028,1
83,9513,40,2020,2
84,7432,42,2022,4
85,19060,65,2020,3
86,2816,4,2025,3
87,36282,4,2026,1
88,2816,50,2027,3
89,6345,57,2026,2
90,9747,23,2025,1
91,36591,40,2029,4
92,17164,40,2020,4
93,15183,40,2021,2
94,16404,40,2020,1
95,28145,40,2027,3
96,9523,5,2025,1
97,9742,15,2023,1
98,8998,45,2028,3
99,10316,62,2028,4
100,9588,3,2023,2
101,9848,5,2029,2
102,10397,5,2027,1
103,22886,24,2028,3
104,17693,24,2022,1
105,17820,24,2027,3
106,17206,24,2026,4
107,27694,24,2019,4
108,20631,24,2020,4
109,33241,24,2019,4
110,372,51,2024,4
111,9802,3,2029,3
112,18710,3,2028,1
113,16452,3,2022,4
114,12915,3,2028,1
115,6336,3,2029,2
116,13373,5,2026,2
117,17337,5,2025,1
118,14314,5,2030,4
119,9770,8,2024,2
120,16108,25,2030,1
121,13712,25,2025,2
122,18340,25,2026,1
123,14899,24,2026,1
124,9625,70,2027,2
125,8160,1,2026,1
126,2457,1,2027,4
127,10445,1,2027,1
128,10533,1,2026,4
129,10543,1,2023,1
130,9077,1,2021,1
131,21261,1,2027,2
132,17596,1,2022,2
133,12360,1,2025,1
134,1228,1,2025,4
135,41447,1,2024,3
136,10573,1,2019,2
137,12168,2,2028,2
138,8660,3,2020,2
139,7788,3,2029,3
140,1467,3,2024,3
141,1813,3,2029,3
142,527,3,2026,1
143,9296,3,2025,3
144,5126,3,2028,4
145,17092,4,2021,3
146,8866,4,2029,3
147,12432,4,2028,3
148,9131,4,2020,3
149,7860,5,2028,2
150,8207,7,2023,4
151,8776,7,2028,3
152,10613,7,2030,1
153,13253,8,2019,1
154,14351,8,2029,1
155,18866,8,2030,1
156,6150,8,2024,4
157,10627,8,2027,1
158,13846,8,2030,3
159,5783,8,2025,2
160,3742,9,2021,2
161,10188,9,2024,3
162,17560,9,2028,4
163,10623,13,2030,1
164,7673,13,2022,1
165,9414,13,2021,2
166,6157,13,2028,2
167,7637,13,2030,1
168,78,13,2024,1
169,156,13,2022,1
170,18358,13,2026,3
171,13603,13,2023,2
172,6884,13,2026,1
173,20215,13,2025,1
174,15941,13,2023,1
175,24527,13,2021,4
176,18615,13,2023,4
177,33981,13,2028,1
178,13278,13,2030,4
179,6889,13,2030,4
180,16106,13,2026,1
181,9499,11,2024,3
182,10459,11,2024,4
183,10557,11,2028,3
184,17048,15,2027,3
185,13574,15,2024,1
186,32143,15,2030,2
187,28452,15,2029,3
188,32859,15,2022,1
189,19515,15,2019,3
190,11171,15,2026,3
191,22276,15,2030,3
192,20572,15,2026,4
193,28892,15,2022,1
194,17201,15,2029,4
195,7401,12,2019,2
196,8526,12,2020,4
197,19053,17,2020,1
198,9198,17,2025,3
199,7061,17,2029,4
200,16902,16,2020,4
201,19355,16,2024,2
202,32247,16,2024,2
203,15821,16,2020,4
204,19487,16,2027,2
205,10571,16,2019,3
206,10266,19,2024,1
207,3694,19,2024,4
208,10767,19,2025,1
209,18466,19,2030,3
210,35916,19,2023,1
211,10328,18,2027,3
212,18382,18,2028,4
213,3156,23,2028,2
214,10328,27,2024,1
215,18382,27,2028,2
216,13856,27,2022,2
217,10372,27,2024,4
218,19173,27,2026,3
219,1640,27,2028,4
220,23090,27,2029,3
221,14062,27,2023,3
222,2311,27,2021,2
223,9282,27,2021,2
224,19045,29,2029,3
225,23596,29,2021,4
226,135,29,2021,2
227,24905,29,2023,1
228,34535,29,2024,2
229,17328,29,2021,1
230,8975,29,2021,1
231,5513,29,2023,4
232,1138,29,2026,1
233,3535,25,2027,2
234,13509,35,2021,3
235,9899,35,2019,4
236,17048,28,2022,3
237,13574,28,2020,4
238,32143,28,2030,3
239,28452,28,2019,3
240,32859,28,2026,4
241,16796,28,2023,3
242,9394,28,2019,2
243,9990,31,2019,4
244,18884,24,2030,2
245,8487,24,2027,2
246,17594,24,2025,3
247,9993,24,2026,4
248,22481,24,2020,2
249,12743,24,2025,2
250,28453,24,2029,3
251,43811,24,2020,3
252,12435,24,2027,1
253,22265,24,2027,1
254,433,38,2024,2
255,14202,38,2029,3
256,19515,33,2023,4
257,11171,33,2024,3
258,22276,33,2024,1
259,20572,33,2027,4
260,28892,33,2025,4
261,23322,32,2024,2
262,9675,26,2030,4
263,8611,26,2026,1
264,8024,30,2030,4
265,8640,30,2022,3
266,2088,30,2030,4
267,10485,30,2028,1
268,16013,40,2023,3
269,17587,40,2026,4
270,18964,40,2020,2
271,15848,40,2028,1
272,2622,40,2025,1
273,11369,40,2030,3
274,6458,40,2020,2
275,11290,40,2026,1
276,2646,42,2026,3
277,904,42,2021,2
278,7257,42,2024,2
279,8587,36,2022,4
280,10290,36,2024,4
281,7382,36,2022,2
282,7593,50,2021,1
283,33278,39,2030,1
284,108,39,2019,1
285,18673,39,2027,3
286,37180,43,2024,3
287,3049,43,2027,2
288,16983,43,2022,2
289,13205,43,2025,1
290,9732,46,2019,1
291,9716,46,2029,2
292,8940,41,2019,4
293,7923,52,2020,3
294,16013,51,2023,2
295,17587,51,2024,1
296,18964,51,2028,4
297,15848,51,2027,3
298,2622,51,2021,4
299,11369,51,2022,4
300,10201,51,2027,4
301,3106,51,2019,2
302,9230,51,2028,1
303,8457,68,2021,1
304,2533,67,2027,3
305,10818,67,2020,4
306,7149,72,2023,4
307,9123,70,2025,2
308,20422,70,2019,1
309,9020,75,2022,1
310,13344,75,2026,3
311,13645,75,2030,4
312,30028,75,2022,1
313,10379,75,2024,2
314,24149,75,2022,1
315,17898,6,2028,2
316,17679,6,2027,4
317,9506,6,2023,4
318,16577,6,2020,1
319,10884,13,2030,2
320,20507,15,2020,3
321,4762,15,2025,4
322,6181,15,2022,1
323,10767,17,2022,1
324,18466,17,2028,4
325,35916,17,2026,2
326,10730,21,2019,3
327,28484,21,2028,2
328,3946,19,2021,4
329,1664,19,2021,1
330,10963,35,2023,1
331,17789,28,2025,1
332,9989,38,2026,3
333,10759,40,2021,1
334,10862,34,2023,2
335,1643,53,2029,1
336,2458,65,2030,2
337,7175,65,2023,2
338,6582,65,2028,4
339,4054,65,2019,4
340,17621,65,2019,1
341,16883,65,2022,2
342,18794,65,2027,3
343,18585,65,2019,1
344,18432,65,2020,4
345,10999,67,2019,1
346,7924,77,2029,3
347,39403,77,2023,1
348,13124,77,2029,2
349,18872,77,2019,2
350,15186,77,2024,3
351,16637,77,2027,3
352,16381,77,2021,4
353,71,77,2026,3
354,17848,77,2027,4
355,17355,77,2026,3
356,6156,77,2029,4
357,23482,9,2022,1
358,18756,10,2019,4
359,10942,10,2024,3
360,11161,15,2022,2
361,19045,15,2027,1
362,23596,15,2023,3
363,135,15,2026,1
364,24905,15,2025,4
365,34535,15,2024,1
366,17328,15,2030,2
367,8975,15,2021,4
368,5513,15,2029,1
369,18839,15,2027,3
370,14440,16,2024,1
371,11047,22,2029,4
372,2458,24,2024,1
373,7175,24,2025,4
374,6582,24,2023,1
375,4054,24,2024,1
376,17621,24,2023,3
377,16883,24,2025,1
378,18794,24,2029,1
379,18585,24,2022,3
380,18432,24,2025,2
381,10843,31,2028,2
382,10341,41,2030,1
383,11060,51,2027,3
384,10643,65,2021,2
385,11143,56,2023,1
386,10708,67,2021,1
387,3962,75,2027,1
388,23387,75,2021,1
389,10001,75,2029,2
390,571,75,2024,2
391,10466,75,2024,4
392,16902,1,2019,1
393,19355,1,2024,1
394,32247,1,2026,2
395,15821,1,2027,2
396,19487,1,2019,3
397,10571,1,2025,1
398,11129,1,2019,3
399,11055,1,2020,1
400,6345,4,2029,3
401,28410,7,2022,2
402,13519,7,2021,1
403,18761,7,2021,4
404,10782,8,2026,4
405,16380,9,2029,3
406,18840,9,2028,4
407,9123,14,2023,2
408,20422,14,2025,1
409,17543,16,2030,4
410,11166,16,2022,4
411,23366,16,2029,1
412,24846,27,2027,1
413,24971,27,2027,1
414,28928,27,2020,4
415,17818,27,2027,4
416,13697,27,2024,2
417,22662,27,2025,2
418,10979,23,2027,3
419,11408,24,2029,4
420,12141,24,2026,4
421,10398,24,2027,3
422,32123,24,2023,3
423,43952,24,2019,1
424,3635,24,2020,3
425,11106,35,2025,2
426,8017,38,2026,4
427,11042,44,2025,2
428,530,37,2030,1
429,20031,34,2028,1
430,17563,34,2024,2
431,11148,52,2019,3
432,10745,41,2027,3
433,17485,41,2028,1
434,18586,55,2030,3
435,40650,55,2022,1
436,18565,55,2020,1
437,1405,55,2019,4
438,11150,58,2024,1
439,9748,62,2023,3
440,27013,71,2019,4
441,39574,71,2023,4
442,18767,71,2030,2
443,11048,2,2025,2
444,7805,3,2030,2
445,28570,5,2028,2
446,3224,7,2020,1
447,10625,7,2022,4
448,15871,10,2023,2
449,18622,10,2021,4
450,6458,10,2025,2
451,11290,10,2019,4
452,11062,10,2028,2
453,11193,13,2026,4
454,1336,13,2024,4
455,17455,14,2023,1
456,11271,14,2024,2
457,17845,14,2020,2
458,19515,14,2021,4
459,11171,14,2029,1
460,22276,14,2019,4
461,20572,14,2019,4
462,28892,14,2027,2
463,11147,15,2026,4
464,16956,15,2023,1
465,7719,16,2027,1
466,11398,16,2025,3
467,10922,16,2023,2
468,6787,18,2025,4
469,19205,23,2021,4
470,28194,23,2029,3
471,8304,24,2028,3
472,13446,34,2029,2
473,36997,34,2026,1
474,38910,34,2020,3
475,40986,51,2021,1
476,22244,51,2027,4
477,10895,1,2021,4
478,8744,5,2028,4
479,11217,6,2023,4
480,1272,7,2020,4
481,7626,7,2027,1
482,11345,8,2030,3
483,10873,8,2026,4
484,11352,12,2020,2
485,1369,16,2025,4
486,21421,21,2023,2
487,11394,23,2025,2
488,18883,24,2019,2
489,7637,28,2029,2
490,78,28,2027,3
491,156,28,2027,3
492,18358,28,2029,3
493,13603,28,2030,4
494,6884,28,2029,2
495,20215,28,2029,2
496,15941,28,2021,4
497,24527,28,2019,2
498,18615,28,2027,3
499,33981,28,2029,2
500,13278,28,2019,3
501,6889,28,2027,2
502,16106,28,2024,3
503,14786,25,2021,1
504,17783,37,2019,2
505,14828,37,2024,3
506,2995,37,2027,2
507,11252,30,2030,1
508,10413,60,2019,1
509,10887,62,2025,3
510,10624,70,2022,3
511,10837,68,2027,1
512,10742,4,2026,2
513,2458,4,2026,4
514,7175,4,2019,2
515,6582,4,2028,1
516,4054,4,2022,1
517,17621,4,2028,3
518,16883,4,2025,2
519,18794,4,2027,3
520,18585,4,2029,1
521,18432,4,2027,2
522,3742,7,2030,2
523,28979,11,2019,1
524,21512,11,2023,2
525,23931,11,2022,1
526,3473,23,2027,2
527,2566,25,2026,3
528,11181,26,2024,3
529,11408,44,2026,4
530,12141,44,2023,2
531,10398,44,2027,3
532,32123,44,2029,2
533,43952,44,2026,3
534,3635,44,2021,1
535,16452,30,2019,2
536,12915,30,2019,4
537,6336,30,2025,3
538,11376,30,2023,1
539,10936,30,2020,2
540,11426,37,2020,1
541,17507,55,2024,2
542,11640,55,2029,2
543,11337,57,2025,2
544,10660,62,2024,1
545,13935,63,2029,1
546,15269,63,2029,1
547,15554,63,2027,1
548,24212,63,2030,4
549,2100,63,2019,3
550,37995,63,2020,2
551,12765,63,2029,3
552,11410,1,2026,1
553,10891,4,2022,1
554,28784,8,2030,2
555,18743,8,2020,3
556,14191,8,2029,1
557,12170,16,2019,3
558,11574,16,2028,1
559,11836,17,2025,1
560,24465,38,2023,2
561,16572,38,2022,4
562,15027,25,2019,4
563,17768,25,2030,1
564,10934,37,2025,3
565,11228,53,2022,4
566,12136,56,2026,2
567,7940,75,2028,4
568,22337,75,2022,3
569,10421,71,2026,4
570,2579,63,2025,3
571,7813,63,2030,3
572,13516,63,2023,4
573,22455,63,2020,1
574,11326,1,2021,2
575,10982,8,2025,1
576,11703,8,2025,4
577,10511,13,2026,1
578,12279,14,2020,3
579,11382,17,2027,4
580,11541,27,2020,1
581,16625,29,2029,2
582,10526,29,2030,3
583,25861,18,2024,4
584,21207,18,2029,2
585,33756,18,2028,4
586,12341,18,2025,2
587,42749,18,2027,1
588,713,18,2020,3
589,11989,24,2030,4
590,12381,22,2025,1
591,11962,22,2022,2
592,11408,28,2019,4
593,12141,28,2029,4
594,10398,28,2019,2
595,32123,28,2021,1
596,43952,28,2023,1
597,3635,28,2023,4
598,6618,30,2022,3
599,11446,32,2021,2
600,14346,52,2030,3
601,11023,63,2028,3
602,10388,3,2028,1
603,16166,3,2021,3
604,21513,3,2019,4
605,33893,3,2030,4
606,12302,7,2029,1
607,12144,6,2026,1
608,18735,9,2027,1
609,12785,11,2027,2
610,18625,16,2024,3
611,12237,19,2027,3
612,14499,19,2025,4
613,6452,19,2022,3
614,12118,30,2021,4
615,12247,37,2030,3
616,16595,37,2028,4
617,14937,37,2025,4
618,17879,37,2023,3
619,12621,34,2019,2
620,15876,41,2028,1
621,2458,41,2024,3
622,7175,41,2030,1
623,6582,41,2029,2
624,4054,41,2024,2
625,17621,41,2022,3
626,16883,41,2023,4
627,18794,41,2021,2
628,18585,41,2025,3
629,18432,41,2025,3
630,12546,43,2029,4
631,12282,64,2020,4
632,11607,48,2026,1
633,3962,70,2024,1
634,23387,70,2024,1
635,10001,70,2022,2
636,571,70,2029,2
637,10466,70,2022,1
638,1138,63,2026,3
639,12842,1,2029,3
640,2438,2,2029,4
641,6098,2,2021,2
642,28520,2,2028,4
643,20350,2,2030,2
644,11304,2,2028,2
645,27447,2,2025,4
646,16796,2,2026,1
647,6800,3,2027,1
648,40394,4,2021,2
649,19020,4,2030,1
650,23019,4,2024,3
651,17406,4,2028,2
652,12840,4,2025,4
653,12534,7,2029,3
654,10907,7,2024,3
655,24846,6,2021,3
656,24971,6,2028,4
657,28928,6,2019,3
658,17818,6,2021,4
659,13697,6,2030,2
660,22662,6,2021,4
661,15396,9,2025,3
662,24600,9,2019,3
663,2513,9,2022,4
664,33828,9,2029,2
665,8086,9,2019,4
666,17412,9,2021,4
667,12924,13,2020,4
668,12553,13,2020,2
669,10285,17,2027,3
670,12909,14,2027,3
671,12675,14,2021,2
672,11545,14,2021,2
673,551,14,2022,1
674,9482,14,2027,1
675,12758,19,2020,2
676,12871,29,2020,3
677,17074,29,2027,1
678,9088,31,2023,4
679,13935,30,2028,2
680,15269,30,2026,3
681,15554,30,2023,1
682,24212,30,2025,3
683,2100,30,2024,3
684,37995,30,2019,2
685,12765,30,2021,2
686,12961,30,2019,3
687,12658,34,2026,2
688,11847,26,2028,2
689,12464,39,2025,3
690,28232,39,2019,2
691,12408,43,2020,1
692,31295,64,2026,3
693,11417,83,2021,4
694,12574,3,2030,2
695,13004,5,2027,1
696,13090,13,2019,2
697,15555,15,2024,2
698,18497,27,2028,4
699,20587,27,2020,3
700,26273,23,2021,3
701,19007,19,2021,3
702,12922,29,2021,1
703,12767,29,2020,4
704,8929,35,2021,4
705,19445,20,2023,3
706,17642,25,2019,4
707,22430,25,2029,1
708,20207,25,2021,3
709,8521,25,2025,4
710,11994,25,2021,2
711,12202,39,2020,3
712,12241,26,2027,2
713,803,40,2024,1
714,33695,57,2027,4
715,12937,64,2028,3
716,13091,1,2022,1
717,13180,1,2020,4
718,18452,9,2023,2
719,13154,10,2028,1
720,12927,18,2028,2
721,17410,20,2022,3
722,12096,31,2027,3
723,12718,33,2028,3
724,12313,40,2029,3
725,18839,51,2021,3
726,7354,49,2023,4
727,3493,49,2027,1
728,7304,1,2027,2
729,13073,1,2027,2
730,16452,4,2025,1
731,12915,4,2023,3
732,6336,4,2028,2
733,13174,4,2029,3
734,10767,5,2022,3
735,18466,5,2028,2
736,35916,5,2019,2
737,12737,6,2028,3
738,12405,9,2028,2
739,12640,9,2021,1
740,12319,9,2019,1
741,19412,9,2028,3
742,16501,9,2026,3
743,13235,15,2024,2
744,13117,15,2022,2
745,2646,15,2026,3
746,904,15,2019,3
747,7257,15,2019,2
748,13238,11,2026,2
749,13172,16,2021,3
750,13971,14,2022,4
751,12544,14,2029,1
752,7037,14,2025,3
753,26916,14,2025,1
754,16305,14,2025,4
755,11902,19,2022,3
756,12893,35,2029,1
757,17642,24,2019,3
758,22430,24,2024,2
759,20207,24,2023,1
760,8521,24,2024,4
761,7956,38,2022,2
762,2383,38,2030,1
763,17266,38,2022,4
764,12703,34,2022,3
765,12869,34,2027,1
766,11941,40,2026,1
767,13240,78,2024,4
768,13171,1,2029,1
769,13476,3,2024,3
770,18505,2,2030,1
771,13138,2,2022,1
772,12592,7,2029,3
773,22794,8,2020,4
774,13131,8,2025,2
775,13197,8,2020,3
776,17048,9,2028,3
777,13574,9,2022,4
778,32143,9,2022,4
779,28452,9,2022,2
780,32859,9,2028,4
781,13057,11,2024,1
782,10789,16,2028,1
783,11902,29,2029,2
784,12252,29,2023,1
785,13369,29,2028,3
786,17867,29,2027,4
787,9844,28,2021,4
788,36591,28,2022,1
789,17164,28,2023,2
790,15183,28,2025,4
791,16404,28,2028,3
792,28145,28,2022,4
793,13196,20,2030,2
794,12386,40,2027,4
795,13265,40,2027,2
796,13477,51,2023,2
797,27013,53,2030,3
798,39574,53,2030,3
799,18767,53,2021,2
800,1433,56,2029,4
801,16422,56,2021,4
802,23435,56,2029,2
803,13454,45,2027,3
804,3871,59,2027,3
805,27754,59,2029,2
806,40715,59,2028,2
807,13348,68,2026,3
808,13292,68,2021,2
809,917,71,2026,4
810,13392,71,2028,3
811,25816,71,2020,4
812,13421,67,2023,1
813,19445,2,2030,3
814,13620,7,2025,4
815,27058,7,2027,3
816,8117,7,2027,1
817,18612,7,2022,3
818,24723,7,2019,4
819,13368,8,2019,3
820,19045,8,2028,4
821,23596,8,2020,2
822,135,8,2025,4
823,24905,8,2022,2
824,34535,8,2022,2
825,17328,8,2030,2
826,8975,8,2028,4
827,5513,8,2020,1
828,13586,9,2020,2
829,17487,15,2019,4
830,17314,15,2025,4
831,17711,15,2028,4
832,13542,15,2024,3
833,12628,15,2019,4
834,17608,12,2025,3
835,18527,12,2019,4
836,36210,12,2027,3
837,34051,12,2020,4
838,9077,16,2023,4
839,21261,16,2021,2
840,17596,16,2022,2
841,12360,16,2022,4
842,1228,16,2019,2
843,41447,16,2024,3
844,16219,29,2021,2
845,15609,29,2030,1
846,18507,29,2021,2
847,7854,29,2027,4
848,17146,14,2020,1
849,17781,14,2030,2
850,24859,14,2020,3
851,17137,14,2028,1
852,12570,14,2024,4
853,14731,14,2021,4
854,6744,14,2028,3
855,37314,14,2029,1
856,11906,19,2022,4
857,10854,24,2019,3
858,22646,28,2023,3
859,22125,28,2023,1
860,30029,44,2028,1
861,13453,44,2025,1
862,13157,32,2026,4
863,13213,40,2029,2
864,34715,37,2029,3
865,44030,37,2024,3
866,16862,37,2027,4
867,13155,37,2019,1
868,17315,37,2027,3
869,17171,37,2019,2
870,28896,46,2023,2
871,2671,46,2024,3
872,13417,46,2028,4
873,23353,46,2025,3
874,13294,57,2023,1
875,14790,74,2022,2
876,13245,74,2023,3
877,2071,1,2025,1
878,12935,3,2030,4
879,13562,3,2024,3
880,9383,3,2029,3
881,13615,12,2020,3
882,11814,29,2025,1
883,3962,29,2025,1
884,23387,29,2024,2
885,10001,29,2020,1
886,571,29,2029,1
887,10466,29,2024,2
888,13451,16,2029,3
889,13595,17,2026,3
890,2415,14,2025,1
891,12932,14,2030,3
892,12756,27,2019,4
893,12810,18,2019,3
894,17756,18,2019,3
895,13293,18,2026,3
896,7924,25,2026,1
897,39403,25,2030,4
898,13124,25,2029,4
899,18872,25,2021,4
900,15186,25,2024,1
901,16637,25,2027,1
902,16381,25,2026,1
903,71,25,2024,3
904,17848,25,2030,3
905,17355,25,2025,1
906,13668,28,2027,3
907,13614,21,2022,2
908,11771,31,2030,4
909,13344,44,2021,4
910,13645,44,2024,4
911,30028,44,2019,1
912,10379,44,2022,4
913,24149,44,2023,4
914,13676,34,2022,1
915,17801,34,2027,1
916,25576,34,2021,3
917,13360,37,2024,4
918,22248,40,2026,2
919,18788,40,2030,2
920,13641,40,2025,2
921,11261,46,2019,4
922,13144,65,2030,4
923,17631,58,2019,2
924,13329,58,2020,2
925,25347,58,2023,2
926,13621,48,2023,3
927,13689,78,2023,2
928,14482,78,2024,1
929,2158,78,2019,3
930,13810,78,2029,4
931,12824,1,2022,1
932,9532,1,2020,3
933,6434,3,2024,1
934,29586,4,2029,4
935,13572,4,2025,1
936,13679,4,2030,4
937,6333,5,2030,4
938,7316,5,2028,3
939,5159,9,2027,1
940,15610,9,2020,1
941,20201,9,2028,1
942,6107,9,2026,4
943,13769,11,2019,3
944,13715,12,2021,4
945,13624,16,2026,2
946,15281,16,2023,4
947,13575,16,2029,2
948,13364,16,2020,2
949,17447,22,2025,2
950,13373,19,2020,3
951,17337,19,2028,4
952,14314,19,2026,4
953,13187,24,2019,2
954,13625,25,2026,3
955,13509,21,2020,2
956,12671,21,2028,1
957,13680,21,2028,3
958,22302,44,2027,3
959,13626,44,2029,3
960,10853,41,2028,2
961,15980,55,2022,3
962,27512,55,2024,2
963,13471,55,2028,3
964,13785,57,2025,1
965,17174,64,2025,4
966,1188,64,2023,1
967,18518,64,2028,1
968,4082,71,2020,2
969,16552,71,2021,2
970,13611,66,2025,1
971,7904,72,2019,1
972,13827,1,2030,4
973,17140,4,2027,4
974,13813,5,2023,1
975,13853,9,2025,2
976,1576,11,2024,4
977,13549,26,2026,1
978,13764,52,2026,2
979,13671,47,2020,3
980,13814,47,2022,3
981,13250,51,2024,4
982,6881,48,2029,2
983,37180,67,2027,4
984,3049,67,2023,4
985,16983,67,2027,3
986,13205,67,2025,4
987,10863,58,2027,3
988,15203,1,2028,3
989,24528,1,2022,2
990,14022,1,2019,1
991,11079,4,2021,1
992,12828,4,2026,2
993,13667,7,2030,3
994,13521,6,2027,1
995,13661,8,2020,2
996,3962,9,2025,3
997,23387,9,2028,2
998,10001,9,2024,4
999,571,9,2021,2
1000,10466,9,2029,3
1001,17792,11,2030,2
1002,17729,10,2021,1
1003,13457,29,2029,2
1004,17048,23,2026,2
1005,13574,23,2022,1
1006,32143,23,2020,4
1007,28452,23,2027,3
1008,32859,23,2019,1
1009,13861,23,2023,4
1010,13165,18,2028,4
1011,12436,19,2023,1
1012,13815,21,2030,4
1013,13339,38,2027,3
1014,13951,34,2020,1
1015,13106,40,2019,4
1016,19287,40,2025,4
1017,37433,40,2025,3
1018,26050,40,2025,1
1019,37342,40,2020,3
1020,13824,48,2029,1
1021,13987,67,2030,1
1022,13937,66,2026,1
1023,11322,62,2020,1
1024,14089,1,2021,1
1025,13935,1,2020,2
1026,15269,1,2020,1
1027,15554,1,2024,4
1028,24212,1,2026,3
1029,2100,1,2022,3
1030,37995,1,2020,3
1031,12765,1,2025,4
1032,13719,1,2023,3
1033,14153,5,2020,3
1034,1640,5,2030,3
1035,23090,5,2023,3
1036,14062,5,2021,4
1037,2311,5,2020,1
1038,14151,8,2024,1
1039,13618,9,2020,1
1040,16902,11,2030,1
1041,19355,11,2030,3
1042,32247,11,2024,4
1043,15821,11,2025,4
1044,19487,11,2027,3
1045,10571,11,2023,2
1046,14117,11,2026,2
1047,6156,10,2022,3
1048,17642,29,2022,3
1049,22430,29,2022,4
1050,20207,29,2030,4
1051,8521,29,2023,1
1052,13389,27,2020,3
1053,14038,18,2025,4
1054,13971,19,2027,1
1055,12544,19,2027,4
1056,7037,19,2024,1
1057,26916,19,2021,2
1058,16305,19,2028,4
1059,14181,35,2030,3
1060,1854,30,2027,4
1061,14165,45,2020,2
1062,13770,36,2030,3
1063,14007,67,2024,3
1064,3948,49,2024,2
1065,13446,1,2019,3
1066,36997,1,2024,1
1067,38910,1,2024,4
1068,14174,1,2029,1
1069,1119,3,2021,4
1070,40585,3,2027,4
1071,17684,3,2029,3
1072,6202,3,2024,2
1073,3877,3,2021,3
1074,19404,3,2020,4
1075,20310,3,2024,4
1076,16480,3,2027,1
1077,9318,3,2027,2
1078,14080,3,2023,2
1079,20079,3,2021,4
1080,17283,3,2020,3
1081,13619,4,2026,4
1082,14634,4,2026,2
1083,14150,7,2027,1
1084,13214,7,2023,2
1085,13298,8,2025,1
1086,14309,11,2021,4
1087,12718,11,2019,1
1088,13789,10,2021,2
1089,13653,14,2024,1
1090,14334,14,2028,2
1091,14183,24,2025,2
1092,13856,24,2024,1
1093,19189,33,2025,2
1094,2458,33,2030,1
1095,7175,33,2025,4
1096,6582,33,2026,1
1097,4054,33,2029,4
1098,17621,33,2020,3
1099,16883,33,2025,2
1100,18794,33,2024,4
1101,18585,33,2023,1
1102,18432,33,2029,3
1103,35699,42,2019,1
1104,14996,42,2027,3
1105,16108,40,2028,1
1106,13712,40,2023,3
1107,18340,40,2021,4
1108,11432,48,2028,4
1109,16543,62,2022,1
1110,13373,71,2022,1
1111,17337,71,2020,1
1112,14314,71,2029,1
1113,6881,77,2024,2
1114,10627,78,2021,4
1115,13846,78,2020,2
1116,28805,1,2021,4
1117,12439,1,2026,3
1118,14423,3,2028,2
1119,14312,4,2021,3
1120,13380,4,2022,4
1121,14382,7,2023,3
1122,14073,8,2019,1
1123,14209,8,2022,3
1124,12743,9,2029,1
1125,28453,9,2023,3
1126,43811,9,2027,3
1127,12435,9,2020,3
1128,22265,9,2019,3
1129,12895,11,2027,3
1130,14172,11,2022,2
1131,15576,15,2022,2
1132,14465,15,2028,4
1133,14234,15,2024,2
1134,14232,29,2026,2
1135,9487,29,2020,1
1136,17543,12,2025,2
1137,11166,12,2021,2
1138,2460,12,2025,4
1139,8914,14,2024,2
1140,14286,14,2030,4
1141,14496,14,2023,4
1142,15857,14,2030,1
1143,13793,19,2019,4
1144,17362,18,2022,4
1145,8914,35,2019,3
1146,14286,35,2022,4
1147,14496,35,2026,4
1148,15857,35,2028,4
1149,13891,35,2019,1
1150,7671,22,2024,4
1151,13935,24,2021,1
1152,15269,24,2020,4
1153,15554,24,2028,3
1154,24212,24,2024,1
1155,2100,24,2029,4
1156,37995,24,2026,4
1157,12765,24,2023,2
1158,14459,44,2019,3
1159,13411,38,2027,4
1160,14472,31,2023,4
1161,14490,42,2023,2
1162,13971,32,2020,2
1163,12544,32,2027,3
1164,7037,32,2024,4
1165,26916,32,2027,1
1166,16305,32,2028,2
1167,14499,56,2028,2
1168,6452,56,2030,1
1169,14034,51,2021,4
1170,11700,36,2025,4
1171,14522,36,2019,4
1172,20507,48,2022,4
1173,4762,48,2022,2
1174,6181,48,2030,1
1175,13624,67,2025,4
1176,15281,67,2028,1
1177,14254,66,2026,3
1178,14189,1,2027,1
1179,8285,3,2025,4
1180,8086,3,2023,4
1181,17412,3,2028,4
1182,2803,2,2019,2
1183,14384,4,2027,4
1184,14491,7,2019,1
1185,18604,7,2029,1
1186,14418,5,2024,2
1187,14579,9,2023,3
1188,18983,9,2021,4
1189,6684,9,2022,3
1190,30234,9,2030,2
1191,13683,13,2025,1
1192,14753,11,2019,4
1193,18904,11,2023,4
1194,14605,16,2024,4
1195,14486,27,2028,1
1196,6422,23,2027,1
1197,14300,23,2019,3
1198,14486,22,2023,2
1199,11314,25,2026,3
1200,22743,24,2030,1
1201,7703,24,2022,3
1202,14594,31,2020,1
1203,14701,33,2021,4
1204,19074,20,2026,1
1205,13062,21,2021,2
1206,13867,40,2022,2
1207,7637,26,2019,3
1208,78,26,2028,4
1209,156,26,2021,3
1210,18358,26,2020,2
1211,13603,26,2028,2
1212,6884,26,2028,2
1213,20215,26,2029,3
1214,15941,26,2023,3
1215,24527,26,2021,1
1216,18615,26,2025,4
1217,33981,26,2023,1
1218,13278,26,2024,1
1219,6889,26,2029,1
1220,16106,26,2021,4
1221,12750,52,2026,2
1222,14138,56,2027,2
1223,26921,56,2028,1
1224,34715,56,2022,1
1225,44030,56,2027,3
1226,16862,56,2028,1
1227,13155,56,2028,2
1228,17315,56,2026,3
1229,17171,56,2025,1
1230,14573,47,2027,4
1231,14671,45,2020,2
1232,14210,61,2027,2
1233,14457,61,2025,2
1234,14444,68,2029,4
1235,13274,48,2020,4
1236,14287,69,2021,2
1237,17711,75,2023,2
1238,13542,75,2027,1
1239,12628,75,2023,4
1240,14604,62,2025,3
1241,14493,84,2023,4
1242,14801,3,2027,4
1243,13486,3,2024,3
1244,16260,3,2020,4
1245,14820,3,2024,3
1246,14781,3,2019,2
1247,14619,3,2030,3
1248,14453,4,2022,1
1249,13981,6,2028,3
1250,14267,6,2025,3
1251,6240,6,2029,2
1252,38657,8,2025,1
1253,10959,5,2029,3
1254,17747,5,2025,4
1255,33829,5,2022,1
1256,10371,5,2030,2
1257,31671,5,2028,4
1258,14472,5,2019,2
1259,14656,9,2028,4
1260,27013,9,2025,3
1261,39574,9,2026,1
1262,18767,9,2023,4
1263,22904,9,2029,1
1264,5025,9,2025,1
1265,14506,9,2026,3
1266,2438,11,2023,4
1267,6098,11,2023,4
1268,28520,11,2028,3
1269,20350,11,2024,4
1270,11304,11,2027,1
1271,27447,11,2024,1
1272,14268,15,2023,1
1273,16796,15,2022,4
1274,14311,10,2019,1
1275,956,10,2028,2
1276,14624,10,2026,2
1277,18653,10,2026,2
1278,26292,12,2026,4
1279,16732,12,2024,3
1280,2147,12,2027,3
1281,14279,12,2024,1
1282,13700,17,2030,3
1283,22095,27,2019,2
1284,22534,27,2024,4
1285,14536,19,2026,1
1286,14646,19,2022,1
1287,13450,30,2022,1
1288,14244,30,2023,2
1289,14610,30,2020,1
1290,17642,31,2029,2
1291,22430,31,2029,2
1292,20207,31,2024,2
1293,8521,31,2026,2
1294,14744,38,2030,3
1295,24944,38,2023,2
1296,14602,38,2030,3
1297,9081,33,2025,2
1298,12337,21,2022,4
1299,3064,21,2025,4
1300,14715,21,2021,2
1301,2080,21,2028,4
1302,25574,21,2019,1
1303,17804,34,2025,3
1304,15038,56,2025,1
1305,20507,51,2020,4
1306,4762,51,2030,1
1307,6181,51,2028,4
1308,2458,48,2025,1
1309,7175,48,2029,4
1310,6582,48,2021,3
1311,4054,48,2024,4
1312,17621,48,2027,2
1313,16883,48,2028,3
1314,18794,48,2023,3
1315,18585,48,2023,4
1316,18432,48,2025,3
1317,15075,71,2029,1
1318,16624,60,2020,1
1319,14637,60,2022,1
1320,14391,72,2026,2
1321,14354,74,2027,4
1322,14697,1,2021,2
1323,14460,3,2029,2
1324,14294,6,2030,4
1325,14762,5,2024,4
1326,14252,13,2030,3
1327,13849,29,2021,2
1328,22503,29,2019,1
1329,15041,29,2020,1
1330,15162,16,2024,2
1331,17711,18,2023,2
1332,13542,18,2022,1
1333,12628,18,2022,1
1334,11720,19,2029,2
1335,14786,19,2019,3
1336,12725,30,2029,4
1337,19445,30,2030,3
1338,18841,21,2030,2
1339,163,21,2027,3
1340,69,21,2024,4
1341,23955,21,2024,3
1342,1048,21,2029,4
1343,13767,21,2027,4
1344,15090,41,2030,4
1345,14632,65,2030,3
1346,13971,36,2026,2
1347,12544,36,2029,4
1348,7037,36,2022,4
1349,26916,36,2023,2
1350,16305,36,2020,3
1351,15206,66,2021,1
1352,14557,1,2024,1
1353,8574,3,2020,1
1354,13213,7,2025,1
1355,15320,8,2022,4
1356,19459,8,2026,4
1357,12683,5,2029,2
1358,13744,29,2019,4
1359,12640,29,2021,4
1360,12319,29,2019,1
1361,19412,29,2022,3
1362,16501,29,2019,4
1363,18839,29,2024,3
1364,17601,15,2024,1
1365,7924,17,2022,3
1366,39403,17,2030,2
1367,13124,17,2027,3
1368,18872,17,2026,3
1369,15186,17,2025,1
1370,16637,17,2025,2
1371,16381,17,2022,1
1372,71,17,2023,4
1373,17848,17,2029,4
1374,17355,17,2020,4
1375,15346,17,2027,1
1376,20958,10,2030,3
1377,17642,16,2026,2
1378,22430,16,2024,2
1379,20207,16,2030,3
1380,8521,16,2023,2
1381,25640,27,2019,1
1382,3373,18,2024,4
1383,15324,19,2021,3
1384,15361,35,2020,3
1385,18723,35,2029,2
1386,17711,28,2021,3
1387,13542,28,2025,1
1388,12628,28,2022,4
1389,30164,28,2020,1
1390,1946,28,2024,2
1391,14810,38,2020,4
1392,15398,33,2029,1
1393,18993,32,2026,2
1394,14492,32,2025,1
1395,1339,54,2021,4
1396,19490,54,2020,4
1397,15368,54,2026,2
1398,15220,69,2020,1
1399,16688,48,2019,2
1400,14800,83,2028,1
1401,15367,1,2022,2
1402,15137,1,2028,4
1403,15027,4,2027,2
1404,17768,4,2030,3
1405,15417,4,2029,3
1406,15298,7,2028,3
1407,15039,8,2023,3
1408,14636,8,2021,4
1409,15369,5,2029,1
1410,13831,9,2027,4
1411,15429,11,2028,4
1412,14677,11,2026,3
1413,15477,29,2022,3
1414,14431,29,2029,2
1415,15374,12,2028,3
1416,19045,27,2026,1
1417,23596,27,2025,1
1418,135,27,2029,4
1419,24905,27,2029,2
1420,34535,27,2030,4
1421,17328,27,2026,3
1422,8975,27,2019,1
1423,5513,27,2022,1
1424,15424,16,2026,1
1425,15248,23,2026,1
1426,14938,19,2024,4
1427,2217,19,2023,2
1428,18451,19,2019,1
1429,24515,19,2022,1
1430,14729,24,2029,2
1431,13045,30,2030,3
1432,32679,30,2019,3
1433,17344,38,2022,4
1434,15473,38,2020,2
1435,15169,31,2022,2
1436,13142,52,2021,4
1437,23087,42,2021,1
1438,17861,42,2024,1
1439,20342,42,2023,3
1440,14469,42,2021,2
1441,15449,47,2020,2
1442,705,65,2023,1
1443,7637,68,2019,4
1444,78,68,2022,4
1445,156,68,2024,3
1446,18358,68,2022,4
1447,13603,68,2023,2
1448,6884,68,2029,2
1449,20215,68,2026,1
1450,15941,68,2021,3
1451,24527,68,2019,2
1452,18615,68,2027,1
1453,33981,68,2026,4
1454,13278,68,2025,4
1455,6889,68,2020,2
1456,16106,68,2027,4
1457,15252,46,2027,4
1458,29757,51,2029,3
1459,27058,67,2029,3
1460,8117,67,2019,1
1461,18612,67,2029,2
1462,24723,67,2019,3
1463,16471,67,2022,1
1464,24257,67,2023,3
1465,874,67,2020,2
1466,15302,67,2022,4
1467,8904,67,2023,4
1468,15254,67,2021,4
1469,15511,75,2030,2
1470,19277,75,2022,2
1471,15467,66,2026,3
1472,15328,83,2028,4
1473,14642,1,2027,3
1474,15592,1,2030,3
1475,12743,1,2027,2
1476,28453,1,2029,1
1477,43811,1,2024,4
1478,12435,1,2028,2
1479,22265,1,2026,1
1480,15503,1,2023,1
1481,15392,13,2023,2
1482,19262,13,2028,4
1483,12560,11,2024,4
1484,9344,11,2026,3
1485,13701,11,2023,1
1486,17162,29,2020,4
1487,18832,29,2030,4
1488,29586,15,2023,3
1489,15128,16,2026,2
1490,1825,16,2026,3
1491,30019,16,2028,3
1492,15251,14,2025,1
1493,20385,14,2022,3
1494,24849,14,2023,1
1495,6447,14,2030,2
1496,19278,14,2025,2
1497,15587,23,2022,3
1498,15505,18,2020,1
1499,3962,30,2023,1
1500,23387,30,2020,3
1501,10001,30,2029,1
1502,571,30,2030,2
1503,10466,30,2021,3
1504,17693,25,2028,1
1505,17820,25,2028,1
1506,17206,25,2023,4
1507,27694,25,2019,2
1508,20631,25,2025,4
1509,33241,25,2027,3
1510,15192,44,2020,2
1511,15414,44,2022,2
1512,10770,38,2022,4
1513,16112,38,2025,3
1514,23931,21,2020,1
1515,15382,33,2027,2
1516,8582,42,2023,2
1517,11408,26,2024,2
1518,12141,26,2028,1
1519,10398,26,2022,3
1520,32123,26,2024,3
1521,43952,26,2023,1
1522,3635,26,2030,1
1523,210,57,2030,1
1524,15326,50,2026,2
1525,39298,50,2026,2
1526,15157,1,2022,1
1527,15599,4,2029,2
1528,15123,7,2020,1
1529,15149,5,2022,2
1530,15696,13,2021,2
1531,15900,11,2021,3
1532,14137,29,2030,2
1533,15572,15,2019,3
1534,15496,15,2020,4
1535,15234,15,2023,2
1536,13660,10,2025,3
1537,15568,10,2020,3
1538,14334,18,2030,2
1539,15952,24,2021,2
1540,15288,24,2029,4
1541,15066,22,2019,3
1542,15453,38,2023,3
1543,15903,20,2023,3
1544,15310,33,2027,1
1545,15555,37,2025,2
1546,15883,57,2019,1
1547,17242,42,2029,3
1548,15227,42,2026,1
1549,29463,42,2022,3
1550,17898,40,2024,1
1551,17679,40,2028,2
1552,9506,40,2029,4
1553,16577,40,2022,1
1554,15678,45,2024,1
1555,14634,65,2024,3
1556,34452,54,2023,2
1557,9953,51,2022,2
1558,16408,53,2021,1
1559,15043,60,2030,1
1560,15553,71,2020,4
1561,11616,83,2028,2
1562,14451,81,2025,4
1563,16022,1,2026,3
1564,15746,4,2021,2
1565,1957,4,2028,4
1566,937,4,2020,1
1567,15427,3,2023,2
1568,13995,2,2023,4
1569,15522,7,2021,1
1570,15888,7,2019,4
1571,15285,6,2030,4
1572,15966,8,2025,2
1573,14242,8,2023,4
1574,15892,8,2021,3
1575,28157,5,2028,3
1576,1645,13,2020,3
1577,16049,13,2022,1
1578,1741,9,2023,2
1579,13485,11,2020,4
1580,14497,11,2026,3
1581,6881,11,2029,2
1582,14807,12,2030,4
1583,15176,12,2030,4
1584,15660,12,2024,2
1585,15032,12,2027,1
1586,6471,15,2028,2
1587,24985,15,2026,2
1588,15855,17,2021,4
1589,15697,35,2028,3
1590,18983,23,2025,3
1591,6684,23,2030,4
1592,30234,23,2026,1
1593,15580,14,2026,4
1594,15864,18,2021,2
1595,15968,18,2023,2
1596,15687,28,2022,4
1597,15721,38,2020,4
1598,15267,38,2030,1
1599,15991,44,2027,4
1600,15860,44,2024,2
1601,15571,22,2029,2
1602,11689,24,2028,4
1603,14529,37,2019,3
1604,16026,57,2030,2
1605,14332,40,2022,3
1606,16013,56,2028,2
1607,17587,56,2029,2
1608,18964,56,2025,4
1609,15848,56,2028,1
1610,2622,56,2026,3
1611,11369,56,2024,3
1612,15923,54,2023,3
1613,16452,51,2020,3
1614,12915,51,2027,2
1615,6336,51,2025,4
1616,12075,49,2030,2
1617,17246,60,2026,3
1618,16113,79,2025,3
1619,16194,1,2028,1
1620,15898,1,2022,3
1621,42,1,2029,4
1622,15982,7,2024,2
1623,16136,7,2030,4
1624,16989,7,2024,3
1625,17880,7,2028,1
1626,13769,7,2025,1
1627,18711,8,2029,1
1628,15570,8,2022,3
1629,19469,8,2029,4
1630,13045,8,2019,3
1631,32679,8,2020,2
1632,16007,13,2027,2
1633,2438,13,2030,2
1634,6098,13,2019,2
1635,28520,13,2025,1
1636,20350,13,2022,1
1637,11304,13,2022,4
1638,27447,13,2027,1
1639,13772,5,2021,1
1640,14420,5,2023,2
1641,22743,9,2026,3
1642,7703,9,2028,3
1643,15482,29,2019,1
1644,16064,29,2026,4
1645,15616,29,2028,3
1646,1104,15,2026,4
1647,9897,12,2029,3
1648,24492,17,2020,2
1649,14970,17,2025,3
1650,18605,17,2019,2
1651,16110,35,2019,1
1652,18497,18,2025,4
1653,20587,18,2019,4
1654,16355,30,2023,4
1655,15284,30,2028,3
1656,15964,44,2028,4
1657,15961,38,2022,2
1658,18046,22,2028,1
1659,16078,22,2024,3
1660,17607,22,2019,4
1661,2618,22,2029,3
1662,16902,33,2030,3
1663,19355,33,2028,3
1664,32247,33,2020,4
1665,15821,33,2024,2
1666,19487,33,2029,1
1667,10571,33,2028,3
1668,11671,20,2025,2
1669,15243,20,2027,4
1670,16060,45,2020,3
1671,3603,54,2030,2
1672,14443,62,2024,2
1673,10343,62,2027,2
1674,15957,60,2020,2
1675,3669,58,2024,3
1676,7774,58,2026,3
1677,16148,4,2026,3
1678,16024,4,2020,2
1679,15942,3,2028,3
1680,17693,8,2028,2
1681,17820,8,2025,3
1682,17206,8,2025,3
1683,27694,8,2021,3
1684,20631,8,2025,2
1685,33241,8,2025,4
1686,16258,8,2027,3
1687,15716,9,2026,4
1688,16355,5,2020,1
1689,15284,5,2021,2
1690,36591,5,2023,4
1691,17164,5,2028,2
1692,15183,5,2022,3
1693,16404,5,2027,3
1694,28145,5,2027,3
1695,14572,5,2025,4
1696,32342,5,2022,2
1697,12266,11,2020,4
1698,15149,29,2020,3
1699,12967,10,2029,3
1700,16296,10,2021,4
1701,17442,19,2022,2
1702,15431,16,2019,4
1703,17663,23,2019,4
1704,15544,23,2030,1
1705,16089,28,2020,3
1706,14404,25,2019,1
1707,15303,44,2020,1
1708,18481,44,2022,3
1709,6630,44,2024,3
1710,15456,24,2020,4
1711,24661,24,2021,2
1712,15582,24,2019,3
1713,16314,31,2022,4
1714,16143,31,2026,4
1715,16326,57,2019,4
1716,2779,57,2029,3
1717,2932,57,2030,4
1718,2217,40,2029,4
1719,18451,40,2024,2
1720,24515,40,2025,1
1721,7637,34,2022,4
1722,78,34,2030,3
1723,156,34,2024,4
1724,18358,34,2020,2
1725,13603,34,2019,4
1726,6884,34,2029,3
1727,20215,34,2023,3
1728,15941,34,2025,2
1729,24527,34,2027,1
1730,18615,34,2030,2
1731,33981,34,2020,3
1732,13278,34,2024,2
1733,6889,34,2019,1
1734,16106,34,2026,4
1735,16386,46,2025,2
1736,7315,47,2026,2
1737,16268,47,2023,2
1738,18865,47,2027,2
1739,16219,54,2029,1
1740,15609,54,2029,3
1741,16274,66,2023,2
1742,24846,70,2022,4
1743,24971,70,2028,2
1744,28928,70,2029,1
1745,17818,70,2030,4
1746,13697,70,2026,3
1747,22662,70,2030,4
1748,16210,67,2030,2
1749,1119,78,2024,4
1750,40585,78,2030,1
1751,17684,78,2022,1
1752,6202,78,2029,3
1753,3877,78,2027,4
1754,19404,78,2021,1
1755,20310,78,2028,3
1756,16480,78,2019,4
1757,9318,78,2022,1
1758,14080,78,2024,1
1759,20079,78,2027,3
1760,17283,78,2025,1
1761,11736,73,2029,1
1762,13253,1,2024,1
1763,14351,1,2027,4
1764,18866,1,2019,3
1765,15984,1,2030,4
1766,16192,4,2025,2
1767,22673,4,2026,4
1768,14292,4,2022,2
1769,16074,3,2024,1
1770,15937,3,2023,4
1771,15628,2,2026,3
1772,15430,2,2022,3
1773,14539,8,2027,3
1774,13486,6,2021,4
1775,16260,6,2029,1
1776,14820,6,2027,3
1777,15695,9,2027,3
1778,16304,5,2029,2
1779,16160,11,2027,4
1780,16050,29,2030,2
1781,11408,29,2021,1
1782,12141,29,2022,2
1783,10398,29,2020,2
1784,32123,29,2029,2
1785,43952,29,2029,1
1786,3635,29,2029,4
1787,16543,29,2019,4
1788,15353,12,2027,1
1789,16396,17,2029,1
1790,21126,19,2023,2
1791,16220,19,2029,3
1792,15385,19,2026,1
1793,1516,16,2019,4
1794,28784,16,2024,3
1795,18743,16,2019,3
1796,14191,16,2025,4
1797,1433,23,2026,3
1798,16422,23,2020,3
1799,23435,23,2027,3
1800,16352,14,2023,2
1801,27013,30,2028,1
1802,39574,30,2027,3
1803,18767,30,2020,2
1804,16303,30,2019,2
1805,16451,44,2028,1
1806,23317,44,2023,2
1807,13778,44,2026,1
1808,16013,24,2023,3
1809,17587,24,2025,4
1810,18964,24,2029,4
1811,15848,24,2019,4
1812,2622,24,2027,1
1813,11369,24,2030,4
1814,16033,31,2020,3
1815,7924,20,2021,2
1816,39403,20,2024,4
1817,13124,20,2027,1
1818,18872,20,2028,1
1819,15186,20,2028,4
1820,16637,20,2029,2
1821,16381,20,2025,1
1822,71,20,2019,1
1823,17848,20,2028,1
1824,17355,20,2021,4
1825,12640,21,2029,2
1826,12319,21,2026,1
1827,19412,21,2030,1
1828,16501,21,2021,2
1829,15366,37,2026,3
1830,16537,57,2025,2
1831,658,32,2019,1
1832,9919,32,2022,3
1833,16215,42,2023,4
1834,16117,26,2030,4
1835,16458,26,2027,2
1836,12556,43,2020,4
1837,16139,65,2019,1
1838,16207,65,2020,4
1839,15675,54,2020,3
1840,15520,51,2021,2
1841,31295,59,2026,3
1842,12810,67,2029,2
1843,17756,67,2021,3
1844,16348,70,2020,4
1845,36591,75,2026,1
1846,17164,75,2028,3
1847,15183,75,2029,2
1848,16404,75,2028,3
1849,28145,75,2022,2
1850,12469,72,2027,1
1851,16102,81,2024,1
1852,16498,81,2030,2
1853,16380,83,2025,1
1854,18840,83,2030,4
1855,16325,76,2021,1
1856,21418,76,2026,4
1857,16408,1,2027,4
1858,2438,4,2027,3
1859,6098,4,2021,3
1860,28520,4,2022,3
1861,20350,4,2019,4
1862,11304,4,2027,1
1863,27447,4,2022,3
1864,15488,4,2019,2
1865,15534,3,2030,1
1866,1119,8,2030,2
1867,40585,8,2028,2
1868,17684,8,2025,1
1869,6202,8,2029,3
1870,3877,8,2027,3
1871,19404,8,2025,1
1872,20310,8,2024,2
1873,16480,8,2027,4
1874,9318,8,2019,4
1875,14080,8,2026,2
1876,20079,8,2026,2
1877,17283,8,2029,2
1878,16094,13,2025,4
1879,32884,9,2024,3
1880,14048,29,2028,3
1881,15179,12,2022,2
1882,10435,19,2022,2
1883,16579,16,2020,4
1884,2646,14,2021,3
1885,904,14,2027,4
1886,7257,14,2030,2
1887,16612,18,2027,3
1888,16393,18,2022,2
1889,16664,44,2023,4
1890,15959,38,2027,4
1891,32828,38,2028,4
1892,16471,25,2019,4
1893,24257,25,2026,2
1894,874,25,2025,1
1895,15302,25,2019,4
1896,16446,25,2019,4
1897,16199,33,2029,1
1898,17362,33,2025,2
1899,16419,24,2025,1
1900,16447,31,2022,4
1901,16636,57,2021,2
1902,17025,41,2021,1
1903,16013,45,2022,3
1904,17587,45,2025,1
1905,18964,45,2029,3
1906,15848,45,2023,1
1907,2622,45,2020,2
1908,11369,45,2026,1
1909,15659,45,2022,4
1910,16625,50,2029,4
1911,14212,55,2026,4
1912,16954,55,2030,1
1913,22309,55,2021,4
1914,16166,66,2024,4
1915,21513,66,2029,2
1916,33893,66,2029,3
1917,16676,65,2020,4
1918,18388,70,2021,1
1919,17431,70,2021,1
1920,15200,70,2028,3
1921,16688,71,2022,2
1922,12597,72,2021,1
1923,16121,72,2027,3
1924,4082,78,2019,4
1925,16552,78,2026,3
1926,16616,82,2021,3
1927,16128,1,2023,4
1928,16300,1,2029,3
1929,16802,1,2026,1
1930,16463,3,2030,3
1931,16145,4,2024,4
1932,16146,4,2020,2
1933,2044,4,2028,3
1934,16149,4,2029,3
1935,16547,7,2020,2
1936,36591,7,2026,2
1937,17164,7,2020,4
1938,15183,7,2020,4
1939,16404,7,2027,1
1940,28145,7,2027,1
1941,16781,6,2023,1
1942,16535,6,2027,1
1943,16748,8,2028,2
1944,16768,8,2024,4
1945,16439,8,2026,2
1946,16824,13,2027,1
1947,15484,5,2028,4
1948,16044,11,2029,3
1949,15601,11,2021,2
1950,16227,11,2019,1
1951,32849,11,2027,1
1952,18832,11,2029,4
1953,16914,11,2025,4
1954,16266,11,2026,2
1955,14373,15,2019,4
1956,16118,17,2026,1
1957,16536,10,2027,3
1958,6800,19,2026,3
1959,16335,16,2025,3
1960,14238,16,2026,3
1961,15556,23,2028,3
1962,14652,18,2027,3
1963,15657,44,2030,4
1964,16765,44,2020,4
1965,24859,38,2027,3
1966,17137,38,2020,2
1967,12570,38,2024,4
1968,14731,38,2025,3
1969,6744,38,2021,1
1970,37314,38,2024,1
1971,16734,24,2024,1
1972,16662,24,2019,1
1973,15915,43,2022,4
1974,16830,43,2028,3
1975,12726,40,2028,2
1976,10081,40,2023,4
1977,17785,45,2023,3
1978,16079,45,2019,3
1979,14680,32,2027,2
1980,21892,32,2027,1
1981,7637,56,2029,2
1982,78,56,2027,1
1983,156,56,2028,2
1984,18358,56,2027,2
1985,13603,56,2027,3
1986,6884,56,2027,3
1987,20215,56,2021,3
1988,15941,56,2019,2
1989,24527,56,2019,2
1990,18615,56,2030,3
1991,33981,56,2023,1
1992,13278,56,2025,4
1993,6889,56,2027,2
1994,16106,56,2025,4
1995,16606,61,2029,2
1996,16175,61,2029,4
1997,16902,64,2026,4
1998,19355,64,2027,2
1999,32247,64,2020,2
2000,15821,64,2025,1
2001,19487,64,2019,3
2002,10571,64,2023,3
2003,15597,59,2025,4
2004,16630,67,2026,2
2005,16878,51,2022,2
2006,15403,62,2022,2
2007,16860,49,2027,2
2008,14934,72,2024,1
2009,13884,1,2025,4
2010,17783,7,2020,2
2011,14828,7,2026,2
2012,2995,7,2030,2
2013,15896,6,2022,1
2014,24492,8,2026,2
2015,14970,8,2026,3
2016,18605,8,2024,4
2017,17019,9,2019,3
2018,16924,9,2020,3
2019,22503,5,2022,3
2020,16785,11,2021,2
2021,16923,11,2027,4
2022,14049,29,2027,1
2023,19205,29,2028,2
2024,28194,29,2028,3
2025,16588,15,2021,4
2026,15950,10,2025,2
2027,12679,10,2030,4
2028,16751,10,2027,3
2029,16216,27,2024,1
2030,16061,27,2029,2
2031,15924,23,2029,4
2032,16660,18,2022,3
2033,16692,44,2020,4
2034,23268,44,2021,1
2035,16165,44,2026,4
2036,15395,38,2030,2
2037,1617,25,2022,3
2038,16933,33,2024,1
2039,16286,22,2030,1
2040,7924,31,2020,2
2041,39403,31,2023,2
2042,13124,31,2030,4
2043,18872,31,2022,4
2044,15186,31,2027,4
2045,16637,31,2019,4
2046,16381,31,2028,4
2047,71,31,2029,1
2048,17848,31,2028,3
2049,17355,31,2022,4
2050,36591,31,2026,4
2051,17164,31,2025,4
2052,15183,31,2024,2
2053,16404,31,2029,2
2054,28145,31,2022,2
2055,16159,21,2020,3
2056,16694,52,2029,1
2057,14719,57,2030,2
2058,17026,57,2019,3
2059,13348,57,2020,1
2060,13292,57,2026,2
2061,16913,57,2027,1
2062,16970,40,2024,4
2063,16982,61,2020,1
2064,16632,61,2030,3
2065,22646,56,2023,2
2066,22125,56,2029,4
2067,16395,59,2025,1
2068,17035,65,2028,4
2069,15396,60,2020,2
2070,24600,60,2023,2
2071,2513,60,2023,2
2072,33828,60,2026,1
2073,9527,78,2025,3
2074,16008,78,2026,2
2075,16725,78,2019,2
2076,17639,78,2023,3
2077,16456,77,2027,4
2078,16817,85,2023,2
2079,17070,1,2023,4
2080,16403,1,2023,2
2081,17073,1,2029,2
2082,17205,3,2026,1
2083,14770,3,2025,4
2084,17143,4,2029,4
2085,16408,4,2020,2
2086,16934,4,2024,3
2087,17067,4,2019,3
2088,16971,4,2019,1
2089,11428,2,2027,2
2090,17655,2,2030,2
2091,16219,7,2021,1
2092,15609,7,2030,3
2093,16790,7,2020,3
2094,17009,7,2029,4
2095,17039,6,2020,3
2096,17141,6,2029,1
2097,17194,8,2029,2
2098,16985,8,2027,1
2099,9527,13,2030,1
2100,16008,13,2029,4
2101,16725,13,2025,4
2102,17639,13,2023,3
2103,16011,9,2030,3
2104,16633,9,2023,3
2105,16976,5,2020,1
2106,10953,5,2022,2
2107,17050,11,2019,1
2108,16380,29,2028,2
2109,18840,29,2027,2
2110,17082,29,2030,1
2111,34715,15,2026,2
2112,44030,15,2022,1
2113,16862,15,2028,4
2114,13155,15,2026,3
2115,17315,15,2021,4
2116,17171,15,2030,2
2117,17111,15,2024,1
2118,17186,12,2030,1
2119,34196,12,2019,3
2120,16210,10,2026,2
2121,15421,27,2029,3
2122,16789,19,2024,1
2123,16719,19,2024,1
2124,22225,14,2025,2
2125,16922,14,2029,1
2126,17001,18,2020,4
2127,41083,18,2023,2
2128,18677,18,2024,2
2129,18515,18,2022,1
2130,20502,18,2022,4
2131,16701,16,2026,4
2132,22248,16,2027,3
2133,18788,16,2028,4
2134,13641,16,2022,3
2135,12513,23,2026,2
2136,17007,23,2022,4
2137,13213,28,2021,3
2138,12185,28,2020,4
2139,16989,30,2024,4
2140,17880,30,2025,2
2141,17147,30,2023,4
2142,15377,44,2023,2
2143,16433,38,2022,1
2144,14520,38,2023,2
2145,2285,25,2022,2
2146,15501,25,2021,3
2147,1156,33,2030,4
2148,24859,33,2022,3
2149,17137,33,2022,2
2150,12570,33,2020,1
2151,14731,33,2023,1
2152,6744,33,2019,1
2153,37314,33,2025,2
2154,17053,24,2029,2
2155,38882,24,2027,2
2156,17008,57,2027,4
2157,17061,20,2025,1
2158,16778,69,2025,4
2159,6801,42,2021,4
2160,10298,42,2025,4
2161,2454,42,2029,4
2162,16624,61,2022,2
2163,14637,61,2023,4
2164,6339,61,2030,1
2165,16169,61,2030,4
2166,6730,61,2022,1
2167,16265,45,2027,3
2168,23087,45,2022,4
2169,17861,45,2022,4
2170,20342,45,2023,3
2171,14469,45,2021,2
2172,161,46,2019,4
2173,15304,46,2026,3
2174,2292,54,2029,2
2175,1803,54,2025,2
2176,11207,54,2024,1
2177,23500,54,2020,1
2178,17166,54,2027,3
2179,17043,56,2020,2
2180,19045,47,2030,4
2181,23596,47,2027,4
2182,135,47,2019,4
2183,24905,47,2025,4
2184,34535,47,2024,3
2185,17328,47,2021,2
2186,8975,47,2029,1
2187,5513,47,2025,2
2188,7382,48,2029,4
2189,24859,51,2025,1
2190,17137,51,2028,2
2191,12570,51,2020,2
2192,14731,51,2030,2
2193,6744,51,2026,1
2194,37314,51,2026,4
2195,16013,71,2023,3
2196,17587,71,2024,3
2197,18964,71,2020,4
2198,15848,71,2026,4
2199,2622,71,2019,3
2200,11369,71,2027,3
2201,17114,83,2023,2
2202,16874,58,2020,2
2203,16648,85,2020,3
2204,17025,1,2024,3
2205,17048,3,2021,3
2206,13574,3,2026,1
2207,32143,3,2019,1
2208,28452,3,2025,4
2209,32859,3,2021,1
2210,17169,3,2024,1
2211,17151,2,2027,3
2212,14408,2,2028,4
2213,14631,2,2026,3
2214,16965,7,2029,2
2215,16876,6,2027,1
2216,17255,6,2030,1
2217,17292,8,2025,4
2218,17342,13,2019,2
2219,15138,9,2030,3
2220,6602,9,2021,2
2221,17693,5,2020,3
2222,17820,5,2021,1
2223,17206,5,2020,3
2224,27694,5,2024,1
2225,20631,5,2020,1
2226,33241,5,2020,3
2227,17029,11,2030,3
2228,16939,29,2020,4
2229,17243,29,2030,1
2230,17202,29,2022,1
2231,3064,29,2026,4
2232,14715,29,2021,1
2233,2080,29,2024,2
2234,25574,29,2028,1
2235,13971,29,2022,1
2236,12544,29,2027,2
2237,7037,29,2029,2
2238,26916,29,2020,1
2239,16305,29,2029,4
2240,587,15,2025,2
2241,17234,15,2027,3
2242,13486,12,2020,2
2243,16260,12,2021,3
2244,14820,12,2019,1
2245,13771,27,2029,2
2246,16473,19,2020,2
2247,15992,19,2029,1
2248,17363,35,2027,3
2249,27013,18,2026,3
2250,39574,18,2026,3
2251,18767,18,2030,1
2252,16267,18,2030,4
2253,15986,16,2029,1
2254,2375,23,2029,1
2255,16163,44,2030,1
2256,16927,44,2020,3
2257,7719,38,2024,1
2258,11398,38,2028,1
2259,16943,25,2030,3
2260,17360,21,2022,4
2261,12434,22,2021,3
2262,16107,57,2019,4
2263,24846,20,2030,2
2264,24971,20,2030,1
2265,28928,20,2025,4
2266,17818,20,2026,4
2267,13697,20,2023,4
2268,22662,20,2019,3
2269,14188,52,2021,3
2270,18497,37,2028,1
2271,20587,37,2022,3
2272,1119,40,2023,1
2273,40585,40,2028,2
2274,17684,40,2025,2
2275,6202,40,2021,3
2276,3877,40,2019,2
2277,19404,40,2029,3
2278,20310,40,2022,2
2279,16480,40,2022,2
2280,9318,40,2029,3
2281,14080,40,2030,2
2282,20079,40,2022,3
2283,17283,40,2020,3
2284,17042,61,2019,3
2285,17135,45,2027,2
2286,17335,56,2025,3
2287,1119,32,2027,1
2288,40585,32,2024,4
2289,17684,32,2021,1
2290,6202,32,2019,4
2291,3877,32,2026,4
2292,19404,32,2020,2
2293,20310,32,2024,3
2294,16480,32,2019,2
2295,9318,32,2026,2
2296,14080,32,2022,2
2297,20079,32,2030,1
2298,17283,32,2020,4
2299,13623,75,2020,4
2300,17274,48,2024,4
2301,11433,48,2027,3
2302,16647,66,2030,3
2303,3873,67,2024,2
2304,16431,1,2020,1
2305,17429,1,2026,4
2306,17297,1,2020,3
2307,17190,1,2029,4
2308,14527,3,2019,3
2309,17017,3,2023,1
2310,17384,4,2024,1
2311,10208,4,2023,1
2312,17385,4,2024,4
2313,16666,4,2019,2
2314,15870,2,2024,3
2315,17096,2,2025,3
2316,17382,7,2027,3
2317,17306,6,2019,1
2318,17487,6,2026,1
2319,17314,6,2026,1
2320,24859,6,2027,1
2321,17137,6,2025,2
2322,12570,6,2029,2
2323,14731,6,2030,1
2324,6744,6,2029,2
2325,37314,6,2023,4
2326,13380,8,2020,1
2327,17542,8,2024,1
2328,17268,8,2021,4
2329,17505,8,2029,4
2330,17213,11,2023,4
2331,17497,11,2021,3
2332,17507,11,2022,2
2333,7910,11,2022,1
2334,16471,5,2022,2
2335,24257,5,2021,1
2336,874,5,2022,2
2337,15302,5,2020,1
2338,17269,29,2022,2
2339,17139,29,2025,2
2340,16013,29,2026,2
2341,17587,29,2022,4
2342,18964,29,2026,1
2343,15848,29,2021,1
2344,2622,29,2029,4
2345,11369,29,2024,1
2346,15232,29,2023,1
2347,17533,17,2028,3
2348,12632,19,2027,2
2349,14370,27,2020,1
2350,7984,35,2025,4
2351,17415,16,2022,4
2352,17543,14,2027,1
2353,11166,14,2024,3
2354,17367,18,2023,3
2355,16434,23,2026,4
2356,15606,44,2020,3
2357,16115,44,2030,3
2358,16762,38,2025,3
2359,17322,38,2029,1
2360,26292,30,2024,1
2361,16732,30,2026,4
2362,2147,30,2023,1
2363,17413,30,2020,3
2364,29023,25,2026,3
2365,17387,21,2027,2
2366,15018,21,2028,1
2367,36591,21,2029,1
2368,17164,21,2028,1
2369,15183,21,2025,1
2370,16404,21,2026,4
2371,28145,21,2019,4
2372,9552,33,2019,3
2373,3873,24,2027,4
2374,17014,31,2025,3
2375,17201,22,2019,2
2376,17442,22,2026,4
2377,21126,39,2025,2
2378,16220,39,2023,1
2379,17540,52,2023,1
2380,7924,43,2026,3
2381,39403,43,2025,1
2382,13124,43,2023,1
2383,18872,43,2025,3
2384,15186,43,2024,3
2385,16637,43,2028,1
2386,16381,43,2025,4
2387,71,43,2027,1
2388,17848,43,2028,4
2389,17355,43,2025,4
2390,16909,40,2028,1
2391,17461,40,2027,3
2392,16987,26,2029,4
2393,17447,61,2029,2
2394,17500,45,2023,3
2395,16932,56,2028,4
2396,14518,46,2024,2
2397,17347,46,2025,1
2398,15128,32,2022,4
2399,1825,32,2026,4
2400,30019,32,2029,2
2401,13373,55,2026,2
2402,17337,55,2025,3
2403,14314,55,2030,2
2404,16437,54,2026,4
2405,3860,54,2024,3
2406,14334,54,2026,2
2407,12743,48,2026,4
2408,28453,48,2025,3
2409,43811,48,2022,3
2410,12435,48,2022,3
2411,22265,48,2023,2
2412,14717,51,2022,1
2413,17201,68,2019,2
2414,16762,65,2027,4
2415,17322,65,2022,4
2416,17433,47,2026,2
2417,19064,47,2030,1
2418,17356,63,2022,1
2419,17548,3,2021,2
2420,17608,3,2019,1
2421,18527,3,2023,1
2422,36210,3,2028,1
2423,34051,3,2028,2
2424,2668,2,2023,1
2425,17170,2,2024,1
2426,16868,6,2030,4
2427,4045,6,2020,2
2428,17462,29,2020,1
2429,17421,29,2020,3
2430,16795,29,2022,3
2431,13935,10,2028,2
2432,15269,10,2019,1
2433,15554,10,2022,4
2434,24212,10,2021,3
2435,2100,10,2026,1
2436,37995,10,2020,1
2437,12765,10,2025,3
2438,17244,38,2025,3
2439,4091,38,2027,3
2440,16724,25,2024,2
2441,1957,33,2030,1
2442,937,33,2023,4
2443,9077,21,2024,3
2444,21261,21,2025,4
2445,17596,21,2027,2
2446,12360,21,2027,2
2447,1228,21,2026,4
2448,41447,21,2030,4
2449,15958,24,2030,1
2450,16691,22,2027,1
2451,16674,39,2029,1
2452,17452,40,2027,1
2453,17474,61,2019,4
2454,14697,71,2020,3
2455,17496,78,2020,2
2456,17261,83,2021,2
2457,17330,83,2027,1
2458,17300,1,2026,1
2459,17518,1,2021,1
2460,17519,1,2023,4
2461,17557,3,2024,3
2462,17242,4,2027,3
2463,15227,4,2024,4
2464,29463,4,2021,3
2465,5126,4,2021,1
2466,15472,2,2029,1
2467,17547,7,2020,2
2468,17386,7,2028,1
2469,20166,8,2026,2
2470,16714,8,2022,2
2471,17359,9,2020,3
2472,9527,9,2027,2
2473,16008,9,2022,4
2474,16725,9,2019,1
2475,17639,9,2021,3
2476,2458,9,2022,1
2477,7175,9,2027,1
2478,6582,9,2024,1
2479,4054,9,2022,2
2480,17621,9,2019,2
2481,16883,9,2024,4
2482,18794,9,2021,3
2483,18585,9,2028,4
2484,18432,9,2024,2
2485,16669,9,2027,3
2486,17663,11,2029,2
2487,15544,11,2024,4
2488,17648,11,2021,1
2489,16947,5,2030,1
2490,10328,29,2023,4
2491,18382,29,2022,2
2492,17333,12,2024,4
2493,9566,12,2024,4
2494,24678,12,2019,1
2495,17553,12,2025,1
2496,17615,19,2020,1
2497,17726,28,2030,2
2498,17783,28,2026,2
2499,14828,28,2026,4
2500,2995,28,2019,4
2501,17631,16,2026,1
2502,13329,16,2027,3
2503,25347,16,2025,2
2504,17702,16,2025,4
2505,17674,16,2019,1
2506,6457,18,2022,1
2507,17529,18,2026,3
2508,17299,18,2021,4
2509,16180,38,2030,3
2510,17707,38,2026,4
2511,18841,38,2023,1
2512,163,38,2022,4
2513,69,38,2030,3
2514,23955,38,2024,4
2515,1048,38,2020,2
2516,13767,38,2028,2
2517,17247,23,2022,4
2518,17455,23,2025,1
2519,11271,23,2019,2
2520,17845,23,2023,4
2521,17599,44,2021,3
2522,10627,30,2022,3
2523,13846,30,2021,4
2524,2506,33,2022,1
2525,34715,33,2028,4
2526,44030,33,2022,4
2527,16862,33,2019,2
2528,13155,33,2023,2
2529,17315,33,2020,4
2530,17171,33,2028,3
2531,36591,57,2025,3
2532,17164,57,2027,4
2533,15183,57,2022,2
2534,16404,57,2025,4
2535,28145,57,2019,4
2536,9712,39,2027,1
2537,17585,61,2021,1
2538,10745,45,2024,3
2539,17485,45,2027,2
2540,17763,45,2027,3
2541,17712,41,2028,2
2542,12912,50,2026,4
2543,790,59,2020,3
2544,1828,59,2019,3
2545,14409,78,2026,2
2546,15058,62,2030,2
2547,17751,1,2023,1
2548,17117,1,2030,4
2549,12234,3,2019,4
2550,17843,3,2025,2
2551,17792,4,2023,2
2552,2972,4,2023,4
2553,17652,2,2023,2
2554,22123,2,2027,4
2555,15448,2,2023,2
2556,11428,7,2020,4
2557,17655,7,2027,1
2558,17489,7,2020,2
2559,12247,7,2019,4
2560,16595,7,2027,4
2561,14937,7,2026,3
2562,17879,7,2019,4
2563,16742,6,2026,3
2564,17697,13,2024,1
2565,17044,13,2025,3
2566,18371,8,2030,1
2567,18608,8,2027,4
2568,14915,8,2030,2
2569,16240,9,2027,4
2570,18374,11,2025,4
2571,17782,11,2026,2
2572,6156,5,2030,2
2573,17753,29,2027,2
2574,17873,29,2028,2
2575,17362,29,2025,3
2576,13446,29,2021,2
2577,36997,29,2020,2
2578,38910,29,2030,4
2579,17430,15,2021,2
2580,16902,12,2029,1
2581,19355,12,2027,4
2582,32247,12,2027,1
2583,15821,12,2027,1
2584,19487,12,2027,3
2585,10571,12,2030,1
2586,17898,17,2021,1
2587,17679,17,2023,4
2588,9506,17,2027,4
2589,16577,17,2020,4
2590,16804,19,2027,2
2591,18884,19,2023,1
2592,8487,19,2029,3
2593,17594,19,2024,3
2594,1429,19,2030,3
2595,18372,27,2021,2
2596,17729,14,2030,4
2597,15027,28,2022,3
2598,17768,28,2023,3
2599,17554,35,2030,4
2600,17560,18,2022,3
2601,16181,38,2027,4
2602,14919,23,2021,1
2603,36591,30,2024,2
2604,17164,30,2027,4
2605,15183,30,2029,2
2606,16404,30,2021,2
2607,28145,30,2024,2
2608,12728,24,2020,4
2609,17293,24,2024,2
2610,17279,24,2021,3
2611,17867,24,2019,4
2612,5806,52,2019,4
2613,18385,56,2025,3
2614,17708,56,2024,4
2615,24678,45,2020,2
2616,17553,45,2030,1
2617,17658,34,2021,1
2618,32884,41,2023,3
2619,17863,41,2022,1
2620,16736,32,2021,1
2621,1878,32,2019,3
2622,17814,50,2024,3
2623,18489,50,2022,4
2624,17365,50,2022,2
2625,15336,70,2026,1
2626,11681,70,2030,1
2627,12020,70,2028,1
2628,18397,47,2025,3
2629,17874,48,2024,1
2630,17383,51,2030,2
2631,18409,60,2025,1
2632,7872,60,2020,1
2633,16108,72,2024,2
2634,13712,72,2030,2
2635,18340,72,2020,3
2636,9077,62,2024,3
2637,21261,62,2028,1
2638,17596,62,2027,2
2639,12360,62,2028,4
2640,1228,62,2023,4
2641,41447,62,2021,4
2642,17606,1,2027,3
2643,17671,1,2022,4
2644,17530,1,2025,1
2645,17115,1,2021,4
2646,18569,3,2024,4
2647,33278,3,2029,4
2648,108,3,2025,3
2649,18673,3,2025,2
2650,2217,3,2022,3
2651,18451,3,2023,1
2652,24515,3,2019,4
2653,18490,4,2029,3
2654,16698,2,2025,1
2655,15314,2,2026,2
2656,14219,2,2019,2
2657,17610,7,2026,3
2658,17284,7,2028,4
2659,17902,7,2026,2
2660,18396,7,2029,4
2661,17786,8,2020,4
2662,17148,9,2019,2
2663,13228,11,2024,3
2664,17869,5,2030,1
2665,6572,5,2021,1
2666,17774,29,2021,3
2667,18359,29,2025,3
2668,24859,10,2020,1
2669,17137,10,2026,3
2670,12570,10,2022,3
2671,14731,10,2026,3
2672,6744,10,2020,3
2673,37314,10,2027,1
2674,17475,10,2027,4
2675,17140,10,2019,2
2676,1848,10,2024,1
2677,27204,10,2026,1
2678,18394,10,2024,3
2679,16624,19,2023,4
2680,14637,19,2026,1
2681,18356,19,2026,2
2682,9077,19,2026,3
2683,21261,19,2021,4
2684,17596,19,2022,2
2685,12360,19,2028,4
2686,1228,19,2019,3
2687,41447,19,2026,2
2688,18407,17,2025,1
2689,17157,17,2028,4
2690,17817,17,2022,3
2691,17440,27,2024,3
2692,13900,18,2027,2
2693,18405,35,2030,2
2694,17793,16,2023,1
2695,11612,16,2024,3
2696,17681,16,2024,3
2697,17539,38,2029,4
2698,9527,38,2021,1
2699,16008,38,2029,3
2700,16725,38,2028,2
2701,17639,38,2028,1
2702,17445,44,2025,4
2703,18449,44,2029,3
2704,6288,30,2026,2
2705,18367,24,2023,4
2706,7637,24,2024,4
2707,78,24,2026,3
2708,156,24,2028,1
2709,18358,24,2020,4
2710,13603,24,2022,3
2711,6884,24,2024,1
2712,20215,24,2027,1
2713,15941,24,2029,4
2714,24527,24,2027,4
2715,18615,24,2027,3
2716,33981,24,2024,3
2717,13278,24,2030,2
2718,6889,24,2026,4
2719,16106,24,2024,4
2720,6231,33,2026,4
2721,3241,33,2022,4
2722,18379,33,2029,3
2723,1862,33,2023,2
2724,17544,21,2025,1
2725,18455,22,2030,1
2726,18424,31,2026,3
2727,2292,31,2019,4
2728,1803,31,2025,4
2729,11207,31,2030,3
2730,23500,31,2021,3
2731,17166,31,2025,3
2732,17642,39,2029,4
2733,22430,39,2019,3
2734,20207,39,2021,2
2735,8521,39,2025,1
2736,18530,61,2026,3
2737,17898,61,2025,2
2738,17679,61,2027,3
2739,9506,61,2020,2
2740,16577,61,2027,4
2741,17167,61,2029,2
2742,19069,61,2027,4
2743,17651,40,2028,2
2744,17259,45,2026,4
2745,13624,42,2021,1
2746,15281,42,2027,3
2747,27058,42,2022,1
2748,8117,42,2022,1
2749,18612,42,2029,3
2750,24723,42,2023,4
2751,18514,50,2027,2
2752,24266,41,2021,1
2753,3973,41,2024,1
2754,10871,41,2030,4
2755,14104,70,2021,2
2756,6191,46,2025,1
2757,18418,54,2024,4
2758,17455,51,2030,3
2759,11271,51,2020,2
2760,17845,51,2025,1
2761,17906,59,2028,2
2762,18556,66,2026,2
2763,18046,65,2020,1
2764,16078,65,2023,2
2765,17607,65,2030,4
2766,2618,65,2025,1
2767,18507,53,2019,4
2768,27108,60,2024,4
2769,27058,49,2024,2
2770,8117,49,2029,2
2771,18612,49,2026,4
2772,24723,49,2023,4
2773,18046,62,2020,4
2774,16078,62,2029,1
2775,17607,62,2026,4
2776,2618,62,2029,2
2777,24846,77,2029,3
2778,24971,77,2027,2
2779,28928,77,2020,2
2780,17818,77,2024,2
2781,13697,77,2019,1
2782,22662,77,2023,4
2783,17798,1,2028,3
2784,18535,1,2021,3
2785,17106,1,2028,3
2786,17678,3,2028,1
2787,18617,3,2024,4
2788,26292,4,2030,1
2789,16732,4,2030,2
2790,2147,4,2030,3
2791,18666,4,2020,4
2792,18604,4,2024,4
2793,18428,7,2020,1
2794,17853,7,2019,4
2795,17905,6,2024,4
2796,16145,6,2024,4
2797,18724,6,2019,1
2798,15121,8,2023,4
2799,18533,8,2022,1
2800,17851,8,2024,4
2801,3196,8,2028,4
2802,13792,8,2026,4
2803,17689,8,2025,3
2804,18678,8,2022,3
2805,17656,13,2021,1
2806,18560,13,2029,4
2807,17146,9,2025,1
2808,17781,9,2027,4
2809,18537,5,2020,1
2810,36146,5,2025,4
2811,16756,5,2019,2
2812,17001,5,2021,1
2813,41083,5,2023,3
2814,18677,5,2024,4
2815,18515,5,2025,2
2816,20502,5,2022,3
2817,18603,5,2028,4
2818,18544,5,2025,1
2819,18593,5,2019,4
2820,16881,11,2021,2
2821,18357,11,2023,1
2822,18700,29,2025,3
2823,1957,29,2021,4
2824,937,29,2019,4
2825,16066,29,2026,4
2826,18505,15,2023,4
2827,17013,15,2026,3
2828,7956,12,2020,4
2829,2383,12,2021,1
2830,17266,12,2028,3
2831,19045,10,2019,1
2832,23596,10,2025,4
2833,135,10,2024,2
2834,24905,10,2022,1
2835,34535,10,2029,3
2836,17328,10,2028,3
2837,8975,10,2020,1
2838,5513,10,2023,3
2839,18406,19,2020,3
2840,18726,19,2029,3
2841,18454,19,2027,2
2842,29826,19,2022,3
2843,18597,14,2023,2
2844,18893,28,2028,4
2845,18710,35,2023,2
2846,14790,44,2021,3
2847,13245,44,2025,3
2848,18376,44,2029,1
2849,17773,23,2028,4
2850,18562,30,2030,4
2851,8971,30,2030,2
2852,18735,30,2019,2
2853,18703,25,2026,1
2854,18497,25,2027,4
2855,20587,25,2027,1
2856,10328,25,2022,4
2857,18382,25,2030,2
2858,18747,57,2028,3
2859,17901,31,2029,4
2860,18341,61,2019,3
2861,18586,61,2019,4
2862,40650,61,2024,2
2863,18565,61,2022,4
2864,1405,61,2028,4
2865,16780,61,2020,3
2866,17864,37,2026,3
2867,18461,45,2024,4
2868,18448,45,2030,1
2869,4044,20,2029,3
2870,16946,42,2029,1
2871,13792,42,2020,1
2872,17689,42,2021,3
2873,18678,42,2029,4
2874,18572,56,2019,1
2875,2109,56,2025,3
2876,17535,56,2025,4
2877,34379,32,2023,2
2878,22644,46,2030,2
2879,16468,68,2027,1
2880,17516,68,2023,3
2881,24492,66,2025,1
2882,14970,66,2029,3
2883,18605,66,2021,4
2884,14624,53,2021,3
2885,18653,53,2026,3
2886,18590,49,2030,3
2887,18489,83,2021,4
2888,17365,83,2025,1
2889,18649,83,2027,1
2890,18606,81,2020,4
2891,18738,1,2030,1
2892,15899,1,2022,2
2893,18435,1,2023,2
2894,18342,1,2023,3
2895,18841,4,2022,4
2896,163,4,2019,4
2897,69,4,2027,1
2898,23955,4,2023,1
2899,1048,4,2028,2
2900,13767,4,2024,3
2901,18483,2,2023,2
2902,18842,7,2020,1
2903,18716,7,2028,1
2904,18757,7,2029,3
2905,18546,6,2025,4
2906,17521,13,2027,4
2907,17705,13,2027,2
2908,18756,13,2024,4
2909,10942,13,2021,1
2910,18681,13,2027,4
2911,803,13,2021,2
2912,16572,9,2020,2
2913,18707,9,2019,3
2914,10298,11,2023,1
2915,2454,11,2019,3
2916,18510,11,2030,1
2917,18810,11,2026,2
2918,27695,5,2024,4
2919,15171,5,2024,2
2920,20665,5,2027,4
2921,18706,15,2026,4
2922,2458,15,2021,2
2923,7175,15,2027,2
2924,6582,15,2030,4
2925,4054,15,2028,4
2926,17621,15,2026,4
2927,16883,15,2029,3
2928,18794,15,2025,1
2929,18585,15,2024,4
2930,18432,15,2021,3
2931,18763,12,2020,1
2932,1322,12,2029,3
2933,17418,12,2023,2
2934,18454,10,2028,2
2935,29826,10,2025,3
2936,16782,19,2030,2
2937,18395,18,2021,3
2938,16438,18,2026,1
2939,18650,16,2021,3
2940,16423,16,2026,2
2941,18790,16,2022,3
2942,17467,38,2030,1
2943,17001,38,2029,4
2944,41083,38,2019,2
2945,18677,38,2025,3
2946,18515,38,2024,4
2947,20502,38,2027,1
2948,17859,38,2025,1
2949,18657,38,2023,3
2950,18862,44,2022,4
2951,18634,44,2020,2
2952,18698,23,2021,2
2953,15511,25,2021,2
2954,19277,25,2025,2
2955,18664,57,2019,1
2956,18719,57,2022,4
2957,1161,39,2029,3
2958,2458,31,2023,1
2959,7175,31,2023,4
2960,6582,31,2029,4
2961,4054,31,2022,1
2962,17621,31,2021,3
2963,16883,31,2025,1
2964,18794,31,2019,3
2965,18585,31,2024,2
2966,18432,31,2021,4
2967,8086,43,2029,1
2968,17412,43,2021,1
2969,18773,40,2026,2
2970,18686,45,2024,4
2971,17909,41,2022,1
2972,18393,69,2023,3
2973,18808,56,2021,3
2974,17350,36,2019,4
2975,7570,75,2019,4
2976,18641,66,2019,1
2977,18787,66,2025,1
2978,18723,67,2021,1
2979,18624,60,2029,4
2980,11818,60,2030,3
2981,7719,78,2024,4
2982,11398,78,2020,2
2983,18755,62,2030,1
2984,18669,62,2028,4
2985,18772,77,2029,4
2986,6203,87,2030,1
2987,18557,87,2027,2
2988,17428,4,2020,3
2989,18420,4,2027,3
2990,18950,13,2027,1
2991,18832,8,2027,1
2992,16013,8,2025,4
2993,17587,8,2020,4
2994,18964,8,2024,1
2995,15848,8,2028,4
2996,2622,8,2019,4
2997,11369,8,2028,1
2998,18656,9,2029,2
2999,28410,5,2023,2
3000,13519,5,2028,3
3001,18761,5,2030,3
3002,40160,5,2020,2
3003,18945,5,2020,2
3004,17379,29,2022,2
3005,18901,29,2030,2
3006,19064,29,2027,1
3007,18431,15,2026,3
3008,19063,12,2024,3
3009,18437,19,2025,4
3010,18827,19,2027,3
3011,18935,19,2027,3
3012,16635,10,2019,4
3013,16921,10,2030,2
3014,18882,17,2021,2
3015,18796,17,2021,1
3016,18894,17,2030,4
3017,18981,28,2029,4
3018,27058,28,2021,1
3019,8117,28,2023,3
3020,18612,28,2028,3
3021,24723,28,2024,2
3022,22248,38,2026,2
3023,18788,38,2027,2
3024,13641,38,2025,3
3025,19050,44,2028,2
3026,14440,44,2026,4
3027,18484,44,2029,2
3028,19231,44,2025,1
3029,20507,23,2024,2
3030,4762,23,2024,3
3031,6181,23,2026,1
3032,18766,25,2026,4
3033,17826,25,2026,2
3034,2458,25,2021,4
3035,7175,25,2019,3
3036,6582,25,2019,3
3037,4054,25,2024,4
3038,17621,25,2021,4
3039,16883,25,2023,1
3040,18794,25,2021,2
3041,18585,25,2026,4
3042,18432,25,2028,1
3043,18793,24,2026,2
3044,18949,24,2028,2
3045,18728,24,2022,4
3046,18993,33,2030,1
3047,14492,33,2026,4
3048,18804,21,2024,2
3049,19330,21,2026,4
3050,18939,21,2019,2
3051,18884,21,2024,4
3052,8487,21,2020,2
3053,17594,21,2019,3
3054,7354,39,2026,4
3055,3493,39,2026,2
3056,18758,61,2027,1
3057,17660,61,2026,2
3058,7924,69,2019,3
3059,39403,69,2020,3
3060,13124,69,2027,2
3061,18872,69,2027,2
3062,15186,69,2025,1
3063,16637,69,2024,2
3064,16381,69,2020,1
3065,71,69,2019,2
3066,17848,69,2020,1
3067,17355,69,2030,3
3068,18943,36,2023,1
3069,17632,47,2025,3
3070,19467,47,2023,4
3071,19291,47,2024,1
3072,18699,47,2023,3
3073,21515,66,2020,3
3074,18831,66,2022,1
3075,12247,48,2027,4
3076,16595,48,2022,1
3077,14937,48,2026,4
3078,17879,48,2021,1
3079,18781,60,2028,2
3080,17574,83,2022,4
3081,18586,76,2021,3
3082,40650,76,2030,2
3083,18565,76,2028,2
3084,1405,76,2021,3
3085,19270,1,2029,3
3086,18878,3,2027,3
3087,16707,3,2030,3
3088,17632,3,2022,4
3089,19467,3,2026,4
3090,19291,3,2022,4
3091,18699,3,2023,1
3092,17439,2,2020,2
3093,18843,7,2028,2
3094,18608,13,2019,4
3095,14915,13,2022,1
3096,5535,13,2025,4
3097,19215,6,2029,2
3098,18991,9,2025,3
3099,18983,5,2023,1
3100,6684,5,2030,1
3101,30234,5,2025,2
3102,19189,5,2022,2
3103,17790,11,2025,1
3104,17197,29,2030,3
3105,19071,29,2020,1
3106,19311,29,2019,3
3107,19122,15,2030,4
3108,18654,15,2026,4
3109,6447,12,2024,1
3110,19278,12,2026,4
3111,18543,12,2022,1
3112,18731,12,2025,4
3113,19173,17,2028,4
3114,17517,16,2023,1
3115,17634,38,2025,4
3116,17040,38,2029,4
3117,19007,14,2028,4
3118,19234,14,2024,1
3119,18803,28,2023,3
3120,18050,35,2025,4
3121,17426,23,2027,1
3122,14208,23,2023,4
3123,18452,25,2025,4
3124,18821,24,2029,2
3125,13784,61,2022,4
3126,120,61,2028,1
3127,19169,61,2028,2
3128,1537,61,2019,4
3129,19107,21,2019,3
3130,15577,56,2023,1
3131,40772,56,2022,1
3132,20317,56,2030,1
3133,19247,56,2022,2
3134,27058,43,2030,3
3135,8117,43,2030,4
3136,18612,43,2029,3
3137,24723,43,2019,4
3138,19276,37,2027,1
3139,19030,40,2027,2
3140,18986,45,2026,4
3141,18896,45,2021,3
3142,19106,45,2020,1
3143,19089,45,2024,3
3144,15392,45,2024,3
3145,19262,45,2021,3
3146,19314,22,2028,4
3147,10328,52,2027,3
3148,18382,52,2029,1
3149,18191,34,2020,1
3150,18484,34,2030,2
3151,19231,34,2028,3
3152,19157,41,2020,2
3153,18875,26,2027,4
3154,19105,64,2027,3
3155,18954,64,2025,4
3156,19327,64,2022,1
3157,27013,55,2022,1
3158,39574,55,2021,2
3159,18767,55,2028,4
3160,18381,54,2022,1
3161,18611,47,2023,1
3162,16975,47,2019,1
3163,18874,66,2022,1
3164,19065,66,2019,1
3165,18765,66,2022,1
3166,18972,72,2020,2
3167,18339,72,2024,3
3168,19377,67,2030,4
3169,19028,83,2025,4
3170,19136,83,2025,4
3171,18966,62,2028,1
3172,24968,81,2023,3
3173,18985,81,2021,1
3174,19040,87,2023,2
3175,19145,87,2026,4
3176,17632,84,2030,1
3177,19467,84,2026,2
3178,19291,84,2020,2
3179,18699,84,2027,1
3180,19081,79,2028,4
3181,19290,1,2024,2
3182,19253,3,2026,2
3183,19212,2,2020,2
3184,19205,2,2021,1
3185,28194,2,2026,4
3186,19087,2,2026,4
3187,18814,2,2025,3
3188,19348,7,2020,1
3189,19982,7,2027,3
3190,19269,7,2029,3
3191,1280,7,2019,1
3192,19421,7,2020,2
3193,12740,9,2024,3
3194,19444,9,2025,4
3195,36591,9,2027,4
3196,17164,9,2027,2
3197,15183,9,2026,3
3198,16404,9,2028,1
3199,28145,9,2024,4
3200,19166,5,2024,4
3201,14907,5,2028,4
3202,17503,5,2021,4
3203,17491,11,2025,2
3204,3580,11,2029,1
3205,19319,11,2029,4
3206,16828,29,2019,4
3207,19282,29,2022,2
3208,17246,15,2019,4
3209,19285,15,2020,3
3210,17455,12,2023,4
3211,11271,12,2030,4
3212,17845,12,2028,1
3213,16327,10,2027,4
3214,15606,18,2024,3
3215,16115,18,2029,2
3216,15605,18,2027,1
3217,14204,14,2029,3
3218,18511,35,2020,2
3219,12533,35,2021,2
3220,20189,44,2023,4
3221,7445,23,2029,1
3222,19424,23,2029,1
3223,18961,25,2023,4
3224,16910,25,2026,4
3225,5159,25,2024,4
3226,15610,25,2023,4
3227,20201,25,2021,2
3228,6107,25,2021,4
3229,18529,25,2026,4
3230,19018,30,2022,3
3231,1339,30,2028,1
3232,19490,30,2026,3
3233,15368,30,2023,3
3234,19445,61,2030,2
3235,18816,39,2019,2
3236,17608,31,2026,3
3237,18527,31,2020,1
3238,36210,31,2025,1
3239,34051,31,2021,3
3240,17246,43,2026,1
3241,19496,43,2026,1
3242,19143,45,2025,4
3243,15320,26,2029,2
3244,19459,26,2021,3
3245,19067,26,2025,1
3246,19306,26,2030,2
3247,7292,26,2028,2
3248,19074,46,2020,3
3249,120,48,2021,2
3250,19169,48,2025,4
3251,1537,48,2022,2
3252,17246,59,2030,4
3253,20789,59,2020,3
3254,19308,65,2024,4
3255,19468,60,2029,3
3256,18887,60,2019,2
3257,17936,77,2023,3
3258,20393,1,2022,4
3259,19296,1,2026,1
3260,19451,1,2027,3
3261,21480,1,2022,4
3262,18365,1,2020,4
3263,12860,3,2022,4
3264,19358,3,2030,2
3265,19111,3,2021,1
3266,12810,3,2019,4
3267,17756,3,2023,2
3268,17193,2,2024,2
3269,21107,7,2019,3
3270,19342,7,2023,3
3271,20583,13,2026,1
3272,16687,13,2026,3
3273,20142,6,2019,4
3274,19317,6,2026,3
3275,28410,6,2025,4
3276,13519,6,2025,1
3277,18761,6,2029,2
3278,20981,8,2024,3
3279,36818,8,2019,2
3280,12542,8,2026,2
3281,18576,8,2028,4
3282,18837,8,2029,2
3283,24553,8,2025,1
3284,19293,8,2026,3
3285,19281,8,2019,1
3286,40108,5,2021,4
3287,19363,9,2026,4
3288,21264,11,2024,4
3289,13911,29,2021,4
3290,19330,29,2019,2
3291,18939,29,2024,4
3292,18780,29,2022,4
3293,20921,29,2026,2
3294,17543,10,2028,4
3295,11166,10,2026,4
3296,17121,12,2030,3
3297,19092,12,2029,1
3298,21370,16,2021,3
3299,10841,38,2023,4
3300,22161,38,2019,3
3301,21125,38,2024,4
3302,22190,28,2020,4
3303,15871,57,2023,2
3304,18622,57,2029,1
3305,22646,61,2027,4
3306,22125,61,2026,3
3307,8086,61,2020,4
3308,17412,61,2022,4
3309,17410,61,2028,2
3310,21497,61,2024,3
3311,1119,61,2026,2
3312,40585,61,2028,1
3313,17684,61,2028,2
3314,6202,61,2029,1
3315,3877,61,2021,3
3316,19404,61,2022,1
3317,20310,61,2025,2
3318,16480,61,2021,2
3319,9318,61,2021,4
3320,14080,61,2028,4
3321,20079,61,2019,4
3322,17283,61,2019,1
3323,17372,33,2019,4
3324,9700,33,2020,1
3325,17528,33,2021,1
3326,19458,33,2023,4
3327,22531,33,2029,1
3328,31805,56,2028,1
3329,20716,56,2024,1
3330,19052,56,2027,3
3331,19443,56,2030,2
3332,36818,45,2029,3
3333,12542,45,2030,3
3334,18576,45,2024,2
3335,18837,45,2023,4
3336,24553,45,2020,2
3337,19516,40,2026,1
3338,23087,40,2028,1
3339,17861,40,2020,1
3340,20342,40,2021,4
3341,14469,40,2028,1
3342,18797,40,2022,3
3343,20224,22,2020,4
3344,15089,69,2019,3
3345,20473,41,2021,3
3346,12640,54,2021,4
3347,12319,54,2022,4
3348,19412,54,2030,1
3349,16501,54,2023,3
3350,17867,54,2026,4
3351,19068,51,2025,4
3352,18979,53,2025,4
3353,798,49,2030,2
3354,20467,78,2019,1
3355,15893,83,2019,4
3356,18795,58,2021,4
3357,18835,85,2026,3
3358,18774,85,2029,1
3359,26239,85,2023,1
3360,20825,85,2025,3
3361,20206,86,2019,4
3362,19260,3,2027,2
3363,19033,4,2022,1
3364,18847,7,2029,2
3365,19478,7,2030,4
3366,18621,6,2030,1
3367,22622,9,2023,3
3368,24492,9,2022,4
3369,14970,9,2028,3
3370,18605,9,2025,3
3371,20169,9,2023,3
3372,2109,9,2023,2
3373,17535,9,2021,1
3374,16325,8,2024,4
3375,21418,8,2029,3
3376,21263,5,2029,1
3377,17652,29,2022,2
3378,22123,29,2019,1
3379,15448,29,2027,3
3380,22189,29,2023,2
3381,22389,29,2027,2
3382,22248,15,2022,1
3383,18788,15,2022,2
3384,13641,15,2022,4
3385,19195,17,2029,1
3386,3946,10,2019,3
3387,1664,10,2020,4
3388,22249,12,2030,1
3389,22273,12,2030,1
3390,20794,19,2022,1
3391,18834,19,2025,2
3392,19341,16,2026,3
3393,19334,38,2028,3
3394,18811,38,2029,3
3395,22241,23,2019,3
3396,16646,23,2029,2
3397,21970,23,2029,4
3398,20678,44,2023,2
3399,19045,44,2022,3
3400,23596,44,2027,2
3401,135,44,2026,2
3402,24905,44,2019,4
3403,34535,44,2020,1
3404,17328,44,2027,4
3405,8975,44,2030,2
3406,5513,44,2019,1
3407,19207,30,2019,4
3408,19732,57,2027,1
3409,22176,57,2021,4
3410,15614,61,2022,1
3411,19378,61,2024,3
3412,148,33,2022,2
3413,21501,24,2025,3
3414,18079,21,2019,2
3415,18976,21,2023,3
3416,37320,21,2020,2
3417,19747,21,2024,2
3418,17001,21,2025,4
3419,41083,21,2026,3
3420,18677,21,2021,4
3421,18515,21,2024,2
3422,20502,21,2023,1
3423,22534,56,2028,3
3424,22135,43,2025,3
3425,22503,69,2029,3
3426,3962,69,2030,2
3427,23387,69,2020,1
3428,10001,69,2028,1
3429,571,69,2023,4
3430,10466,69,2028,1
3431,3913,45,2027,4
3432,19144,45,2023,3
3433,35338,45,2024,2
3434,19267,22,2028,4
3435,6881,22,2030,4
3436,13186,52,2023,2
3437,15552,52,2029,1
3438,19046,20,2028,2
3439,21622,66,2029,1
3440,20886,68,2026,2
3441,17729,60,2023,2
3442,17824,65,2026,3
3443,21858,71,2027,2
3444,27058,71,2022,2
3445,8117,71,2028,1
3446,18612,71,2027,3
3447,24723,71,2019,1
3448,19452,1,2023,3
3449,22178,1,2019,3
3450,2628,1,2022,2
3451,14212,3,2030,1
3452,16954,3,2024,3
3453,22309,3,2019,1
3454,19349,7,2025,3
3455,22439,7,2024,4
3456,19362,7,2029,2
3457,21853,6,2022,2
3458,16613,13,2022,2
3459,20584,13,2026,3
3460,21087,8,2027,4
3461,20479,8,2023,3
3462,7940,8,2024,2
3463,22337,8,2025,2
3464,22786,5,2024,2
3465,19148,5,2019,2
3466,2415,5,2022,1
3467,12932,5,2021,2
3468,19413,11,2030,3
3469,13452,11,2022,1
3470,22794,29,2025,3
3471,10157,15,2022,1
3472,18160,17,2029,4
3473,18467,17,2023,3
3474,19112,17,2030,4
3475,20019,19,2026,2
3476,22723,19,2027,2
3477,16902,19,2025,3
3478,19355,19,2027,4
3479,32247,19,2020,4
3480,15821,19,2022,3
3481,19487,19,2020,3
3482,10571,19,2022,1
3483,24846,19,2030,2
3484,24971,19,2030,4
3485,28928,19,2029,1
3486,17818,19,2030,2
3487,13697,19,2021,1
3488,22662,19,2020,3
3489,2034,16,2028,4
3490,6454,16,2022,4
3491,23288,28,2027,1
3492,22494,23,2019,3
3493,19465,44,2027,1
3494,18552,27,2020,3
3495,13022,35,2020,4
3496,22707,35,2019,2
3497,19727,57,2026,4
3498,21126,61,2022,3
3499,16220,61,2029,1
3500,17286,25,2028,2
3501,16796,24,2027,4
3502,17896,24,2021,3
3503,22920,40,2024,4
3504,22986,45,2024,2
3505,22743,22,2021,3
3506,7703,22,2027,1
3507,17784,22,2020,4
3508,19515,22,2022,2
3509,11171,22,2029,2
3510,22276,22,2030,2
3511,20572,22,2024,4
3512,28892,22,2028,1
3513,23130,31,2027,1
3514,19395,26,2024,3
3515,22758,20,2024,1
3516,19515,20,2027,1
3517,11171,20,2023,2
3518,22276,20,2021,1
3519,20572,20,2030,2
3520,28892,20,2027,3
3521,23001,70,2027,3
3522,21112,36,2028,2
3523,13240,67,2024,1
3524,19272,67,2023,3
3525,21053,85,2022,4
3526,20166,1,2021,2
3527,16714,1,2022,4
3528,17478,3,2028,1
3529,8713,3,2025,4
3530,19082,4,2023,3
3531,20111,2,2029,2
3532,23322,5,2020,4
3533,23203,5,2025,1
3534,16362,5,2021,4
3535,23318,15,2028,4
3536,23015,17,2029,3
3537,15092,16,2026,2
3538,21607,38,2026,4
3539,20066,38,2019,2
3540,17652,14,2023,4
3541,22123,14,2028,1
3542,15448,14,2026,3
3543,22661,23,2028,2
3544,20888,57,2025,4
3545,23243,30,2021,4
3546,22155,30,2021,1
3547,13395,33,2021,3
3548,23293,39,2021,2
3549,23202,56,2020,4
3550,23198,56,2029,3
3551,17891,50,2019,3
3552,24266,48,2022,1
3553,3973,48,2027,4
3554,10871,48,2030,1
3555,18109,48,2022,4
3556,3962,72,2025,1
3557,23387,72,2019,4
3558,10001,72,2029,4
3559,571,72,2029,2
3560,10466,72,2027,3
3561,23364,53,2019,4
3562,21723,83,2029,3
3563,23039,87,2025,4
3564,7760,84,2020,2
3565,23499,84,2019,4
3566,12829,1,2025,1
3567,19873,1,2023,2
3568,23865,3,2028,2
3569,18618,3,2019,2
3570,21317,3,2021,4
3571,23385,7,2024,1
3572,19400,9,2026,2
3573,14413,6,2024,1
3574,23167,13,2026,2
3575,23536,5,2029,4
3576,8416,5,2030,1
3577,23765,11,2026,2
3578,19141,29,2019,4
3579,1119,29,2022,3
3580,40585,29,2028,4
3581,17684,29,2024,3
3582,6202,29,2030,1
3583,3877,29,2021,2
3584,19404,29,2020,2
3585,20310,29,2023,1
3586,16480,29,2022,3
3587,9318,29,2024,4
3588,14080,29,2019,2
3589,20079,29,2029,4
3590,17283,29,2020,3
3591,24846,15,2024,2
3592,24971,15,2021,3
3593,28928,15,2028,4
3594,17818,15,2024,4
3595,13697,15,2030,4
3596,22662,15,2021,2
3597,23931,15,2023,4
3598,23355,17,2024,2
3599,2292,17,2023,1
3600,1803,17,2022,4
3601,11207,17,2030,4
3602,23500,17,2026,2
3603,17166,17,2020,2
3604,17783,12,2024,3
3605,14828,12,2025,1
3606,2995,12,2029,3
3607,23066,10,2021,2
3608,22907,10,2025,4
3609,14583,38,2028,4
3610,21430,44,2024,2
3611,1433,35,2025,1
3612,16422,35,2027,2
3613,23435,35,2019,1
3614,16253,27,2024,2
3615,23481,27,2025,4
3616,17514,24,2025,2
3617,2438,24,2021,3
3618,6098,24,2029,4
3619,28520,24,2030,2
3620,20350,24,2022,3
3621,11304,24,2022,1
3622,27447,24,2023,2
3623,22853,39,2020,4
3624,23815,21,2027,3
3625,18366,31,2026,4
3626,40847,34,2023,2
3627,23205,34,2020,1
3628,23472,34,2020,3
3629,23799,34,2027,3
3630,933,36,2029,4
3631,19688,48,2030,2
3632,23632,78,2025,3
3633,19078,85,2030,3
3634,23859,87,2030,1
3635,22989,1,2027,4
3636,24286,1,2022,3
3637,8658,3,2024,1
3638,19589,4,2020,3
3639,19571,4,2026,1
3640,23678,2,2024,1
3641,23352,2,2020,4
3642,17435,2,2022,1
3643,23315,7,2028,2
3644,36818,7,2025,4
3645,12542,7,2030,2
3646,18576,7,2028,2
3647,18837,7,2019,2
3648,24553,7,2022,2
3649,22404,9,2023,1
3650,17487,9,2029,2
3651,17314,9,2030,1
3652,2506,13,2022,4
3653,19185,5,2020,3
3654,19057,5,2019,2
3655,3468,8,2025,3
3656,16678,29,2024,3
3657,19425,29,2024,4
3658,23537,17,2021,3
3659,23212,17,2019,3
3660,23096,17,2024,2
3661,24002,17,2020,1
3662,15109,12,2028,1
3663,16326,12,2023,3
3664,2779,12,2024,3
3665,2932,12,2019,3
3666,23957,12,2019,2
3667,21208,19,2023,1
3668,22924,10,2027,3
3669,22922,10,2019,3
3670,19146,38,2025,2
3671,11435,38,2024,1
3672,23786,16,2027,1
3673,12143,28,2028,4
3674,19084,23,2028,4
3675,19109,23,2019,1
3676,23224,35,2030,4
3677,23870,57,2019,1
3678,15113,30,2027,3
3679,24084,25,2030,4
3680,24268,25,2029,2
3681,7272,24,2022,4
3682,19004,21,2030,1
3683,28896,21,2028,4
3684,2671,21,2019,3
3685,13417,21,2026,3
3686,23353,21,2026,1
3687,23708,45,2019,3
3688,39864,45,2021,1
3689,19299,45,2028,2
3690,24045,45,2022,4
3691,24306,40,2030,4
3692,23954,43,2026,4
3693,12255,26,2024,1
3694,19183,41,2026,1
3695,23840,66,2024,3
3696,21162,42,2020,2
3697,17632,68,2020,3
3698,19467,68,2028,2
3699,19291,68,2024,4
3700,18699,68,2021,2
3701,18785,48,2023,1
3702,18388,51,2022,1
3703,17431,51,2023,1
3704,15200,51,2019,3
3705,12634,67,2025,1
3706,19003,55,2020,2
3707,11480,59,2019,4
3708,16699,53,2029,1
3709,23867,78,2025,4
3710,23925,1,2026,4
3711,20874,1,2025,4
3712,23760,1,2029,2
3713,24943,3,2019,2
3714,20313,3,2026,3
3715,21839,3,2029,2
3716,16099,3,2026,4
3717,19149,3,2029,3
3718,924,3,2024,3
3719,24976,4,2025,3
3720,19506,2,2020,3
3721,23517,2,2026,4
3722,17642,2,2024,1
3723,22430,2,2025,2
3724,20207,2,2030,1
3725,8521,2,2021,4
3726,19274,2,2020,4
3727,19733,7,2028,4
3728,22142,7,2020,1
3729,19453,9,2030,1
3730,20427,13,2028,2
3731,14137,8,2025,1
3732,17362,8,2024,3
3733,19392,11,2021,1
3734,25407,11,2029,4
3735,13106,11,2030,1
3736,19287,11,2027,2
3737,37433,11,2029,4
3738,26050,11,2023,3
3739,37342,11,2029,1
3740,24945,5,2029,3
3741,21143,5,2023,1
3742,24324,29,2021,2
3743,17492,29,2025,2
3744,21998,15,2030,1
3745,15511,15,2021,1
3746,19277,15,2026,1
3747,2217,17,2026,4
3748,18451,17,2023,4
3749,24515,17,2021,4
3750,23170,17,2028,2
3751,24065,10,2029,1
3752,17174,16,2024,3
3753,1188,16,2028,3
3754,18518,16,2026,3
3755,19417,16,2026,1
3756,19764,16,2027,4
3757,11047,16,2027,2
3758,24379,16,2019,2
3759,20674,44,2024,2
3760,23818,18,2020,4
3761,10953,18,2021,1
3762,23774,18,2019,4
3763,24678,57,2028,3
3764,17553,57,2022,4
3765,24921,57,2019,1
3766,7637,61,2028,1
3767,78,61,2024,3
3768,156,61,2026,1
3769,18358,61,2021,4
3770,13603,61,2026,2
3771,6884,61,2026,3
3772,20215,61,2019,3
3773,15941,61,2022,3
3774,24527,61,2022,4
3775,18615,61,2022,4
3776,33981,61,2021,2
3777,13278,61,2028,2
3778,6889,61,2024,3
3779,16106,61,2026,4
3780,22614,25,2030,3
3781,24862,25,2030,2
3782,21502,24,2025,4
3783,13925,24,2026,2
3784,25854,24,2020,2
3785,19503,24,2021,1
3786,24456,56,2024,2
3787,18702,52,2022,4
3788,24975,37,2025,2
3789,24487,66,2028,3
3790,15203,66,2021,2
3791,24528,66,2026,1
3792,14022,66,2028,4
3793,15251,68,2025,4
3794,20385,68,2028,4
3795,24849,68,2028,4
3796,23140,75,2027,1
3797,24775,48,2023,4
3798,20819,42,2030,3
3799,24962,60,2020,1
3800,45328,59,2030,1
3801,22956,59,2025,3
3802,36591,59,2028,2
3803,17164,59,2025,4
3804,15183,59,2030,4
3805,16404,59,2019,4
3806,28145,59,2019,1
3807,18841,83,2026,4
3808,163,83,2030,3
3809,69,83,2023,3
3810,23955,83,2022,4
3811,1048,83,2028,3
3812,13767,83,2030,1
3813,22002,65,2027,1
3814,14023,65,2022,3
3815,19302,85,2030,1
3816,24687,58,2023,2
3817,19748,76,2027,4
3818,19045,87,2019,4
3819,23596,87,2025,3
3820,135,87,2027,2
3821,24905,87,2023,1
3822,34535,87,2027,3
3823,17328,87,2028,4
3824,8975,87,2021,4
3825,5513,87,2020,1
3826,25007,79,2022,2
3827,24859,88,2021,2
3828,17137,88,2020,3
3829,12570,88,2023,1
3830,14731,88,2024,4
3831,6744,88,2020,3
3832,37314,88,2024,2
3833,25861,1,2029,1
3834,21207,1,2026,2
3835,33756,1,2024,4
3836,12341,1,2023,3
3837,42749,1,2027,3
3838,713,1,2030,3
3839,20850,1,2030,4
3840,15101,4,2022,3
3841,18900,7,2024,4
3842,25640,7,2019,2
3843,23973,13,2022,4
3844,7719,11,2024,3
3845,11398,11,2024,3
3846,22203,5,2030,2
3847,15316,5,2029,4
3848,24479,29,2020,3
3849,16275,17,2025,1
3850,13971,17,2024,2
3851,12544,17,2024,4
3852,7037,17,2026,2
3853,26916,17,2023,2
3854,16305,17,2025,4
3855,16046,19,2023,3
3856,23975,19,2029,4
3857,38709,19,2020,1
3858,23178,38,2020,4
3859,15687,38,2028,1
3860,27509,38,2025,2
3861,18255,16,2024,4
3862,23972,23,2025,1
3863,21869,44,2030,3
3864,24701,18,2023,2
3865,15027,18,2021,1
3866,17768,18,2027,2
3867,26855,18,2024,1
3868,26936,14,2025,1
3869,19730,57,2030,3
3870,24197,30,2021,3
3871,23405,24,2021,1
3872,17372,24,2026,1
3873,9700,24,2028,2
3874,17528,24,2022,3
3875,19458,24,2021,1
3876,22531,24,2023,3
3877,14234,25,2020,1
3878,13676,45,2025,1
3879,17801,45,2022,4
3880,25576,45,2030,2
3881,24036,40,2021,2
3882,23538,52,2027,3
3883,15396,50,2026,3
3884,24600,50,2025,2
3885,2513,50,2022,1
3886,33828,50,2021,1
3887,27312,50,2023,1
3888,3064,50,2023,2
3889,14715,50,2029,2
3890,2080,50,2019,2
3891,25574,50,2020,3
3892,23922,41,2023,2
3893,27453,36,2021,1
3894,23182,64,2022,4
3895,18543,32,2019,1
3896,18731,32,2019,3
3897,11322,54,2024,3
3898,27370,85,2026,1
3899,18891,85,2025,3
3900,24555,62,2029,2
3901,27806,79,2021,1
3902,18774,86,2020,3
3903,26239,86,2024,1
3904,27385,1,2019,1
3905,28367,3,2019,3
3906,23923,4,2023,1
3907,27058,9,2025,2
3908,8117,9,2028,4
3909,18612,9,2025,2
3910,24723,9,2030,3
3911,8036,6,2021,1
3912,28979,6,2027,1
3913,26199,13,2030,3
3914,12337,8,2024,1
3915,21421,8,2023,3
3916,27130,11,2020,1
3917,26273,11,2024,3
3918,28407,5,2020,3
3919,27392,38,2019,2
3920,16556,38,2026,3
3921,28716,19,2023,2
3922,1119,19,2027,1
3923,40585,19,2030,1
3924,17684,19,2022,4
3925,6202,19,2029,4
3926,3877,19,2026,1
3927,19404,19,2019,2
3928,20310,19,2022,2
3929,16480,19,2030,3
3930,9318,19,2027,2
3931,14080,19,2030,3
3932,20079,19,2020,3
3933,17283,19,2024,4
3934,17282,19,2020,3
3935,22836,18,2022,3
3936,21282,28,2024,3
3937,28294,44,2025,1
3938,28632,35,2026,2
3939,24492,27,2023,1
3940,14970,27,2024,1
3941,18605,27,2022,4
3942,18819,27,2025,1
3943,16491,27,2019,4
3944,22429,27,2024,1
3945,19728,57,2025,1
3946,28581,57,2030,4
3947,25825,61,2024,4
3948,18868,61,2021,4
3949,20685,30,2027,1
3950,161,30,2023,1
3951,15304,30,2027,1
3952,22153,40,2029,1
3953,19016,40,2022,2
3954,19011,52,2028,3
3955,25540,52,2022,4
3956,28232,37,2027,1
3957,28255,36,2028,2
3958,27989,75,2020,4
3959,36591,32,2023,2
3960,17164,32,2021,2
3961,15183,32,2030,4
3962,16404,32,2029,2
3963,28145,32,2025,4
3964,23879,69,2019,4
3965,24217,67,2020,1
3966,15528,83,2025,3
3967,14799,65,2021,1
3968,27955,85,2030,1
3969,27109,85,2026,2
3970,24758,71,2028,1
3971,23626,58,2023,3
3972,27564,77,2030,1
3973,2438,88,2022,3
3974,6098,88,2022,1
3975,28520,88,2029,2
3976,20350,88,2021,1
3977,11304,88,2022,1
3978,27447,88,2023,2
3979,19076,1,2026,1
3980,22990,1,2026,1
3981,27959,1,2027,2
3982,17246,7,2019,2
3983,27481,7,2029,4
3984,17693,7,2024,1
3985,17820,7,2021,2
3986,17206,7,2024,2
3987,27694,7,2025,1
3988,20631,7,2028,4
3989,33241,7,2024,1
3990,23778,2,2025,3
3991,32139,2,2022,3
3992,23097,2,2030,4
3993,13344,9,2022,2
3994,13645,9,2025,2
3995,30028,9,2028,2
3996,10379,9,2026,3
3997,24149,9,2020,2
3998,27169,6,2020,2
3999,22286,6,2029,3
4000,27360,6,2025,1
4001,22050,6,2022,3
4002,24662,11,2023,1
4003,23906,11,2024,3
4004,24266,5,2028,1
4005,3973,5,2023,3
4006,10871,5,2023,4
4007,15128,5,2019,2
4008,1825,5,2020,2
4009,30019,5,2019,2
4010,20577,15,2020,4
4011,24068,15,2030,2
4012,24136,15,2029,1
4013,29087,17,2021,1
4014,28484,17,2019,2
4015,19958,17,2019,3
4016,24409,38,2023,1
4017,19123,38,2025,3
4018,16372,38,2019,3
4019,18722,19,2020,1
4020,13929,19,2029,4
4021,19019,19,2028,4
4022,23175,19,2025,1
4023,28208,12,2020,2
4024,29406,12,2029,2
4025,26655,16,2021,2
4026,17366,28,2026,1
4027,29468,44,2029,1
4028,14680,14,2022,2
4029,21892,14,2029,2
4030,24846,61,2027,4
4031,24971,61,2021,3
4032,28928,61,2028,1
4033,17818,61,2025,2
4034,13697,61,2024,4
4035,22662,61,2021,3
4036,7315,24,2025,2
4037,16268,24,2019,2
4038,18865,24,2027,1
4039,23017,24,2026,4
4040,21659,25,2027,1
4041,28093,45,2029,1
4042,11068,45,2023,2
4043,29074,45,2029,4
4044,28448,21,2021,2
4045,20927,40,2029,4
4046,19422,40,2025,2
4047,15551,52,2027,3
4048,25491,33,2022,1
4049,22659,22,2021,1
4050,29275,22,2022,2
4051,28533,31,2023,1
4052,23800,50,2030,1
4053,27730,26,2025,4
4054,29011,66,2026,2
4055,19405,36,2023,2
4056,24939,36,2027,3
4057,23289,72,2025,1
4058,28570,72,2020,3
4059,28827,51,2027,3
4060,12764,65,2022,4
4061,7813,62,2024,4
4062,13516,62,2019,2
4063,22455,62,2022,2
4064,29873,87,2019,1
4065,28875,82,2030,3
4066,29025,1,2023,2
4067,19876,1,2030,4
4068,20596,3,2019,2
4069,22804,3,2023,4
4070,19255,3,2025,1
4071,19464,4,2024,3
4072,30336,7,2025,2
4073,29492,7,2023,3
4074,19135,7,2026,3
4075,24266,2,2023,1
4076,3973,2,2025,3
4077,10871,2,2023,2
4078,22352,6,2019,1
4079,24126,6,2022,3
4080,30771,8,2026,2
4081,30629,11,2023,4
4082,29945,11,2022,3
4083,29006,5,2023,3
4084,29745,5,2027,1
4085,6367,29,2021,4
4086,25136,29,2023,2
4087,27043,15,2027,4
4088,30006,15,2025,4
4089,7637,15,2024,4
4090,78,15,2025,4
4091,156,15,2023,1
4092,18358,15,2030,1
4093,13603,15,2026,1
4094,6884,15,2024,2
4095,20215,15,2028,3
4096,15941,15,2030,4
4097,24527,15,2020,4
4098,18615,15,2019,1
4099,33981,15,2028,1
4100,13278,15,2020,3
4101,6889,15,2019,1
4102,16106,15,2026,4
4103,30094,38,2028,2
4104,34449,38,2020,1
4105,23968,38,2022,3
4106,22222,38,2028,2
4107,31454,38,2026,3
4108,29719,19,2020,2
4109,23176,12,2024,1
4110,21023,12,2020,2
4111,14413,16,2021,2
4112,17242,16,2019,2
4113,15227,16,2022,1
4114,29463,16,2020,3
4115,27008,23,2030,2
4116,30198,18,2030,1
4117,29373,44,2025,3
4118,22553,27,2021,2
4119,30640,61,2024,1
4120,2438,57,2025,2
4121,6098,57,2025,2
4122,28520,57,2019,2
4123,20350,57,2019,3
4124,11304,57,2023,4
4125,27447,57,2027,3
4126,14782,24,2024,2
4127,18890,25,2025,1
4128,12388,25,2029,4
4129,1138,25,2025,1
4130,10081,45,2028,2
4131,28575,45,2027,3
4132,23358,21,2028,1
4133,13344,40,2028,3
4134,13645,40,2030,1
4135,30028,40,2030,4
4136,10379,40,2024,3
4137,24149,40,2026,2
4138,24571,40,2024,1
4139,28887,56,2021,3
4140,13935,31,2020,3
4141,15269,31,2019,2
4142,15554,31,2026,4
4143,24212,31,2021,1
4144,2100,31,2030,2
4145,37995,31,2021,4
4146,12765,31,2026,1
4147,31178,66,2025,1
4148,30272,41,2023,2
4149,22357,34,2019,4
4150,553,34,2024,3
4151,31535,69,2025,4
4152,29446,69,2023,2
4153,26010,46,2019,2
4154,23853,46,2026,4
4155,22008,51,2025,4
4156,24516,59,2021,3
4157,30351,83,2028,3
4158,10033,83,2023,3
4159,22904,85,2020,3
4160,5025,85,2019,1
4161,29750,85,2023,3
4162,27684,53,2019,4
4163,27399,78,2027,4
4164,30226,87,2026,3
4165,28080,76,2025,2
4166,31509,76,2029,1
4167,15324,77,2029,2
4168,30945,1,2025,4
4169,17601,4,2019,2
4170,14576,3,2020,1
4171,26452,3,2019,2
4172,31792,7,2025,4
4173,19768,2,2023,2
4174,31303,6,2021,3
4175,30697,6,2023,4
4176,21974,8,2029,4
4177,20478,8,2030,1
4178,28410,8,2019,1
4179,13519,8,2026,1
4180,18761,8,2024,3
4181,20992,5,2030,3
4182,28158,5,2022,4
4183,20190,5,2021,2
4184,20826,5,2022,4
4185,32762,5,2026,2
4186,30432,11,2029,2
4187,22700,29,2028,3
4188,19638,29,2023,3
4189,28157,29,2023,3
4190,17188,29,2028,3
4191,20309,17,2021,2
4192,32055,17,2028,3
4193,13676,10,2021,4
4194,17801,10,2019,3
4195,25576,10,2024,4
4196,16838,19,2030,2
4197,31232,19,2021,1
4198,22055,19,2022,3
4199,27234,12,2023,2
4200,23378,12,2021,1
4201,27593,12,2026,4
4202,15171,16,2029,3
4203,20665,16,2026,2
4204,29649,16,2025,1
4205,19514,23,2027,1
4206,31162,18,2023,1
4207,30507,18,2022,3
4208,10959,44,2030,1
4209,17747,44,2024,3
4210,33829,44,2024,1
4211,10371,44,2023,3
4212,31671,44,2023,3
4213,20818,35,2026,4
4214,22925,35,2023,4
4215,17307,27,2028,3
4216,22864,61,2022,3
4217,32049,57,2022,2
4218,6728,30,2019,3
4219,22789,30,2026,3
4220,18944,24,2019,2
4221,31633,24,2029,4
4222,23018,24,2030,3
4223,27568,45,2026,3
4224,19060,52,2026,3
4225,22911,52,2028,4
4226,31776,56,2028,4
4227,33278,31,2024,1
4228,108,31,2024,1
4229,18673,31,2022,1
4230,17620,31,2028,2
4231,12743,31,2019,2
4232,28453,31,2029,2
4233,43811,31,2029,1
4234,12435,31,2027,4
4235,22265,31,2027,3
4236,17048,66,2027,1
4237,13574,66,2022,1
4238,32143,66,2029,2
4239,28452,66,2025,3
4240,32859,66,2019,3
4241,32424,69,2019,2
4242,10263,69,2023,4
4243,22755,69,2027,3
4244,14346,37,2023,2
4245,30590,48,2024,3
4246,9123,48,2025,4
4247,20422,48,2026,2
4248,30593,54,2020,2
4249,30164,51,2028,4
4250,1946,51,2019,2
4251,28316,65,2024,1
4252,24874,65,2022,2
4253,21237,83,2020,4
4254,31775,60,2023,3
4255,29013,71,2023,3
4256,30107,1,2022,3
4257,19271,1,2028,4
4258,20653,3,2028,3
4259,32229,3,2028,1
4260,23246,7,2030,3
4261,16045,7,2024,2
4262,23327,7,2027,4
4263,23871,7,2021,4
4264,16661,7,2025,4
4265,33090,7,2027,1
4266,25805,7,2021,1
4267,27767,2,2020,4
4268,22468,9,2022,4
4269,31304,6,2025,2
4270,33025,13,2022,4
4271,32205,8,2029,1
4272,16234,8,2023,3
4273,19797,11,2027,3
4274,23031,5,2024,2
4275,20725,5,2020,4
4276,22428,5,2019,2
4277,22493,5,2026,3
4278,19429,5,2029,4
4279,14212,5,2029,1
4280,16954,5,2029,1
4281,22309,5,2019,1
4282,26622,5,2025,4
4283,29201,29,2019,4
4284,29338,15,2026,2
4285,14662,15,2019,1
4286,20569,15,2028,1
4287,21743,15,2021,1
4288,32094,38,2023,4
4289,31226,38,2024,4
4290,19844,19,2020,4
4291,32047,10,2026,2
4292,7637,12,2019,3
4293,78,12,2030,2
4294,156,12,2030,3
4295,18358,12,2026,3
4296,13603,12,2026,3
4297,6884,12,2020,4
4298,20215,12,2026,4
4299,15941,12,2027,2
4300,24527,12,2019,2
4301,18615,12,2026,4
4302,33981,12,2021,1
4303,13278,12,2022,3
4304,6889,12,2030,3
4305,16106,12,2025,1
4306,18496,16,2024,3
4307,35593,16,2029,3
4308,32763,16,2019,2
4309,31640,18,2020,1
4310,20917,18,2029,4
4311,34103,18,2030,2
4312,14572,18,2021,2
4313,32342,18,2024,3
4314,6856,28,2030,2
4315,30124,28,2022,3
4316,32637,27,2021,2
4317,7637,27,2030,1
4318,78,27,2030,2
4319,156,27,2029,3
4320,18358,27,2022,4
4321,13603,27,2029,1
4322,6884,27,2019,1
4323,20215,27,2019,1
4324,15941,27,2027,2
4325,24527,27,2030,2
4326,18615,27,2022,3
4327,33981,27,2028,3
4328,13278,27,2030,1
4329,6889,27,2019,2
4330,16106,27,2021,4
4331,19729,57,2029,4
4332,33349,30,2022,4
4333,20949,30,2029,3
4334,24461,25,2028,4
4335,30522,25,2022,4
4336,31588,25,2023,3
4337,31763,25,2019,2
4338,25849,24,2019,2
4339,31492,24,2027,4
4340,17320,50,2025,2
4341,23708,50,2027,1
4342,39864,50,2021,2
4343,22481,56,2023,1
4344,18623,31,2026,3
4345,30654,66,2025,3
4346,26292,66,2019,4
4347,16732,66,2020,4
4348,2147,66,2029,1
4349,27502,41,2030,3
4350,33537,37,2020,3
4351,34074,43,2021,1
4352,31674,34,2023,1
4353,31291,36,2028,4
4354,31319,47,2030,2
4355,18711,68,2022,3
4356,15570,68,2030,2
4357,19469,68,2021,4
4358,33695,68,2026,2
4359,32975,54,2020,3
4360,33150,65,2028,4
4361,24774,71,2023,1
4362,16166,71,2029,4
4363,21513,71,2030,4
4364,33893,71,2028,3
4365,17693,87,2027,1
4366,17820,87,2021,4
4367,17206,87,2025,4
4368,27694,87,2028,3
4369,20631,87,2029,1
4370,33241,87,2026,1
4371,17048,87,2023,2
4372,13574,87,2027,4
4373,32143,87,2023,1
4374,28452,87,2025,4
4375,32859,87,2026,4
4376,12007,1,2026,4
4377,24450,4,2026,4
4378,20317,3,2025,3
4379,19247,3,2030,2
4380,29060,7,2030,4
4381,23886,2,2021,4
4382,19771,2,2023,4
4383,917,9,2023,2
4384,13392,9,2028,2
4385,25816,9,2029,4
4386,22940,6,2027,2
4387,33295,13,2027,4
4388,19790,13,2025,1
4389,35801,8,2026,1
4390,33299,11,2026,3
4391,34168,29,2023,4
4392,33344,38,2020,1
4393,24407,38,2025,1
4394,13120,38,2027,2
4395,2223,17,2027,1
4396,34289,19,2022,3
4397,23344,10,2020,4
4398,10767,12,2028,1
4399,18466,12,2030,1
4400,35916,12,2025,4
4401,1119,16,2029,1
4402,40585,16,2025,4
4403,17684,16,2021,3
4404,6202,16,2027,3
4405,3877,16,2023,1
4406,19404,16,2023,3
4407,20310,16,2020,1
4408,16480,16,2023,4
4409,9318,16,2029,4
4410,14080,16,2026,1
4411,20079,16,2023,4
4412,17283,16,2024,3
4413,35336,18,2022,4
4414,33168,23,2021,3
4415,33544,28,2030,3
4416,35152,28,2022,4
4417,21959,44,2020,2
4418,25781,27,2021,2
4419,22198,27,2028,1
4420,28366,61,2026,1
4421,34106,25,2024,1
4422,21724,24,2030,3
4423,34715,24,2025,2
4424,44030,24,2026,4
4425,16862,24,2026,1
4426,13155,24,2029,4
4427,17315,24,2028,3
4428,17171,24,2027,1
4429,30029,24,2024,1
4430,13453,24,2027,4
4431,17608,30,2026,1
4432,18527,30,2028,1
4433,36210,30,2026,2
4434,34051,30,2024,4
4435,27813,21,2030,3
4436,16642,21,2026,1
4437,8803,21,2020,2
4438,21036,21,2021,4
4439,19654,21,2025,2
4440,16166,33,2030,1
4441,21513,33,2029,2
4442,33893,33,2025,1
4443,1229,33,2023,1
4444,24269,33,2022,1
4445,16227,33,2030,4
4446,32849,33,2029,3
4447,23497,66,2028,3
4448,34882,66,2027,2
4449,21876,50,2022,4
4450,13487,39,2020,3
4451,35150,39,2028,3
4452,19054,39,2021,3
4453,32887,39,2027,4
4454,36818,31,2029,3
4455,12542,31,2026,1
4456,18576,31,2021,3
4457,18837,31,2025,3
4458,24553,31,2029,1
4459,33802,31,2024,4
4460,9034,31,2026,2
4461,31019,31,2021,4
4462,34464,43,2026,4
4463,33190,41,2030,3
4464,15566,37,2028,4
4465,17186,68,2022,4
4466,34196,68,2023,2
4467,32115,68,2022,3
4468,33205,75,2030,4
4469,33008,51,2019,1
4470,23109,54,2027,1
4471,30801,46,2021,1
4472,7140,46,2022,4
4473,40681,53,2020,4
4474,42929,53,2026,3
4475,33548,87,2019,4
4476,30792,49,2025,3
4477,32579,49,2027,4
4478,34986,76,2028,2
4479,12168,73,2022,4
4480,22488,80,2021,4
4481,34066,1,2025,1
4482,23141,1,2025,1
4483,35340,1,2028,2
4484,13487,1,2027,3
4485,35150,1,2020,3
4486,19054,1,2021,1
4487,32887,1,2026,4
4488,34273,1,2023,1
4489,19870,1,2027,4
4490,20593,1,2024,4
4491,22076,1,2028,2
4492,33307,1,2023,4
4493,17945,4,2020,3
4494,19083,4,2021,1
4495,33578,4,2030,2
4496,24477,3,2021,4
4497,31103,3,2026,2
4498,32906,7,2024,4
4499,18231,7,2030,2
4500,19010,7,2019,1
4501,17074,7,2027,1
4502,30832,2,2029,1
4503,21986,6,2028,4
4504,33000,13,2022,2
4505,21865,8,2019,1
4506,34628,11,2022,2
4507,28193,11,2023,4
4508,34334,5,2024,2
4509,35544,5,2021,1
4510,35757,5,2028,3
4511,24129,5,2024,2
4512,31246,5,2027,4
4513,22506,29,2020,2
4514,30067,29,2022,1
4515,32148,38,2029,2
4516,34052,38,2030,1
4517,27013,17,2026,3
4518,39574,17,2023,3
4519,18767,17,2020,2
4520,37105,19,2027,2
4521,27298,19,2030,1
4522,21745,15,2027,2
4523,3913,18,2023,1
4524,19144,18,2028,3
4525,35338,18,2023,1
4526,22618,18,2021,4
4527,30094,12,2026,1
4528,34449,12,2027,2
4529,23968,12,2029,2
4530,15396,16,2025,4
4531,24600,16,2026,3
4532,2513,16,2022,1
4533,33828,16,2024,1
4534,34358,16,2024,4
4535,20031,28,2023,2
4536,17563,28,2025,1
4537,21409,57,2028,4
4538,27103,50,2020,4
4539,16249,24,2030,1
4540,32959,24,2020,1
4541,36810,30,2030,4
4542,36820,30,2023,2
4543,33213,30,2027,4
4544,18642,40,2019,2
4545,35523,66,2022,4
4546,36138,33,2028,4
4547,30939,31,2024,4
4548,36020,26,2025,2
4549,13045,22,2029,4
4550,32679,22,2028,3
4551,32271,22,2023,1
4552,7924,47,2019,1
4553,39403,47,2028,1
4554,13124,47,2029,1
4555,18872,47,2020,2
4556,15186,47,2029,2
4557,16637,47,2021,2
4558,16381,47,2021,1
4559,71,47,2019,2
4560,17848,47,2019,1
4561,17355,47,2023,3
4562,16643,20,2021,2
4563,33273,34,2024,4
4564,33881,85,2019,1
4565,24486,85,2029,4
4566,33596,65,2021,1
4567,31765,75,2019,2
4568,16343,75,2026,1
4569,33700,83,2027,3
4570,34470,83,2023,1
4571,22739,53,2027,3
4572,36050,87,2023,4
4573,29320,87,2026,2
4574,21874,67,2022,1
4575,35017,49,2025,3
4576,23482,49,2030,3
4577,35167,49,2027,1
4578,18599,62,2021,3
4579,35212,62,2030,3
4580,37072,62,2023,2
4581,35530,76,2022,3
4582,15303,74,2022,1
4583,18481,74,2025,2
4584,6630,74,2020,3
4585,37349,88,2026,4
4586,35158,89,2020,3
4587,37026,86,2023,4
4588,28495,8,2021,1
4589,31140,8,2029,1
4590,28305,8,2026,2
4591,19246,5,2030,4
4592,19295,5,2025,3
4593,19297,5,2023,1
4594,13446,21,2024,2
4595,36997,21,2025,4
4596,38910,21,2020,1
4597,17690,68,2026,3
4598,6218,68,2022,1
4599,19124,1,2028,2
4600,19214,3,2022,3
4601,30414,3,2029,2
4602,35346,3,2027,2
4603,36142,3,2021,1
4604,33089,7,2020,4
4605,21734,2,2024,2
4606,35699,2,2025,2
4607,14996,2,2021,3
4608,36697,6,2022,2
4609,31292,13,2026,4
4610,9255,11,2023,4
4611,20776,5,2023,2
4612,37756,5,2030,3
4613,37579,5,2027,1
4614,36761,29,2024,4
4615,37134,29,2024,3
4616,13053,29,2028,2
4617,35232,38,2019,2
4618,37835,38,2021,1
4619,36597,19,2023,2
4620,25277,19,2028,3
4621,6190,15,2021,4
4622,33518,18,2019,3
4623,24416,18,2024,3
4624,12743,44,2025,2
4625,28453,44,2020,1
4626,43811,44,2030,2
4627,12435,44,2025,3
4628,22265,44,2022,3
4629,18046,44,2023,1
4630,16078,44,2025,3
4631,17607,44,2026,1
4632,2618,44,2020,3
4633,17118,14,2020,4
4634,36925,66,2023,1
4635,35593,56,2022,1
4636,32763,56,2019,2
4637,36264,31,2020,3
4638,37763,31,2021,4
4639,34256,26,2024,4
4640,6622,26,2027,1
4641,33882,85,2021,4
4642,37975,85,2022,3
4643,33447,85,2027,2
4644,27108,85,2019,4
4645,1119,65,2027,4
4646,40585,65,2021,4
4647,17684,65,2025,3
4648,6202,65,2020,2
4649,3877,65,2030,4
4650,19404,65,2028,4
4651,20310,65,2019,1
4652,16480,65,2027,1
4653,9318,65,2026,4
4654,14080,65,2025,3
4655,20079,65,2023,2
4656,17283,65,2025,1
4657,35724,54,2027,2
4658,31016,70,2021,2
4659,37256,70,2024,2
4660,29918,87,2023,1
4661,34667,51,2020,4
4662,7760,42,2024,4
4663,23499,42,2027,3
4664,33233,42,2025,3
4665,31050,42,2021,3
4666,19120,49,2024,3
4667,31691,62,2020,2
4668,22367,1,2028,3
4669,15251,1,2022,4
4670,20385,1,2020,2
4671,24849,1,2023,4
4672,19976,6,2029,1
4673,30199,29,2028,4
4674,22221,38,2025,2
4675,19137,23,2025,2
4676,34379,44,2025,2
4677,29281,25,2026,2
4678,22175,69,2023,4
4679,23963,21,2029,2
4680,39039,1,2022,1
4681,33627,1,2027,2
4682,32828,1,2020,4
4683,14787,1,2028,4
4684,39266,4,2029,2
4685,29023,4,2028,3
4686,22043,3,2029,2
4687,24079,7,2023,2
4688,18873,7,2020,3
4689,37882,2,2023,1
4690,23239,2,2026,2
4691,13106,9,2025,2
4692,19287,9,2024,3
4693,37433,9,2030,1
4694,26050,9,2024,2
4695,37342,9,2023,2
4696,36146,6,2019,4
4697,16756,6,2024,1
4698,37211,6,2020,2
4699,33433,6,2028,3
4700,23522,8,2030,3
4701,38751,8,2023,3
4702,6379,8,2026,2
4703,37369,5,2028,4
4704,31802,5,2026,3
4705,23267,5,2028,2
4706,35656,5,2026,3
4707,33080,5,2023,3
4708,33223,5,2019,2
4709,35120,29,2021,4
4710,36558,38,2022,3
4711,13106,19,2020,3
4712,19287,19,2020,1
4713,37433,19,2030,2
4714,26050,19,2025,3
4715,37342,19,2030,3
4716,29517,19,2029,1
4717,23366,19,2023,3
4718,38217,17,2030,1
4719,23206,17,2027,2
4720,30008,15,2020,2
4721,35292,12,2029,4
4722,26079,12,2020,1
4723,29230,12,2021,1
4724,33900,44,2025,2
4725,37935,28,2028,4
4726,39650,28,2020,3
4727,39140,28,2029,1
4728,16902,14,2024,3
4729,19355,14,2019,3
4730,32247,14,2026,4
4731,15821,14,2029,3
4732,19487,14,2024,1
4733,10571,14,2028,3
4734,20816,35,2027,3
4735,39226,61,2030,4
4736,37905,61,2023,2
4737,39006,57,2023,1
4738,3028,50,2021,4
4739,36591,66,2020,2
4740,17164,66,2021,2
4741,15183,66,2027,1
4742,16404,66,2021,3
4743,28145,66,2025,4
4744,37461,66,2024,2
4745,37106,66,2027,3
4746,37800,66,2023,1
4747,7423,24,2021,3
4748,16671,24,2025,3
4749,19313,30,2020,3
4750,20523,40,2022,1
4751,16642,40,2021,3
4752,8803,40,2019,2
4753,21036,40,2022,1
4754,19654,40,2024,2
4755,12260,21,2028,3
4756,22644,45,2028,2
4757,37180,33,2020,1
4758,3049,33,2028,1
4759,16983,33,2029,2
4760,13205,33,2022,4
4761,22225,39,2030,2
4762,16922,39,2027,2
4763,39296,31,2022,4
4764,26317,41,2021,3
4765,24703,41,2026,2
4766,27169,37,2028,4
4767,22286,37,2021,2
4768,25159,85,2025,2
4769,17785,47,2028,1
4770,16079,47,2023,1
4771,37290,87,2022,2
4772,22124,65,2027,1
4773,19174,65,2028,1
4774,26508,65,2028,3
4775,37167,59,2019,2
4776,36282,53,2021,4
4777,19685,60,2026,1
4778,36423,88,2019,1
4779,2161,84,2020,4
4780,40989,2,2028,3
4781,19656,8,2029,1
4782,40067,8,2023,4
4783,36269,5,2030,1
4784,29586,11,2025,2
4785,30242,19,2027,2
4786,19841,19,2021,2
4787,32448,35,2023,2
4788,11543,1,2028,3
4789,2982,1,2026,4
4790,39305,1,2020,1
4791,21686,1,2030,1
4792,38300,1,2022,2
4793,38809,4,2029,4
4794,37362,7,2022,2
4795,18727,7,2019,1
4796,38567,9,2026,2
4797,2646,9,2019,2
4798,904,9,2029,3
4799,7257,9,2023,1
4800,38429,6,2030,4
4801,29836,13,2028,4
4802,31629,8,2023,3
4803,22587,8,2025,3
4804,25943,8,2029,2
4805,30509,5,2022,2
4806,40661,5,2020,3
4807,38054,5,2027,1
4808,22051,11,2028,4
4809,15577,11,2030,2
4810,40772,11,2025,4
4811,19205,11,2020,3
4812,28194,11,2026,3
4813,40483,11,2019,1
4814,24596,29,2023,4
4815,40520,19,2022,2
4816,40103,15,2028,1
4817,39294,15,2026,3
4818,6471,16,2030,3
4819,24985,16,2024,2
4820,17526,23,2029,4
4821,37267,18,2030,2
4822,13935,18,2021,2
4823,15269,18,2028,1
4824,15554,18,2023,1
4825,24212,18,2020,2
4826,2100,18,2026,3
4827,37995,18,2021,1
4828,12765,18,2027,4
4829,39065,18,2020,4
4830,12166,28,2020,1
4831,30961,14,2019,2
4832,40986,61,2022,4
4833,22244,61,2021,1
4834,32884,61,2026,3
4835,39949,66,2021,1
4836,27013,66,2022,3
4837,39574,66,2020,4
4838,18767,66,2024,4
4839,38608,66,2021,2
4840,31295,40,2024,1
4841,19012,40,2023,2
4842,40050,40,2022,4
4843,38424,30,2021,2
4844,38241,25,2024,1
4845,37817,56,2025,3
4846,17999,45,2022,3
4847,39934,31,2019,2
4848,19096,36,2029,1
4849,35335,87,2020,1
4850,24465,34,2027,4
4851,38657,34,2025,2
4852,12247,34,2026,3
4853,16595,34,2027,3
4854,14937,34,2020,3
4855,17879,34,2030,4
4856,16357,34,2024,4
4857,36590,34,2024,3
4858,13550,20,2027,4
4859,39282,20,2021,3
4860,38950,48,2026,1
4861,38359,22,2029,4
4862,40394,47,2028,4
4863,19020,47,2028,2
4864,23019,47,2023,2
4865,40688,72,2030,3
4866,35930,68,2022,2
4867,19038,59,2027,4
4868,23778,32,2020,1
4869,32139,32,2020,4
4870,32524,46,2030,2
4871,39827,46,2020,4
4872,39891,83,2027,2
4873,13253,53,2019,2
4874,14351,53,2026,4
4875,18866,53,2022,2
4876,19380,51,2019,3
4877,39684,78,2030,4
4878,39415,62,2029,3
4879,32687,74,2026,1
4880,15972,1,2022,3
4881,38733,17,2027,1
4882,1848,16,2022,2
4883,27204,16,2029,2
4884,18394,16,2030,1
4885,20031,12,2028,1
4886,17563,12,2030,4
4887,43892,28,2029,2
4888,43440,46,2027,3
4889,22993,88,2022,2
4890,32230,1,2026,3
4891,19817,1,2020,2
4892,39579,1,2023,4
4893,23176,4,2028,3
4894,21023,4,2024,4
4895,35855,3,2019,3
4896,22316,2,2026,3
4897,22820,9,2027,2
4898,24443,6,2024,2
4899,41372,8,2019,1
4900,20507,5,2019,4
4901,4762,5,2030,4
4902,6181,5,2027,4
4903,39292,5,2026,1
4904,10453,5,2021,1
4905,28353,5,2025,3
4906,41727,11,2019,2
4907,37617,11,2023,4
4908,12026,29,2025,3
4909,37678,19,2024,4
4910,42413,19,2027,1
4911,42288,38,2028,3
4912,28784,38,2022,2
4913,18743,38,2029,1
4914,14191,38,2028,4
4915,40601,38,2026,1
4916,17568,17,2029,2
4917,37070,17,2020,1
4918,8596,15,2027,3
4919,21376,16,2024,3
4920,40985,18,2023,4
4921,23915,18,2027,4
4922,23750,18,2019,3
4923,36927,18,2025,3
4924,29413,12,2030,4
4925,32620,61,2019,3
4926,40994,61,2028,3
4927,30726,27,2021,2
4928,37893,27,2030,2
4929,15980,66,2019,1
4930,27512,66,2027,3
4931,13471,66,2027,3
4932,11930,66,2023,1
4933,41242,66,2025,4
4934,38043,24,2029,1
4935,40681,24,2022,1
4936,42929,24,2027,1
4937,37035,24,2026,1
4938,36809,24,2026,2
4939,39525,24,2028,1
4940,7776,40,2021,1
4941,40460,30,2021,3
4942,2788,25,2022,4
4943,32254,25,2023,1
4944,4563,52,2023,4
4945,40976,21,2022,4
4946,22700,21,2030,1
4947,19638,21,2022,1
4948,39880,21,2021,4
4949,41162,56,2022,3
4950,42524,45,2023,3
4951,42247,31,2022,2
4952,36139,31,2025,1
4953,41540,37,2029,2
4954,41681,87,2020,1
4955,17372,48,2023,4
4956,9700,48,2024,3
4957,17528,48,2027,1
4958,19458,48,2023,4
4959,22531,48,2022,4
4960,23708,47,2020,3
4961,39864,47,2022,4
4962,17944,47,2024,1
4963,35635,55,2026,4
4964,3982,42,2025,2
4965,41648,60,2020,4
4966,12065,67,2027,1
4967,45222,4,2021,4
4968,17280,36,2020,3
4969,14778,34,2023,4
4970,17608,54,2022,3
4971,18527,54,2026,1
4972,36210,54,2019,1
4973,34051,54,2030,4
4974,28691,1,2019,2
4975,33233,8,2020,4
4976,31050,8,2026,3
4977,40847,11,2019,3
4978,23205,11,2029,4
4979,43859,11,2025,1
4980,25305,29,2024,3
4981,34377,29,2021,4
4982,42196,19,2027,2
4983,25861,15,2025,4
4984,21207,15,2019,4
4985,33756,15,2019,3
4986,12341,15,2020,1
4987,42749,15,2020,3
4988,713,15,2019,1
4989,13806,16,2026,1
4990,23784,18,2029,4
4991,17048,44,2022,4
4992,13574,44,2022,4
4993,32143,44,2026,1
4994,28452,44,2027,4
4995,32859,44,2021,1
4996,43283,44,2019,3
4997,27574,12,2030,2
4998,35124,28,2019,1
4999,804,61,2021,1
5000,35465,61,2028,3
5001,25594,61,2025,3
5002,43262,61,2023,3
5003,13446,57,2030,1
5004,36997,57,2025,2
5005,38910,57,2028,1
5006,28423,27,2027,3
5007,3871,66,2019,2
5008,27754,66,2023,2
5009,40715,66,2021,3
5010,7924,24,2020,1
5011,39403,24,2022,2
5012,13124,24,2027,2
5013,18872,24,2030,1
5014,15186,24,2030,4
5015,16637,24,2030,4
5016,16381,24,2020,4
5017,71,24,2029,4
5018,17848,24,2028,3
5019,17355,24,2027,2
5020,25861,24,2023,3
5021,21207,24,2026,2
5022,33756,24,2030,1
5023,12341,24,2029,2
5024,42749,24,2029,2
5025,713,24,2025,4
5026,22214,24,2024,2
5027,18500,30,2022,2
5028,24846,30,2019,1
5029,24971,30,2029,1
5030,28928,30,2023,4
5031,17818,30,2026,2
5032,13697,30,2023,2
5033,22662,30,2028,4
5034,22896,21,2028,4
5035,134,56,2023,4
5036,40843,31,2027,4
5037,18963,26,2026,4
5038,42277,26,2022,1
5039,16471,26,2028,2
5040,24257,26,2026,3
5041,874,26,2028,1
5042,15302,26,2024,2
5043,43837,47,2028,2
5044,40006,47,2025,4
5045,16380,47,2028,2
5046,18840,47,2021,3
5047,37262,68,2024,3
5048,19724,68,2030,4
5049,22953,32,2024,4
5050,41804,51,2029,4
5051,40857,83,2022,3
5052,38422,54,2019,3
5053,1748,42,2022,1
5054,19761,78,2030,3
5055,23052,58,2021,2
5056,27293,1,2022,2
5057,31665,3,2024,1
5058,43471,7,2019,3
5059,19567,6,2025,3
5060,23100,6,2020,4
5061,24587,2,2020,3
5062,29909,8,2020,1
5063,41723,13,2019,1
5064,20322,11,2027,4
5065,39227,29,2021,4
5066,42485,29,2024,3
5067,44349,29,2021,2
5068,34715,38,2030,2
5069,44030,38,2030,2
5070,16862,38,2023,1
5071,13155,38,2029,2
5072,17315,38,2026,1
5073,17171,38,2021,1
5074,24238,38,2023,1
5075,36867,15,2026,2
5076,18973,15,2024,1
5077,40681,10,2027,3
5078,42929,10,2025,3
5079,44660,16,2025,2
5080,2724,16,2028,3
5081,43954,16,2028,2
5082,32647,16,2019,1
5083,40916,12,2026,2
5084,12579,12,2021,3
5085,45328,18,2021,3
5086,22956,18,2021,2
5087,43688,18,2024,3
5088,11408,18,2026,1
5089,12141,18,2029,2
5090,10398,18,2030,4
5091,32123,18,2023,3
5092,43952,18,2022,1
5093,3635,18,2029,3
5094,22212,61,2029,4
5095,43691,57,2023,4
5096,40309,66,2025,1
5097,23428,24,2030,2
5098,10959,24,2023,2
5099,17747,24,2026,4
5100,33829,24,2020,4
5101,10371,24,2021,2
5102,31671,24,2022,1
5103,41284,30,2022,1
5104,29674,30,2026,3
5105,9077,30,2023,3
5106,21261,30,2029,1
5107,17596,30,2022,3
5108,12360,30,2024,2
5109,1228,30,2025,2
5110,41447,30,2026,3
5111,12743,25,2027,2
5112,28453,25,2020,3
5113,43811,25,2022,1
5114,12435,25,2025,1
5115,22265,25,2025,2
5116,18460,40,2023,1
5117,44595,52,2020,4
5118,42578,56,2022,2
5119,19045,56,2030,2
5120,23596,56,2020,3
5121,135,56,2030,3
5122,24905,56,2027,2
5123,34535,56,2025,4
5124,17328,56,2020,4
5125,8975,56,2023,1
5126,5513,56,2020,2
5127,15106,56,2028,1
5128,3626,56,2024,4
5129,44983,56,2029,4
5130,18599,31,2027,1
5131,35212,31,2022,1
5132,37072,31,2020,3
5133,43285,39,2023,3
5134,37967,41,2030,4
5135,45331,48,2025,3
5136,3517,48,2023,1
5137,44143,22,2028,2
5138,24311,34,2022,2
5139,18473,34,2020,3
5140,19027,64,2025,4
5141,11740,70,2025,4
5142,42810,53,2030,1
5143,38125,51,2027,2
5144,17608,51,2021,3
5145,18527,51,2022,4
5146,36210,51,2019,2
5147,34051,51,2024,1
5148,30094,42,2030,4
5149,34449,42,2022,2
5150,23968,42,2025,2
5151,17834,55,2030,2
5152,43787,60,2023,1
5153,25861,67,2023,3
5154,21207,67,2021,3
5155,33756,67,2020,4
5156,12341,67,2019,1
5157,42749,67,2029,2
5158,713,67,2023,4
5159,39882,76,2022,2
5160,43847,79,2030,1
5161,19672,84,2028,4
5162,10978,4,2025,2
5163,18841,3,2025,1
5164,163,3,2026,1
5165,69,3,2025,3
5166,23955,3,2023,3
5167,1048,3,2027,3
5168,13767,3,2024,4
5169,13689,5,2023,2
5170,14482,5,2024,2
5171,2158,5,2019,2
5172,13810,5,2019,1
5173,10421,13,2027,4
5174,17246,11,2020,1
5175,1369,29,2024,1
5176,36818,10,2019,4
5177,12542,10,2022,4
5178,18576,10,2021,2
5179,18837,10,2023,4
5180,24553,10,2027,4
5181,1088,24,2030,3
5182,7940,30,2022,1
5183,22337,30,2027,1
5184,10421,69,2029,1
5185,18892,85,2019,3
5186,803,37,2025,4
5187,2190,70,2027,2
5188,3871,24,2027,1
5189,27754,24,2029,2
5190,40715,24,2025,1
