developer_id,name,inn,ogrn
7364,СЗ-1 ЮСИ-ДОН,6163148597,1166196086891
154,БРУСНИКА,6671382990,1116671018958
15042,СЗ СЭТЛ ЭСТЕЙТ,7810733993,1187847194490
18490,СЗ ГРАДСТРОЙПРОЕКТ,2311311443,1202300058586
10445,СЗ А101,7751172550,1197746656095
19464,СЗ КАП,2312312810,1222300046319
17384,СЗ ЖИВЫЕ КВАРТАЛЫ,2312314158,1222300055790
24450,СЗ КРАСНОДАРСКИЙ ДЕВЕЛОПЕР 1,2308290151,1232300011184
19589,СЗ КСАР,2308183431,1112308009550
22850,СЗ СТОЛИЦЫНО,2366024462,1202300068761
20019,СЗ МАГНУМ-СТАВРОПОЛЬЕ,6102077797,1236100007483
24976,СЗ СТРОЙДОМКРАСНОДАР,2328006046,1122328000112
17148,СЗ РОСТОВСТРОЙ-ДОН,6164138746,1226100020970
239,ЛСР. НЕДВИЖИМОСТЬ-СЗ,7826090547,1027810227884
16007,КВАРТАЛ РЕСПУБЛИКИ 205. ТЮМЕНЬ,7203523143,1217200011621
14011,СЗ ЭТАЛОН-ЕКАТЕРИНБУРГ,7814799956,1217800171137
14082,СЗ ДОГМА-ПАРК 21,2311322580,1212300046771
27103,СЗ СТРОЙПАРК,2311250215,1172375102305
6316,СЗ ЕЛЬЦОВСКИЙ,5402577164,1145476072378
17877,СЗ НИГО-ХОЛДИНГ,8903020348,1028900577760
14174,ФОНД РЕНОВАЦИИ,7703434808,1177700018319
13738,СЗ ПАРК ПОБЕДЫ-2,2311318262,1212300023154
866,СЗ-20 ЮСИ,2635224470,1162651079381
2260,СЗ РСГ-АКАДЕМИЧЕСКОЕ,6658328507,1086658031052
215,СЗ ТИРОН,7709490911,1167746411799
16594,СЗ ПРОЕКТ-СТРАНА-18,4706057359,1234700004692
13681,СЗ СЭТЛ СТАНДАРТ,7810787580,1207800014487
12691,СЗ 1,1655458001,1211600037835
9364,СЗ ТПУ ЛЕСОПАРКОВАЯ,7701387380,1147746148263
17343,СЗ ПРОЕКТ-СТРАНА-4,2543167422,1222500017893
9034,СЗ КАПИТАЛЪ,2312253040,1162375047262
18542,СЗ СК АВАНГАРД,2308210276,1142308006774
16666,СЗ ССК НОВОРОССИЙСК,2315213302,1192375058083
12959,СЗ СЕМЬЯ-ТЁПЛЫЕ КРАЯ,2309110436,1082309001433
868,СЗ ЮГСТРОЙИМПЕРИАЛ,2309137163,1132309005289
24067,СЗ МЕГА СТРОЙ,3666267267,1233600011039
11543,СБЕРСИТИ,5024093941,1085024000698
15938,СЗ САМОЛЕТ СЕВЕРО-ЗАПАД,7813632175,1197847055691
728,СЗ РАЗВИТИЕ И ПАРТНЕРЫ,3662234359,1163668097229
1205,ЖИЛСТРОЙИНДУСТРИЯ,3525108923,1033500040530
14655,СЗ КП №5,6163222120,1216100005550
17078,СЗ СЕТУНЬ АЛГ,7730504250,1047796133330
18944,СЗ СТРОЙКАПИТАЛ,9731123420,1237700737295
13820,СЗ ТПУ ТЕРЕХОВО 9,9709057162,1197746703032
16400,СЗ САМОЛЕТ-НОВОСАРАТОВКА,4706047569,1224700005573
12944,СЗ НОРД СИТИ,7810781281,1197847230932
17741,СЗ НОВЫЕ ТЕХНОЛОГИИ,2366034887,1222300017213
30226,СЗ-ЭВЕРЕСТ,9403030036,1249400003753
14557,СЗ ГРАНДСОЮЗИНВЕСТ,7704802677,1127746164204
1304,СЗ ГРАДОЛИМП,7703788074,1137746339720
30594,СЗ СТРАНА СИТИ,9704228030,1237700810269
18880,СЗ ЭПОХА,9729332579,1227700701392
12545,СЗСЕМЬЯ-НОВОРОССИЙСК-2,2315215130,1202300001441
12234,СЗ КОНЦЕПТ ИММО ДЕВЕЛОПМЕНТ,7703529947,1047796752926
13827,СЗ АПД,9705087889,1177746118329
2438,СЗ РАЗВИТИЕ,5032085920,1035006456650
1119,СЗ НОВЫЙ ГОРОД,2464057265,1042402522150
15702,СЗ ТЕРРИТОРИЯ КОМФОРТА,7708333271,1187746672222
19270,СЗ ГУД-СИТИ,7714429768,1187746707191
23923,СЗ АНАПА СИТИ,2312319928,1232300037012
1339,СЗ ПАРУС,5836654615,1125836006570
16912,СЗ ГАЛАКТИКА 4,6162088200,1227700776797
16474,СЗ ТРИУМФ КАПИТАЛ,7751185848,1207700349460
11410,СЗ ЗИЛ-ЮГ,7725852742,1147748024170
3175,СЗ РАЗВИТИЕ СЕВЕР,3662218533,1153668063900
15962,СЗ НДК - МОРЕ,9103012773,1149102106779
30107,СЗ Т2-ДЕВЕЛОПМЕНТ,9715447749,1237700277781
14734,СЗ ДОГМА-ВОСТОК,2311317082,1212300015586
21876,СЗ ГОРНЫЕ ВЫСОТЫ,100006743,1230100003033
11055,СЗ БАДАЕВСКИЙ,7730014425,1027700287537
9058,СЗ МСК ЛЮБЛИНСКАЯ,7743292998,1197746141471
20111,ЛЕГЕНДА ЗАЛИВА,9717106913,1217700495352
7354,СЗ ДСК-1,8602058789,1028600601006
15192,СЗ ТАЛАН-РЕГИОН-24,1841079988,1181832015606
6560,"СЗ УФИМСКОЕ ГОРОДСКОЕ АИК, АО СЗ УГАИК",276056635,1020202860721
16452,СЗ МЕГАСТРОЙ,9729307396,1217700179487
1538,СЗ ОТРАДА ДЕВЕЛОПМЕНТ,5024091623,1075024008938
14220,СЗ КОЛИБРИ,2367014107,1202300026598
13298,СЗ АКВАМАРИН,5402063793,1205400055552
19070,СЗ АНАПАСТРОЙПРОЕКТ,2312311083,1222300033757
14527,СЗ ТРЕНД-ГРУПП,7717701806,1117746478200
3445,СЗ ПЕРВЫЙ МОСКОВСКИЙ,7751036892,1177746136370
15801,СЗ ГОЛДФИШ,7709733836,5077746477760
20852,СЗ СТРАНА Е ПРУДЫ,9703136266,1237700153382
16335,СЗ ССК КАЛИНИНГРАД,3906412009,1223900003590
13544,СЗ ОСТРОВ СИТИ,7810781309,1197847230998
18629,СЗ Д-ФИНАНС,2311343639,1232300000899
12943,СЗ СТРАНА ЗАПАД,7203518337,1217200005681
17025,СЗ МАРЬИНО,9724098029,1227700565938
19315,СЗ ИНВЕСТ-ПРОГРЕСС,1655376599,1161690178374
12220,СЗ ЛСР,7838082999,1187847328294
17945,СЗ ИЗУМРУДСТРОЙ-1,2311257958,1182375034874
18546,СЗ ЛИГАСТРОЙ,7805779047,1217800070938
21020,СЗ ССК-СПБ,9705171435,1227700320572
16902,СЗ ГОРИЗОНТ,6500011435,1236500004069
28410,СЗ АТМОСФЕРА,274394981,1250200015251
497,СЗ ПРИГОРОД ЛЕСНОЕ,7725790373,1137746376910
273,СЗ БЭСТ-СТРОЙ УНИСТРОЙ,6659158985,1076659014860
18385,СЗ МКС,300018859,1230300008410
7719,СЗ БАСТИОН,7728458737,1197746056705
13649,СЗ ЭТАЛОН-ОМСК,5501271610,1215500012452
19165,СЗ ВЕРЕЙСКАЯ,9703146842,1237700387176
2482,СЗ ИНТЕР-ТЕП,2926010105,1022900529398
4044,СК  НОВЫЙ ВЕК,6449033429,1026401975940
14624,СЗ УНИВЕРСАЛСТРОЙ,5024201668,1195081094152
20958,СЗ БЕРЕГ,5262127571,1045207806731
13073,СЗ ПФК,7702815127,1137746417830
40295,СЗ АЛМАЗСТРОЙ,2312319131,1232300030600
172,СЗ-3 ЮСИ КУБАНЬ,2311152539,1122311014495
18989,СЗ СТРАНА.КОММУНИСТИЧЕСКАЯ,7203552112,1237200003457
13781,"СПЕЦСТРОЙ ЯБЛОЧКОВА, 26",5903149459,1215900009093
12177,СЗ КОНВЕРСИЯ,6163103892,1106193004675
1927,СЗ ЛСР.ОБЪЕКТ-М,7725549175,1057748299113
13570,СЗ СЭТЛ РАЗВИТИЕ,7814783057,1207800155342
11964,ГРК ЭНКО,7203437864,1177232036420
13733,"СЗ КУТУЗОВСКИЙ, 16 (ООО)",7715865510,1117746359235
37439,СЗ ИНВЕСТДЕВЕЛОПМЕНТ-1,2312327943,1242300032831
17006,СЗ МОЙ РИТМ,1624000349,1021607361049
14233,СЗ НАЧАЛО,9729315076,1217700516230
17027,КВАРТАЛ МЕТРОНОМ,7734443778,1217700280654
10954,СЗ СНС,5041204154,1165012050994
14642,СЗ ЧАСОВАЯ,9709044935,1197746127215
15942,СЗ НМ-КОНСАЛТ,9721090818,1197746701877
16750,CЗ ФЕМИЛИ РЕЗОРТ НЕБУГ,2308288843,1222300064931
17063,СЗ САМОЛЕТ-ТАЛЛИНСКОЕ,5027297904,1215000072110
14833,СЗ ИНСИТИ К-8,2311312359,1202300062821
21273,"ЭЛЕМЕНТ 5,6",7813682056,1247800079823
3751,СЗ САМОЛЕТ-ПУТИЛКОВО,5027243320,1165027057458
17244,СЗ ПРОСТОРЫ КРЫМА,9108127672,1229100012393
12842,СЗ ЦЕНТРПОЛИС,7743345103,1207700284296
17623,СЗГРАЖДАНСТРОЙАНАПА,2312320105,1232300038079
8954,ГС-САВВИНО - СПЕЦЗАСТРОЙЩИК,5012080176,1135012005721
29873,СЗ ЖИЛСТРОЙИНВЕСТ 1,9403031209,1249400007130
6280,СЗ ЛЕГИС,7730618956,1097746775620
15926,СЗ САМОЛЕТ-САБАНЕЕВА,2543164340,1222500006354
14513,СЗ СТРОЙДОМ-ИНВЕСТ,3666253627,1203600039543
13237,СЗ ЗЕЛЕНОГРАДСКИЙ,7735092843,1027739388511
933,СПЕЦЗАСТРОЙЩИК КСМ,4345077227,1044316516606
16044,СЗ ГЛОБАЛПЛЮС,1685010048,1231600010652
515,СЗ БУХТА ЛЭНД,7731477627,1147746948250
7,СЗ ГОРОДОК,7203312417,1147232033310
4568,СЗ ШЕРЕМЕТЬЕВО-4,5015008347,1075015000279
16245,СЗ САМОЛЕТ-СТРОГИНО ПАРК,5032037644,1025004069276
18981,СЗ МЕГАПОЛИС ТУЛА,1300010040,1241300000754
9045,БЕРЕГОВОЙ - СПЕЦЗАСТРОЙЩИК,7730014070,1037739783124
596,СЗ ЛСР. НЕДВИЖИМОСТЬ-УРАЛ,6672142550,1026605389667
15746,СЗ СК ТЕХЮГСТРОЙ,2311340860,1222300057760
27915,СЗ ГРУППА КОМПАНИЙ ПРАВОВОЙ СТАНДАРТ,2312165185,1092312007336
19017,СЗ СТРАНА.ЯРОСЛАВСКАЯ,7203552105,1237200003446
14846,СЗ ТПУ РОСТОКИНО,7702441440,1187746836980
13473,СЗ ЛИГОВСКИЙ СИТИ,7806543527,1187847148785
15681,СЗ СПБ РЕНОВАЦИЯ - СЛАВЯНКА-6,7840102025,1227800124991
13090,СЗ ИСБ-НЕДВИЖИМОСТЬ,9705130661,1197746232804
22241,СЗ СПИКА,5260494939,1245200012199
2071,СЗ СТАДИОН СПАРТАК,7709574093,1047796801920
16102,СЗ ОЛИМП-КАМЧАТКА,4101187313,1194101000906
1006,СЗ АКВА СИТИ,5407480952,1125476185889
10627,СЗ ЭНЕРГОСТРОЙ,5410077581,1185476100039
15876,СЗ ОРЕНБУРГСТРОЙ,5610247921,1235600000580
18656,СЗ УРАЛЬСКАЯ 87,2312298844,1212300009536
17178,ООО СЗ ЩИБРОВО,9701058929,5167746459106
13533,СЗ МТ-ДЕВЕЛОПМЕНТ,1660363355,1211600036361
12935,СЗ САМОЛЕТ-ЮРЛОВО,5003136930,1195027025786
13696,СЗ ФРИДОМ-СИТИ,5405351743,1075405020855
15972,СЗ САМОЛЕТ-МАРЬИНО 1,7751191111,1217700016346
15698,СЗ СТОЛИЦА ЮГА,7714468848,1217700064328
16698,ЛЕГЕНДА ВАСИЛЬЕВСКОГО,7810973191,1237800028366
3873,СЗ НОВЫЙ ГОРИЗОНТ,7722442850,1187746256390
23048,СЗ НОВОСЕЛЬЕ-2,4707053815,1234700031752
13663,СЗ ГАРТЕЯ,5018094457,1045003358245
3495,СЗ К2,7204190698,1137232032728
433,СЗ СКГ,9102039187,1149102074197
3111,СЗ СОЮЗ - ИНВЕСТ,5448456469,1145476139324
22989,СЗ ГРАД ПЛАЗА,9721188789,1227700803857
24943,СЗ Б2-ДЕВЕЛОПМЕНТ,9710095229,1227700022769
14801,СЗ САМОЛЕТ-ЛАЙКОВО,5027297020,1215000057161
15959,СЗ ВЛАДОГРАД,2309151841,1162375034260
94,ВСЗ,3525168231,1063525104576
22820,СЗ ПРОЕКТ-С-23,6166128165,1236100015821
2784,СЗ СПБ ПРИМОРСКОЕ,7703744616,1117746394402
38429,СЗ НОВАГРАД,7805780405,1217800091123
15576,СЗ К-ДЕВЕЛОПМЕНТ,9715391912,1207700405000
13344,СЗ КОСМОС,7207021070,1217200000830
15534,СЗ ЗЕЛЕНЫЙ САД - ПРЕМЬЕР,6234103362,1126234005424
14737,СЗ ДРЕВО.ГРИНРИВЕР,6317149441,1206300052925
6783,СЗ ПЕРЕДЕЛКИНО БЛИЖНЕЕ,7751035602,1177746073284
13011,СЗ САМОЛЕТ-КОРОБОВО,7725790366,1137746376877
18789,СЗ ДОГМА ВОДА,2311308923,1202300047058
14827,СЗ САМОЛЕТ-ЧАРКОВА,7203534716,1227200004074
13577,СЗ НОВЫЙ ЭЛЕМЕНТ,7810770106,1197847154229
15980,СЗ ФОРТУНА,5030056345,1065030023101
17727,СЗ СТОУН,7805586408,1127847229223
11079,СЗ ЦЕНТР СТРОЙ,2301102458,1202300057630
15374,СЗ МИЧУРИНА 27,6316259378,1196313072405
6426,СЗ ГСД,7727750873,1117746401123
498,СЗ САМОЛЕТ-ТОМИЛИНО,5027240182,1165027054059
6096,БАЛАНС - СПЕЦЗАСТРОЙЩИК,7721228357,1027700072520
13416,СЗ ПРЕСНЕНСКИЙ ВАЛ 27,7703071061,1027739183230
16384,СЗ ДНС СИТИ,2502062773,1202500017664
6189,СЗ АРТ ЭЛЬ,6501260113,1136501007830
9410,СЗ РАЗВИТИЕ АРТ ДЕКО,3666146223,1073667031294
12934,СЗ САМОЛЕТ-МОЛЖАНИНОВО,9731002497,1187746498136
12950,СЗ ПОТЕНЦИАЛ,7810759896,1197847132658
17489,СЗ УГМК-ЕКАТЕРИНБУРГ,6678129524,1236600025815
16957,СЗ ДОГМА-ОМСК,5503255928,1215500029370
45222,СЗ МЕТРИКС ДЖУБГА,2308284782,1222300014111
8604,СЗ НА МИНСКОЙ,7203275451,1127232013380
7874,СЗ ЖКС,5402015408,1165476063763
13555,СЗ ИНСИТИ К-16,2311312380,1202300062854
16463,СЗ ЖК ЯРКИЙ. РИГА,5024214427,1215000064663
44908,СПЕЦЗАСТРОЙЩИК ЖЕЛЕЗНО СИМБИРСК,7300051369,1267300003310
37320,СЗ ОКТЯБРЬ,9403032756,1259400001992
12828,СЗ ТЕЛЕКОМСТРОЙ,7708794240,1137746698275
16551,СЗ ЗЕЛЕНЫЙ САД - РЯБИНОВЫЕ ГРОЗДЬЯ,6234106878,1126234009439
17751,СЗ ДИВИНУС ИММОБИЛА,7730219101,5167746297648
15453,СЗ НОВАЯ ЛИВАДИЯ,7730646840,1117746510640
16228,СЗ КАПИТАЛ ЭСТЕЙТ,1655401823,1181690036087
6806,СЗ КАПИТАЛ ИНВЕСТ НСК,5403323525,1105476074494
16525,СЗ НОВОПЕСЧАНАЯ,9709059829,1207700073910
17681,СЗ ИК СТРОЙИНВЕСТИЦИЯ,3906395890,1203900013360
17560,СЗ СИМФОНИЯ,7448247148,1227400045652
2827,СЗ МЕТРОМАШ,7718013457,1027739733284
13082,СЗ ОФЕРТА,5001119992,1185053013420
12309,СЗ СКВ СПБ,7803048130,1027809240876
2803,СЗ ТЕРМИНАЛ-РЕСУРС,7820338713,1147847391834
14675,СЗ ТЕМПО,5402066547,1215400018019
14252,СЗ ИСБ-ДЕВЕЛОПМЕНТ,7203536230,1227200006000
12824,СЗ СЕРЕДНЕВО,7743297957,1197746246037
17196,СЗ ИМПУЛЬС,7707619574,1077746722437
17141,СЗ ЕВРОИНВЕСТ ЛАВРИКИ,7840103621,1227800166527
35504,СЗ СТРОЙЮГ НЕДВИЖИМОСТЬ,9725017784,1197746483208
10491,СЗ САНИНО 1,9731034883,1197746216051
21126,СЗ ЮСК,571020227,1220500005109
23925,СЗ СОКОЛЬНИЧЕСКИЙ ВАЛ 2А,9718108889,1187746729631
19056,СЗ ДЕМЕТРА,7723010211,1027739405572
13935,СЗ АЛЬФА,9724029635,1207700449263
17062,СЗ CОЮЗ-АЛУШТА-2,9103095040,1209100015805
14311,СЗ АРБАН-2022,2460121287,1222400009270
14242,СЗ ЭТАЛОН-НОВОСИБИРСК,5433978818,1215400036411
17478,СЗ ДЕЛО,7714576385,1047796847680
14309,СЗ МИКРОРАЙОН М1,1658220367,1191690071088
17300,СЗ С-ДЕВЕЛОПМЕНТ,7726478128,1217700260348
6098,СЗ РАЗВИТИЕ,2301090361,1152301002743
7315,СЗ ВИКТОРИЯ,7804434152,1107847085323
19561,СЗ ДОГМА-7,2311329754,1222300004871
10742,СЗ БАУИНВЕСТ-ЮГ,2308268879,1192375067940
966,СЗ ЛОТАН,7729605705,1087746833316
11129,СЗ ЛСО,7708332790,1187746562915
12829,НИИДАР-НЕДВИЖИМОСТЬ (СЗ).,7718965054,1147746059691
36597,СЗ ИНКОМ СТЕЙТ,2310236497,1242300018630
14770,СЗ ТРОЙКА ПЛЮС,5047253888,1215000074728
14312,СЗ ДОГМА-РЕКОРД,2308267829,1192375058369
7919,СЗ ГРАНЕЛЬ АЛЬФА,5018195430,1185029018041
34464,СЗ АРТ КВАРТАЛ,9719066286,1247700276702
35680,СЗ КРАВТ ЯР ПАРК,1655497307,1231600041936
16014,СЗ АТОМ-СТУДЕНЧЕСКАЯ,6685200129,1226600030161
10623,СЗ СТРОЙТРАНС № 1,7203341834,1157232016380
2982,СЗ ПРАЙМ ПАРК,7714964540,5167746451439
18841,СЗ КОНТИНЕНТ,2310233753,1232300043788
615,СЗ ЛСР. НЕДВИЖИМОСТЬ-М,7709346940,1027739061844
33925,СЗ РАЗУМ НА БЕХТЕРЕВА,3000020796,1253000003849
10641,СЗ СЛАВА,7714456070,1197746723239
17146,СЗ МАКСИМУМ,6658562761,1236600022944
10767,СЗ ПРОСПЕКТ,5433974098,1205400021188
16194,СЗ 1-Й КРАСНОГВАРДЕЙСКИЙ,7730286690,1227700570250
13993,СЗ ЦЕНТР ЛЕВОГО БЕРЕГА,5406797227,1195476033620
3913,СЗ МОНТАЖНИК,3665056440,1063667239932
2198,СЗ СУ СТРОЙГРАД-1,2635830801,1142651015495
6487,СЗ КМ ПАРЛАМЕНТ,5262228019,1085262005960
24887,СЗ М-ДЕВЕЛОПМЕНТ,9725112653,1237700071696
11158,СЗ ОЗЁРНАЯ 44,9729298039,1207700249965
17753,СЗ СОБОЛЬ,2540255737,1202500008721
11143,СЗ СМИТИНВЕСТ+,326585130,1200300016795
6648,СЗ ПАРТНЕР-СТРОЙ,3811439884,1163850091778
17576,СЗ 1 КАЗАНЬ,1686019212,1221600088390
14460,СЗ НОВЫЕ КОТЕЛЬНИКИ,5024222795,1225000065828
16002,СЗ СЛАВЯНКА,4706046974,1224700004517
16938,СЗ МЕТРИКС АГОЙ 2,2308290828,1232300017069
17558,НОВЫЕ АКАДЕМИКИ - СПЕЦЗАСТРОЙЩИК,7734192877,1027700342670
1296,СЗ АЗГИ,3849015274,1113850013815
17734,СЗ ЛАЙФ БОГОРОДСКОЕ,7706508254,1037739906115
2954,СЗ САМАРА-ЕВРОСТРОЙ,6319696390,1076319019721
18733,СЗ УЛИЦА ОДЕССКАЯ,9703158414,1237700702690
19108,СЗ ССК АНАПА,2328005229,1122328000035
16157,СЗ ВОРОНЦОВСКИЙ,4703182471,1214700005552
19163,СЗ КРЫМСКСТРОЙМОНТАЖ,2312318804,1232300028333
12560,СЗ ПАЛИТРА,1655432740,1201600009247
15367,СЗ РУСИЧ-КАНТЕМИРОВСКИЙ,9721151394,1217700586960
7056,СЗ ЛСТ ЭКСПЕРТ,7703435657,5177746110493
11294,СЗ ЛСР. ПРОСТРАНСТВО,9725032380,1207700155255
18435,СЗ РОДИНА ПАРК,7704638233,1077746717454
3948,СЗ ДСК-2,3665064521,1073667037619
16518,СЗ ТАЛАН-РЕГИОН-77,7702842787,1147746892061
22063,СЗ ГАЛС-ШОССЕЙНАЯ,7705930720,1107746845293
23286,СЗ ЗОРГЕ,9703131444,1237700058980
23678,СЗ НО,7813683780,1247800109006
53,СЗ ВМУ-2,3661039235,1153668002388
17127,СЗ СЕВЕРНЫЙ ПОРТ 7,9717106889,1217700495320
20089,СЗ ИНДИГО-ДЕВЕЛОПМЕНТ,9710095204,1227700021010
19875,СЗ ЭТАЛОН ЯГОДНОЕ,9717108798,1217700604340
2297,СЗ ИК СТРОИТЕЛЬНЫЙ ТРЕСТ,7804181303,1047806016444
14137,СЗ ДОМ.РФ ДЕВЕЛОПМЕНТ,7704412966,1177746479338
17439,СЗ АЛЬКОР - ЦЕНТРАЛЬНЫЙ,7805789609,1227800021272
15917,СЗ СЕВЕРСКАЯ,2312308450,1222300011450
16064,СЗ УЛИСС,2537145244,1202500029038
24079,СЗ ПАРИТЕТ. РЕГИОНЫ,7203581554,1247200016986
13022,СЗ АСТРА,5406808983,1205400049645
16431,СЗ Л2-ДЕВЕЛОПМЕНТ,9715393860,1207700473716
13590,СЗ ЗЕНИТ-ДЕВЕЛОПМЕНТ,6164129396,1196196044857
13492,СЗ СТОЛИЦА СЕВЕРА,7714468823,1217700064240
22646,СЗ РУБИН,9703180071,1247700328204
2436,СЗ ЭКО-ГОРОД,3907206489,1093925028560
1945,СЗ ФРОЙДА-Ф,2301094944,1172375061759
10511,СЗ РОДИНА,4823061052,1144827012824
16118,СПЕЦЗАСТРОЙЩИК ЖЕЛЕЗНО ПЕРМЬ,4345490628,1194350004254
17793,СЗ ЦЕНТРФОРВАРДСТРОЙ,3900017154,1233900011960
16635,СЗ ДСК ПАРК,2466295314,1232400011700
878,СЗ СИНАРА-ДЕВЕЛОПМЕНТ,6685040700,1136685019723
13171,СЗ БАЗИСИНВЕСТ,7714925131,1147746016901
17246,ЭНКО,7203519179,1217200006759
8943,РНГС-АИ,5408024350,1195476053827
11428,СЗ КАПИТАН,7810336996,1157847043012
1741,СЗ РКС,6165132507,1066165052139
11172,СЗ МБИ,7725237240,1037725042794
24324,СЗ РЕНОВАЦИЯ ПЛЮС,2543181579,1242500000380
30654,СЗ КОНЦЕПТ,700022803,1250700001386
23066,СЗ ДСК-2010,2446031137,1102468038100
9071,СЗ ДУБИНИНСКАЯ 59,9705121762,1187746708380
22764,СЗ САМОЛЕТ-ХИМКИ,9721141318,1217700401489
917,СЗ АДМИРАЛ,3665113923,1153668051844
16129,СЗ РЯЗАНОВСКОЕ 1,9731035100,1197746219593
3592,"СЗ УГМК-КОСМОНАВТОВ, 108",6678091743,1186658028303
17655,СЗ КАПИТАН,6633030420,1236600044449
17606,СЗ ГЕО-РЕАЛ,5003050785,1045000913132
956,СЗ ГК РАЗВИТИЕ,3662205510,1143668032705
18606,СЗ СК СЕВЕР,4100044930,1224100004006
27058,СЗ ЖИЛСТРОЙ,2312304103,1212300050742
19191,СЗ РОДИНА ПЕРЕДЕЛКИНО,9717117697,1227700444025
15927,СЗ Л-ДЕВЕЛОПМЕНТ,9715391937,1207700405021
23972,СЗ ИДЕЛЬ,278079525,1030204598687
22624,СЗ ГК СУ №1,276174798,1240200010050
15106,СЗ СОЗВЕЗДИЕ,7716948832,1207700287398
1923,СЗ ШЭЛДОМ,6453009098,1026403041345
6457,СЗ НОВЫЕ ГОРИЗОНТЫ,7447026763,1077447003413
13600,СЗ САМОЛЕТ-ВЕРЕЙСКАЯ,7705759390,1067758290390
14839,СЗ ТКО ЛОГИСТИК,6658538409,1206600056695
17841,Т-ДЕВЕЛОПМЕНТ,7707451561,1217700173360
16047,СЗ ПИОНЕР СИТИ,2723217697,1222700002766
15455,СЗ ЛАРГО,2310125910,1072310008539
19004,СЗ СИБИРСКИЙ УЮТ,2224214524,1232200018930
2751,СЗ МИДГАРД РУС,7203430428,1177232027620
14631,СЗ ЭР-БИ-АЙ - СЕВЕР,7801670521,1197847172533
8154,СПЕЦЗАСТРОЙЩИК ЖЕЛЕЗНО ИЖЕВСК,1841085318,1191832008103
505,СЗ СР-ГРУПП,7731319243,1167746567053
14929,СЗ ПРАКТИКА,9729319987,1227700093752
13719,СЗ ТМП №20,7715030599,1027739037457
18079,СЗ ВИСКЬЮ,2224188899,1172225038150
19166,СЗ НЬЮ ЛАЙФ,277966228,1240200025240
6199,СТРОИТЕЛЬНЫЕ РЕШЕНИЯ. СЗ,5403033865,1175476089910
12306,СЗ ЛСР. ПРОЕКТ,7806560931,1197847119953
14166,СЗ ТАЛАН-РЕГИОН-30,1841083053,1181832027321
12397,СЗ ЮФОИНВЕСТ,2315209049,1182375093515
19748,СЗ ГОРНЫЙ ГЕКТАР,400022915,1230400001864
2374,СЗ СТ-НОВОСЕЛЬЕ,4725483458,1134725000673
6434,СЗ ДЖЕВОССЕТ,5012034540,1065012024824
323,СЗ ДОМКОР,1650121364,1041616027298
2129,СЗ НАДИЯ ХОЛДИНГ,4003036203,1154025001085
15601,СЗ СТАНЦИЯ СПОРТИВНАЯ-3,1655468521,1211600088006
13971,СЗ СТРОЙГРАД,2636218479,1202600014748
13201,СЗ ДК СКГ,9102256311,1199112010460
14826,СЗ РИОНИ,1841080060,1181832015991
19009,СЗ ЭКОРАЙОН,1655496159,1231600032927
22352,ВЫДАЧА КЛЮЧЕЙ,7203573031,1247200006250
16625,СЗ МЕГА СИТИ,100000491,1210100002782
8160,СЗ РЕЗИДЕНС,9705115857,1187746247347
40160,СЗ АТЛАНТИС,274399940,1260200003920
10298,СЗ БЕРЕЗОВАЯ РОЩА,1655431063,1201600000282
7854,СЗ РИМЭКО,2508121129,1142508003714
17873,СЗ АТЛАНТ-ДВ,2540271464,1222500022030
15592,СЗ САМОЛЕТ-КВАРТАЛ ЗАПАДНЫЙ,7751201289,1217700326821
17242,СЗ ДЕЛЬТА,2311315737,1212300006544
19348,СЗ ВИТАМИН ДЕВЕЛОПМЕНТ,6671275420,1236600039411
19355,СЗ ГОРИЗОНТ,5904388499,1215900008719
7842,СПЕЦЗАСТРОЙЩИК ЖЕЛЕЗНО КИРОВ,4345490152,1194350003638
18671,СЗ РАЗУМ НА ВИШНЕВОЙ,3000007315,1233000002840
17185,СЗ СЕВЕРО-ЗАПАД СТОЛИЦЫ,7714435095,1187746939269
10266,СЗ КУРОРТНЫЙ,2632114542,1192651015930
18983,СЗ ГРАДСТРОЙ,278977102,1230200011326
13503,СЗ СЭТЛ ПРОЕКТ,7810787614,1207800014510
17469,КВАРТАЛ ГЕРЦЕНА,9704016853,1207700160337
16403,СЗ Б-ХОЛДИНГ,9704010040,1207700016985
23480,ТДСК ИНВЕСТ - 2,7000018593,1247000005812
288,СЗ МОНЕТЧИК,7718122544,1027739584400
12909,ЭСКО,6234111677,1136234000110
28520,СЗ РАЗВИТИЕ,9500025970,1249500003510
1807,РУСБИЗНЕСИНВЕСТ,7743563493,1057747410621
28367,СЗ ИНВЕСТ ХИМКИ,5032356792,1235000038437
15870,"СЗ ЗАГОРОДНАЯ, 71",7817328112,1129847006750
2506,СЗ ЗВЕЗДА,7203267387,1117232033786
24025,СЗ ГОЛЬЯНОВО,7720916713,1237700875026
3935,СЗ АВЕРУС,5001119047,1185053005830
19571,СЗ ДОГМА-5,2311329793,1222300004959
16817,СЗ-1 ПОРФИР,9310009271,1239300008870
12406,СЗ МСК-ДОН,6164123490,1186196041074
18568,СЗ ЖК НА СТАЧКИ,6161086634,1196196001011
14054,СЗ САМОЛЕТ-КАЛИНОВКА,9731066268,1207700220859
11449,СЗ КВС-МОСКОВСКИЙ,7802683107,1187847388310
12338,СЗ ЭТАЛОН РАУТА,6686131319,1216600011143
11340,СЗ САМОЛЕТ-ДУДКИНО,9731058556,1197746731841
14435,СЗ ВЕРБЕНА,5407982536,1215400035399
17048,СЗ АВАНГАРД,6164138560,1226100019298
17642,СЗ АТЛАНТ,9102287648,1239100002547
20530,СЗ РАССВЕТ,572016054,1160571065797
17019,СЗ ДОННЕФТЕСТРОЙ-ТЕАТРАЛЬНЫЙ,2311348838,1232300024406
30509,СЗ СТРАТЕГ-КАРУСЕЛЬ,274980288,1230200025813
2845,СЗ СМУ 88,1655367964,1161690132394
13521,СЗ ОХТИНСКИЙ,4705080411,1194704007189
20313,СЗ ПАРК АПРЕЛЬ 2,5030099324,1205000105606
13683,СЗ ПРОХАУС,7202189390,1087232035142
13795,СЗ ЭТАЛОН В ШУШАРАХ,7814799508,1217800167309
19622,СЗ ЭЛЛАДА,5406819520,1225400005291
2578,СЗ ИНСИТИ,2311196416,1152311012655
13164,СЗ РЕНЕССАНС ИНВЕСТ,2537142437,1192536036428
16192,НСИ-ЮГ,2308069908,1022301191571
13884,СЗ ГРАНЕЛЬ ПЛЮС,9715315848,1187746452211
16858,СЗ САМОЛЕТ-БОГДАНОВСКИЙ ЛЕС,5027297478,1215000064740
20322,СЗ ГРИНВУД ЭСТЕЙТ,1655401830,1181690036098
13787,СЗ ПИК БЛАГОВЕЩЕНСК,2801265933,1212800006583
7949,СЗ РЕЗИДЕНЦИИ СКОЛКОВО,5015014703,1175024025626
12632,СЗ ГЛАВСТРОЙ-4,2635248664,1212600003098
11607,СЗ КАЗАНСКИЙ ПОСАД +,1215234064,1201200004983
16964,СЗ ЮГО-ЗАПАД СТОЛИЦЫ,7714434581,1187746919315
8914,СЗ НЬЮТОН,6234078540,1106234002654
15069,СЗ ТИК,7751069714,1177746930503
8,СЗ ГРАНЕЛЬ СТРОЙ,5044094862,1155044001892
23087,СЗ КАПИТАЛСТРОЙ,2460123485,1232400011799
7594,СТАЙЛ-СТРОЙ,7842473201,1127847216375
13819,СЗ АГАТ,7722485685,1207700091807
11217,СЗ ИНВЕСТАЛЬЯНС,7722856273,5147746144387
13670,СЗ МСК-ГРУПП,6164136072,1216100027560
13284,СЗ АНТЕЙ ГРУПП,2320203564,1122366010910
14089,СЗ СЕРГЕЯ МАКЕЕВА,7703216430,1027739381141
15884,СЗ УНИСТРОЙ-ЕКАТЕРИНБУРГ,6671230973,1226600050412
15423,СЗ ЯСЕНЕВЫЙ ПАРК,7720799799,5137746208694
1156,СЗ СТРОЙТРЕСТ №3,2128007123,1022101134978
813,СЗ БЛАГОВЕЩЕНСКСТРОЙ,2801014471,1022800513383
6954,СТРОЙ-АРТ,5501096060,1065501053980
7784,СЗ ЛАЙФ ПАВЕЛЕЦКАЯ,7717577210,1067761499618
10959,СЗ ФАВОРИТ,5903145013,1205900009590
9649,СЗ КОМПАНИЯ АРБАН,2464228175,1102468040620
6414,СЗ КРАСНОДАРСКОЕ СТРОИТЕЛЬНОЕ ОБЪЕДИНЕНИЕ,2309136314,1132309003210
13545,СЗ СЭТЛ ДЕВЕЛОПМЕНТ,7810759889,1197847132427
13488,СЗ ФОРМУЛА-ДВ,2540257879,1202500023802
16451,СЗ ЮНИКЕЙ,2722137216,1222700002557
7740,СЗ ЛЕВЕНЦОВКА ПАРК,6168034064,1106194005301
20031,СЗ АПРЕЛЬ,6318069943,1226300040460
8660,СЗ РЕАЛИНВЕСТ,5027208125,1145027003571
304,ДУДЕРГОФСКИЙ ПРОЕКТ,7811387979,1077847647613
16450,СЗ СПБ РЕНОВАЦИЯ - КРАСНЫЙ КИРПИЧНИК-5,7840102032,1227800125145
17174,СЗ АВРОРА,5404375389,1085404029292
15898,СЗ ТРИ ЭС ДМИТРОВСКОЕ 2,7743234178,5177746232417
3825,ПИОНЕР-М,7731180270,1037700173895
27493,СЗ СМОЛЕНСКОЕ,7810079883,5067847545002
6647,СЗ ПСК СМУ88,1655252120,1121690066057
19392,СЗ ПРОЕКТ-С-29,1686030093,1231600040077
15695,СЗ СК10 №9,6163222610,1216100011522
10574,СЗ САМОЛЕТ-ЖИЛИНО,5027279550,1195027018735
25011,СЗ АВАНГАРДЪ-ТЕХНИКА,7725145969,1037739307715
2924,СЗ ДИСК,711004475,1020700749497
16933,СЗ ИСК ЦЕНТР,2130227888,1212100007041
19046,СЗ КРОНВЕРК,6453177021,1246400006291
28006,СЗ МИЦАР,1655502236,1241600020023
13106,СЗ МИР,7722489986,1207700257160
21914,СЗ КУРСКИЙ КВАРТАЛ,6200004902,1246200003609
23973,СЗ ТВОРЧЕСТВО В СЛОБОДЕ,7203580744,1247200015875
13801,СЗ ЭТАЛОН НА ПЕТРОГРАДСКОЙ,7814794355,1217800111220
15330,СЗ ОЗЕРНАЯ,9729299441,1207700313908
11267,СЗ ТЦЖ,6658529027,1196658068353
43875,ЕСЗМ-ФОРТИС,6658549200,1216600063492
16160,СЗ СЫЙФАТ,1650416897,1221600071835
7924,СЗ ДОМСТРОЙ,6168074726,1156196031309
8086,ЖИЛСТРОЙ,5038099044,1135038004903
22622,СЗ ДОННЕФТЕСТРОЙ ДЕВЕЛОПМЕНТ,2311365664,1242300031137
17320,СЗ ДАРСТРОЙ-РЕГИОН,100006302,1230100002604
10759,СЗ ЭКОСТРОЙТРАНС,2902055788,1072902003107
17705,СЗ ИНКО,7203545010,1227200016834
16828,СЗ ИНВЕСТ СИТИ,2511095479,1152511004183
13396,СЗ СОКОЛ-1,6319199286,1156313063818
275,СЗ ИНГРАДСТРОЙ,5260322471,1125260001734
29414,СЗ АСПЕКТА,9102282022,1229100006794
25861,СЗ ЛИДЕР,6659155222,1076659008799
43201,СЗ ГЛОРАКС-ОМСК ЗАОЗЕРНАЯ,5501286776,1245500008225
12743,СЗ ФЕНИКС,6168007590,1056168087568
40108,СЗ ОСТРОВ,274399933,1260200003910
952,МАКСИМА,7805469623,1089847318098
8879,СЗ ВЫБОР-ЮГ,3662274986,1193668017344
28147,СЗ СОЛНЕЧНЫЙ ЛУЧ,2317021726,1022302715082
16777,СЗ ЯКОРНАЯ ЩЕЛЬ,2318030530,1052310481871
16749,СЗ РАЗУМ-АКАДЕМИЧЕСКИЙ,3000005533,1233000001079
17151,РСТИ НА ТАМБАСОВА (СЗ),7813652809,1217800060521
716,СЗ ИВА-ДЕВЕЛОПМЕНТ,5902241525,1135902010309
39039,СЗ МАСТЕРС,7714176429,1037700017541
13489,СЗ ЮСТИНА,7707696593,1097746046661
3352,СЗ РЕЗУЛЬТАТ,5610163661,1145658027844
36591,СЗ ИНВЕСТСТРОЙ,726005785,1120726000680
10889,СЗ СК КАПИТАЛ,274957120,1200200029776
1143,СЗ КВС ДЕВЕЛОПМЕНТ,7802825802,1137847192295
22836,СЗ ПРИВИЛЕГИЯ ПАРТНЕРС-4,7453354667,1237400027963
18820,СЗ ГРИНВИЧ,1655396740,1171690128301
13574,СЗ АВАНГАРД,7716950920,1207700418640
10933,СЗ ДЕРБЕНЕВСКИЙ,9725031757,1207700131759
17143,СЗ СМОРОДИНА,2312316236,1232300005695
6367,СЗ ИНФИНИТИ,7731531602,1057748420575
17126,СЗ СЕВЕРНЫЙ ПОРТ 6,9717106871,1217700495319
2104,СЗ СИБАГРОПРОМСТРОЙ,2465050449,1022402485181
194,ЭНКО ГРУПП,7203271129,1117232053840
17135,СЗ РП ЯКУТСК,1435130166,1021401050945
16056,СЗ АЛЕБАШЕВО,7203539111,1227200009475
17711,СЗ РЕСУРС,2540177976,1122540000021
17872,РСТИ НА КОНДРАТЬЕВСКОМ (СЗ),7813652728,1217800059080
28532,СЗ ПРОЕКТ-С-62,274982849,1230200042698
17429,СЗ Ч-ДЕВЕЛОПМЕНТ,7726478110,1217700260359
15377,СЗ ЮНИДО,3849086596,1223800002843
19680,СЗ ФОРУМ - ПАРК,6652012881,1026602173619
18556,СЗ СК МИР,700003649,1220700002203
13619,СЗ КОНТИНЕНТИНВЕСТ,2310225343,1212300034847
16530,СЗ ЭС ПИ РАЙТЕРС,5038064980,1085038012180
19368,СЗ ПЕРМИТ,5903157403,1235900013788
8036,СЗ СЕВЕРНЫЕ ТЕХНОЛОГИИ,7840423501,1099847018150
16639,СЗ САМОЛЕТ-ДОНЕЦКАЯ,7751233523,1227700606561
33182,СЗ БАЗИС РЗВ,3662309396,1243600005538
17116,СЗ ЛЕВЕЛ НИЖЕГОРОДСКАЯ,9705087984,1177746120804
14210,СК МЕГАПОЛИС,544013252,1200500006211
25277,СЗ АКСИС ДЕВЕЛОПМЕНТ - СТАВРОПОЛЬЕ,100008959,1240100001789
19865,СЗ ТИТУЛ,7729521974,1057746375290
8207,СЗ ФОРМУЛА СТРОИТЕЛЬСТВА ДЕВЕЛОПМЕНТ,6671376997,1116671018144
40585,СЗ НОВЫЙ ГОРОД,2502079061,1242500027835
19506,СЗ ПРОЕКТ-С-37,7840108725,1237800110020
1475,СЗ АРБАН,7708658784,1077764497766
9872,СЗ АТТИК,7801344214,1187847012748
19349,СЗ АТЛАНТ-ЕКАТЕРИНБУРГ,6671281304,1236600050862
19276,ЦЕНТР-К,4205415155,1234200008712
34066,СЗ СОКОЛЬНИКИ,9709126659,1257700343548
24400,СЗ ЛОК ВЕРА,7707448632,1217700052228
10978,СЗ САН ХИЛЛС ОЛЬГИНКА,2311301540,1202300009064
18261,СЗ ЛИСТ,5610240595,1215600000230
16616,СЗ НЕДВИЖИМОСТЬ МАГАДАНА,4909132481,1204900001877
17693,СЗ НОВЫЙ ДОМ,2464133815,1172468004796
19052,СЗ ЗЕЛЕНЫЕ КВАРТАЛЫ,2464162816,1232400019367
17807,СЗ КВАРТАЛ СОКОЛЬНИКИ,9718082775,5177746262315
16074,СЗ ЛУЖНЕЦКИЙ КВАРТАЛ,7716945447,1207700077375
10543,СЗ ИЖОРСКАЯ,7743555005,1057746552115
14408,СЗ АВАНТ,7839091604,1177847316646
19387,СЗ ПРОЕКТ-С-70,5105015620,1235100006525
20393,СЗ ЛБМ ИНЖИНИРИНГ,7714985758,1177746325800
24968,СЗ ЮГ,5404958260,1255400009369
9802,СЗ ВЕКТОР НЕДВИЖИМОСТИ,7723918772,1147746973703
3962,СЗ ДСК,3665005205,1023601540258
15203,СЗ АНТЕЙ,5406817032,1215400046850
22019,СЗ ЯРКИЙ 4.1,278980169,1230200040234
12866,СЗ ПОЛИС НОВОСЕЛЬЕ,7816718945,1217800093830
17631,СЗ ГАГАРИНСКИЙ,3918016095,1223900001357
15251,СЗ ГОРОД,6234199819,1226200003831
1202,СЗ РУСТ,6027146907,1136027000119
20674,СЗ ТРЁХГОРНАЯ,2722062715,1162724069199
15591,СЗ УНО,5905071840,1225900014372
9250,СЗ ГРАНЕЛЬ ГАММА,5018195423,1185029018030
38922,СЗ НОВАЯ ИВАНТЕЕВКА,5038189273,1245000068939
14914,СЗ КИНОКВАРТАЛ,5029265538,1215000105374
22760,СЗ ИНТЕРНАЦИОНАЛ,571022993,1230500008640
13410,СЗ ТОРГОВЫЙ ДОМ СПУТНИК,7743272279,1187746788833
2987,СЗ СПЕЦПРОЕКТЖИЛСТРОЙ,6027053667,1026000975076
22439,СЗ УРАЛЬСКИЙ РАБОЧИЙ,6670514041,1236600009194
14906,СЗ ЕВРОИНВЕСТ ПЕТРОГРАДСКАЯ,7841090125,1207800097460
15614,ЭФФЕКТ ДЕВЕЛОПМЕНТ. СЗ,542021466,1220500011401
11275,СЗ НОВОЕ РЕШЕНИЕ,5835121117,1165835071665
15964,СЗ ПРОЕКТ СТРОЙ,9724115958,1227700918565
15937,СЗ ГЕОПАРК,7718853752,1117746560799
5148,СИГМА,2465138407,1162468050766
9834,СЗ РЕНТ-СЕРВИС,7325124442,1137325006477
17820,СЗ НОВЫЙ ДОМ,1655494391,1231600017417
17447,СЗ МОССТРОЙ,571022802,1230500007517
8888,КС СЕЗАНН СЗ,1831191300,1181832017950
12302,СЗ ИНИЦИАТИВА,6671084257,1186658019492
1037,СЗ ШИФТ,7841039217,1167847204876
2375,СЗ ОБЪЕКТСТРОЙ,7725760555,1127746502597
14208,СЗ НОВАЯ ЖИЗНЬ-ЛЬВОВСКАЯ,7327100430,1227300000993
3975,СЗ ЛЮБЛИНО ДЕВЕЛОПМЕНТ,7703433829,1177746995183
13508,СЗ РЕЗИДЕНЦИЯ РОЩИНО,7814778868,1207800095513
5746,СЗ КАРЬЕРОУПРАВЛЕНИЕ,7017343591,1137017025683
34334,СЗ ЗЕЛЁНЫЙ ДВОР,278987238,1250200014723
17306,СЗ ЛЕНИНСКОЕ,7801721649,1237800028069
15627,СЗ СЕЛИГЕР ПАРК,7743225864,1177746974184
12307,СЗ ЛСР. ЛО,4703175682,1204700009580
16736,СЗ СОЛНЕЧНЫЙ,6234202927,1236200001575
19022,СПЕЦСТРОЙ ПЗСП-КРОНШТАДТСКАЯ,5903152807,1225900006815
17428,СЗ СРЕДАСТРОЙ НОВОРОССИЙСК,2312317060,1232300012064
18395,СЗ СОЛНЕЧНОЕ,7453276761,1147453013817
19376,СЗ - УКЗ № 19,276974145,1230200008422
13633,СЗ УНИВЕРСАЛ ИНВЕСТ КАМЕНКА 1,4703182182,1214700004705
16647,СЗ ЛЕВЕЛ,7736337567,1217700512270
16471,СЗ СТАНДАРТ,274978440,1230200013560
10863,СЗ КОРАБЕЛЬНЫЙ,9201527876,1199204002140
17682,СЗ САКИ,9102283467,1229100009808
3123,СЗ УК ТРАНССТРОЙ,1901096758,1101901003600
16110,СЗ УРБАН БИЛД,5836897456,1225800000678
33299,СЗ ДЕЛКОМСТРОЙ,1655396718,1171690128290
15899,СЗ ТРИ ЭС СИТИ,7722474122,1197746247247
14201,СЗ ОПУС,7841050517,1167847488247
18436,СЗ МДТ,9725036522,1207700350747
16273,СЗ ПРИБРЕЖНЫЙ,9200008719,1229200000765
14151,СЗ МАГНОЛИЯ,5405030179,1185476085519
19212,СЗ ЭЛЕМЕНТ 3,7802950874,1247800026143
17121,СЗ ОМЕГА,6319254321,1216300032816
27360,СЗ АСПЕКТ ПЛЮС,7801735754,1247800081759
2201,СЗ СК СОЮЗ,6678004243,1116678004178
28215,СЗ САНАТОРИЙ БЕЛЫЕ НОЧИ,2318024818,1022302786880
23314,СЗ ВЛАТРУАН,9103008713,1149102073306
24459,СЗ ПРАВОБЕРЕЖНЫЙ. ЦЕНТРАЛЬНЫЙ,6658484714,1169658035205
14334,СЗ СИМВОЛ,6234197723,1216200010124
6918,СЗ ЭКО-МЕХАНИКА,274155623,1110280014460
19982,СЗ ПРАВОБЕРЕЖНЫЙ. НОВЫЙ ГОРОД,6671284224,1236600057506
32424,СЗ СТРОЙ-13,2014039932,1232000009053
19096,СПЕЦЗАСТРОЙЩИК СМУ - 21,4347036441,1034316527992
18954,РАЗВИТИЕ САХАЛИНА - СПЕЦЗАСТРОЙЩИК,6501315098,1216500003367
21734,СЗ КВС-ПУЛКОВСКИЙ,7802895817,1217800094632
18950,СЗ ДЖС,7203272838,1117232060912
35234,СЗ АТЛАС ЛЮКСО,6671341930,1256600043094
19296,СЗ СИЯНИЕ,7731009298,1027700242030
18824,СЗ СТРАНА.МЕЛЬНИКАЙТЕ,9726011457,1227700217040
18602,СЗ КМ СИТИ СТРОЙ,5260480710,1215200041627
18846,РСТИ НА ФУЧИКА-1 (СЗ),7813659071,1217800188539
22503,СЗ ПИК,2014040085,1232000009383
10922,СЗ ИК АВАНГАРДИНВЕСТПРОЕКТ,3912504547,1143926013835
17814,СЗ МЕТРИКС МАЙКОП,2311348330,1232300022350
16274,СЗ СТАТУС СТРОЙ,725024489,1180726001213
17239,СЗ ДОМСТРОЙАНАПА,2312320144,1232300038233
4053,СЗ ЭНЕРГОАВТОМАТ,3662084382,1033600153201
42288,СЗ ГУРЗУФ-ПУШКИНО,9103104632,1249100011192
17367,СЗ МФК ЕХЕ,7448204384,1177456059109
13126,СЗ АНМАР,278149758,1080278005994
11048,СЗ КВС-ЛЮБОГРАД,7802683058,1187847388079
17406,СЗ ИНСТРОЙ,7839127106,1207800044033
11967,ДСК ЭНКО,7203437871,1177232036431
2628,СЗ ЦЕНТР-ИНВЕСТ,7702745198,1107746890987
18826,СЗ ЕВРОИНВЕСТ КУДРОВО-2,4706075037,1244700004890
18763,СЗ СТРОЙ-ИНВЕСТИЦИИ,6321408410,1166313088677
11134,СЗ АЛГОРИТМ-СТРОЙ,2225212801,1202200016435
10458,СЗ СТРУКТУРА-2,7814674379,1167847468348
22997,"СЗ СИТИ, 4",9703194469,1247700701467
15190,СЗ РОСТ,3015105072,1153015001083
14287,ДИКА-СТРОЙПРОЕКТ,2015044068,1092031001468
15482,СЗ ЖИЛОЙ КОМПЛЕКС ГРИНХИЛС,2543146454,1202500001615
27169,СЗ ТРЕНД,7842228263,1257800023689
13187,СТРОЙИНВЕСТПРОЕКТ,7606088292,1127606004349
17730,СЗ СМАЙНЭКС ТИШИНСКИЙ БУЛЬВАР,7703430017,1177746674203
1813,СЗ МЕГА-МЕЧТА,5007036044,1045001633907
1032,СЗ СТЭЛ-ИНВЕСТ,3662058103,1033600035820
18537,СЗ УАМ-СТС. ЗАТОН-1,274981940,1230200036780
2473,СЗ ПРОМЕТЕЙСИТИ,5024147530,1145024006490
12264,СЗ СТРОЙ-ЭКСПЕРТ,7743345110,1207700284307
17476,СЗ ПИК БАЙКАЛА,300018055,1230300007607
13618,СЗ СИГМА-2,6165229682,1216100018199
37882,СЗ КРОНУНГ СОЛНЕЧНОЕ 1,7813680980,1247800065369
38043,СЗ СПК,7606131741,1227600015015
14491,СЗ 45-Й КВАРТАЛ,6678110379,1206600067849
16857,СЗ ЭЛЕМЕНТ 1,7813671417,1237800037672
12067,СЗ СК УНИСТРОЙДОМ-3,1657246517,1181690046735
17938,СЗ ВЕСТА,7203561244,1237200014567
530,СЗ ПРОГРАНД,7702549732,1057746693157
18255,СЗ МАКРОСТРОЙ ДЕВЕЛОПМЕНТ,3910005976,1213900009069
13689,СЗ ВОСТОК,1700001629,1211700001050
6638,СЗ ТПУ РАССКАЗОВКА,7701387398,1147746148538
15689,СЗ РЕВЕРС,7728495224,1197746747660
14773,СЗ САМОЛЕТ-ОЛИМП,7722635669,1087746000594
19697,СЗ ИКАР ГРУПП,7453332744,1197456054905
24846,СЗ ВЕКТОР,7810842382,1117847418556
18447,СЗ ХАЙДАУТ,7729058636,1027739319420
22302,СЗ ДОМ АРТ,2700032266,1242700008946
19211,СЗ ПРОЕКТ-С-47,7500014558,1237500007018
2144,СЗ ФЛАВОСИНТЕК,7728038193,1027739242882
3028,СЗ НОВОЕ СТРОИТЕЛЬСТВО,105008695,1020100702643
17798,СЗ ЗВЕНИГОРОДСКАЯ ИНВЕСТ,9705157744,1217700332321
2217,СЗ ИМПЕРИЯ,5406433830,1085406010381
16128,СЗ ТЕКТА-НАГОРНАЯ,9729043023,5167746408000
19253,СЗ ГЛОБАЛМЫТИЩИ,1685011450,1231600025535
19378,АКВАМАРИН КАПИТАЛ,571021171,1220500012083
40394,СЗ ГАММА,1500012430,1231500004691
33025,СЗ СТРОЙЛЮКС,7203304600,1147232006437
18363,СЗ СУ-17,274985180,1240200006507
11105,СЗ САМОЛЕТ-МЫТИЩИ,5024186378,1185053015740
13446,СЗ ИСКРА,7703429621,1177746644646
18001,СЗ БАШНИ НА ФРУНЗЕ,5407977864,1205400013994
13907,СЗ ПЕРСПЕКТИВНЫЕ РЕШЕНИЯ,7715988656,1147746026801
36697,СЗ НОВЫЙ ЯМБУРГ,4707021940,1044701428298
3298,"ОРДЖОНИКИДЗЕ, 44",7825665048,1027800556519
21107,СЗ ЛЕТО НА ТИТОВА,6671284023,1236600056934
17261,СЗ ИНВЕСТГРУПП,2301101687,1202300030459
14049,"СЗ ТУХАЧЕВСКОГО, 80",2536328492,1212500014462
17875,СЗ АН ИНВЕСТИЦИИ,2301109816,1232300040411
260,СЗ МИЦ-МИЦ,7702271396,1037739460395
10228,СЗ ГЛОРИ,7718083824,1027739733328
20794,СЗ РАЗВИТИЕ КУРОРТОВ КМВ,2632123297,1242600000543
3706,СЗ КИРОВСКИЙ ССК,4345146992,1064345114096
17554,СЗ ЖК АРБЕКОВСКАЯ ЗАСТАВА,9729219816,1187746005908
18405,СЗ ЖИЛЬЕ,5836312033,1065836024572
16379,СЗ ДАРС-ВОСТОК,2721255400,1222700014404
18996,СЗ ГОЛОС.КОСМОС,7448211504,1187456017847
21559,СЗ СТ-3,4707050067,1234700008718
6127,ПРОГРЕСС.СЗ,5433964607,1175476111469
8558,СЗ ПИОНЕР-1,7704454300,1187746418530
1535,СЗ КБР СТРОЙ-ИПОТЕКА,721020518,1070721000811
16876,СЗ ЯНИНО,7843020846,1227800057100
25165,СЗ ГОЛОС.ПРИТЯЖЕНИЕ,7448255156,1237400047191
658,СЗ МЕГАПОЛИС-СТРОЙ,3250518136,1103256002190
16959,СЗ МАСШТАБ,6234195451,1216200004173
14232,СЗ ЗАЛИВ,2540255832,1202500009337
18760,СЗ СИБИРСКИЙ,7203562512,1237200016096
12698,СЗ ССД МСК ВОСТОК,7707436820,1197746754590
20350,СЗ РАЗВИТИЕ,7203545130,1227200016999
17152,СЗ МОЛОТ,5904378356,1195958035525
15089,ГОРСТРОЙТОРГ,2016004886,1192036005468
13562,СЗ ГРАНЕЛЬ ГОРОД,7751184989,1207700323478
13505,СЗ БОРИСОВСКИЕ ПРУДЫ,7714983239,1177746289005
30522,СЗ АТРИУМ,3812166372,1253800006646
2895,СЗ СТК-59,1501035052,1031500150318
39305,СЗ БИЗНЕС КОНТАКТ,7727435367,1197746722480
12119,СЗ КЛЕВЕР ПАРК,7203363490,1157232042274
16166,СЗ НОВОСТРОЙ,725005800,1110725001265
21607,СЗ КК ЛУЧИСТЫЙ,9110031960,1239100004989
18754,ИДК ЭНКО,7202247691,1137232029890
10770,СЗ СДК,9102264697,1209100006796
12758,СЗ СТРОЙГРАД-КМВ,2636219000,1212600005243
15226,СЗ САМОЛЕТ-САБУРОВО-1,5027298746,1215000082395
13836,СЗ СТЭК-ПАРК,274960549,1200200058189
2846,СЗ ДУБЛЬ Л-РИЭЛТ,6455029861,1026403677167
20166,СЗ ГРАНИ,7720914875,1237700851640
13937,СЗ АГРОТЕХНОЛОГИИ,725001570,1100725000089
299,СЗ СТРОИТЕЛЬНАЯ ИНИЦИАТИВА,2221040076,1022200911490
23246,ДВА КОНТИНЕНТА. ЕКАТЕРИНБУРГ,6671297047,1246600013880
1229,СЗ СТРОЙМАСТЕР,4826071443,1104823003339
7894,СЗ ЦЕНТР-КОМ,5038065817,1085038014082
17592,ООО СЗ МОНОЛИТ,7726476603,1217700197362
15396,СЗ СТРОЙКОМ,7743341691,1207700209782
18397,СУ 19,2318022602,1022302791884
12949,СЗ СЭТЛ ОКТЯБРЬСКАЯ,7810747019,1197847001230
15353,СЗ КРЯЖ,6312211449,1226300005205
734,СЗ ВЛАДАВТОРЕСУРС,3327122570,1143327003500
16213,СЗ СУРИКОВ,2460122682,1232400000711
18838,СЗ ГРАНД,5001135962,1205000089128
12726,СЗ ГАЛАКТИКА,2901304671,1212900001225
16163,СЗ НЕБО,2721246974,1202700008367
6769,ДЖИ.И.АР. БРОКЕР,5406312306,1055406142758
6800,СЗ КОМФОРТИНВЕСТ,7714909436,1137746559268
16652,СЗ СИЛИКАТДЕВЕЛОПМЕНТ,7734440512,1217700055539
15772,СЗ СЕВЕРНЫЙ ГОРОД,7801720123,1237800003561
19246,СЗ СК-12,275931710,1230200039497
26972,СЗ КОМПАНИЯ 2К,9725132650,1237700572669
924,СЗ ПРОСТОРНАЯ ДОЛИНА,7725299158,5157746142901
16548,СЗ ПРОГРЕСС АЛЬФА,6671259757,1236600009557
17833,СЗ ПРОЕКТ-СТРАНА-3,6500004710,1226500003597
22404,СЗ ТКН-НЕДВИЖИМОСТЬ,6150101714,1216100030926
19482,СЗ ЗАВОДСКАЯ-1,5038177415,1235000053100
23540,СЗ ЯБЛОНОВСКИЙ,100007105,1230100003396
13611,СЗ ФЛАГМАН ИНВЕСТ,725024471,1180726001224
138,СЗ РУС,7530008329,1027501178022
11541,КОМОССТРОЙ КРАСНАЯ ГОРКА СЗ,1831194501,1191832011535
13882,СЗ ГРАНЕЛЬ МОНОЛИТ,5018198590,1195081007208
22743,СЗ ЕДИНСТВО,3300003270,1233300005674
23322,СЗ АРТ-СИТИ,274976475,1220200044789
40847,СЗ ОКТАВА,1683021069,1241600023170
196,ЭНКО СТРОЙ,7203395205,1167232081280
17675,СЗ ТРАТТА-ЦЕНТР,7743039385,1157746021730
2292,СЗ ЖСК,1515915160,1081515000984
17552,СЗ МАССАНДРА ПАРК,9102226941,1179102007864
11430,СЗ ТАЛАН-РЕГИОН-31,1841087700,1191832016199
14907,СЗ ЖК УМНЫЙ ДОМ ЛИТЕРА 10,278968789,1210200037772
9266,СЗ ПЕРХУШКОВО-ДЕВЕЛОПМЕНТ,7705776099,1077746278280
15628,СЗ КВС-ПУШКИН,4706051734,1224700015484
12253,СЗ ЭКСТРАГРАД,7743345216,1207700288510
20874,СЗ ТРОИЦКЖИЛСТРОЙ,7751174839,1197746757240
16648,СЗ СУ-2007,9310008599,1239300007000
35158,СГМ СТРОЙ,9001031696,1259000000522
23051,СЗ СК10 №15,6163233725,1246100022904
602,СЗ БЕРЕНДЕЙ,5016018436,1095038004610
16660,СЗ ИКАР ЗАПАД,7453338538,1207400044378
17164,СЗ ИНВЕСТСТРОЙ,5837084358,1235800006518
17001,СЗ СИРИУС,7453348790,1227400036885
16802,СЗ ЭС АЙ ЭС ДЕВЕЛОПМЕНТ,7722490780,1207700291996
8285,ИНСК СПЕЦМОНТАЖ,5007044373,1045001601677
7673,СЗ УЛЕЙ ДЕВЕЛОПМЕНТ,7203285756,1127232067621
29836,СЗ НОВАТОР-1,7203590982,1257200005589
14382,СЗ ЦЖС,6670314878,1156658007659
9042,СЗ РАСЦВЕТАЙ НА КРАСНОМ,5406655430,1105476104084
12118,СЗ ОЛИМП-Н,3460078019,1203400001265
14938,СЗ ССК СТРОЙ ГРУПП,2636218486,1202600014814
5159,СЗ ДОНСТРОЙ,6316056963,1036300551979
2916,СЗ-21 ЮСИ,2635224494,1162651079403
31640,СЗ НИКС НА ЭНТУЗИАСТОВ,7451466372,1237400044265
16827,СЗ РЕНОВАЦИЯ-БАЛАШИХА,5027300762,1215000110324
15572,СЗ ТКФ СТРОИТЕЛЬ,3661003197,1033600042277
15610,СЗ ДОНСТРОЙ,6319194231,1156313013669
9123,СЗ СОДРУЖЕСТВО,2801202330,1142801009999
21053,СЗ РСП,9303036299,1249300002380
10263,ПДСФ АГРОДОРСТРОЙ ООО,2015037423,1032001204036
12168,МАЯК,608022400,1130608000731
15267,СЗ АСС,2309155229,1172375037251
2089,СЗ КОШЕЛЕВ - ПРОЕКТ САМАРА,6312134360,1136312010999
967,СЗ ФИЛАТОВ ЛУГ,7708305161,5167746372701
1651,КОЛЬЦО,6316177069,1126316006431
36423,СЗ ЮГРЕСУРССТРОЙ,9500030602,1259500001584
5443,СЗ ИНВЕСТСТРОЙГРУПП,5040069939,1065040010463
16834,СЗ СЕЛИГЕРСКИЙ,9705160970,1217700514877
9532,СЗ СЕРЕДНЕВО,7714911058,1137746624828
16762,СЗ БЕЛЫЙ ГОРОД,3100000962,1223100006359
33548,СЗ А. ЛИНЁВА,9403032097,1249400009616
184,РИМЭЛИТСТРОЙ,5405422024,1105476067993
23699,СЗ УЛИЦА ХАДИ ТАКТАША,7703469230,1197746011253
22178,СЗ ПАРК РАЗВЛЕЧЕНИЙ,7708398448,1217700419001
13195,НЬЮТОН ДЕВЕЛОПМЕНТ,7724494477,1197746701932
23517,ЗАСТРОЙ СПЕЦЗАСТРОЙЩИК,7813654242,1217800091190
7669,СПЕЦГАЗСТРОЙ,7704307104,1157746150858
14928,СЗ ОТРАДА ВИЛЛАДЖ,5024087680,1075024004725
28896,СЗ ПРОМЕТЕЙ,9108004367,1149102063274
17490,СЗ УЛИЦА БОТАНИЧЕСКАЯ,1686029299,1231600034819
8411,СЗ ФЛАЙ ПЛЭНИНГ,7453326701,1197456009178
17568,СЗ СЕМНАДЦАТЫЙ КВАРТАЛ,5902146769,1045900084581
11700,СЗ СМТ,7743321180,1197746652113
21994,СЗ АТЛАС ТИТОВА,6671292754,1246600005398
284,СЗ МИК,1326183513,1021300979127
3295,СЗ КОМ-БИЛДИНГ,3444118218,1043400339432
18037,СЗ СИВЕРСА,6150100975,1216100005054
7956,СЗ ПРЕСТИЖ,7842405353,1097847073543
14459,СЗ Ю-ДЕВЕЛОПМЕНТ,2724226895,1182724002900
18738,СЗ ГОРАКС,7725270350,1157746357801
14572,СЗ ПАРИТЕТ,9705093145,1177746323622
10667,СЗ ВИРА НА КОМИНТЕРНА,5401982272,1185476013360
27695,СЗ ГРАНД АВЕНЮ,274394847,1250200014734
17869,СЗ НИКОЛЬСКАЯ КОЛЛЕКШН,272921840,1230200021281
18667,СЗ РАЗУМ НА ТИТОВА,3000010879,1233000006425
15157,СЗ МИЦ-6,9705166315,1227700121516
44595,СЗ СИБГРАД ПАРК,5501293396,1265500005594
40681,СЗ АЛЬТЕРНАТИВА,4400020175,1244400002307
2171,СПЕЦЗАСТРОЙЩИК ТСИ,1656078980,1141690063052
10324,СЗ СОЮЗ-СЕВЕР,2224201116,1192225040138
13572,СЗ РУТ,2311307895,1202300042251
2869,АРСЕНАЛ ГРУПП,4703142302,1144703003840
11984,СЗ ОСТАНКИНО,9715337922,1197746097262
3282,СЗ ТЦС РАЗВИТИЕ,3664043840,1033600030727
15449,СЗ НОВА-СТРОЙ,1513078614,1191513007014
17379,СЗ ГРУППА,2543154582,1212500000085
17269,СЗ ТЕМЕЛ,2536328661,1212500015640
18664,СЗ ПРОСТРАНСТВО - СТРОЙ,3000006992,1233000002520
17608,СЗ СТАТУС,5038164977,1225000060416
17033,СЗ ЧЕТЫРЕ ГОРИЗОНТА,7806567158,1197847231515
17491,СЗ РАДИУС,1686029098,1231600033730
11023,СЗ ГКС,1101168940,1201100003081
3015,СЗ СИБСЕЛЬМАШ,5404200318,1025401489244
18569,СЗ ПРОФИ-ПЕРВОМАЙСКАЯ,5038175915,1235000040230
1504,СЗ ФИНПРОЕКТ,5904151980,1065904124846
1542,СЗ ГСК АРБАН,2460068548,1052460039334
29750,СЗ СОЛНЕЧНАЯ,9311026992,1249300021079
21966,СЗ ПРАКТИКА-А,6671291101,1236600077944
23178,СЗ ЗАПАДНЫЙ ПРОСПЕКТ 82,9109026814,1219100016915
20577,СЗ ЛЕВЫЙ БЕРЕГ,3602011975,1183668018599
12912,СЗ СТРОИТЕЛЬ-ЮГ,2310128974,1072310014303
7348,СЗ КОНГРАДА,1655395672,1171690121888
3846,СЗ СТРОЙГРУПП-07.,725018380,1160726050946
13059,СЗ ЛИСТСИТИ,5610240690,1215600000670
2415,СЗ ГЛОБУС,6215031641,1176234020159
14373,СЗ ЗОДЧИЕ,3664074936,1063667255277
17858,СЗ ТЕРМИНАЛ,2901250659,1142901008799
7904,СЗ ГОЛДГЕОПРОМ,7536170310,1187536001256
14015,СЗ ТАЛАН-РЕГИОН-45,2543103122,1162536087108
13408,СЗ СОЮЗ-АЛУШТА-1,9103094663,1209100013100
17334,СЗ РАЗУМ-БОЕВАЯ,3000006520,1233000002069
11193,СЗ ЮПИТЕР,7203378344,1167232061347
1028,СЗ ИК ПАРАПЕТСТРОЙ,3810331790,1133850025407
32694,СЗ Ч1,5800014019,1255800002138
19158,СЗ КВАНТ РЗВ,3662309389,1243600005527
19244,СЗ ТАЛАН-РЕГИОН-54,1800002295,1231800012575
13623,СЗ БЛИЗКИЙ,1657261674,1201600041169
19516,СЗ НОВЫЙ РАЙОН,2901310516,1222900004150
18418,СЗ ФДБ,3702240591,1203700005772
16765,СЗ ДВ КРИСТАЛЛ 2,2700005880,1232700002391
31232,СЗ ПРАКТИК,2635258341,1232600010191
12761,СЗ МАЛЫШЕВА,6679139758,1216600006017
31802,СЗ ГАРМОНИЯ,274389491,1240200030212
1640,СЗ СТРОИТЕЛЬ,1841052048,1151841005271
537,СЗ КОРТРОС-ПЕРМЬ,5902197019,1055900309497
19451,СЗ ПМ-ДЕВЕЛОПМЕНТ,9714056333,1247700543408
1491,СЗ ВЕСЁЛОВКА-4,5836658151,1135836003654
3224,СЗ СТОЛИЦА,7452143582,1177456075367
727,МЕГАПОЛИС ГРУП,7703820909,5147746296253
40661,СЗ РОДИНА-ПАРК,278983346,1240200020455
17274,СЗ НКП,1200010470,1231200002131
30414,СЗ ПРОФСТРОЙ ГРУПП,5038188054,1245000033112
13794,СЗ ПРОМСТРОЙ-М,4205090997,1054205204316
11547,СЗ ПОРТАЛ,7813298435,1187847018237
14652,СЗ ТРЕСТ-17,7447295195,1207400020332
43859,СЗ МДЦ-СТРОИТЕЛЬСТВО,1686056373,1261600006645
27767,СЗ 17-Я ЛИНИЯ,7801720846,1237800015705
15171,СЗ ОНИКС,5904385025,1205900023999
10844,СЗ ТПУ ЭЛЕКТРОЗАВОДСКАЯ,9701052148,5167746212057
37975,СЗ ЛИНИЯ ЖИЗНИ,9303018282,1229300110050
37309,СЗ РАЗУМ НА УКТУСЕ,3000022909,1253000005983
12534,СЗ АТОМ-СУХОДОЛЬСКАЯ,6685168098,1196658071158
13625,СЗ ГРАНДСТРОЙ ДЕВЕЛОПМЕНТ,3808274978,1213800024470
16024,СЗ ДЕЛОВОЕ ПАРТНЕРСТВО,2312118428,1052307177416
35544,СЗ УЛЬТРАСИТИ,277969420,1250200019453
12675,СЗ СЕВЕРНАЯ КОМПАНИЯ,6234145860,1156234009986
14048,СЗ КАТЕРНАЯ,2536330653,1212500026034
37905,ХИМСТРОЙ,561002130,1020502529079
22201,СЗ НАНЖУЛЬ 12,2465364082,1242400023084
19794,СЗ ТАЛАН-РЕГИОН-48,1841106896,1221800018692
16880,СЗ ЖК ГРЭС,9102269462,1209100017059
14901,СЗ ГРАНД ДЕВЕЛОПМЕНТ,276967204,1220200002241
13814,ПАРУС-СТРОЙ,1513071584,1181513005288
12237,СЗ СТРОЙСИТИ,2635246057,1202600008380
5072,СЗ НАРАСТРОЙ-М,7727507100,1047796184842
18988,СЗ ГРИНСТРОЙ-ЮГ,6165209460,1176196043110
17530,СЗ СЕНС.СУХАРЕВСКАЯ,7743341250,1207700201235
17039,СЗ АКВИЛОН ЯНИНО,7801693222,1217800003970
29468,СЗ ВИРА 27,5410135057,1235400015080
10157,СЗ ПОКОЛЕНИЕ,3665800732,1183668030820
41372,СЗ МЕТА-ГОГОЛЯ,5405090516,1235400047079
17366,СЗ ПРЕМЬЕР ПАРК ТУЛА,7100043258,1237100012005
2941,СЗ ИСК АВАНГАРД,2222849462,1162225082062
15044,СЗ МИХЕЕВА ПАРК,7100018558,1227100003349
17585,СЗ ВОСТОК-СТРОЙ,554008519,1210500016870
17789,СЗ ФАМИЛИЯ,7100034574,1237100003084
7964,СЗ ГКХ,3662132710,1083668014517
17803,СЗ ФАРМЭЛЛИНРУС,7714599865,1057746809790
21399,СЗ ПРИБРЕЖНЫЙДОМ,9102273620,1219100008126
23865,СЗ АТЛАНТИС ОДИНЦОВО,5032336901,1225000002468
18467,СЗ БИРЮЗА,5402063803,1205400055563
21839,СЗ ПРОФИ-КОРОЛЕВ,5038183320,1235000124809
23637,СЗ ЗОЛОТОРОЖСКИЙ 11,9701194992,1227700039951
9103,СЗ ФЛАЙ ПЛЭНИНГ ПАРТНЕРС,7453326726,1197456009200
13485,СЗ ЗАРЕЧЬЕ,7723089807,1027739830777
18711,СЗ ЮНИТ,2722137417,1222700004020
17213,СЗ СКАЗОЧНЫЙ ЛЕС-7,1655488670,1221600090832
15221,СЗ РАЗУМ - ЗЕЛЕНЫЕ КВАРТАЛЫ,3019028647,1203000003491
17663,СЗ ЗАРЯ,1685007140,1221600081746
13486,СЗ ЭКОСТРОЙ,9709068598,1217700009482
31200,СЗ ЛУЧ,7733567146,1067746533117
37369,СЗ ПРАЙМ ЦЕНТР,272926951,1240200030443
17455,СЗ НОВЫЙ КВАРТАЛ,5243039658,1205200009475
13304,СЗ ПЕРЕСВЕТ-ЮГ КВАРТАЛ,3443147470,1213400009360
16424,СЗ ВЕРХНЕКОТЕЛЬСКИЙ,9724099632,1227700595044
18750,СЗ БЕЛЯЕВА 17,5903147780,1205900029686
18885,СЗ АВТОР. ПРО,8601074315,1238600008679
42,СЗ 5 ДОНСКОЙ,7709414460,1037709027839
4815,СЗ ЗСЖБ №6,5506035536,1025501247100
3373,СЗ ФИНСТРОЙ,6316051073,1026301160115
18577,СЗ НД - 1.3.1 КПД,276956114,1200200054977
19513,СЗ ПРОЕКТ-С-32,1686030960,1231600045280
13699,СЗ ГРАНЕЛЬ СТОЛИЦА,7751184690,1207700314711
23141,СЗ АВТОЗАВОДСКАЯ 22,9717144860,1237700675035
13401,СЗ АТЛАС ПАРК СТОЛИЦ-3,6671119100,1206600053472
7691,ПЕНЗГОРСТРОЙЗАКАЗЧИК,5836689368,1195835005046
10340,СЗ АТОМ-ПАРИНА,6685172425,1206600011925
22137,СЗ ПРОЕКТ-С-33,6658566413,1236600051269
13427,СЗ ТПУ ШЕЛЕПИХА,9701021809,5157746084007
22095,СЗ ТАЛИСМАН,5906170402,1215900012811
24685,СЗ СТРОЙ МИР. ДЕВЯТЫЙ,7203580399,1247200015391
34628,СЗ ПРОЕКТ-С-55,1658249750,1231600057941
18371,СЗ ФАДЕЕВ,5402077066,1235400008117
6086,СЗ ГРАНЕЛЬ ИНВЕСТ,7714869543,1127746264744
15303,СЗ КОМПЛЕКС,3811474279,1213800012073
15950,СЗ УЮТНЫЙ ДОМ 2009,2465331376,1202400009250
16923,СЗ ОКТАКРОН,1650275639,1131650021216
23231,СЗ ТЭН ШИРОКАЯ РЕЧКА,6658550950,1226600004641
8817,ВЕРХОВОЕ,2635825953,1132651032051
400,СЗ СК КОНТИНЕНТ,3305055169,1063332011159
2566,СЗ СОЮЗ ИНВЕСТ,7813232681,1157847338329
17643,СЗ Д-СТРОЙ,6319250447,1206300069766
18611,ЭРА-СТРОЙ,1513069200,1181513000668
13886,СЗ ГРАНЕЛЬ ТН,5018196410,1185053033516
15696,СЗ БАЛАНС ОДЕССКАЯ,7203542700,1227200013897
17372,СЗ БАЗИС,7100039269,1237100007990
15027,СЗ ФЛАГМАН,2311176025,1142311010820
13309,СЗ ННДК МЕЩЕРА,5260471829,1205200022510
7149,СЗ АТОЛЛ,7719673738,1087746366070
3609,СЗ ТЕРМОДОМ-ИНВЕСТ,5838045094,1075838000391
20317,СЗ ВОСТОЧНЫЙ,7714374251,1167746167511
19295,СЗ СК-11,275931702,1230200039486
13487,СЗ АРТСТРОЙ,9709068340,1207700502602
3613,СЗ ИН-ГРУПП БОЛЬШОЙ,7733150031,1027733019236
17909,СЗ СВ ДЕВЕЛОПМЕНТ,5610250353,1235600007950
11814,СЗ ОСК 7,2536314820,1182536046626
1323,СЗ СМИТИНВЕСТ,326514530,1130327009559
16045,СЗ АТОМ-БАБУШКИНА,6685203641,1226600056297
14671,СЗ РИА ВЕГА,1400006270,1221400002768
23243,СЗ МЕТЕО-КОМФОРТ. СОВЕТСКИЙ,3444279840,1233400007389
18621,СЗ НОВОЕ ИЗМЕРЕНИЕ МИСТОЛОВО,7805800436,1227800159080
15179,СЗ ЦЕНТР БИЗНЕСА ПАРИТЕТ,6316140492,1086315013553
16473,СЗ СТРОЙЖИЛСЕРВИС-4,2628051000,1082628000795
6558,АТЛАНТИКС,2536231980,1102536008123
18710,ПРИЗМА,5837082745,1225800007597
30432,СЗ ОСТРОВСКИЙ ДЕВЕЛОПМЕНТ,1655507393,1251600009902
846,СЗ СОВРЕМЕННОЕ СТРОИТЕЛЬСТВО,1650266930,1131650011790
17688,СЗ АК БАРС НЕДВИЖИМОСТЬ,1660238957,1151690018996
19060,СЗ БРИК,5503267377,1235500000526
10613,СЗ АКТИВ ДЕВЕЛОПМЕНТ,6686109761,1186658074800
33278,СЗ ВЕГА,9724193106,1247700414752
17218,СЗ ГОЛОС.КАШИРИНЫХ,7447099930,1067447048140
14895,СЗ ОПАЛИХА-ПАРК,7734447807,1217700550022
18993,СЗ СОЗИДАНИЕ,2100008007,1232100004510
374,СЗ СТРОИТЕЛЬНЫЙ ТРЕСТ,7804004544,1037808001890
35346,СЗ ГОРОДСКОЙ БОР,5074085304,1235000143949
24266,СЗ КАПИТАЛ,7810731072,1187847148994
10208,СЗ ЮРСК,2312288109,1192375079973
4055,ЭКСТРАРЕГИОН,6228045088,1026200950621
9284,АЛЬЯНС ЭСТЕЙТ,5836690557,1195835010590
24392,СЗ ПАТРИОТ ПАРК-3,7100058631,1247100010420
10573,СЗ ПЛАМ,9718128966,1197746104082
43312,СЗ БЕЛОКУРИХА ГОРНАЯ,9704266050,1257700475702
13897,СЗ ТАЛАН-РЕГИОН-9,1841076521,1181832001801
13660,СЗ КОНСТРУКТИВ ДЕВЕЛОПМЕНТ,2461048015,1212400018511
32620,СЗ МЕДИНА ХОУМ,500009749,1240500006977
14145,СЗ СК ПЕРСПЕКТИВА,274958807,1200200043262
23293,СЗ ПРОЕКТ-С-66,8602312594,1238600011297
37935,СЗ СТРОЙКОМПЛЕКТ-2,7100005157,1217100005022
13457,"СЗ СМАРТ ДЕВЕЛОПМЕНТ, ООО СЗ СМАРТ ДЕВЕЛОПМЕНТ",2536323448,1202500011702
12640,СЗ ВОСХОД,6141057554,1216100009784
14999,СЗ РОЯЛТА,9103006709,1149102057390
8457,СЗ МИХАЙЛОВСКИЙ ПАРК-КВАРТАЛ,7017424586,1177031073141
8526,СЗ ГВ ДЕВЕЛОПМЕНТ,6314040421,1156313030917
27512,СЗ ФОРТУНА,700007178,1220700005833
7304,НАЙОМЕ-ИНВЕСТ,9705057330,5157746211651
15034,СЗ СБК ТЮМЕНЬ,7203525503,1217200014448
15417,СЗ МЕТРИКС НЕБУГ,2308286934,1222300041721
15074,СЗ УЮТНЫЙ КВАРТАЛ,4205399464,1214200012256
15579,СЗ СТРОЙКОМПЛЕКТ-1,7100005140,1217100005011
13470,СЗ ОКТЯБРЬСКАЯ НАБЕРЕЖНАЯ,4703180467,1204700022780
3311,ЭНКО ТРЭЙД,7202247645,1137232029769
220,НОВОЕ ВРЕМЯ,6316161887,1116316000800
2285,СЗ КСИ-СТРОЙ,3810044393,1063810030360
17385,СЗ МАРЬЯНСКИЙ ПАРК,2308288265,1222300057275
15036,СЗ А-19,5260472702,1205200028990
17529,СЗ А74,7452158892,1227400007636
23031,СЗ БИЗНЕС ЦЕНТР,274949658,1190280058540
19006,СЗ ГВОЗДИКА,5405043058,1195476044224
6649,СЗ СМУ 88 НЕДВИЖИМОСТЬ,1660069836,1041630202679
5734,СЗ ИСК СТРОЙТЕХСЕРВИС,5611022790,1025601715149
15616,СЗ ДВ КАПИТАЛ,2543042342,1142543003415
14771,СЗ БСП,1655458428,1211600039738
15176,СЗ СИГМА-СТРОЙ,6316266008,1206300037195
23090,СЗ СТРОИТЕЛЬ,6164142728,1236100027910
18582,СЗ СУ-16,276974635,1230200012460
16097,СЗ СУ-8,274972417,1220200017311
9899,СЗ ЛУГОМЕТРИЯ 11,5835134740,1195835016464
24596,СЗ ДЭЛЬТА,2540256040,1202500011097
16304,СЗ СТРАТЕГ,276972807,1220200043040
14989,"СПЕЦСТРОЙ ПЗСП - АВТОЗАВОДСКАЯ, 5",5903153776,1225900013085
8587,СПЕЦЗАСТРОЙЩИК САЛЮТСТРОЙ,4345489492,1194350002769
20596,СЗ ВАРХАУС,7726759513,5147746283471
19076,СЗ ДУБНИНСКАЯ,9702056226,1237700311122
41723,СЗ АКВАТОРИЯ 4.0,7203590848,1257200005446
13792,СЗ СПЕКТР,6164133064,1206100033490
1827,СЗ СФ КОМПЛЕКС,2124012066,1022100909490
22673,НСИ-ЮГ,2308297069,1242300027848
20309,СЗ СПЕЦ ТЕХ СЕРВИС,5902065848,1235900013700
34273,СЗ А КЛАСС,7710552190,1047796571734
19063,СЗ ВЛАДИМИР,6316275309,1216300054101
8621,СЗ ЮГ-ЦЕНТР,6685165435,1196658052645
17547,СЗ РИВЕРПАРК 3,6671271779,1236600033625
20532,СЗ КОМБИНАТ БЛАГОУСТРОЙСТВА Г. МАХАЧКАЛЫ,560035704,1070560002798
31792,СЗ АТЛАС НОВОМОСКОВСКИЙ,6671334450,1256600027640
17665,СЗ АТЛАС РИВЕР ПАРК,6671179893,1216600051084
16415,СЗ ИСТОК-ИНВЕСТ,2100004718,1232100001220
6416,СЗ ТД ГРАЖДАНСТРОЙ,6731053270,1066731002777
2543,ВОЛГАСТРОЙДЕВЕЛОПМЕНТ,2127027670,1062128153141
15269,СЗ АЛЬФА,7708397268,1217700326634
11902,СЗ СТРОЙ ПРОЕКТ,2543104912,1162536092245
22212,СЗ ЭЛЬ-САМ,545020855,1080545000832
17243,СЗ СНЕГОВАЯ-КОМФОРТ,2543157110,1212500010249
16686,СЗ ПРАВОБЕРЕЖНЫЙ 3,4706046357,1224700003142
12821,СЗ ПРИБРЕЖНЫЙ ПАРК,5027294766,1215000031377
15123,СЗ РИВЬЕРА-ЦЕНТР,6670510022,1226600044472
12860,СЗ НЕДВИЖИМОСТЬ,5007102191,1175007011783
31629,СЗ ПРАЙМ СКВЕР,5404221300,1215400040646
15660,СЗ ПРОЕКТ 94,6316269560,1206300070701
6774,СЗ ГИМ ГРУПП,3328019537,1173328016938
3871,СЗ ИНВЕСТ-СТРОЙ,5029169930,1135029000182
17435,СЗ АЛЬКОР - НА НАБЕРЕЖНОЙ,7805789856,1227800024517
17671,СЗ МД ПРОЕКТ,9725093249,1227700514073
12750,СЗ НОРДСТРОЙ,5501264927,1205500015082
33882,СЗ СК ВОЗРОЖДЕНИЕ,9308026880,1249300017196
33190,СЗ СУ-56,5609205959,1245600007080
13253,СЗ ПРОГРЕСС,7734565448,5077746932665
18530,СЗ АЛЬРЕКО,544014190,1210500000589
13626,СЗ ДОМ АРТ,2724231486,1182724027640
9504,СЗ МОЙ РИТМ 3,1660212500,1141690050831
13784,СТАНДАРТ-СТРОЙ,547010394,1160571064796
16624,СЗ ЭЛИТСТРОЙ,542017847,1170571017264
15128,СЗ БСК,3918010223,1073917005580
17206,СЗ НОВЫЙ ДОМ,272921713,1230200016386
15739,СЗ ТРЕСТ-14,7447295156,1207400020244
20678,СЗ ФЕМИДА,2543125334,1182536015199
20806,СЗ БАЛТИК-СКАН,3917017466,1033902805530
10895,СЗ ТПУ МИЧУРИНСКИЙ ПРОСПЕКТ,9701041192,1167746497555
17434,СЗ ПРОГРЕСС ПРОЕКТ,3000005244,1233000000782
13380,СЗ БИЗНЕСПРОЕКТ,2312264725,1172375074079
16370,СЗ ИСБ-ЗАУРАЛЬЕ,4500003952,1224500005025
14807,ФИРМА ТРЕСТ 12,6319054555,1026301702613
13984,СЗ МОСКВОРЕЦКИЙ ДОМ,7716951338,1207700441420
13349,СЗ ЭКО-ГОРОД,7203463991,1187232030050
26655,СЗ СИК ДОМ,3918011604,1153926010369
13471,СЗ ФОРТУНА,5752053664,1105752001740
17816,СЗ СТОУН ДЕВЕЛОПМЕНТ,7203532966,1227200001896
11720,СЗ ЮСК-ЮГ,2634107879,1202600016520
18424,СЗ ЖИЛСТРОЙ-35,2014038897,1232000006611
26705,СЗ СИТИ СТРОГИНО,7735191428,1217700258214
18893,СЗ ПРОГРЕСС СТРОЙ,2311363201,1242300019818
3288,СЗ ЛСТ ДЕВЕЛОПМЕНТ,7841354900,1077847032614
24573,СЗ КВАРТАЛЫ НЕМИРОВИЧА 2,5407977631,1205400010012
13789,СЗ СКАЗОЧНЫЙ ГОРОД,2464229877,1102468052719
34165,СЗ СИНЕРГИЯ-РИЭЛТИ,7810989219,1147847332544
23879,ДОМЭЛИТСТРОЙ,2015001184,1102031003370
19013,СЗ ЦЕНТР НЕДВИЖИМОСТИ,7729741151,1137746432097
17362,СЗ ЦЕНТРСТРОЙ,2511117700,1212500019819
13057,СЗ ТЕХСТРОЙ-Т,1651035012,1031619000159
16742,СЗ РИТМ ДЕВЕЛОПМЕНТ,4706043395,1214700017432
1089,СЗ ДСК КПД-ГАЗСТРОЙ,5410045452,1125476007260
28869,СЗ ЭВИЛИН-ПАРК-1,2635265250,1252600005338
8519,СЗ ЭКО-СТРОЙ,7203456754,1187232021162
2653,СЗ ШЕФ ПОВАР,3904048756,1023900584619
16939,СЗ РЕСУРС ДЕВЕЛОПМЕНТ - ОСТРОГОРНАЯ,2543167976,1222500019763
23327,СЗ БЕЛЫЙ КВАРТАЛ,7453357210,1237400047334
8654,СЗ НЕКРАСОВСКИЙ,275914256,1180280011262
369,СЗ УНИСТРОЙРЕГИОН,1657102240,1111690007835
3139,КГИС,2311150637,1122311012361
798,СЗ СК ВЕК,1001010821,1021000527965
14810,СЗ СИМСТРОЙПРОЕКТ,9102264739,1209100006862
3343,СЗ ВОРОНЕЖБЫТСТРОЙ,3665056545,1063667239844
15472,СЗ СИНЕРГИЯ-ПРОЕКТ,7810955322,1147847358878
9380,КС КАЗАНЬ СЗ,1660320312,1181690085720
14602,СЗ ОМЕГА САЛГИР,9102261304,1199112020469
22054,СЗ ЛАЗУРИТ,7714477497,1217700497112
18878,СЗ АТЛАНТИС СКАЙ СИТИ,7734459619,1227700551616
14576,СЗ РКС-НАХАБИНО,5024217650,1215000115615
22442,СЗ ПРОЕКТ-С-44,2540280726,1232500029035
18564,СЗ РАЗУМ НА МАТВЕЕВА,3000010710,1233000006260
13668,СЗ ОГНИ,2540215300,1152540007608
1547,СЗ ЭРБИАЙ-7,7801282166,1157847199993
2340,СЗ УНИКОМ,3307021246,1163328056605
22755,СЗ-ТАССАМ,2014042879,1242000006148
15137,СЗ РИВЕРСАЙД,7729326349,1027700206159
18501,СЗ РАЗУМ НА ЗВЕЗДНОЙ,3000009640,1233000005193
2689,СЗ УК ЭФЕС,6670333768,1116670008905
3368,СЗ СТРОЙСОЮЗ,4345276039,1104345006160
14021,СЗ ЗЕЛЕНЫЕ АЛЛЕИ,7203506363,1207200012227
18978,СЗ СК-НОВЫЙ РОСТОВ,6164133240,1206100035514
18634,СЗ СВОЙ КВАРТАЛ,2700004773,1232700001280
18808,СЗ БАЙКАЛ ПЛЮС,7730317067,1247700028883
31140,СЗ ТИМИРЯЗЕВСКИЙ ПАРК,9703027891,1217700084898
18976,СЗ ДОМСТРОЙ-БАРНАУЛ22,2221237570,1172225049590
6121,ГОРСТРОЙЗАКАЗЧИК,3525016782,1023500880370
16860,СЗ ДСК-3,1000006830,1231000000758
1122,СЗ СК СМУ88,1660200103,1141690025223
14605,СЗ ЯРД ИНВЕСТ,3906406291,1213900011467
16380,СЗ ЮГ-СТРОЙ,2540274962,1232500004890
23288,СЗ АРЕНА,7100053016,1247100004370
16989,СЗ КВАДРО,3459065689,1153443028408
21869,СЗ АКВАТОРИЯ ВЛ,2540277360,1232500014559
7377,СЗ ОБД,2312016730,1022301172453
3403,СК НОВЫЙ ГОРОД,572005126,1130572001372
9347,СЗ БМ-ГРУПП,7453321358,1187456021895
9918,СЗ ТСК КАСКАД,2352055982,1192375066036
12922,СЗ ПИК-ПРИМОРЬЕ,2540257614,1202500022152
17712,СЗ СОСЕДИ М-ЛЕВЕЛ,5638081352,1235600007884
2092,НУВЕЛЬ,6215019242,1066234043270
2534,СЗ РУСАГРОСТРОЙ,1215078778,1021200782173
20685,СЗ ИМЕНА. КЛЮЧЕВОЙ,3700012529,1233700010554
28805,СЗ КОМЕТА,7810733390,1187847183259
14744,СЗ ФОРВАРД ГРУПП,9103095265,1209100016685
10884,СЗ КРЫЛЬЯ,7207020736,1207200009510
16649,СЗ ГК СУ-1,276944983,1190280055459
21474,СЗ АКВИЛОН ИВАНОВО,3700017453,1243700002160
37211,СЗ ЭЛИТ.СТРОЙ,7806600983,1227800098844
10891,СЗ КИСЛОРОД,2367015397,1202300044462
225,СЗ ПАРТНЕР-СТРОЙ,7203062823,1027200785842
7523,СЗ СТМ,5904032855,1025900894425
9356,СЗ ДОК,7203480852,1197232014154
15554,СЗ АЛЬФА,7100011055,1217100010907
39403,СЗ ДОМСТРОЙ,7604402315,1257600007422
19269,СЗ ДА НА АМУНДСЕНА,6678135951,1246600013747
9625,СЗ МЕГАТЕК-СТРОЙ,2801255484,1202800001029
39226,СЗ МОДЕРН ПАРК,500047342,1260500000804
34071,СЗГЕОЛОГ ЯМАЛА,2365020666,1132365000019
11067,СЗ РОДНЫЕ БЕРЕГА,2221248109,1202200014477
448,СЗ КОТАР,5027112060,1055013038706
15429,ЖК ПАРКМАЯК СЗ,1840104053,1211800008045
15966,СЗ ЛЕГЕНДЫ НОВОСИБИРСКА,5406801138,1195476071328
17382,СЗ АТЛАС ШАТУРСКИЙ,6671277481,1236600044240
16646,СЗ БАЗИСНЫЙ ЭЛЕМЕНТ,5262115978,1035205765319
12622,СЗ УНИСТРОЙРЕГИОН-1,1660313450,1181690045030
27130,СЗ ТЕКТУМ-1,1655491778,1221600104186
40989,СЗ ЛЕВЕЛ СПБ,7840112351,1247800031346
29087,СЗ ЗАОСТРОВКА,5902064763,1235900001985
134,СЗ СК РБ ИЛИ АО СЗ СК РБ,326012555,1020300987420
17268,СЗ ОСКАР,5405045312,1195476055610
16013,СЗ МЕГАПОЛИС,300007141,1220300005342
16769,СЗ БЛИЗНЕЦЫ,5260484627,1225200024719
13954,СЗ НД - 1.2.1 КПД,276956795,1200200060356
22926,СЗ АСПЕЙС ХОРОШЕВСКАЯ,7725520786,1047796725448
19835,СЗ ПМД-ПАРКОВЫЙ,5904402513,1225900016253
147,СЗ УДС-ДЕВЕЛОПМЕНТ,1841036511,1131841006318
10833,СЗ ГРАНЕЛЬ ЖЛ,5018198181,1195081001455
27754,СЗ ИНВЕСТ-СТРОЙ,9103084908,1179102014354
27745,ЛЕГЕНДА МАГНИТОГОРСКОЙ,7810405791,1257800017485
8571,СЗ ВИРА НА БРОННОМ,5410076757,1185476086377
8866,СЗ МАРГО,2318030032,1042310483500
14351,СЗ ПРОГРЕСС,5404084566,1195476006164
15682,СЗ К11,7716945454,1207700077386
11907,СЗ СПЕЦИНЖСТРОЙ,6318111144,1026301527823
188,ГЛАВСТРОЙ-СПБ СЗ,7839347260,1069847534360
12893,СЗ ДОМОСТРОЙ,5836623303,1065836012813
12337,СЗ ДС-ИНВЕСТСТРОЙ,2223613734,1162225093425
32230,СЗ ДЕКОМ,9714022038,1237700682119
15522,СЗ СКМ-БЛЮХЕРА,6670506650,1226600003740
11930,СЗ ЗЕЛЕНЫЙ ПАРК,722005093,1190726002994
33089,СЗ СИНИЦА. РЕФОРМА 1,6658580104,1256600034240
10541,СЗ ПРИМОРСКИЙ,2901301840,1202900003745
8198,СЗ ВОСТОК ДЕВЕЛОПМЕНТ,7202197553,1097232016254
20142,СЗ КРОНУНГ ЮГ,7840109567,1237800124341
14457,СЗ ДАГЖИЛСТРОЙ,554007459,1210500003306
18437,СЗ СТРОЙЖИЛСЕРВИС-6,2628062235,1242600000170
31303,СЗ РАУМА,5032381196,1245000074571
34715,СЗ ПАРТНЕР,7604362782,1197627028829
22001,СЗ АСИ-7,278941882,1180280038289
20819,СЗ РКС-ЮЖНЫЙ ФОРТ,6900012338,1246900008101
17044,СЗ МЕРИДИАН ВОСТОК,7203551944,1237200003237
37678,СЗ СУ-7 ГРУППА А,2635266014,1252600009045
1269,СЗ ПЕТРОВА-1,1831157235,1121831008705
17543,СЗ ГРАНИТ,5038180672,1235000088630
12722,СЗ ПЕРЕСВЕТ-ЮГ МЕТИЗНЫЙ,3443142955,1193443009176
30629,СЗ ИНВЕСТРЕСУРСПЛЮС,1650321123,1151674004415
14579,СЗ ЮГ-СТРОЙФОРТ,6150101320,1216100018507
17202,СЗ АТЛАНТСТРОЙ-3,2502068976,1222500018366
398,СЗ ОМСК-ТРЭЙС,5507061970,1025501380519
37457,СЗ ХАНСА МОСКОВСКИЙ,7802705248,1207800038786
15570,СЗ ЮНИТ,5402072540,1225400016710
11113,СЗ ЭТАЛОН БАЛТЫМ,6686128299,1206600054088
12915,СЗ МЕГАСТРОЙ,2366021006,1202300030602
14238,СЗ НЕОПОЛИС,3906397865,1203900016176
11161,СЗ ЛОГИСТИК 48,4824063550,1144824000628
10594,СЗ К ПРОЕКТ,7751164527,1197746384010
23352,СЗ ОРБИТА,7842192169,1217800073501
14680,СЗ ЦВЕТНОЙ БУЛЬВАР,3257077762,1213200000144
21087,СЗ ПРОГРЕСС-32,5406830876,1235400015553
23895,СЗ СТРАНА.ТОПОЛЁВАЯ,6165204247,1166196107142
13981,СЗ АЛГОРИТМ СЕРТОЛОВО,7802917676,1217800174283
16238,СЗ К-25,7802935467,1237800005673
20850,СЗ ЛОДОЧНАЯ,7733813507,1127746682755
11394,СЗ ТРИ ЭС НОВЫЙ ГОРОД,9701144617,1197746527439
8136,СЗ ПАНОРАМАИНВЕСТ,7460044666,1187456058426
23175,СЗ РАЗВИТИЕ КУРОРТОВ ПЯТИГОРСК,2632124981,1242600015052
11062,СЗ ДС,2464123327,1152468053880
19781,СЗ КОМФОРТ,2901305820,1212900003304
22175,СЗ ЭКОПЛЮС,2006008497,1242000001055
7849,СЗ КАПИЛИР,3528098110,1053500217517
33067,СЗ ЭРИДАН,1655502243,1241600020034
24600,СЗ СТРОЙКОМ,100007190,1230100003484
13698,СЗ КПД-ГАЗСТРОЙ СИТИ,5410088086,1215400022694
6350,СЗ ТЕРИБЕРСКИЙ БЕРЕГ,7701511447,1037739970773
3945,СЗ РИК,3665048336,1053600015886
12432,СЗ КОРОНА,7751179883,1207700161151
16042,СЗ НОВАЯ ЖИЗНЬ НАГАНОВА,7300007000,1227300010717
12926,СЗ ПСК ДОМ - ЦЕНТР,7203380897,1167232064394
10837,СЗ СИБИРСКИЕ ЗВЁЗДЫ,5410083955,1205400022332
18465,СЗ ТАЛАН-РЕГИОН-38,1841099906,1211800013150
19214,СЗ АРИСТОВО-СИТИ,9717125289,1227700825538
18956,СЗ САМОЛЕТ-КОРОЛЕВ,5027310217,1225000108893
1848,СЗ КАСКАД,7448189746,1167456063092
23708,СЗ ДИНАСТИЯ,1400033612,1241400003613
22896,СЗ ШИРОТА-2,2221261702,1242200011998
14268,РСУ СЗ РАЗВИТИЕ,3662134153,1083668020303
16673,СЗ РНГС,5408027390,1205400030362
16145,СЗ ЮЖНОЕ,9727001740,1227700376837
16982,СЗ ДАГДОМСТРОЙ,554007480,1210500003625
17887,СЗ ГАЛС-ШЛЮЗОВАЯ,9705211180,1237700744005
23569,СЗ АВИОР,7810734161,1187847196184
17363,СЗ СМ ЭНТАЗИС,5800000312,1235800008498
10526,СЗ ЛИДЕР-1,2543149279,1202500011031
802,СЗ РИЧ-ПЛЮС,9201004259,1149204012638
17684,СЗ НОВЫЙ ГОРОД,9102256047,1199112010107
19087,СЗ БЛЭКСМИТ,7842184263,1207800116699
7468,ТЕННИС-ПАЛАС,7204098445,1067203209292
164,СЗ ГРАЖДАНСТРОЙ,6730033514,1026701441634
30242,СЗ ЭВИЛИН - ЮГ,2635261930,1242600007825
17205,СПЕЦЗАСТРОЙЩИК ПРОФИ-ЭЛИТСТРОЙ,5038153622,1205000043203
18843,ЦЕНТР УРАЛ,6670515729,1236600025903
21097,КОМФОРТ И ФУНКЦИОНАЛЬНОСТЬ. СЗ,6671307993,1246600037529
17017,СЗ НОВОЕ ВРЕМЯ - ХИМКИ,5047278674,1235000088553
19028,СЗ СЕВЕРНЫЙ-Л,900010724,1240900001077
23566,СЗ ДОМБАЙ-КУРОРТ,2628062330,1242600002171
9421,СЗ ХУТОР,5261047394,1065261002080
18832,СЗ СНЕГИРИ,5404950568,1235400051193
14790,СЗ ПРОЕКТСТРОЙ,2721164369,1082721447820
11619,СЗ КВАРТАЛ-2,3662280796,1193668043854
17632,СЗ КИТ,1500010520,1231500002777
1396,СЗ ВНЕШСТРОЙ,7105005841,1027100684214
19656,СЗ ВИРА НА ДЕРЖАВИНА,5405066048,1215400034651
40985,СЗ ВИДНЫЙ,7447319110,1247400026510
7344,ЯРКИЙ МИР,7722442868,1187746257038
237,ИСК АРКАДА,2536148933,1042503032846
18963,СЗ КРЫЛЬЯ ДЕВЕЛОПМЕНТ,7203575504,1247200009341
12728,СЗ ЭЛИТСТРОЙИНВЕСТ,7604365328,1207600005513
8929,СЗ ГРАДЭК,5838013906,1195835006894
17046,СЗ КВАРТАЛ ПОЛЯНЫ,6234184587,1196234008673
806,СЗ НАДЕЖДА ДЕВЕЛОПМЕНТ,3257008751,1133256013384
16386,СЗ СМОЛДОМСТРОЙ,6732240040,1226700022757
17136,СЗ СТРАНА.НОВОСИБИРСК,9703112561,1227700650066
1740,СЗ АКФЕН,7728306340,1037728055331
402,СЗ ТЕРМОДОМ,5838041075,1025801501274
40994,СК АЛИКОЛОБ 1,500049100,1260500002597
13645,СЗ КОСМОС,2724237167,1192724022589
1378,СЗ ПЕРМСКИЙ,5902137958,1025900512076
17015,СЗ ФОРУМ - ЖК ФОРМА,6671189186,1216600062634
36050,СЗ ТЕРРИТОРИЯ,9403032072,1249400009561
21998,СЗ ГК АБС ЖБИ,3663161456,1233600006606
108,СЗ ВЕГА,3123204306,1093123015556
14189,СЗ КАНТРИ КЛАБ,7751215690,1227700080420
17070,СЗ ГАЛС-ФРИДРИХА ЭНГЕЛЬСА,7714476782,1217700458139
30592,СЗ КОРПОРАЦИЯ СМУ-5,9310017508,1259300000299
21515,СЗ КОНТРАКТСТРОЙ,1200015158,1241200002009
22367,СЗ ЛИТЕРАТУРНЫЙ КВАРТАЛ,9701209688,1227700354837
19254,СЗ АРКТУР,3300009867,1243300001603
15622,СЗ ТВОЕ МЕСТО,100003090,1220100002572
22433,СЗ УВИЛЬДЫ-РЕЗОРТ,7453361230,1247400026323
24286,СЗ ГЕРМЕССТРОЙ,9721079765,1197746265452
14023,СЗ ОНИКС-ДУБРАВА,3102050870,1213100015490
27806,СЗ КАСТОР,5190099428,1245100002290
21974,СЗ ТАЛАН-РЕГИОН-58,1800002506,1231800012784
33008,СЗ ОРГТЕХСТРОЙ,800008834,1230800003213
6458,СЗ СТРОЙИНДУСТРИЯ,7701620421,1057748493098
20385,СЗ ГОРОД,7714328368,1157746095165
17874,СЗ СТРОЙБИЗНЕС,1200013471,1241200000326
14587,СЗ САМОЛЕТ-ЛАВРИКИ,7813656377,1217800130679
9431,СЗ НИКИНВЕСТ-СТРОЙ,3905070955,1053900201805
17026,СЗ ПАРТИКЛ-ЛИНЕЙНЫЙ,3000006939,1233000002465
2561,СТМ,1513054148,1151513001969
8095,ПЕРВАЯ ИК - МИКРОРАЙОН САДОВЫЙ ЖИЛЫЕ ДОМА 1-8,5503200735,1075543006593
21083,СЗ РИЖСКИЙ 26,7804097130,1037808056879
3156,СЗ АНДОР,5257145631,1145257003022
17661,СЗ ПРИМОРЬЕ 1,2540272700,1222500027023
2529,СЗ МАГМА СИМБИРСК,7321316785,1117321000510
22190,СЗ СЧАСТЛИВЫЕ ЛЮДИ,7100035137,1237100003645
702,СЖК,5433192206,1135476036750
19038,СЗ ДОМ46,4632171706,1124632015870
20853,СЗ СТ УЛЬТРА-ДЕВЕЛОПМЕНТ,278978360,1230200021237
23078,СЗ ЛУННАЯ ПОЛЯНА 1,900010643,1240900000990
7242,СЗ МАСТЕР-УНИВЕРСАЛ,9204009047,1149204017918
7965,СЗ СЛАВЯНСКИЙ ДОМ БЕТА,3702211216,1183702024230
16751,СЗ КБС-ДОМИНО,2464162534,1232400016463
7533,СЗ ГК ОСТ,7105520088,1137154037790
31805,СЗ ОМЕГА ИНВЕСТ,7806606181,1227800165075
27960,СЗ УЛЬТРА-2,272930242,1250200008486
10469,СЗ РИВЬЕРА ЕВПАТОРИЯ,9201527940,1199204002282
15982,СЗ ЭКОЛОГИКА,6678118995,1226600019689
11147,СЗ СЕМЬЯ,3665118880,1153668071006
18712,СЗ ШАНТЬЕ ДЕВЕЛОПМЕНТ,1655403820,1181690051960
16975,СК ИР-СТРОЙКАПИТАЛ,1503016016,1021500674722
17186,СЗ ПАРК,6320074323,1236300011750
13056,СЗ ТАЛЛЕР,7716887724,1187746026379
19438,СЗ ЮНИТИ,2536327121,1212500006476
16613,ООО СОЗДАТЕЛИ. ПЯТЫЙ,7203557569,1237200010080
17786,СЗ ТОЧКА ОПОРЫ,5402068382,1215400034222
26,СЗ СИБГРАДСТРОЙ ИНВЕСТ,5501253026,1135543048684
14497,СЗ ЗАРЕЧЬЕ,1656111330,1191690101624
16219,СЗ СМАРТ ДЕВЕЛОПМЕНТ,6685201549,1226600040501
1336,СЗ ЮПИТЕР,6213011713,1156234011471
6834,СЗ СПЕЦСТРОЙКРАСНОДАР,2312244278,1162375014746
28632,СЗ ЗАКАЗЧИК,5835129797,1185835013330
11290,СЗ СТРОЙИНДУСТРИЯ,2460089932,1152468027491
18847,СЗ УГМК-НАГОРНЫЙ,6678136352,1246600018994
6396,СЗ ПЕРВЫЙ БЕТОННЫЙ ЖБИ,7604304861,1167627070313
17713,СЗ ЖК ТЕКУЧЕВ,6164142894,1236100030616
37461,СЗ СИТИ ПАРК,725026493,1190726001696
19189,СЗ ВЕРШИНА,277959439,1220200024560
12008,СТРОЙГРАД-ЮГ,2310163143,1122310003870
17550,СЗ ТЕКСТИЛЬЩИКОВ,7300024654,1237300011024
29616,СЗ БЛЮХЕРА 7,6679176421,1246600029191
42929,СЗ АЛЬТЕРНАТИВА,2465220010,1092468009688
1825,СЗ БСК,3234047962,1023202744003
11733,СЗ АКВАСТРОЙ,5407978353,1205400024048
16572,СЗ МАГНУМ,6163229172,1236100013269
7840,СЗ РЕКА,7716915450,1187746587665
21947,СЗ РЯБИНИНА,6679168815,1236600051621
27986,СЗ КВАРТАЛ НА МАРГЕЛОВА,6200003786,1246200002487
23289,СЗ ОСНОВА ДВ,7500013152,1237500005600
22907,СЗ СЭМ И К,2463134446,1242400024019
3699,СЗ ИЗМАЙЛОВСКИЙ,7842349677,1079847031659
18406,СЗ ЭВИЛИН КМ-7,2635260492,1242600001599
23522,СЗ ВИРА НА ОКРУЖНОЙ,5410098285,1225400045650
14370,СЗ ОКЕАН СИТИ,1841076200,1181832000349
15716,СЗ ДОННЕФТЕСТРОЙ-АКСАЙ,2311310859,1202300055946
7061,СЗ АЛЬФА-ИНВЕСТ,5904252674,1115904011750
2611,СЗ ДАРСТРОЙ-КРАСНОДАР,2311248382,1172375094055
3626,СЗ СОЗВЕЗДИЕ,5829004207,1185835004915
2671,СЗ ПРОМЕТЕЙ,1435101278,1021401051528
17614,СЗ ЖК НА ПУТЕЙСКОЙ,7100031421,1227100016318
27428,СЗ РАЗУМ НА БАКИНСКОЙ,3000009658,1233000005204
10982,СЗ БЕРЕГОВОЕ-ИНВЕСТ,5405477471,1135476100627
18807,СЗ СИТИ-5,7733405554,1237700165328
3469,СЗ ГЛОРАКС-ЯР ПРИВОЛЖСКИЙ,7804601276,1177847211882
20824,СЗ СУ-5 ГРУППА А,2630053799,1242600007627
11388,БТК,7805276607,1037811065456
24492,СЗ СИТИСТРОЙ,1800017654,1241800006370
14939,СЗ СТРАНА Е 1,6685198381,1226600017049
21376,СЗ ЯНТАРНЫЙ БЕРЕГ,3906193300,1083925009145
24477,СЗ КОМФОРТ Б,9703203748,1257700041411
17880,СЗ КВАДРО,6674300033,1086674010048
19035,СЗ МЕГАПОЛИССТРОЙ-ЮГ-1,6168120348,1236100015502
12247,СЗ СПЕЦСТРОЙ,3917518705,1133926040753
20653,СЗ КВАРТАЛ А,5032337888,1225000011741
13107,СЗ ТРИ ЭС НОВАЯ ТУЛА,9706003874,1197746693792
33544,СЗ ЖИВИ В ТУЛЕ,7100057490,1247100009309
841,СЗ САРАНСКСТРОЙИНВЕСТ,1326194603,1051326028160
14777,СЗ ГК СОЧИОЙЛСТРОЙ,2320094347,1022302950020
15915,СЗ ИНСТЕП.ПЕРОВА,3666264900,1223600016397
22427,СЗ ПРАЙМ-ЗАТОН,275931653,1230200038804
298,СЗ НОВОСИБИРСКИЙ КВАРТАЛ,2221136980,1082221007153
20881,СЗ ФРИХАУЗ,9731048290,1197746427372
33447,СЗ СУ-2007 ИНВЕСТ,9310015807,1249300015249
16360,СЗ ИМПЕРИЯ-1,2635253840,1222600007585
13615,СЗ ЮГ-СТАНДАРТ,6330094939,1216300038350
40986,СЗ ИНТЕРСТРОЙ,573006490,1160573050087
370,СЗ СТРОЙИНВЕСТ КСМ,1001155425,1041000025065
20992,СЗ СТЭК-АРТ,275930610,1230200020599
24068,СЗ ЛИДЕР ИНВЕСТ,3666267274,1233600011040
20816,СЗ РКС-ТЕПЛИЧНЫЙ,5800003754,1245800002007
37106,СЗ АМАЛЬ,2013013280,1252000010129
41083,СЗ СИРИУС,9102302624,1259100001346
18617,СЗ МАРТ ПАРК,7751040384,1177746298025
35294,СЗ ОБЪЕКТ ГАРАНТ,9722071920,1247700204916
15121,СЗ ВИРА НА ГРИБОЕДОВА,5410076740,1185476086366
790,СЗ ГЛАВСТРОЙ,2631029929,1062648016100
23333,СЗ КВАРТАЛ КОМСОМОЛА,6660126360,1026604965958
7960,СЗ ШОРИЯ ГРАД,4205379475,1194205008557
166,ПРОГРЕСС,3019016289,1153025004274
17743,СЗ АСТОН. ДВИЖЕНИЕ 2,6658565522,1236600045087
15320,СЗ ПЕРВЫЙ,5402073840,1225400027544
16656,СЗ СКАНДИА. СЛОБОДА,7203548451,1227200021036
13378,СЗ КБС-БЕРЕГ,2464157140,1212400026244
19331,СЗ ГОЛОС.ЗАРЯ,7448244130,1227400027733
8570,СЗ ВЫБОР-СЕВЕР,3662274993,1193668017366
12007,СЗ ЭКРАН,7705014485,1027700419780
17322,СЗ БЕЛЫЙ ГОРОД,7452023486,1027403771988
19358,СЗ МЕНСИС КОНСАЛТИНГ,7728332413,1167746221642
17948,СЗ ТАЛАН-ЕКАТЕРИНБУРГ,1841078864,1181832010964
8576,СЗ СДС-ФИНАНС,4205096445,1054205257204
10979,СЗ НИЖЛИДЕРСТРОЙ,5260465039,1195275036912
12574,СЗ М.О.Д,5044084938,1125044003424
35656,СЗ УРБАНИКА 4,274394558,1250200013030
1200,СЗ ИНКОСТ,2129003280,1022101269673
19351,СЗ ЗЕЛЁНЫЙ ГОРОД - ЗАПАД,2536331985,1222500002900
17735,СПЕЦЗАСТРОЙЩИК ТСИ-161,1658238156,1221600031916
13045,СЗ МСК,5047208420,1185029002950
17145,КС БАРС СЗ,1660320337,1181690085730
13407,СЗ КОМПАС,5904385057,1205900024087
31319,СЗ КОБЛОВО,1500020014,1241500005460
16149,СЗ ПОСЕЙДОН 2,9727004565,1227700450010
16193,СЗ МОСКОВСКОЕ ШОССЕ,7801719720,1227800166230
21967,СЗ ПРАКТИКА-ИНВЕСТ,6671290813,1236600076910
23385,СЗ ПРОСПЕКТ ПЕРВЫЙ ЮЖНЫЙ,6685212692,1236600048431
18365,СЗ БАЛЧУГ ЭСТЕЙТ,9705062309,1167746249406
37161,СЗ БЦ АПСАЙД ОСТАНКИНО,9715494040,1247700631947
39864,СЗ ДИНАСТИЯ,1500022163,1251500000608
7590,СЗ ФОНД РЖС,4205376611,1194205000142
453,ИНВЕСТКАПИТАЛ,7813353502,5067847210547
27481,ГЁТЕБОРГ. ЕКАТЕРИНБУРГ,6671270253,1236600029270
38241,СЗ АЛЬФА.КАРКАС,3100045265,1253100004321
10709,СЗ СК КОНТИНЕНТ СТАЛИНГРАДСКИЙ БУЛЬВАР,3328024689,1203300003279
18875,СЗ МЕКСА,4000007701,1234000009825
1135,СЗ ИСКО-Ч,2126003691,1022101134186
17746,СЗ ПРОЕКТ-3,7100011418,1217100011260
17648,СЗ СТРОИТЕЛЬНЫЕ ТЕХНОЛОГИИ БУДУЩЕГО,1655422005,1191690066039
16121,СЗ ТСД,2543166718,1222500015319
30590,СЗ КПМ,1200019233,1251200002118
12701,СЗ БИЗНЕС-СТРОЙ,6215027109,1136215001053
19182,СЗ КСТ,1686021300,1221600099137
37362,СЗ ДА НА АМУНДСЕНА 2,6685219715,1246600026001
18393,ЭЛЬСТРОЙ-ЛАБ,2015008415,1212000002620
9077,СЗ ОЛИМП,7703463982,1187746738761
19084,КАСКАД ПРОЕКТ СЗ,5260476464,1215200005943
18242,СЗ УРАН,7203513191,1207200020356
21033,СЗ ЧЕРНИГОВСКАЯ НАБЕРЕЖНАЯ,5260462133,1195275016012
33295,СОЗДАТЕЛИ. СЕДЬМОЙ,7203592355,1257200007272
15361,СЗ СНАБТЕХНО,5836689819,1195835007202
28495,ТАКТИЧЕСКИЙ УРБАНИЗМ,5405097582,1245400028235
1645,СЗ ЗАВОД ЖБИ-3,7203321348,1147232045014
19790,СЗ ТАЛАН-РЕГИОН-55,1800002432,1231800012718
2118,СЗ ТАЛАН-ПЕРМЬ,1835080424,1071841008381
93,СЗ СК МАКРОСТРОЙ,3910502135,1143926032128
19316,СЗ ГРИНКОД,8601074347,1238600008756
16992,СЗ ИМПЕРИЯ-2,2635257764,1232600007936
7445,СЗ ТЕРМИНАЛ СК,5256129066,1145256003133
3468,СЗ ЖК АКАДЕМИЯ,5405341390,1075405009866
18982,СЗ ЭВО ДЕВЕЛОПМЕНТ,2308289572,1232300004100
9675,СЗ ИК ОСТОВ,5030063247,1085030003222
35530,СЗ МЕТР,2222902229,1232200008490
24461,СЗ СОКОЛ ТЫСЯЧЕЛЕТИЯ,3812991167,1223800013502
21986,СЗ РОМАНОВКА 1,4706069611,1234700032093
28121,СЗ СК АЗОВСКИЙ БЕРЕГ,9308026872,1249300017174
21480,СЗ АК БАРС-ИНВЕСТ,1657192580,1151690019128
2513,СЗ СТРОЙКОМ,8901027468,1138901000171
16781,СЗОХТА,4705096965,1224700017156
19844,СЗ ЭВИЛИН КМ-9,2635260622,1242600001940
17344,СЗ ИСТОК,6234204434,1236200005216
8658,СЗ СЕВЕРНЫЙ КВАРТАЛ,5005067343,1195081059172
15888,СПЕЦЗАСТРОЙЩИК ЖЕЛЕЗНО ЕКАТЕРИНБУРГ,4345513138,1214300008031
18804,СЗ АВАСТРОЙ,2222900180,1222200021130
33349,СПЕЦЗАСТРОЙЩИК ЖЕЛЕЗНО ВОЛГОГРАД,4345533215,1244300006389
24084,СЗ МЕТРОПОЛИС,3808285345,1233800023841
12252,СЗ ТРИУМФСТРОЙ,2536303709,1172536020470
16033,СЗ АИС ДЕВЕЛОПМЕНТ,7804586966,1177847001034
17690,СЗ ТЕХСТРОЙ,5406585455,1155476058693
16355,СЗ СМУ-2,245960294,1190280029774
33344,СЗ ЛИФТ С,9102298463,1249100010730
2256,СЗ ГОЛДЛАЙН,1435168723,1061435013452
16227,СЗ УРБАНСТРОЙ,1655396531,1171690127828
17618,СЗ ЭРА,9731100039,1227700601810
19066,СЗ РАЗВИТИЕ ВЕКТОР,3662306797,1233600016561
21723,СЗ Т-ИНВЕСТ,900009334,1230900002882
14823,"СЗ СОЙМОНОВСКИЙ, 3",9725043463,1217700031658
500,СЗЧЕМПИОНСКИЙ,7203278438,1127232026195
3370,СЗ ИЗУМРУДНЫЙ ГОРОД,6213013407,1176234030444
16112,СЗ СДК,5406827626,1225400049467
21758,СЗ ЭДЕЛЬВЕЙС-5,2540262452,1212500016519
2547,СЗ ДЕЛОВОЙ ПАРТНЁР,5321065062,1025300788853
14423,СЗ ИЗМАЛКОВО НЕДВИЖИМОСТЬ,7729720056,1127746754630
1625,СЗ БОРЕЙ-ИНВЕСТ,2901233212,1122901028414
17634,СЗ ТРИЕРА,2304001786,1022300769413
23239,СЗ ЛСР. ОСТРОВ,7838115443,1237800082981
1422,КС ЭКСТРА СЗ,1833031083,1031898004324
12139,СЗ ЗАПАДНАЯ РЕЗИДЕНЦИЯ 3,6163221906,1216100002634
7535,СЗ ИСК Г. УФЫ,275916687,1180280077889
19045,СЗ ВЫСОТА,2721250018,1212700003108
1272,СЗ ЖК КЛЕВЕР ПАРК,6685118428,1169658096981
12260,СЗ БАРНАУЛ-СИТИ,2221228247,1162225079389
18046,СЗ ОСНОВА,3812536305,1213800012491
3064,СЗ МОНОЛИТ,7107548770,1147154012169
16976,СЗ ЗАРЕЧЬЕСТРОЙ,274980425,1230200026726
17421,СЗ НК ТРАСТ,2540259259,1212500003110
15606,СЗ ЮЖНЫЙ,7447307891,1227400027634
15220,СК ЭКОСТРОЙ,2006007510,1212000005271
16078,СЗ ОСНОВА,4826100285,1134827006808
19515,СЗ ОРИОН,9102255519,1199112009084
6668,СЗ ЗЕЛЕНЫЙ САД - РЯЗАНЬСИТИ,6215030567,1166234069210
9344,СЗ ПАЛИТРА,4401180615,1174401004018
14286,СЗ НЬЮТОН,5829005313,1205800000658
7570,СЗ МОСТОВИК,4510031589,1184501004830
17297,СЗ КУРКИНСКИЙ ПРОЕКТ,7733323975,5177746185733
16505,СЗ МКД 2,7842060740,1157847295935
11304,СЗ РАЗВИТИЕ,6234192676,1206200011082
21214,СЗ СЕВЕР-АЛЬЯНС,277964118,1230200045360
19199,СЗ ПОЭЗИЯ,5406839597,1245400011449
16655,СЗ СЕВЕРНАЯ ВЕНЕЦИЯ,7810740292,1187847287946
33168,СЗ ЮНИКА НН-2,5260485733,1225200030923
18961,СЗ АТЛАНТ-5,3849098714,1233800022785
17094,СПЕЦЗАСТРОЙЩИК ЖЕЛЕЗНО ЗАРЯДНОЕ,4345524919,1234300003850
36146,СЗ АРЕАЛ,5406837279,1235400051721
35699,СЗ АРСЕНАЛ,7810591700,1107847183036
36925,СЗ ГРИН СИТИ,700016359,1240700002344
6447,СЗ ГЕРМЕС,4501207677,1164501052650
36997,СЗ ИСКРА,3000021430,1253000004487
29025,СЗ УРЗ-4,9707014501,1237700750737
24975,СЗ МЕРА-НОВОКУЗНЕЦК,4217209735,1234200015741
13762,СЗ ИНСТЕП.БАБЯКОВО,3666262710,1223600001492
10086,СПЕЦСТРОЙ-1,9709048633,1197746290851
1828,СЗ ГЛАВСТРОЙ,4633019990,1074633000815
2088,СЗ ПТС,8602216731,1148602005067
31016,СЗ ВИТА НОВА СИТИ,2801260420,1202800007684
13169,СЗ ИКАР ЮГ,7453338464,1207400043663
13624,СЗ ГЕФЕСТ,3906238897,1113926019745
16077,СЗ ПОДОЛИНО,5044057405,1065044034901
11479,СЗ ПРЕОБРАЖЕНИЕ,6234091205,1116234004094
28691,СЗ МИКС,7751313232,1247700373909
6202,СЗ НОВЫЙ ГОРОД,4025084289,1064025003437
12937,СЗ ПИК-САХАЛИН,6501306985,1196501007218
19290,СЗ СПРИНГС,7731011025,1027700276890
7637,СЗ КВАРТАЛ,3662124645,1073667032669
21724,СЗ ГУДГРАД,7606127093,1227600000836
14947,СЗ ТАЙВАС,7842197880,1217800183028
17445,СЗ ТАЛАН-РЕГИОН-36,1841096687,1201800024337
17462,СЗ ЗЕЛЁНЫЙ БУЛЬВАР-2,2536331431,1212500030490
15369,СЗ СУ1-ЗАТОН,276967860,1220200006795
36818,СЗ ДОМ,7715927477,1127746536785
16943,СЗ УКС ГОРОДА ИРКУТСКА,3808220549,1113850038675
14332,СЗ ЖК НА МОСКОВСКОМ,2901305114,1212900002039
45090,СЗ ДК ГРУПП,2367038387,1242300037980
1287,СЗ СК МАРКЕТ СЕРВИС,6686065200,1156658025710
78,СЗ КВАРТАЛ,5406258698,1035402499659
18428,СЗ ТЕПЛЫЙ КВАРТАЛ 5,6671293331,1246600007598
16144,СЗ ТУРГОЯК-РЕЗОРТ,7415108124,1217400030649
6678,КСАР-СЕРВИС,7729052240,1027700076623
14722,СОЗДАТЕЛИ. ТРЕТИЙ,7203520953,1217200009014
19452,СЗ РОДИНА-2,7203575487,1247200009330
18641,СЗ МИЛЛЕННИУМ,700012080,1230700004600
3712,СЗ КВС-ВЫБОРГСКИЙ,7813294543,1177847380138
17518,СЗ БЕРЗАРИНА 37,7734670820,5117746037613
15427,СЗ МАГЭЛ СТРОЙ,5032318349,1205000043852
17533,НОВЫЙ ЗВЕЗДНЫЙ,5902061480,1215900015968
13824,СЗ КОМПАНИЯ РУСАГРОСТРОЙ,1200004766,1221200000702
14472,СЗ СУ №1,276966874,1220200000240
9658,СЗ КОМПАНИЯ СИНАРА-ДЕВЕЛОПМЕНТ,6685169140,1196658078847
11545,СЗ СЕВЕРНАЯ КОМПАНИЯ,6234117968,1136234007579
18819,СЗ ФОРВАРД,1800007960,1231800018350
14431,СЗ ВОСТОК-ЛИДЕР,2502051404,1152502000551
13676,СЗ СТК,7327033085,1047301331461
19123,СЗ ДОВЕРИЕ,2310220063,1202300035541
22614,СЗ ВЕКТОР КВАРТАЛ,3849101036,1243800005547
14719,СЗ ДЕМУС ГРУПП,3025037953,1203000004460
7687,СЗ НЬЮ,9102182807,1159102090355
13235,СЗ ПРОФВЫБОР РАЗВИТИЕ,3666218862,1173668026025
17726,СЗ ТОРХОВСКИЙ,7100044879,1237100013700
9915,СЗ НОВАЯ ЖИЗНЬ-УЛЬЯНОВСК,7327094377,1207300003789
24859,СЗ ВОЗРОЖДЕНИЕ,9500024616,1249500002157
23176,СЗ РЕНЕССАНС,2372033000,1232300064150
6903,СЗ СЕВЕРСТРОЙСЕРВИС,8904043595,1048900302263
19840,СЗ ПМД-ИНДУСТРИАЛЬНЫЙ,5904408360,1235900021191
1639,СЗ АНК,2801048449,1022800511150
16861,СЗ СК-4,275930730,1230200021897
1869,СЗ ПРОМСТРОЙ-РП,4205244566,1124205008927
17861,СЗ КАПИТАЛСТРОЙ,6000006331,1236000005020
14212,СЗ МОНТАЖСТРОЙ,7743305076,1197746389895
19297,СЗ СК-13,275931727,1230200039530
3622,СЗ ТЕРМОДОМ-СТРОЙСЕРВИС,5829004221,1185835004937
25781,СЗ ДРГ - ТВЕРСКАЯ,1800033127,1251800004103
1188,СЗ АВРОРА,7840011219,1047839001980
16785,СЗ ПРОГРЕСС-СТРОЙ НЧ,1639061418,1211600037648
17197,СЗ БЕРЕГОВОЙ,542032838,1100542000283
6403,СЗ ПЗТИ,5905024600,1025901214437
35321,СПЕЦЗАСТРОЙЩИК ЖЕЛЕЗНО ПЕРМЬ 2,5902067958,1245900009959
19149,СЗ НВ - 2,272925884,1240200023249
317,СЗ КВАДРОЖИЛСТРОЙ,2130103956,1122130006547
10625,СЗ СТОЛИЦА,7725445592,1187746233707
15285,СЗ ЛАГОЛОВО-1,4706051212,1224700014109
1277,СЗ ДОН-ИНВЕСТ,3662191063,1133668031200
16921,СЗ ЖИЛИНВЕСТ,2463256290,1142468033773
446,СЗ СК КАСКАД,2301089398,1152301001820
3877,СЗ НОВЫЙ ГОРОД,6952034082,1126952020414
17898,СЗ ЕВРОСТРОЙ,7707413693,1187746467248
8528,СЗ ОРСО ДОМ,5902054420,1195958022204
120,СЗ ВАШ ДОМ,6731039170,1026701461434
10388,СЗ СТРОЙТЭКС-НЕДВИЖИМОСТЬ,5029060403,1025003513545
21261,СЗ ОЛИМП,6234204628,1236200005700
14506,СЗ АЛЬЯНС ЦЕНТР,6161096230,1226100008397
15997,СЗ НОВЭЛЛА-3,5829005360,1205800001197
984,СЗ КОММУНАЛЬНОЕ ХОЗЯЙСТВО+,3443114933,1123443001527
9131,СЗ НАШ ГОРОД,2310217977,1202300000814
16719,СЗ УАТАТИ,2634111106,1222600014560
42449,СЗ ТРОИЦА,9102241675,1189102004013
18862,СЗ ДОМ АРТ ДВ,2700031960,1242700008649
3482,СЗ ГОРОДСКОЙ ПАРК,8602272528,1168617070764
9588,СЗ ВОСТОЧНЫЙ1,5032312749,1195081081216
22033,СЗ СТАЛЬ,3460084566,1233400006509
22428,СЗ НОВЫЙ ДОМ-2,272922474,1230200036681
2650,СЗ КАМЕЯ,5407111747,1025403211855
24528,СЗ АНТЕЙ,700014129,1240700000111
18759,СЗ ЖК НЕВСКИЙ,5406837543,1245400000317
13425,СЗ АЛТЫН,1655079910,1041621007691
1454,СЗ ГК КРОНВЕРК,6450096705,1176451001407
28093,СЗ СТК-2023,5402079948,1235400041337
16502,СЗ ГОРШКОВА 24,2540272690,1222500027001
17386,СЗ ДЕЛОВОЙ КВАРТАЛ ДЕВЕЛОПМЕНТ,6672329742,1116672000400
8416,СЗ АЛЬЯНС - ГРУПП,233005795,1060262018410
19469,СЗ ЮНИТ,9703187704,1247700547852
14767,СЗ ГЛОБАЛ ДЕВЕЛОПМЕНТ,275926607,1210200049234
14656,СЗ КП №4,6163222138,1216100005593
12546,СЗ СТРОЙМАСТЕР-Л,4826147170,1214800001668
16985,СЗ ДИВНОГОРСКИЙ,5404311392,1225400022902
6535,КС ШОПЕН СЗ,1831189798,1181832008192
3973,СЗ КАПИТАЛ,5050016132,1035010209497
22135,СЗ ТУРИСТ ЭКО-ПАРК,5260492755,1235200033860
17825,СЗ СТРОЙГАРАНТ2,6141059801,1226100034940
6502,ГЕЛИОН,3443138194,1173443029385
17749,СЗ ИМПЕРИАЛ-2,278977649,1230200015341
23860,СЗ СТРАНА Е МАЯКОВСКОГО,9704204247,1237700191145
20725,СЗ РИКОМ НОВА,268096909,1230200000337
1434,СЗ СТРОЙСИБ,2208008370,1022200769755
23774,СЗ БЕТОТЕК НА КОСМОНАВТОВ,7453361255,1247400026444
12567,КОМОССТРОЙ БОРН СЗ,1831200321,1201800022291
13124,СЗ ДОМСТРОЙ,3810084861,1203800013801
16756,СЗ АРЕАЛ,278976934,1230200009621
16588,СЗ НЕОСТРОЙ,3661178729,1223600002064
31472,СЗ ЮНИТ КВАРТАЛ,9703205745,1257700088579
16965,СЗ ФИЛОСОФИЯ ИДЕАЛИСТОВ,6658561454,1236600014188
8574,УК СЕТЬСТРОЙ БАЛАШИХА,5001092042,1135001000023
16536,СЗ ТЕЛЕВИЗОРНЫЙ,2463124222,1212400014430
11703,СЗ ЗЕЛЁНЫЙ ГОРОД,5405043964,1195476049900
1260,СЗ ОТДЕЛФИНСТРОЙ,2128023414,1022101132822
15721,СЗ ПРОФЕССИОНАЛСТРОЙ,9102061785,1149102133971
9089,СЗ ЛУЧИСТОЕ,9102251634,1199112000999
14899,СЗ ВОЛГА-ЛАЙФ РЕЗИДЕНЦИИ,7606128040,1227600003542
27043,СЗ РСМУ-5,3662308561,1243600002139
17303,СЗ ПАТРИОТ ПАРК,7100026870,1227100011775
23359,СЗ СГ ГРУПП,3662309413,1243600005660
18367,СЗ ИМПЕРИЯ-СТРОЙ,3500003076,1233500013229
14970,СЗ СИТИСТРОЙ,5406808704,1205400046906
23497,СЗ ГАРАНТ-НЕДВИЖИМОСТЬ,726015818,1160726053652
7938,СЗ АДАЛИН,2221243904,1192225015828
13398,СЗ РАЗВИТИЕ ЦЕНТР,3662284705,1203600015497
18700,СЗ СИТИ КОМПЛЕКС,2543126137,1182536018312
15392,СЗКВАРТАЛ,7203530662,1217200020443
18766,СЗ ГОРСТРОЙ,3808152610,1073808015819
19800,СЗ ТАЛАН-РЕГИОН-46,1841106906,1221800018703
22068,СЗ КНЗ-1,5503267120,1225500029061
9700,СЗ БАЗИС,6321342656,1146320005677
6092,СЗ ИК КАСКАД,5030054700,1065030021100
14490,СЗ ВАЛДАЙ,6950240241,1206900005938
31535,ГРОЗЭСТЕЙТ,2014040134,1232000009482
22993,СЗ ЖК ПРИАЗОВЬЕ,9500018299,1239500007108
23886,СПЗ СТАВНИ ОБВОДНЫЙ,7840111990,1247800025494
19363,СЗ АЛЬЯНС ИНВЕСТ,6161095068,1216100026900
15326,СЗ ДРУЖБА,107037123,1210100000615
15041,СЗ СНЕГОВАЯ-ДЕВЕЛОПМЕНТ,2536309852,1182536012670
22125,СЗ РУБИН,500007928,1240500005096
13345,СЗ ИНВЕСТ СТРОЙ УРАЛ,6671098940,1196658061819
18388,СЗ ИМПЕРИАЛ,7708577743,1057748701559
3270,СЗ БИК-СЕРВИС,4501110241,1044500017616
9747,СЗ ДОМ НА НАБЕРЕЖНОЙ,5212510845,1125228000490
17211,СЗ РАСЦВЕТ,7203522559,1217200010873
18940,СЗ ПЕРСПЕКТИВА И РАЗВИТИЕ,9108125403,1209100017081
32637,СЗ НАМУС,1800037266,1251800008250
26165,СЗ СМАЙНЭКС РОЖДЕСТВЕНКА,9714030462,1237700918795
29963,СЗ ПРАКТИКА ВОСТОК,6671299661,1246600018004
13358,СЗ СЕРВИСПРОЕКТ,6950159061,1126952028334
17539,СЗ ПМК-84,9110005826,1149102105151
12649,СЗ РЕМСТРОЙСЕРВИС ПАРУС,4826142278,1194827016053
23537,СЗ ЖК СИМФОНИЯ,5959009260,1235900023325
19287,СЗ МИР,3663164457,1233600018398
24120,СЗ РИВЕРДОНПАРК,6163232263,1246100009055
15578,СЗ 535-ПЛЮС,3906403029,1213900006990
18483,СЗ РАНТА РЕЗИДЕНС,4705109237,1244700006055
19027,СЗ ИНВЕСТИЦИЯ,6501246060,1126501002418
28784,СЗ МЕРКУРИЙ,9102302430,1259100001049
36269,СЗ ИНВЕСТ ПРОЕКТ,273954535,1250200031124
20507,СЗ ПСК,277963280,1230200033580
2714,СЗ ЗЕЛЕНЫЙ САД - СТРОЙ,6215014389,1056212001944
10695,СЗ МКД РОМАНОВО-2,4826144187,1204800006256
14589,СЗ СПБ РЕНОВАЦИЯ – СОСНОВАЯ ПОЛЯНА 7-17,7841094419,1217800083159
19768,СЗ ЭР-БИ-АЙ - ВОСТОК,7801674639,1197847228974
7250,СЗ СИБИНВЕСТСТРОЙ,5402563683,1135476089473
20724,СЗ УНИСТРОЙ-ЮГ,572034046,1230500009959
16325,СЗ ВИНОГРАД,2224212735,1232200000053
19317,СЗ ГРЁНА ЛУНД,7814841936,1247800078855
23394,СЗ ГК РАЗВИТИЕ 5,3662311807,1243600016219
16692,СЗ АККОРД,3812994619,1233800003051
15568,СЗ ЭКО,2465344311,1212400032569
19312,СЗ СКМ-РИВЕР ПАРК,6671274392,1236600037288
21995,СЗ СКАНДИА У ЛЕСА,7203576258,1247200010353
18677,СЗ СИРИУС,274974301,1220200029147
8028,СЗ СОЮЗ-4,2635238514,1182651023180
14104,СЗ ЛАЗУРНЫЙ БЕРЕГ 9,2801267232,1212800008497
18995,СЗ СД-КРАСНОАРМЕЙСКАЯ,7017489657,1217000011777
18438,СЗ РИВЬЕРА БЕЛАЯ БАШНЯ,6679171374,1236600069562
2127,СЗ РЕГИОНИНВЕСТ52,5260315837,1115260022877
15657,СЗАРТ ДЕВЕЛОПМЕНТ,2722135561,1212700010071
20201,СЗ ДОНСТРОЙ,3849094082,1233800006362
20563,СЗ ВАШ ДОМ ЦЕНТР,5612062490,1075658011131
18758,СЗ СИТИ ДЕВЕЛОПМЕНТ,500009604,1240500006801
15648,СЗ СТРОЙУСЛУГИ-3,1660313322,1181690043369
27108,СЗ АНТАРЕС,9310014480,1249300011102
13542,СЗ РЕСУРС,9703035109,1217700233167
37070,СЗ ЮНИКА ОКУЛОВА,5948072118,1245900004613
10768,СЗ СИНЕРГИЯ ДЕВЕЛОПМЕНТ,7801303881,1167847135268
7432,ИСК ФИНАНСИНВЕСТ,7725843265,5147746154078
11640,СЗ ТЕХНОСТРОЙ 1,5720024967,1205700007028
1803,СЗ ЖСК,1435245110,1111435009531
1876,СЗ ИВЕСТСТРОЙ,5032232821,1105032009972
14165,СЗ СИТИ,1435291950,1151447001980
15355,СЗ РАКЕТА,7536137994,1137536005672
13476,СЗ СЕРВИСВЕРТИКАЛЬ,5012088697,1155012001836
22430,СЗ АТЛАНТ,7810731080,1187847149027
1617,СЗ ПОДСОЛНУХ,9102063687,1149102169468
13995,СЗ СТРУКТУРА-4,7814779371,1207800102212
1926,СЗ ДСО СЭТТЭ,1435190479,1071435011340
18481,СЗ КОМПЛЕКС,7100044910,1237100013743
10533,СЗ РАДУГА,7715168050,1027700092078
2668,ПЕТРОЦЕНТР,7841457408,1117847691257
22249,СЗ КАСКАД ДЕВЕЛОПМЕНТ,6316285177,1236300026379
35340,СЗ ГРАНАРД,9703142848,1237700299528
6684,СЗ ГРАДСТРОЙ,3906263766,1123926018369
19377,СЗ АЛЬФАСТРОЙИНВЕСТ - КРАСНОЯРСК,2463131318,1232400025285
21511,СЗ АСИ-8,278941924,1180280038344
22397,СЗ АЛЕКСАНДРОВСКИЙ,7224089978,1247200006910
23449,СЗ БАЗА - ПЕРОВСКОЕ,9725118214,1237700200781
17014,СЗ СУ №4,3525481846,1223500009787
35232,СЗ АЛЬФА.БРИЗ,9102308577,1259100015602
7760,СЗ УЮТНЫЙ ДОМ,6950210783,1176952015250
15501,СЗ МЕТРА СТРОЙ,3811179844,1143850021798
8059,КОМОССТРОЙ СИНАЙ СЗ,1831194117,1191832009148
14231,СЗ КОМФОРТНЫЙ ДОМ,3906395642,1203900013041
22286,СЗ ТРЕНД,4205416102,1234200010880
1643,СЗ ПСКОВЖИЛСТРОЙ,6027154129,1146027000569
24487,СЗ ГЛОБАЛ СИТИ,726014170,1150726001040
18855,СЗ ПРОЕКТ-СТРАНА-16,274978049,1230200010787
13785,СЗ РАЗУМ-КОСМОНАВТОВ,3025038957,1213000002687
31896,СЗ СПЕЙС,9721242147,1247700721102
19413,СЗ АСД-2,1686027870,1231600026415
163,СЗ КОНТИНЕНТ,1831185257,1171832012758
23128,СЗ АЛГОРИТМ-ИНВЕСТ,2225212819,1202200016446
3955,СЗ ПСФ КРОСТ,7712005280,1037739184537
19008,СЗ - ГОРЫ ПРИКАМЬЯ,5902066168,1235900016164
18416,СЗ ДАЛЬНЕВОСТОЧНЫЙ,2700018818,1232700015646
13383,СЗ РЕНТЕК К-4,1841088407,1191832018685
16804,СПЕЦЗАСТРОЙЩИК АКСИОМА,2632119815,1222600005099
148,СЗ ТУС,2129005369,1022101137398
16661,СЗ СК ПРАКТИКА,6670397458,1136670003161
17565,СЗ СТРОЙ РЕГИОН ХОЛДИНГ,5902197001,1055900309519
7097,ГЛОБАЛИНВЕСТ,7702814356,1137746381563
17457,СЗ БМ-ГРУПП ВОСТОК,5247057070,1235200030273
1975,ВЕЛЛКОМ,6234169363,1176234011535
26199,СЗ ТОРГОВЫЙ ДОМ СОЮЗ,7202105400,1027200877109
13891,ЖК СЕМЕЙНЫЙ-6,5834127973,1215800009600
18666,К-7,2311360916,1242300009544
24485,СЗ СД ПРОГРЕСС,5406834567,1235400036937
19067,СЗ АВАНГАРДСТРОЙ,4000012973,1244000003268
17615,СЗ СУ-3 ГРУППА А,2635092696,1062635128995
16180,СЗ ЭДИКОН,9102191008,1159102109605
8491,СЗ *КАПИТАЛ - ФИНАНС,6829033337,1076829004779
17526,СЗ КАПИТАЛ-СТРОЙ,5250044000,1085250002584
20716,СЗ ОМЕГА ИНВЕСТ,300017982,1230300007530
18341,ДАГЕСТАНСТРОЙМАТЕРИАЛЫ,554001062,1150554001311
28453,СЗ ФЕНИКС,2700040179,1242700016921
17781,СЗ МАКСИМУМ,6166072890,1106193000540
19205,СЗ МЕРИДИАН,7810732020,1187847160929
1516,СЗ МЕГАПОЛИС-ЖИЛСТРОЙ,3905048484,1023900783796
17433,МОНОЛИТ-БЕТОН,1513076825,1191513004605
16432,СЗ НОВЫЙ-ПЛЮС,9102039130,1149102074109
12888,СЗ ЗЕЛЕНАЯ ГОРКА,2317024364,1022302719713
20537,СЗ ЖК ПРИМОРСКАЯ БУХТА,3906259110,1123926009987
9848,СЗ СТРОЙХОЛДИНГ,269038917,1140280060986
17410,МАСТЕР,554002080,1160571063400
17050,СЗ АЛЬМЕТЬЕВСК ЖИЛСТРОЙ,264081644,1230200006849
6643,СЗ АЛЬФА-ГРУПП,5904241880,1115904000409
2788,СЗ МАКССТРОЙ,3812068329,1023801754404
16881,СПЕЦЗАСТРОЙЩИК ХАЛИТОВА,1658248193,1231600033081
18852,СЗ ПЕРСПЕКТИВНЫЙ ПРОЕКТ 1,2536328414,1212500013956
10873,СЗ ГРАНДПАРК,5402056404,1195476073770
17157,СЗ КАРПИНСКИЙ,5904385522,1205900026606
23052,СЗ ВЕГОЛОС ПАРК,9200024206,1249200004107
20818,СЗ РКС-РЕГИОН,5835143230,1235800007475
16724,СЗ СК РОДНЫЕ БЕРЕГА,411147842,1090411005266
14292,СЗ ЮГ-ЦЕНТР-4,2315220758,1212300027323
16947,СЗ СУ №17 ПСК-6,277930912,1180280053370
15340,СЗ ТАЛИСМАН-2,1840115545,1221800018780
34676,СЗ СЕРВИС-КРЫМ,9204019655,1149204041381
15511,СЗ ГРАД,4501216350,1174501005910
12810,СЗ СТИМУЛ,7726380436,1167746590098
21590,СТРОЙМАКС СЗ,5010057654,1205000067645
15678,СЗ ВЫСОТА+,1435357047,1201400012714
22671,СЗ ПРОГРЕСС-3,278980828,1230200047054
21059,СЗ ИРСЗ - ГРУПП,268100312,1240200008454
1466,СЗ НОВОТУТИНКИ,7727765559,1117746915406
11280,СЗ БИЗНЕС ПАРК,1655392061,1171690096082
13411,СЗ РОЗА СЕВЕР,9102258809,1199112015123
18722,СЗ СПЕЦСТРОЙМОНТАЖ,2634808440,1132651004518
12871,СЗ ВОСТОЧНЫЙ ЛУЧ,2543097430,1162536071290
19007,СЗ,6234123009,1136234012859
14202,СЗ ИРИС,5406808951,1205400049546
15363,СЗ ДОМ XXII,9703012077,1207700154661
17308,СЗ ПАТРИОТ ПАРК-2,7100044660,1237100013479
582,ГК ЖИЛИЩНАЯ ИНИЦИАТИВА СЗ,2221030960,1022200911688
25407,СЗ СМУ 88 ЗАКАМЬЕ,1655507322,1251600008208
16187,СЗ СИ ДЖИ ЯРОСЛАВЛЬ,5034060906,1215000111127
23526,СЗ СУДАКСКИЙ,9102243947,1189102008446
13770,СПЕЦЗАСТРОЙЩИК ФЬЮЖН,4345338574,1124345020832
6546,СЗ ВПСК,3445068383,1043400423120
7813,СЗ ЦЕНТРАЛЬНЫЙ,7813534227,1127847264302
19976,СЗ СТРОЙ-ИНВЕСТ НОВОСЕЛЬЕ,4725009174,1204700015277
19975,СЗ ПРОЕКТ-СТРОЙ НОВОСЕЛЬЕ,4725009150,1204700015255
2935,СЗ ГЛАВАЛТАЙСТРОЙ,2224169222,1142224005021
2901,СТРОЙЭВЕРЕСТ-Н,5407493359,1145476006565
13929,СЗ МААТ,2014012031,1152036007640
31665,СЗ СОСНОВЫЙ ПАРК,5024174220,1175024012020
12255,СЗ ЛИДЕР-БЕТОН,4028054540,1134028001667
19747,СЗ ОКТЯБРЬ,2225224162,1222200001957
14391,СЗ СТРОЙСФЕРА,7536181947,1207500003050
17214,СЗ КОНТУР-М,1200012005,1231200003660
29918,СЗ ЖИЛСТРОЙИНВЕСТ 2,9403031216,1249400007141
44464,СЗ АЛТЫН ШОР ДЕВЕЛОПМЕНТ,4214046708,1254200014969
17294,СЗ НТЦ ЭКСПЕРТИЗА,726005432,1120726000328
17359,СЗ СТРОЙНОВЫЙГОРОД,2309169574,1182375112039
24065,СЗ ЯСНЫЙ 2,2461052653,1242400013129
3624,СЗ ТЕРМОДОМ-ГАРАНТ,5829000058,1145809011590
12241,СЗ МИГ,7705745968,5067746006686
17194,СЗ ЗАО СМС Р,5406807524,1205400036027
17431,СЗ ИМПЕРИАЛ,5610249213,1235600004738
40006,СЗ ЯШИНА,1500027429,1251500005877
16259,СЗ СИЛЕНИ,3662996075,1153668022848
14294,ТАЙМС-С (СЗ),7802896105,1217800098460
15605,СЗ ЗАПАДНЫЙ,7451459657,1227400027678
17540,СЗ ПРИЧАЛ 55,5503257837,1225500004663
19157,СЗ СВ,5638059942,1125658000423
10775,СЗ СКАНДИА. КОМАРОВО,7203490579,1197232025540
14482,СЗ ВОСТОК,7727468115,1217700297847
18497,СЗ СОЮЗ,3808284863,1233800021366
35729,СЗ КАМЕРТОН,5405056593,1205400038733
24443,СЗ ССК ЯНИНО,7841095130,1217800113080
17508,СЗ БАТАШИ ПАРК-3,7100045199,1237100014029
19567,СЗ Д ПРОЕКТ-9,2311330679,1222300008842
438,СЗ ТАЛАН-ТВЕРЬ,1835073466,1061841049511
13154,СЗ СЧАСТЛИВЫЙ ДОМ,2464135604,1172468021770
6941,УЗ НОРД-ИНЖИНИРИНГ,7734165746,1027739014093
23143,СЗ ФИНАНСОВАЯ ГРУППА,5836677771,1165835060412
28182,СЗ ЛЮДИ НА МАШИНИСТОВ,6685220686,1246600035472
16099,СЗ СПОРТИВНАЯ-2Б,5027308458,1225000085947
28553,СЗ РИВЬЕРА БАЛТИКИ,3900008142,1233900002490
6300,СЗ ПРОФИТ,3525281276,1123525009871
14677,СЗ АДС-АЛЬМЕТЬЕВСК,1644098734,1211600058174
11256,СЗ ЭНЕРГИЯ,6671101720,1196658083885
27786,СЗ ЦСМ,9710133940,1247700416941
18835,СЗ ТЕМП-80,9310011376,1239300017230
6156,СТРОЙДОМ,2465182460,1182468035595
19771,СЗ ЭРБИАЙ - 5,7801704682,1217800152393
39265,СЗ МОРСКАЯ РОСА,9102305390,1259100007803
17509,СЗ САХАЛИНДОМ,6500012823,1236500005444
18050,СЗ КОРДОН,5836696647,1215800007708
6747,СЗ ВЫМПЕЛСТРОЙ,6319230345,1186313063584
19314,СЗ ФИРМА ФЛОРЕАЛЬ,3329012982,1023301290121
16458,СЗ КОМЕТА 21,4027145917,1214000002424
15298,СЗ АЛЮАР,6658457894,1146658011543
21247,СЗ СД СЕМЕЙНЫЙ ПАРК,7000015610,1247000002853
19404,СЗ НОВЫЙ ГОРОД,542022050,1230500006681
29966,СЗ ЯГОДА,9703155854,1237700623544
16868,СЗ ДОМ ОКТЯБРЬСКОЕ ПОЛЕ,9729258420,1187746167377
3369,СПЕЦИАЛИЗИРОВАНННЫЙ ЗАСТРОЙЩИК ЭЛЛИПС,3918505459,1143926011195
32247,СЗ ГОРИЗОНТ,6200006868,1246200005590
17412,ЖИЛСТРОЙ,554000118,1150554000178
1667,СЗ МОНОЛИТСТРОЙ,2127312036,1022100971496
11269,СЗ АТМОСФЕРА ПЛЮС,3257077201,1203200006547
3657,ГРИНТАУН,1831121711,1071831003947
32229,СЗ ЛЕСОМ,9714022084,1237700682295
15952,СЗ ПРЕМЬЕРА,5406816039,1215400041450
9198,СЗ ПГС,5903046340,1045900354807
12753,СЗ НОВЫЕ УСАДЫ,1657146255,1141690065550
9897,СЗ ВОЛГА СТРОЙ ДЕВЕЛОПМЕНТ,6319215322,1176313015746
3203,МПК-ИНВЕСТ,3918505191,1143926001955
44030,СЗ ПАРТНЕР,9102302060,1259100000290
15138,ДЛВ ИНВЕСТ,7723669734,1087746857516
17697,СЗ ДОМОТЕЛЬ № 1,7203468252,1187232031271
6542,КС ВАГНЕР СЗ,1831189808,1181832008203
19730,СЗ РЭС-КУЙБЫШЕВА,3000011640,1243000000715
24611,СЗ СК УНИСТРОЙДОМ-6,1686040581,1241600032277
11685,СЗ СБ ЛИДЕР,2464154283,1202400028973
16300,СЗ МИЦ-3,9705160049,1217700475343
550,СЗ СТАРТ-СТРОЙ,5262059353,1025203739120
17521,СЗ АСПЭК-ТЮМЕНЬ,7203526105,1217200015152
14409,СЗ ОЛЧЕЙ-КЕЖИК,1700003707,1221700000873
7788,СЗ КВАРТАЛ-ИНВЕСТСТРОЙ,5029070497,1035005518020
8965,СЗ ВОЛЖСКИЙ ПАРК,7722311022,1106453003227
19728,СЗ РЭС-БАБЕФА,3000012604,1243000001672
11758,СЗ ЮГО-ВОСТОК-1,3906398121,1213900000170
13867,СЗ СЦ,2902088906,1212900003282
17640,СЗ АКСИОМА ДЕВЕЛОПМЕНТ,3000005036,1233000000573
6663,СЗ КЕРЧЬ ДЕВЕЛОПМЕНТ,9111023842,1179102026905
29257,СЗ АРТ-ПАРК,7100053009,1247100004360
11506,СЗ АРКАДА ПАРК ОДИН,9102262932,1209100003056
18900,СЗ АКТИВ ЭФФЕКТ,6686155599,1236600061818
1346,СЗ АГИДЕЛЬ - ИНВЕСТСТРОЙ,278093946,1030204618652
43202,СЗ ТРЕСТ-ЮГ,100013998,1250100003053
1115,ГОРЕМ-3,411144305,1090411001658
44660,СЗ МАЛИНОВКА,3914025613,1243900000761
21308,СЗ ЭЛЕКТРА,7810734570,1187847199693
19843,СЗ ЭВИЛИН КМ-8,2635260615,1242600001930
15615,СЗ БУРАН-2,3000001377,1223000002664
39650,СЗ ИНШИНКА-1,7100053305,1247100004667
28716,СЗ ЭВИЛИН - ПАРК,2635261947,1242600007858
38217,СЗ ЖК СПУТНИК,5948069570,1235900013381
23212,СЗ СПК - КАВКАЗСКАЯ,5904412906,1245900019540
18350,СЗ РИВЬЕРА-ИНВЕСТ-АЙВАЗОВСКИЙ,6679162490,1236600004728
17114,СЗ ГРАНД СИТИ,900005756,1220900004467
23871,СЗ СТРОЙКАТЕРИНБУРГ,6658477548,1156658072108
4762,СЗ ПСК,6027137388,1116027010186
12170,СЗ АКФЕН ПРЕСТИЖ,3906384432,1193926013863
16874,СЗ ЖИЛОГО КОМПЛЕКСА АЛЕКСАНДРИЯ,9204010892,1149204021460
18586,СЗ СТРОЙДОМ,554001834,1160571060176
18873,СЗ ЖК РАССВЕТ,6658569171,1236600074281
37262,СЗ КИТ-НСК,5505075504,1255500008477
13715,СЗ ВИРА-ПЛЮС,6319231204,1186313071834
19445,ФЛАГМАН,562053610,1020502624768
40067,СЗ ВИКТОРИ,5404953914,1245400023934
18550,ВСЗ СЗ ОСАНОВСКИЕ ЗОРИ 1,3500004190,1243500001601
6231,СЗ ССК,6316202981,1146316008827
20427,СЗ ЭХО,7203579227,1247200013829
3233,СКЭЙЛС,7811327377,1057812484905
13849,СЗ АНЮТИНСКИЙ,2540258713,1212500000261
30392,СЗ КОМСОМОЛЬСКАЯ,5260488082,1225200046675
15038,СЗ БАЙКАЛ,7708393111,1207700497762
17724,СЗ БЛАГО,9110029898,1229100002482
19143,СЗ ОПТИМА-СТРОЙ ПЛЮС,1400035560,1241400005560
27298,СЗ АЛЬФА-ЦЕНТР,2634814596,1142651020555
4082,СЗ РЕГИОНСТРОЙ,2223616608,1172225009571
11544,СЗ СК УНИСТРОЙДОМ-1,1657246556,1181690046977
16813,СЗ ГК ОСТ-5,7100014458,1217100014339
11574,СЗ ПЛАНЕТА,3906397079,1203900014933
32448,СЗ МЕГА П,5835075742,1085835000987
30726,СЗ АСПЭК-ВЕГА,1800037756,1251800008756
15039,СЗ СТРОЙ-ИНТЕГРАЛ,5405463221,1125476168157
19068,СЗ КПД-1 ТАМБОВ,6800003379,1236800002273
13815,СЗ ЛЕГИАН,2221254007,1212200017182
1280,СЗ АРКАДА,5905296699,1135905001638
17652,СЗ ПЕГАС,2536311259,1182536021832
23021,СЗ А6440 РАЗВИТИЕ,2901313500,1232900002940
8474,СЗ КОНСТРУКЦИЯ,2465324354,1192468019336
15871,СЗ СТАРТ,6234197995,1216200010828
17053,СЗ СВЕТЛОЯР СИТИ,7736352501,1237700523499
7473,СЗ КСМ,1001000982,1021000508825
15896,СЗ ОХТА ГРУПП - ПЕТЕРГОФ,7839138845,1217800047156
16664,СЗ АТЛАНТ 27,2700008489,1232700005218
31103,СЗ НОВЫЙ ГОРОД СТУПИНО,5030103066,1225000070382
9770,АЛЬГЕБА,5407025216,1065405138457
20310,СЗ НОВЫЙ ГОРОД,3906397872,1203900016165
10624,СЗ ЗЕМЛЯ,2801244436,1182801008972
16766,РЕКОНСТРУКЦИЯ-2000,7202099429,1027200819997
17467,СЗ АКВА-ТРАСТ,9103101631,1239100005100
17596,СЗ ОЛИМП,9719052300,1237700459710
7814,ПРОЕКТ-КРЫМ,6311169603,1166313165919
18231,СЗ ПЕРВОСТРОИТЕЛЬ,6670318897,1156658037304
24817,СЗ НОВЫЙ ПАРК СТОЛИЦ,6671289624,1236600072906
17528,СЗ БАЗИС,1200011026,1231200002681
41727,СЗ АРТ ХОУМ,1650423164,1231600018198
14932,СЗ САМАН,268094637,1210200051522
26936,СЗ МИНЕРАЛ,5032364105,1235000091370
6339,МОССТРОЙ,571010966,1170571012633
372,СЗ ПМК-5,1215012600,1021200769908
18872,СЗ ДОМСТРОЙ,2014040656,1232000010582
27204,СЗ КАСКАД,3900038436,1253900002652
18,СЗ ККПД-ИНВЕСТ,6168014188,1076168000952
3493,СЗ ДСК-1,3665064514,1073667037620
23966,СЗ УНИСТРОЙПЕРМЬ-2,5903157844,1235900016527
6472,СЗ КЗП,2460059536,1032401794810
2095,СЗ СТРОЙ-РИЭЛТИ И К,5257150504,1155257003307
23387,СЗ ДСК,7500008547,1237500000891
6471,СЗ СВОЙ ДОМ,1650355852,1171690111636
9527,СЗ СПУТНИК,1841070495,1171832008677
804,СЗ ЗОЛОТАЯ МИЛЯ,571008572,1160571062079
30094,СЗ ВОЛГА,9103103653,1249100004152
37835,СЗ АКРУА,9102256086,1199112010140
6107,СЗ ДОНСТРОЙ,6165197180,1156196068940
17474,СЗ НОВАЯ ЖИЗНЬ,554007297,1210500000721
8651,СЗ СФС-С,4826140400,1194827010025
17501,СЗ ЖБК - СЕВЕРНЫЙ,3123483392,1213100014160
18796,СЗ БУЛЬВАР ГАГАРИНА 72,5903157001,1235900011490
12202,СЗ СТРОЙ АКТИВ,8602288976,1188617014992
19010,СЗ ИНТЕГ. БРИК,6685208939,1236600013627
14117,СЗ ЗЕЛЁНЫЕ ХОЛМЫ,1648054600,1211600081626
16605,СЗ ФУТУРО,7203521890,1217200010103
16547,СЗ ПРОГРЕСС УРАЛ,6671253561,1226600083896
2158,СЗ ВОСТОК,6213011720,1156234011889
37308,СЗ РАЗУМ В АКАДЕМИЧЕСКОМ 2,3000023035,1253000006104
24574,СЗ АТЛАНТСТРОЙ-2,2502067242,1222500002548
35150,СЗ АРТСТРОЙ,7727470160,1217700359315
6116,СЗ СЭТЛ МОСКОВСКОЕ ШОССЕ,7810825066,1117847155810
19478,СЗ ПРОЕКТ ПЛ,6671257414,1236600005476
31295,СЗ ЛОТОС,2901319011,1242900005303
39298,СЗ ДРУЖБА,9102302159,1259100000488
18505,СЗ КОРВЕТ,3663153198,1213600000833
18462,"СЗ ВОРОВСКОГО, 44",1800012448,1241800001156
16540,СЗ АЙГРИН,7743058525,1027739640466
27392,СЗ АЛЬТУМ ГРУПП,7452166029,1247400001100
11616,СЗ АРБАТ,916002415,1060916016480
19467,СЗ КИТ,5506236779,1235500020722
23380,СЗ АСК-ВИЛОНОВА,6685168066,1196658070872
11273,СЗ КАЛИНИНГРАДСТРОЙ,3918014669,1193926006174
16405,СЗ УТЁС,9103094504,1209100012318
2162,СЗ ВКД-1,5407496663,1145476063017
13653,СЗ СООБЩЕСТВО РЯЗАНСКИХ СТРОИТЕЛЕЙ,6234132839,1146234007930
565,СЗ СИБИРЬ-РАЗВИТИЕ,5403339290,1125476106634
17514,СЗ БСК - РАЗВИТИЕ,5029106859,1075029010286
13793,СЗ ЭТАЛОН ИНВЕСТ,2632117053,1202600014451
20916,СЗ БЕРИНГ ВЫСОТЫ,2700022645,1232700019507
3164,СЗ КЛАССИКА,2901243588,1132901012727
27385,СЗ УРЗ-2,9707014526,1237700750781
11285,СЗ СТРОЙУСЛУГИ-2,1660313308,1181690043303
354,СЗ СМУ-60,2129056902,1052128024079
12679,СЗ ККФЖС,2461045286,1192468039169
16447,СЗ ВГС 35,3525468228,1213500003199
16694,СЗ ДОМ НА УСПЕШНОЙ,5507272890,1195543027426
14560,СЗ АПРИ ФЛАЙ ПАРТНЕРС,7453345060,1227400004974
15587,СЗ НОВАЯ ЖИЗНЬ-РОЙКА,5262387570,1225200029779
19082,ООО СЗ АИБ,2311361701,1242300013196
1834,К-РИШУВИЛ,2724195439,1142724007690
17284,СЗ ОТДЕЛЬНЫЙ 5,6671267469,1236600024165
16286,СЗ АЛЬЯНС ГРУПП,6161093783,1216100009619
16008,СЗ СПУТНИК,6162088218,1227700776808
13771,СЗ ОЗОН,1831202618,1211800012115
3742,СЗ АЛЬЯНС,2464131014,1162468111475
16148,СЗ ПОСЕЙДОН 1,9727004580,1227700450053
26244,СЗ КМГ-КОМФОРТ,5003160523,1235000158997
2266,СЗ ТАЛАН-ЯРОСЛАВЛЬ,7602038340,1037600001350
3796,СЗ СПСИТИ,7709944001,5137746238526
21810,СЗ АТАМАН,6168120443,1236100016646
16026,СЗ ПРОГРЕСС СТАНДАРТ,3000004307,1223000005601
126,СЗ КВС-СЕРТОЛОВО,7811523068,1127847296389
20854,СЗ ФРИОБА,275929968,1230200006222
496,СЗ КОМПАНИЯ СТРОЙ-СЕРВИС,3702694570,1133702006712
15382,СЗ РЕГИОНЖИЛСТРОЙ,2116498910,1092135000407
38733,СЗ МОТОВИЛИХИНСКИЙ 17,5904412945,1245900019639
18407,СЗ СИБИРСКИЙ КВАРТАЛ,5904298990,1135904022561
23596,СЗ ВЫСОТА,9402015395,1239400009507
19053,СЗ ПРЕМЬЕР,9102233949,1179102022153
39579,СЗ ЦЕНТР НА ТЕССИНСКОМ,9731054953,1197746645656
39292,СЗ СТЭК-АТП,275930674,1230200021260
23405,СЗ ЯРОСЛАВЛЬСТРОЙПРОЕКТ,3900026790,1243900006910
16049,СЗ СТРОЙ ДЕВЕЛОПМЕНТ,7203511476,1207200018134
16216,СЗ АСПЭК-А,1831202512,1211800011521
18706,СЗ РОТОНДА,3663161640,1233600007420
16672,СЗ ЭДЕЛЬВЕЙС-6,2540262445,1212500016520
28316,СЗ ВМЕСТЕ,3812161582,1243800009496
37275,СЗ БРИЗ МАРИНА,500012678,1240500009914
1919,СЗ АЛТАЙ-СТРОЙ,4345090468,1044316571694
32576,СЗ КАПЕЛЛА,7806589634,1217800119987
34192,СЗ СПОРТ ИНВЕСТ,9102281903,1229100006508
10001,СЗ ДСК,2801106556,1052800098251
22786,СЗ СК НСЗ,264084469,1240200040046
12476,СЗ ФСК,2465336423,1202400030260
11108,СЗ КБС-ЦЕНТРАЛЬНЫЙ,2464150754,1192468036859
6278,ИСК ВОЛГОСТРОЙ,3443126640,1153443030212
11312,СЗ СТРОИТЕЛЬНАЯ КОМПАНИЯ СТЭЛ,3662142764,1093668013812
1867,СЗ ПРОМСТРОЙ-ЦЕНТР,4205207268,1104205015650
11360,СЗ ФОРА,7604213276,1117604016463
7841,СЗ ПРОСПЕКТ ФЕДЕРАЦИЯ,6685151129,1186658052756
4086,СЗ ТЕХНОСТРОЙОЛИМП,7709628581,1057748065550
11125,СЗ ЗАПАДНЫЙ ЛЕС,3904057334,1043900806344
22635,СЗ СК УНИСТРОЙДОМ-5,1686028560,1231600030364
18466,СЗ ПРОСПЕКТ,6318071533,1236300011001
15860,СЗ АЗИЯ-КОНТРАКТ-ХАБАРОВСК,2721251741,1212700012733
16108,СЗ ПОБЕДА,6319258862,1226300040944
10909,СЗ САМОЛЕТ-ЗАРЕЧЬЕ,7731471424,1147746543658
13667,СЗ НИЖНЕИСЕТСКИЙ ПРУД,6685119693,1169658108839
19132,СЗ ГАРДЕН-18,274985617,1240200008520
8113,КОМОССТРОЙ ОЛИМП СЗ,1831194100,1191832009126
8904,СЗ ЖИЛСТРОЙ ДЕВЕЛОПМЕНТ,5835103598,1135835003886
16747,СЗ ЮГ-ОПТИМУМ,6330099214,1236300003752
17679,СЗ ЕВРОСТРОЙ,572027666,1210500000919
18515,СЗ СИРИУС,1831205672,1221800006405
1878,СЗ СОЛНЕЧНЫЙ,3257043241,1163256057865
202,СЗ СТРОЙУСЛУГИ,1660075460,1041630233699
15577,СЗ АВИАТОР,7100007041,1217100006925
37800,СЗ ОСЕНЬ,700022433,1250700001012
17544,СЗ ГК ПРАЙД ИНВЕСТ,2204092109,1202200021220
20888,СЗ БУРАН-3,3000001352,1223000002653
14536,СЗ ФИРМА АСПЕКТ ПЛЮС,2634110085,1222600004395
9282,СПЕЦЗАСТРОЙЩИК РАЗВИТИЕ,1840009120,1121840003768
32849,СЗ УРБАНСТРОЙ,2100026334,1252100004232
14466,СЗ КОМПАС,3906972265,1153926031412
16240,СЗ МАНХЭТТЕН,6167201918,1216100026339
14629,СЗ МЕТА-КРАСНООБСК,5433973217,1205400003720
32906,СЗ ЛЕНИНА 100,6678101279,1196658028698
957,СЗ ГРАД-РАЗВИТИЕ,3666173241,1113668034050
17804,СЗ АКВАРЕЛЬ,3444278540,1223400010382
23778,СЗ КОНСОЛЬ,2901319290,1242900005699
14753,СЗ ЗЕЛЕНАЯ ДОЛИНА,1648053131,1201600088579
1429,НОВЫЙ ГОРОД,1840044284,1151840009771
1977,СЗ СОЮЗ-8,2635831883,1142651018927
16396,СЗ ПЗСП ВЫШКА-2,5903153663,1225900012678
39227,СЗ СТРОИТЕЛЬНЫЕ ИННОВАЦИИ ПЛЮС,2540256240,1202500012208
15018,СЗ ВЫШКА,2225225825,1222200011285
12920,СЗ ГОЛОС.НОВЫЙ ГОРОД,7448229445,1207400044235
3473,СЗ КОМПАНИЯ ВЫБОР,2315115369,1052309101118
24554,СЗ ВЗЛЕТ,2536338268,1232500007332
45328,СЗ ЭТАЛОНСТРОЙ,7453367641,1267400002121
19841,СЗ ЭВИЛИН КМ-10,2635260647,1242600001995
10936,СЗ ВОЛГОГРАДРЕГИОНСТРОЙ,3443096924,1103443001111
19334,СЗ ЮГКУРОРТСТРОЙ,9102063655,1149102170315
35930,СЗ АКФЭС,7000011245,1237000008684
34882,СЗ САФИЙА,700027304,1250700005863
17702,ПАТЕФОН,3905032371,1023900991070
18728,СЗ ИНВЕСТ РЕЗУЛЬТАТ,7735201115,1237700715955
1452,СТРОЙПРОЕКТСЕРВИС,6311018869,1026300520872
16824,СЗ ЧЕТВЕРТЫЙ КВАРТАЛ,7203334019,1157232006733
17893,СЗ РИВЬЕРА-ГАЛАКТИКА,6679170444,1236600062005
17426,СЗ АНДОР ИНВЕСТ,5260488808,1235200005281
13207,СЗ РЕЗИДЕНЦИЯ 15,3460059954,1153443023535
17057,СЗ Т-ОТЕЛЬ,5029253959,1205000011226
17541,СЗ ПРО-СЕРВИС.ЮГ,7842195314,1217800136432
2636,СЗ АДАЛИН-СТРОЙ,2221195827,1122225001216
16642,СЗ СЕВЕРНОЕ СИЯНИЕ,9102289719,1239100007343
18650,МЕРКУРИЙ-1,3900025638,1243900005690
9953,СЗ ТАМБОВСТАРСТРОЙ,6829141082,1186820002786
17042,СЗ СМК ДЕВЕЛОПМЕНТ,542021610,1220500014481
2454,СЗ БЕРЕЗОВАЯ РОЩА,5904285944,1135904004940
3992,СЗ ЖИЛСТРОЙ-ИНВЕСТ,5752043909,1075752002314
6728,СЗ КАМЕЛОТ,7826152585,1027810263491
137,СЗ ЗЕЛЕНХОЗ,2540173481,1112540006149
13310,СЗННДК АВТОЗАВОД,5260473343,1205200034632
40103,СЗ ГОРОД ПАРК,3662315431,1253600011070
19685,СЗ ПСК-ИНВЕСТ,8904093444,1228900003727
22924,СЗ ЯСНЫЙ 1,2461052660,1242400013140
16678,СЗ МЕРИДИАН ВК,2508136220,1192536027683
1929,СЗ ФСК ЗАПАДНЫЙ ЛУЧ,7453324060,1187456040111
16796,СЗ НАСЛЕДИЕ,7604376432,1217600009087
19020,СЗ ГАММА,6658570120,1246600002945
297,СЗ СМУ-58,2129040518,1022101273006
21430,СЗ-ПРИБРЕЖНЫЙ,2723218725,1222700008607
27813,СЗ ФОРТЛАЙФ,2222911505,1252200006563
19733,СЗ ПРИТЯЖЕНИЕ 3,7448243496,1227400025082
14651,ФОРТИС 1,6678105731,1196658086767
16094,СЗ НОВАЯ ЗЕМЛЯ,7203530951,1217200020762
22203,СЗ ЛЕГЕНДА,268054232,1100268001327
13692,СЗ ФАЙВ СТАРС,2367020291,1212300033483
17259,СЗ МАГИСТРАЛЬ,1400014610,1221400011458
2034,СЗ АРТМАСТЕР,3904043116,1033900800680
6807,СПЕЦИАЛИЗИРОВАНЫЙ ЗАСТРОЙЩИК СТРОЙ ЦЕНТР,2458012844,1132452001440
12439,СЗ ДОХОДНЫЙ ДОМ,9729301450,1207700397145
17342,СЗ ТВОРЧЕСТВО НА МЕЛЬНИКАЙТЕ,7203544418,1227200016020
18839,СЗ КОМФОРТСТРОЙ,6714051210,1206700018140
2200,СЗ ПАРУСА,9103079841,1169102067573
24601,СЗ ШЕЛЕСТ,3917519191,1133926047815
18608,СЗ КМ,7203571637,1247200004501
16011,СЗ СТРОЙПРОЕКТ-ВОСТОК,6165232981,1226100016230
18451,СЗ ИМПЕРИЯ,5029257978,1205000081450
37180,СЗ СФЕРА,2130162398,1152130013980
30351,СЗ СТРОИТЕЛЬНАЯ КОМПАНИЯ АТЛАНТ,900008852,1230900002398
19836,СЗ ПМД-ГОРОДСКИЕ ГОРКИ,5904402506,1225900016220
2472,СЗ ЮГСПЕЦСТРОЙ,6161068787,1136193005740
9506,СЗ ЕВРОСТРОЙ,4703140305,1144703001827
156,СЗ КВАРТАЛ,1832100680,1121832004117
1224,СЗ ГАРАНТ-ЖИЛЬЕ,6732076930,1146733013350
18500,СЗ КОМПЛЕКС. ВОЛГОГРАД,3460085305,1233400011657
23096,СЗ МОТОВИЛИХИНСКИЙ 12,5904412920,1245900019562
17307,ГРИНХИЛЛ СЗ,9704222567,1237700656710
17774,СЗ ЭДЕЛЬВЕЙС-4,2540262438,1212500016508
19395,СЗ АТМОСФЕРА СМАРТ,3200004086,1243200000340
28887,СЗ РЕГИОН СТРОЙ,300023094,1240300003305
12436,СЗ ЛИДЕР-СТРОЙ,2623030543,1192651013499
18618,СЗ ПАВЛОВО ПАРК,5003152265,1225000080799
28827,СЗ СВОЙ ДОМ В ТАМБОВЕ,7449152996,1247400008239
38054,СЗ СГ,268106730,1250200029034
22051,СЗ СК УНИСТРОЙДОМ-7,1686038825,1241600022047
35892,СЗ КЛЕВЕР 3.0,9102302720,1259100001600
15488,СЗ АГОЙ-ПАРК,2312314101,1225500023495
14465,СЗ К-ДЕВЕЛОПМЕНТ,3666260600,1213600022954
18791,СЗ МС-16,7606136524,1237600007688
18493,СЗ ЮНИТ.ЦЕНТР,5402079602,1235400037872
17341,СЗ ВОСТОК 314,6950255713,1216900014891
17824,СЗ ПМ-ГРУПП,3123324667,1133123009942
18955,СЗ НДК - СКИФСКИЙ,9103101110,1239100001172
16909,СЗ СМК-СТРОЙ,2902090648,1232900002390
16688,СЗ ДИАГОНАЛЬ,1300002716,1221300004166
13004,СЗ СТРОЙЗАКАЗЧИК,269041317,1200200067264
19766,СЗ ЦЕНТРАЛЬНЫЙ 4,3000012650,1243000001727
2044,СЗ СТРОЙИНЖИНИРИНГ,3128095971,1133128004900
23915,СК ГЕФЕСТ. СЗ,7451456014,1217400029164
1467,КМЗ АЛЕКСАНДРИЯ,5009088111,1135009003414
16255,СЗ ЖК ФЛОТИЛИЯ,1000003797,1221000005258
23182,СЗ ЛАПЕРУЗ ДВ,6501299128,1186501004370
2762,СЗ СК ВОЗРОЖДЕНИЕ-10,6027140849,1126027000802
8625,СЗ СВОЙ,7203432841,1177232030788
8776,СЗ ПАРК ПОБЕДЫ,6658528320,1196658061808
13450,СЗ СТРОЙФ,3459079018,1193443010067
17610,СЗ ШАРТАШ ПАРК,6678130576,1236600035627
16789,СЗ КАПСТРОЙСК,2635256305,1232600001633
13174,СЗ ЮГСТРОЙЗАКАЗЧИК,2301024680,1022300517656
10872,СЗ АТМОСФЕРА КОМФОРТА,3257075148,1203200003710
15893,АРХЫЗ ИНВЕСТ,912003961,1150912000084
15477,СЗ ТИМ-ГРУПП ДЕВЕЛОПМЕНТ,2540227137,1172536010020
2691,СЗ НИЖНЕВОЛЖСКАЯ СТРОИТЕЛЬНАЯ КОМПАНИЯ,3017039989,1043001823391
18376,СЗ ДВ КРИСТАЛЛ,2725103952,1112722005087
6856,СЗ ДОСТОЯНИЕ,6234114318,1136234003003
12087,АРЕНА,7604356517,1197627012626
2635,СЗ КАЛИНИНГРАДИНВЕСТСТРОЙ,3906262040,1123926015883
14499,СЗ ЭВЕРЕСТ,300003570,1220300001712
23870,СЗ РЭС-РЫБАЦКАЯ,3000013164,1243000002233
19145,СЗ ВОЗРОЖДЕНИЕ-2023,9402014698,1239400004843
9020,СЗ ГК АТЛАНТ,7203455253,1187232019325
18597,СЗ МАНГО,6229086390,1176234013438
24257,СЗ СТАНДАРТ,4000021840,1254000001199
2984,СЗ КОРПОРАЦИЯ ЛЭК ИСТЕЙТ,7825670898,1037843053489
10,СЗ АМУРСТРОЙ,2801005205,1022800526572
17299,СЗ МС-ИНВЕСТ,7453345768,1227400011508
15892,СЗ КВАРТАЛИНВЕСТСТРОЙ,5473006150,1225400040414
17258,СЗ ТАЛАН-РЕГИОН-29,1841083046,1181832027310
7900,СЗ ТЕРМОДОМРИЕЛТ,5829003115,1165835060270
306,2МЕН ГРУПП,7701651356,1067746424899
516,СЗ КМАПЖС,3128001437,1023102357266
19049,СЗ ЭРБИАЙ - 6,7801704668,1217800152283
18361,СПЕЦСТРОЙ ПЗСП - ТАНЦОРОВА,5903152814,1225900006826
17619,СЗ ГСИ,3808285592,1233800025249
12840,МОНОЛИТ СТРОЙ,2311263616,1182375066807
18535,СЗ И2-ДЕВЕЛОПМЕНТ,7714494171,1227700652948
15571,СЗ РЕНОВА-Н2,3328028436,1223300005895
35465,СЗ ТСКМ-СТРОЙ,500019708,1240500017042
12157,СЗ ДОМ-СТРОЙ НОВОСИБИРСК,5406674264,1115476075120
13911,СЗ ИППЕКО ДЕВЕЛОПМЕНТ,2536321507,1202500000724
12961,СЗ КРАСИВЫЙ ГОРОД,3443143042,1193443009704
2904,СЗ ТЭКОРЕСУРС,1658047987,1031626804549
24212,СЗ АЛЬФА,3525406616,1173525025244
9414,СЗ АКВА-ИНВЕСТ,7204208458,1147232031550
40601,СЗ ТАВР,9102303554,1259100003447
2215,СЗ РАДЧЕНКО,7536056600,1047550025995
6467,СЗ ОПАЛИХА-СИТИ,5024147481,1145024006434
10285,СЗ ИНТЭСКА-СТ,5904149797,1065904122723
16910,СЗ ДЕВЕЛОПМЕНТ АН,3100015951,1233100004390
37617,СЗ ЖК СЕВЕРНЫЙ,1655509295,1251600030351
13364,СЗ СК СТРОЙИНВЕСТИЦИЯ,3906396212,1203900013767
15961,СЗ РАЗВИТИЕ ДЕВЕЛОПМЕНТ,9108125450,1209100017653
17106,СЗ КАЛЛИСТО,9704123238,1227700114575
12932,СЗ ГЛОБУС,6229066154,1096229001087
19152,СЗ СКАЙ,6319038948,1026301708762
17801,СЗ СТК,2460106480,1172468070114
19817,СЗ ИЗМАЙЛОВО,7720916720,1237700875070
10081,СЗ СТРОЙ-ИНДУСТРИЯ,1435344337,1191447010490
32143,СЗ АВАНГАРД,725021618,1170726000499
14404,СЗ ФСК ФЛАГМАН,3849085715,1213800028265
13452,СЗ ДСИ,1660369935,1211600072122
27694,СЗ НОВЫЙ ДОМ,6671294617,1246600011921
13388,СЗ КГС-БУЛЬВАР,4205394378,1214200000431
7439,КС ПАСКАЛЬ СЗ,1831157080,1121831008397
19011,СЗ СВОЙ ДОМ НА НЕЙБУТА,5503273620,1235500020381
16146,СЗ ЧЁРНОЕ МОРЕ,7727491273,1227700219493
2992,СЗ БАТАЙСК-ЦЕНТР,6141033793,1106181000749
19498,СЗ ТРОИЦКОЕ ПОЛЕ,7811767642,1217800173580
22804,СЗ ЭЛЕМЕНТ,5027287737,1205000062431
1897,СЗ КАЛУГА-ЛИДЕР,4028051443,1124028003604
16956,СЗ СЕМЬЯ,6141060170,1236100010794
35523,СЗ УЛЬТРА,700027311,1250700005874
6760,СЗ СПЕКТР-М,1215121350,1071215004717
90,СЗ ФИРМА МАЯКОВСКАЯ,4346041022,1024301306732
14172,СЗ КАМАСТРОЙ-НЧ,1650345692,1171690022965
14637,СЗ ЭЛИТСТРОЙ,8904092507,1228900001109
13015,СЗ СТРОЙКОНТИНЕНТ,2635046442,1022601980037
23100,СЗ ТРОИЦКАЯ ГОРА,7801700670,1217800096513
14621,СПЕЦЗАСТРОЙЩИК ДИНАСТИЯ,1658239142,1221600047096
6333,СЗ ВОСКРЕСЕНСКИЙ ДОМ,275910808,1170280021229
20224,СЗ ДОМВЕРС,3300001113,1233300003529
19285,СЗ КЛИПЕР,3663164400,1233600018244
6575,СЗ АЛЬЯНС-СТРОЙ,7838423409,1097847053776
33433,СЗ СЛОБОДА ВЕРЕВО,4705114396,1244700015867
10372,СЗ МЕТАЛЛУРГ-5,1659197696,1191690022644
26010,СЗ КРАСНЫЙ ФЛОТ,6732231511,1226700011438
13710,СЗ ВКС ИНВЕСТ,7704597763,1067746554886
19019,СЗ ОБЪЕДИНЕНИЕ-26,2635258623,1232600011511
6452,СЗ ЭВЕРЕСТ,4501124540,1064501178774
35292,СЗ АТМ-СТРОЙ,6318067664,1226300000717
12289,СЗ АНТАРСИТИ,5432003142,1215400001563
13289,СЗ КОНГРЕСС-ЦЕНТР,9103004645,1149102041945
20776,СЗ СК ТРАСТ-ИНВЕСТ УФА,277960434,1220200037078
6106,СЗ КАТУАР ДЕВЕЛОПМЕНТ,5029165879,1125029007916
11941,СЗ ПРИМОРСКИЙ ПЛЮС,2901301832,1202900003734
15314,СЗ НОВГОРОДСКАЯ,4703180548,1214700000107
13760,СЗ ОРЕЛСТРОЙ-5,5751065184,1205700005158
33080,СЗ ПРАЙМ-НОВО,272926817,1240200029574
8940,СЗ ЮЖУРАЛСЕРВИС,5638054775,1085658038223
14183,СЗ С.К. ВЫСОТА,7606125160,1217600015764
15552,СЗ СМУ-11 СБ ЮЖНОЕ,5501280573,1225500025123
18703,СЗ ЛСК,3808283179,1233800013204
7088,СЗ СИБПРОДТОРГ,7224028742,1047200670186
3734,СЗ АТЛАНТ-ИНВЕСТ,2901258802,1152901005102
19427,СЗ М115,7813678003,1247800011942
7260,СЗ ЗАМЕЛЕКЕСЬЕ НЧ,1650304706,1151650005000
8560,СЗ АСТРА-ВОСТОК,6658524445,1196658025739
20207,СЗ АТЛАНТ,5262278482,1125262006308
39006,СЗ РЭС-ЗВЕЗДНАЯ,3000013051,1243000002123
32047,СЗ СУ №2,2464204791,1082468002638
1073,МБЛ,2318027826,1022302787605
17029,СПЕЦЗАСТРОЙЩИК ДИНАСТИЯ-4,1658248549,1231600042134
17588,СЗ МАЙТА,9103101222,1239100002020
36761,СЗ МОРЕ,2536342722,1232500035151
18599,СЗ НСК,2635258870,1232600012853
28158,СЗ НВ-3,274391356,1240200040266
16606,СЗ ДОМСТРОЙСЕВЕР,542021995,1230500005614
17548,СЗ ЛЕДОВСКАЯ,7300024647,1237300011013
17,СЗ ДЮПОН-ИНВЕСТ,323341463,1080326008212
8972,МНОГОПРОФИЛЬНАЯ КЛИНИКА,5406533922,1095406017926
14452,КОМОССТРОЙ РОДЕН СЗ,1831200339,1201800022302
7401,ПСК РАДИАЛ,6324037322,1136324002440
24774,СЗ ВЕЛОДРОМ,1300012344,1241300003064
12542,СЗ ДОМ,1435255969,1121435008518
18755,СЗ ЮПИТЕР-КОСТРОМА,4400006406,1224400000054
1433,СЗ СТРОЙСЕРВИС,3446030706,1083460004308
22494,СЗ АВАНПОРТ НН,5260490116,1235200014697
24944,СЗ БРИГАНТИНА,3663172063,1253600002380
10323,СЗ ИНСИТИ-СТРОЙ,2311298312,1192375081645
19050,СЗ РЕГАТА ДВ,2700006361,1232700002886
8513,СЗ СК УНИСТРОЙДОМ-2,1657246531,1181690046768
17747,СЗ ФАВОРИТ,6000004253,1236000002920
38366,СЗ М2М КОЦЮБИНСКОГО,9402017064,1259400002069
17440,СЗ ЭЛЛИПССТРОЙ,1841093686,1201800011390
8180,СЗ ПЕРЕСВЕТ-ЮГ ЦЕНТРАЛЬНЫЙ,3443142377,1193443005172
13714,СЗ ЮГ-СТРОЙФОРТ-1,6150101707,1216100030706
9487,СЗ ВЛАДСТРОЙГРУПП,2536303716,1172536020480
18814,СЗ М 10,7842480382,1127847431359
7404,СЗ АРХГОРСТРОЙ,2901247381,1142901004234
22142,СЗ ПРОЕКТ-С-31,6658566357,1236600050554
24238,СЗ ЗОЛОТОЙ ПЛЯЖ,9103069353,1159102065693
29338,СЗ БМ-ГРУПП ЦЧР,3652905061,1253600008364
12556,СЗ СБЕР-КАПИТАЛ СТРОЙ,4826147710,1214800003989
17207,СЗ ПЫЖЕВСКИЙ 5,7706419283,1157746289359
7541,СЗ ДИВНОЕ-СИТИ,5003126924,1185027003391
30336,СЗ ПРАВОБЕРЕЖНЫЙ.СИТИ,6678142660,1256600025571
22758,СЗ РЕГИОНДОРСТРОЙ ПОВОЛЖЬЯ,6449105306,1236400004543
13550,СЗ СКРИПКА СК,6450098491,1176451017071
24217,СЗ ЗС,1900014745,1241900002068
19111,СЗ МАРУСИНО,5027302103,1215000128122
403,СЗ ИН-ГРУПП МАЛЕНЬКИЙ,7743637794,5077746450117
17817,СЗ ВАРИАНТ ИНВЕСТ,5904407631,1235900017121
24945,СЗ ГОРОД БСС,278976645,1230200007542
13695,СЗ ЭТАЛОН-КАЗАНЬ,1657267813,1211600029222
161,СЗ СМУ-1,3729011599,1033700064804
23130,СЗ ЖСЗ,3528342745,1243500009610
41242,СЗ РИВЕР СТРОЙ,700025466,1250700004048
17768,СЗ ФЛАГМАН,6200001443,1246200000133
842,СЗ СПЕЦМОНТАЖ,6829135650,1176820010883
1075,СЕЛИГЕР,3445127208,1123460005316
19342,СЗ МОСКОВСКИЙ КВАРТАЛ-1,6658565610,1236600045692
19330,СЗ ИЗУМРУДНЫЙ КВАРТАЛ,2543150860,1202500016938
2724,СЗ ВИКТОРИЯ Т,3904023060,1023900600327
3490,СЗ ДВ НОВЫЙ МАТЕРИК,6501162557,1056500737622
15855,СЗ - МИНИПОЛИС КУЛТАЕВО ПАРК,5904397550,1215900013537
26061,СЗ ЭЛЬКОР,6229063435,1086229003024
240,СЗ РЕСПЕКТ,3123339014,1143123002747
8638,ПРОЕКТДЕВЕЛОПМЕНТ,6672251729,1076672041225
1507,СЗ ПМК-8,2115902400,1042137002489
27955,СЗ ОЛИМПСТРОЙ НР,9309027678,1249300011058
210,СЗ ТАЙГЕР,3017064343,1103017001845
14697,СЗ ФОРМАТ,1326257878,1221300000415
29423,СЗ ЛЮДИ В ЕКАТЕРИНБУРГЕ,7203593045,1257200008141
16468,СЗ ТАВРИДА,7017490733,1227000001238
23418,СЗ ЭНЕРГИЯ,2221224002,1152225028592
12408,СЗ БОЕР КОНСТРАКШН,4826144596,1204800007653
17115,СЗ ТРЕТИЙ РИМ,7704452461,1187746257764
229,СЗ ГК БСМ,3123281540,1113123007018
2153,СЗ СТРОЙ ГАЗ СЕРВИС,608024615,1130608002898
6222,ИНСКИЕ ЗОРИ. СЗ,5405429830,1115476019042
13987,СЗ ЛЮДВИГСТРОЙ,1900005250,1221900000497
37433,СЗ МИР,2625129121,1252600001697
3177,СЗ АКВА,7203151985,1047200624239
17630,АРТ РУМ,9717106906,1217700495341
14762,СЗ СТРОЙКИРПИЧХОЛДИНГ,269042399,1210200037519
17147,МЕТРЫ СЗ,3443149125,1223400008864
36020,СЗ ПРЕМИУМСТРОЙ 3.0,4000028860,1254000008195
21659,СЗ ГЕО,3811468229,1203800004210
21694,СЗ ДС ДЕВЕЛОПМЕНТ,3849096280,1233800014029
17513,СЗ КАПИТЕЛЬ,5406823759,1225400026940
2294,СЗ СТРОЙЭКОНОМ,3811439059,1163850088412
17703,СЗ БМК-ДЕВЕЛОПМЕНТ,2700001170,1222700017726
13564,СЗ НОВЫЙ СТИЛЬ,7810770096,1197847154230
218,СЗ КУТУЗОВСКОЕ-1,5044074560,1105044001930
17557,СЗ ГРАД ИНВЕСТ СХОДНЯ,5032347766,1225000121433
35757,СЗ - УКЗ № 13.1 КПД,276177855,1240200032379
30685,СЗ ГК-МОРСКОЙ КВАРТАЛ,2367000496,1172375034468
1275,СЗ ОТДЕЛФИНСТРОЙ И ПАРТНЕРЫ,2130097685,1122130000167
939,СЗ СУ-1,2204032090,1072204017434
16422,СЗ СТРОЙСЕРВИС,5256044510,1035204881612
13197,СЗ МЕГАТРЕЙД,5407009768,1055407136212
17708,СЗ СТРОЙ-КВАРТАЛ,300011290,1230300000699
9742,СЗ ЖБИ-ЖИЛСТРОЙ,3665808918,1203600003144
15227,СЗ ДЕЛЬТА,7721825900,1147746273828
19465,СЗ ЛАДДОМ 1,2700018688,1232700015514
16327,СЗСУПЕРСТРОЙ,2466163967,1152468035290
22990,СЗ ВРАЖСКИЙ,7704398937,1177746269095
13811,СЗ ЗАРЕЧНАЯ,7730248529,5187746035208
7613,ИНТЕРСТАР-РЕСУРС-СЕРВИС,9103064644,1159102031230
23095,СЗ АСТОН. А ЗОРИ ЗДЕСЬ ТИХИЕ,2540280719,1232500029024
8670,СЗ САМОЦВЕТЫ,4205382911,1194205016367
16139,СЗ БИК-СТРОЙ,3100009098,1223100014543
23434,СЗ КУРОРТЫ СОЧИ,2366042140,1232300032139
1854,СЗ ЮГСТРОЙИНВЕСТ ПЛЮС,3459013232,1143443034240
13846,СЗ ЭНЕРГОСТРОЙ,3460067994,1173443004778
22506,СЗ ТРУДОВОЕ 1,2543180656,1232500033325
19105,СЗ РУССКАЯ ДЕРЕВНЯ,6501301120,1186501007186
22248,СЗ ЭТАЛОН,3665095512,1133668040516
22085,ЮЖНЫЙ КАПИТАЛ,571021213,1220500012325
19732,СЗ РЭС-МАКСАКОВА,3000011248,1243000000319
28786,СЗ НИКОЛАЕВСКИЙ,9109023411,1199112012329
14279,СЗ СТРОЙ ДОМ,6321381535,1156320007359
16352,СЗ МИХАЙЛОВСКИЙ,7100006866,1217100006727
16674,СЗ ЖСК НОРСТРОЙ-ИНВЕСТ,8601072967,1228600008317
13813,СЗ ГЛОБАЛ,274950276,1190280063797
13228,СЗ ЕВРОСТРОЙ-ДЕВЕЛОПМЕНТ,275902966,1150280048225
8664,СЗ АСТРА НА ВИКУЛОВА,6658425243,1136658000929
18414,СЗ ТРЕСТ-82,7447302050,1217400024291
35801,СЗ ПИОНЕР-ВП,5402082651,1245400010866
25159,СЗ ВЕРТИКАЛЬ НР-1,9310014722,1249300011795
35152,СЗ СТРОЙРЕСУРСТУЛА,7106087734,1207100002603
23384,СЗ КАЛИНКА СМАРТ 4,1840098459,1201800014019
35336,СЗ НИКС ЛАЙН 2,7451468355,1247400008932
15551,СЗ ТАРСКИЕ КОЛОКОЛА,5505069966,1225500025321
16971,СЗ БУДМАР-ИНВЕСТ,2308291187,1232300020787
7984,СЗ ЭНЕРГОУЧЁТ,5838000907,1105838000036
18545,СЗ ПРОГРЕСС ИДЕАЛ,6679174907,1246600015870
6906,СЗ НОВОСФЕРА,2311136390,1112311005201
19459,СЗ ПЕРВЫЙ,3700017090,1243700001808
1448,СИМОН ДЖЕССО,7703769586,1127746436179
22953,СЗ Е-ГРУПП,3200006679,1243200002924
2205,СЗ КАМСКИЕ ОГНИ,5902030683,1155958109438
18452,СЗ ПРИОРИТЕТ,3812996503,1233800011345
24678,СЗ АУРА,800008062,1230800002443
6640,СЗ САТ,2901245881,1142901002166
3669,СЗ СТРОЙКОМПЛЕКТ,3203005112,1023201341261
17375,СЗ СК-8,275930762,1230200021963
16862,СЗ ПАРТНЕР,3662228034,1163668073744
30961,СЗ ЗЕЛЕНЫЙ САД - ИНВЕСТ,6234007700,1046209015566
16970,СЗСЗК,2901082980,1022900514526
18793,СЗ МС-17,7606136556,1237600007754
21686,СЗ ОНИКС-ДЕВЕЛОПМЕНТ,9715399037,1217700143540
35017,СЗ ДСК-5,1000023627,1251000004529
14254,СЗ ХАМАДА,725031380,1210700003700
18939,СЗ ИЗУМРУДНЫЙ КВАРТАЛ,2222902444,1232200009271
40772,СЗ АВИАТОР,1655494056,1231600014524
2820,СК ТРАНШ,3329060619,1103340002193
69,СЗ КОНТИНЕНТ,6731055101,1066731101458
12381,СЗ КОМПОЗИТ ЭСТЕЙТ,3305801410,1213300000110
19185,СЗ КИРПИЧХОЛДИНГ,269045248,1240200006782
31992,СЗ АСТРА НА ПОСАДСКОЙ,6658524413,1196658025574
16996,СЗ ПРОГРЕСС ИМПУЛЬС,3000004427,1223000005733
659,СЗ ОРСО ГРУПП,5902232270,1135902001091
15528,СЗ КИРПИ,917037700,1190917002605
6970,КАРА+,7731018119,1037739650981
17826,СЗ ВСЕ СВОИ,3808284119,1233800017736
18787,СЗ ФАБРИКА,700016373,1240700002366
13392,СЗ АДМИРАЛ,1326257331,1211300003595
18358,СЗ КВАРТАЛ,7736352621,1237700533278
21874,СЗ А119,1900014569,1241900001881
11706,СЗ АСТ,6949113560,1206900001990
10745,СЗ ЭВОЛЮЦИЯ,5603032570,1085658029808
15821,СЗ ГОРИЗОНТ,2130229691,1222100000066
40895,СЗ ВЫСОТА-СИТИ,3663176727,1263600002027
15109,СЗ ТАУРЕД,6321468507,1216300018494
6190,СЗ АПАРТЖИЛСЕРВИС,3664123580,1123668060944
19144,СЗ МОНТАЖНИК,1400034567,1241400004560
28194,СЗ МЕРИДИАН,1686028062,1231600027460
24515,СЗ ИМПЕРИЯ,5906162761,1195958037175
21023,СЗ РЕНЕССАНС,6318072706,1236300025763
24251,СЗ ОКТЯБРЬ В САО,9729336630,1227700870825
303,СЗ ФОРУМ - ЖИЛЫЕ КВАРТАЛЫ,6671446690,1146671004545
9523,СЗ СУ №7 ПСК-6,277126660,1130280004238
36087,СЗ КОМПАНИЯ РУССКИЙ КАПИТАЛ,7704153038,1027700288538
18781,СЗ УГСИ,8904091790,1218900002562
12544,СЗ СТРОЙГРАД,6229058322,1076229002222
23800,СЗ ХОРОШЕЕ ДЕЛО,2308296410,1242300017497
2688,СЗ ИФК АСТРСТРОИИНВЕСТ,3015060801,1023000863775
6203,СЗ ЖИЛСТРОЙИНВЕСТ,5638065294,1145658018956
22050,СЗ МЕЛЬНИЧНЫЙ РУЧЕЙ,4706058987,1234700008432
17162,СЗ ЭНТУЗИАСТ,5904397662,1215900014175
17069,СЗ САМПАД,5032318540,1205000045887
1369,СЗ РИВЬЕРА,5835042056,1025801223150
16260,СЗ ЭКОСТРОЙ,7806598149,1227800057946
22176,СЗ РЭС-ТЕТРИС,3000014640,1243000003730
9296,СЗ ВЕСТА-СТРОЙ,5040150192,1175027019056
10459,СЗ СТРОЙУСЛУГИ-1,1660313298,1181690043260
15430,СЗ ДОМ НА ЧЕРНОЙ РЕЧКЕ,7802651056,1187847008690
14188,СЗ СК ГОРПРОЕКТ,5501224480,1105543009087
12597,СЗ ТАНТАЛ ИНВЕСТ,7536186046,1217500002103
9240,ПДК,7825501233,1037843064962
26292,СЗ А-СТРОЙ,700020612,1240700006590
27447,СЗ РАЗВИТИЕ,3000010170,1233000005732
11408,СЗ ПЕРСПЕКТИВА,6234132388,1146234007490
26079,СЗ ГРАНДА,6318071332,1236300008603
31178,СЗ ВЕСТ САЙД,700016380,1240700002377
13810,СЗ ВОСТОК,1200004170,1221200000119
15414,СЗ ТАЛАН-РЕГИОН-20,1841079635,1181832014066
517,СЗ ИНЖИЛКОМ,5752020676,1025700781402
24862,СЗ ПРОФИТПЛЮС-В,3812997659,1233800016010
23760,СЗ ГРОДНЕНСКАЯ 18,7731541953,1067746514637
14934,СЗ СК ЭЖС - МКР,7536188981,1217500006008
16107,СЗ АЛЬВХЕЙМ,9725040624,1207700462342
22864,СЗ ЯРД ГРУПП,7725651605,5087746583249
40916,СЗ МОЛЕКУЛА,6316199150,1146316005010
15544,СЗ ЗАРЯ,5258085671,1095258004258
18514,СЗ НА ВЫСОТЕ,100007786,1240100000601
1465,СЗ ДВИНА-ФИНАНС,2901253515,1142901012650
23750,СЗ КОСМОС-ГРУПП,7456022204,1147456004387
3155,СЗ КАПИТАЛ ИНВЕСТСТРОЙ,6027112351,1086027002753
19873,"СЗ 3-Я ГРАЖДАНСКАЯ, ВЛ.1",9718163375,1207700372065
18884,СЗ ЖЕМЧУЖИНА,2208063814,1232200004101
1698,СЗ ВЫСОТКА,3702101125,1153702002684
7241,СЗ ПРОМСТРОЙ,2223596775,1132223016078
7890,СЗ ДВ СТРОЙТЕХ,2543093354,1162536061038
7214,СЗ КЕЛШ,5902050200,1185958029476
34028,СЗ АКВАВИТА,1832154212,1191832021260
2458,СЗ СТРОЙИНВЕСТ,6722015575,1036706001089
3244,АСК-12+,1513042833,1131513004237
20068,СЗ-ГОРОД САД,5902066175,1235900016175
30640,СЗ АЙВЕЛ,571019704,1220500000511
12737,СЗ МАРКЕТ,4704005651,1024700871898
24268,СЗ ФСК ЖИЛСТРОЙ,3849097076,1233800016988
16838,СЗ М ГРУП,2634109001,1212600010468
18533,СЗ ОКРУГ,5403183363,1065403045806
7681,СЗ ЕВРОБАЛТ ПЛЮС,3917508136,1103925023234
1464,СЗ ОМЕГА СТРОЙ,2901240428,1132901008701
23435,СЗ СТРОЙСЕРВИС,5838016103,1235800006012
21207,СЗ ЛИДЕР,1903022825,1131903001251
18433,СЗ ОДСК-Л6,4800004146,1234800002205
43285,СЗ БАРСОВО 1,2460129617,1262400001907
9023,СЗ ФОРУМ - ЖК ГРАФИТ,6671244863,1076671035022
38300,СЗ ОБРУЧЕВА,9718280270,1257700199008
2817,СЗ ДЕСС-ИНВЕСТ,3811183671,1143850043072
19040,СЗ РЕСУРСНАБ,9402015300,1239400008760
6165,СЗ ЮЖНАЯ,1833055334,1101840001042
22043,СЗ НЕКРАСОВКА ДЕВЕЛОПМЕНТ,7708670823,1087746608784
10201,СЗ СЕРВИС,6829028337,1066829055424
6813,ИНГЕОЦЕНТР,7730150393,1027739224820
42578,СЗ ГОТОЛ,3808295583,1253800021529
17349,СЗ РИМ,1831205947,1221800008495
24097,СЗ А2,9726086808,1247700694933
43471,СЗ СКМ-БИБЛИОТЕЧНАЯ,6671305516,1246600029367
22221,СЗ АРКАДА МОЛОДЕЖНОЕ,9109030842,1249100007749
13131,БАРСЕЛОНА,5406806785,1205400029350
13165,СЗ ТРЕСТ-77,7447302036,1217400024270
19260,СЗ КАРАВЕЛЛА,3663164908,1233600019916
16326,СЗ ВЕСНА,3025036269,1193025005722
948,СЗ РЕГИОН СИБИРИ,3808168391,1073808011584
34196,СЗ ПАРК,5405014882,1255400013285
19169,СЗ ВАШ ДОМ,507026800,1230500009178
6771,СЗ БЕЛКВАРТАЛ,4025442488,1154025000469
17783,СЗ ПАРКОВЫЙ,7100045216,1237100014040
16814,СЗ СТРОЙДЕВЕЛОПМЕНТ,5751065025,1205700004355
10730,СЗ ЖИЛИЩНАЯ ИНИЦИАТИВА,2221131100,1082221001103
30028,СЗ КОСМОС,2901320641,1252900001045
11832,СЗ КБС-КУРЧАТОВА,2464154445,1202400031217
10188,СЗ ВЕВ-СТРОЙ,2310216902,1192375074077
24465,СЗ ПРАЙМ,7300026242,1237300012663
13936,СЗ ПРОГРЕСС-СТРОЙ,6671166446,1216600032967
11847,СЗ РИО МОНОЛИТ,4029049060,1134029001347
12141,СЗ ПЕРСПЕКТИВА,6658393337,1116658019389
19291,СЗ КИТ,7900005653,1247900000237
17373,СЗ СК-10,275931692,1230200039387
13549,СЗ ГРОДНОВНЕШСТРОЙ,4028067517,1184027012641
11068,СЗ СТРОЙ РАЗВИТИЕ,1435352560,1201400005619
6590,СЗ ДОМ-ИНВЕСТИЦИИ,276140140,1120280020992
8792,АЛТПРОМСНАБ,2223032641,1022201142920
19279,СЗ ОДСК-Л9,4800013599,1244800001654
13853,СЗ ЗАПАДНЫЙ ПАРК,6141057106,1206100039463
14453,СЗ АРТСТРОЙГРУПП,2311203085,1152311019190
6795,СЗ СК СПЕЦСНАБ,1435302249,1151447011880
28305,СЗ ТИМИРЯЗЕВСКИЙ ПАРК,5405061868,1215400005490
14300,СЗ ТРИ ДОМА,5260176319,1065260104403
39949,АГРАРНЫЙ УНИВЕРСИТЕТ,725030940,1210700002182
15366,СЗ СДЭ-МЕРА,4214041918,1214200014775
660,СЗ ДЕЛОВОЙ СОЮЗ,6215024154,1106215000418
157,СЗ ИСК УРАЛДОМСТРОЙ,1832121908,1141832006095
17878,СЗ РИВЬЕРА-ИНВЕСТ-НБ,6679162517,1236600004740
25849,СЗ ЦЕНТРТОРГ ПЛЮС,7604355961,1197627010690
16612,СЗ МАГАВТОЦЕНТР,7446050435,1077446000807
17008,СЗ ЦЕНТРАЛЬНЫЙ 2,3000006819,1233000002344
15310,СЗ С-21,2100000424,1222100006897
7923,ПЕРВАЯ ИК - МИКРОРАЙОН САДОВЫЙ ЖИЛОЙ ДОМ 9,5506222744,1125543043130
3241,СЗ ССК,2466071160,1022402649290
2411,СЗ ПРОЕКТ-2,5905039395,1165958056758
38567,СЗ КОНКРИТ,6164144605,1246100013785
19421,СЗ АРКАДА,6686160359,1246600023450
33756,СЗ ЛИДЕР,7606134559,1237600001583
37360,СЗ ЛЮДИ ЦЕНТР,7204054173,1027200788020
1462,СЗ СК-РДС,6163151744,1166196115722
12004,СЗ ЖК ТРУБАЧЕНКО,9108123822,1199112016608
11962,СЗ ОХРА,5029112620,1085029002244
1435,СЗ ВОСТОЧНЫЙ КВАРТАЛ,1840070220,1171832008182
32115,НСГ-ИНВЕСТ,7000023219,1257000000399
21232,СЗ ОДСК-Л8,4800013609,1244800001665
887,СЗ КРАНЦ-ПАРК,3906344221,1163926085564
22244,СЗ ИНТЕРСТРОЙ,9102285094,1229100013284
18489,СЗ СЕВЕРНЫЙ,900008620,1230900002167
18593,СЗ СУ № 3 СК РОЛСТРОЙ,269045142,1240200005484
14502,СЗ М11,7811763052,1217800116380
16433,СЗ КВАРТАЛ 5.37,9102258848,1199112015156
14444,СЗ КВАРТАЛ 1604,5408030160,1215400030999
10379,СЗ КОСМОС,4501226493,1204500000506
11994,СЗ ЗЕТ ХАУС,3810079597,1193850011387
40460,СЗ СК ЦЕНТРИНВЕСТ 134,3443153876,1253400001568
33090,СЗ СИНИЦА. СЕЗОНЫ 5,6658579356,1256600027463
8803,СЗ СЕВЕРНОЕ СИЯНИЕ,6685163685,1196658042294
17167,АМА,542022011,1230500005713
18541,СТАТУС. СЗ,5406815620,1215400039634
13742,СЗ ФОРУМ - ЖК ДОМИНАНТА,6671129677,1206600067585
18605,СЗ СИТИСТРОЙ,701015492,1130718000060
16199,СК КОСА,2130174925,1162130061411
15421,СЗ АИР-СТРОЙ,1840105000,1211800011587
42485,СЗ СК-АТЛАНТ,2536344303,1242500009289
17763,СЗ АЛДАН,1400022642,1231400005616
15101,СЗ ЮЭС,2309167954,1182375058249
16268,СЗ ВИКТОРИЯ,1500006651,1221500005528
6618,АСЗ,3444259931,1163443071142
20239,СЗ БИЗНЕССТРОЙ-НН,5260330289,1125260007487
21500,СЗ ННДК ПРИОКСКИЙ,5260489960,1235200013619
20981,СЗ ЖК НА ВИЛЮЙСКОЙ,5404319419,1235400033670
17118,СЗ ЗВЕЗДНЫЙ,6234091212,1116215000439
30006,СЗ ВЫБОР ГРАНД,3662315008,1253600009002
13614,СЗ ШОТЛАНДИЯ,2224185070,1172225006722
10871,СЗ КАПИТАЛ,5404165800,1205400028866
13058,СЗ ТАВРИДА СТРОЙ,9102226130,1179102006247
27293,СЗ КАЗАЧИЙ,9714061171,1247700681150
874,СЗ СТАНДАРТ,4501118748,1064501005601
23428,СЗ ТАЛАН-РЕГИОН-65,1841073841,1171832022306
2839,СЗ КСК-СТРОЙ,3906175566,1073906021760
19319,СЗ РД ИНВЕСТ,1686031499,1231600047986
23315,СЗ МАЛЕВИЧ,6686147580,1226600077417
16707,СЗ ВОСТОЧНЫЙ6,5032346787,1225000113062
12319,СЗ ВОСХОД,2512466976,1192536019060
17859,СЗ БЕРЕГ ГУРЗУФА,9103008110,1149102069104
31304,СЗ ТСК-1,7802931783,1227800139335
8070,ТДСК ИНВЕСТ,7017113534,1057000119330
30199,СЗ АПРИ ВЛАДИВОСТОК,2543175335,1232500012117
579,СЗ ОПТИМАСТРОЙ,1101123466,1051100563997
37105,ЭФФЕКТ ДЕВЕЛОПМЕНТ ЕССЕНТУКИ. СЗ,2618027087,1252600012378
21409,СЗ АСИ-1,3000012080,1243000001155
29492,Е7 ГРУПП ЗАСТРОЙЩИК,6623134540,1206600029371
14062,СЗ СТРОИТЕЛЬ,269041324,1200200068090
16863,СЗ СК-5,275930748,1230200021908
16864,СЗ СК-7,275930755,1230200021919
1490,СЗ ГАРДИЕН,7838475051,1127847255326
10838,КОМОССТРОЙ РУССО СЗ,1831195738,1191832018663
11293,СЗ СК КРЫМСКИЙ БЕРЕГ,9102249709,1189112038500
19122,СЗ КОМПАНИЯ АВА,3650004047,1023601589472
16611,СОЗДАТЕЛИ. ЧЕТВЕРТЫЙ,7203550115,1237200001081
11192,СК РАДАМИРА,6312203078,1206300026240
19069,АМА,500006145,1240500003314
17007,КАСКАД СТРОЙ СЗ,5260470367,1205200013105
12767,СЗ ГОЛДИНВЕСТ,2543140501,1192536022227
16480,СЗ НОВЫЙ ГОРОД,2630052820,1232600000203
3039,СЗ РЕЗУЛЬТАТ,6027126690,1106027001068
16748,СЗ БИБЛИОСИТИ,5401403711,1215400027622
23527,СЗ ГРАНДЕКС,9201507037,1159204014232
17694,СЗ - УКЗ № 12 КПД,276965856,1210200053601
1623,СЗ ПРОМСТРОЙ,3906153890,1063906102699
14828,СЗ ПАРКОВЫЙ,6317154498,1216300041220
33,КС ВЫСОТА СЗ,1831157281,1121831008672
13321,СЗ КОНДРАТОВО 1,5902061681,1215900017960
2191,СЗ ТАНТАЛ,7536004747,1027501157090
13155,СЗ ПАРТНЕР,4205088839,1054205153452
11596,СЗ ДОМ УЧИТЕЛЯ,5903146730,1205900021645
17587,СЗ МЕГАПОЛИС,2536327724,1212500009941
3420,РГС ГРУПП,7447139573,1087447014566
19282,СЗ АМД КОНСТРУКЦИЯ,2511110800,1192536030565
687,СЗ РИВЬЕРА-ИНВЕСТ-ЕКБ,6670433184,1169658022280
10435,СПЕЦЗАСТРОЙЩИК СТОЛЯР,2618003294,1022600962405
14260,СЗ МИР-ДЕВЕЛОПМЕНТ,7725847781,5147746317956
8024,СЗ СК-131,8608052991,1078608000679
26273,СЗ КОМФОРТ СТРОЙ,1650409963,1221600006011
39140,СЗ ПТК,6234024350,1066234007399
22761,СЗ РЕСПУБЛИКА-3,278979759,1230200035647
8436,СЗ ШАРД 63,6317135375,1196313025424
10643,СЗ 31-ГРУПП,3123454440,1193123013313
1074,СЗ ЭВРИКА,3301033245,1153339000121
1624,СЗ АДРЕМ РАЗВИТИЕ,3663091706,1123668019804
11345,СЗ РУМЕР,5401993193,1195476038240
1574,СЗ ИГС,3444264106,1173443009398
18356,СЗ С-СТРОЙ,2635253424,1222600005847
18420,СЗ СМО-7,2320113399,1032311685482
3603,СЗ ДЕМИДОВЪ,3702566032,1083702021479
16632,МЕГАПОЛИС ДЕВЕЛОПМЕНТ,542022068,1230500006780
18698,СЗ 2Д ДЕВЕЛОПМЕНТ,5260486423,1225200034509
14219,СЗ ЭЙ ЭЙ ДЖИ,7839121200,1197847189396
18707,СЗ РБС-ДОН,6166129659,1236100035379
28979,СЗ ЮЖНЫЙ ПАРК,4706068858,1234700030410
15520,СЗ МАКСИСТРОЙ,6800000184,1226800005585
13294,СЗ АКСИОМА 3,3015118346,1213000002600
7860,СЗ ИЛЬИНСКИЙ ДОМ,275911030,1170280026971
38657,СЗ ДОМ 3,7300046873,1257300008020
18624,СЗ ЯМАЛИНВЕСТСТРОЙ,8905067775,1228900001296
19130,СЗ ПМД-ЕРАНИЧИ 2,5904409131,1245900000345
7542,ПРОМСТРОЙКОМПЛЕКТ,7802841032,1137847410084
32049,СЗ КАРАГАЛИНСКИЙ,2014046182,1252000006521
16159,СЗ СТРОИТЕЛЬНЫЙ КАМЕНЬ,2222896751,1222200003772
23818,СЗ НИКС ЛАЙН 1,7451462346,1237400001255
6473,СЗ СИБМАШ-СЕВЕРСТРОЙ,7202219694,1117232027648
28581,СЗ ХОРОШОЗДЕСЬ,3000017112,1253000000120
7495,М ТЕХНОЛОГИЯ,7704512223,1047796075832
19083,ООО СЗ ИН-ЛЕВЭЛ,2311361652,1242300013042
17507,СЗ ТЕХНОСТРОЙ,1659110656,1111690026788
2324,СЗ МОСТ,2462053219,1172468006875
571,СЗ ДСК,3443119748,1123443006851
3535,СЗ ЛЕНИНГРАД,3811450486,1173850039604
2641,СЗ АВЕНЮИНВЕСТ,7447274389,1177456063180
16086,СЗ АТОМ-ЮЖНОГОРСКАЯ,6672192671,1056604460990
41804,СЗ АС СТРОЙ,6800017692,1256800004735
22587,СЗ СЕМЕЙНЫЙ ЗАСТРОЙЩИК ДОМ СОЛНЦА,5402082725,1245400011724
2863,РАА,6311043167,1026301520970
16866,СЗ СК-6,275930723,1230200021886
16865,СЗ СК-9,275930843,1230200022799
17896,СЗ А1,7727460660,1217700086548
15183,СЗ ИНВЕСТСТРОЙ,5638065488,1145658023477
2457,СЗ ПРЕМИУМ,725022114,1170726002040
13516,СЗ ЦЕНТРАЛЬНЫЙ,2310221525,1202300057376
2995,СЗ ПАРКОВЫЙ,3257056071,1173256009453
2098,ЗОЛЬСКАЯ ПМК-1,702007173,1020700540893
27502,СЗ РОСТОШИ ПРЕМЬЕР,5610234175,1195658000834
29357,СЗ - УКЗ № 21 КПД,276175015,1240200011710
15530,СЗ ТАК.ТЕЛЕЦЕНТР,5403069893,1225400018733
17466,СЗ БМ-ГРУПП ЮГ,3652902649,1233600015220
19230,СЗ ДОМБАЙ,2312308394,1222300011086
18603,СЗ ДОМ НА РЕВОЛЮЦИОНЕРОВ,269045199,1240200006100
30939,СЗ БАЗИС ИНВЕСТ,3528345383,1253500006792
7329,СЗ УДАРНИК,5751056729,1155749007281
22357,СЗ БСК-УЛЬЯНОВСК,7720917347,1237700891691
21892,СЗ ЦВЕТНОЙ БУЛЬВАР,6229044457,1126229001282
30164,СЗ РЕГИОН,6800010714,1246800003053
13671,ПРОМЖИЛСТРОЙ РСО-АЛАНИЯ,1513043241,1131513004754
15555,СЗ НК,4205400014,1214200013488
16366,СЗ ОРЕЛСТРОЙ-11,5751066519,1225700000569
16367,СЗ ОРЕЛСТРОЙ-10,5751066501,1225700000558
17561,СЗ ГК ОСТ-8,7100046629,1237100015470
590,МСЗ АРТ,1435336216,1181447013373
10453,СК НАШ НОВЫЙ ГОРОД,276070848,1020202857256
6733,СЗ МСК ЛОСИНООСТРОВСКАЯ,5047061664,1045009560804
14354,СПЕЦЗАСТРОЙЩИК НОВГОРОДСЕЛЬСТРОЙ,5300004407,1225300002322
18964,СЗ МЕГАПОЛИС,5445013395,1125483001841
705,СЗ ТЮС,3123136631,1063123135680
31617,СЗ МЕСТО СИЛЫ,3900039983,1253900004247
684,СЗ СРС,5408172453,1025403654715
6150,СЗ СИБЭКОСТРОЙ,5406203025,1025402463437
15697,СЗ РЕГИОНСТРОЙ58,5837080096,1215800003220
13368,СЗ СК ОЛМА,5402536866,1115476039777
16819,СЗ ЭЛИТА-ЭКО,7730047558,1027739315185
17387,СЗ СИБКОМИНВЕСТ,2225134600,1122225016132
16691,СЗ КАСКАД Л,3328021279,1183328011415
33013,СЗ ИСТОРИЧЕСКИЙ ЦЕНТР,3900040001,1253900004269
13360,СЗ КЛЮЧ-42,4205396456,1214200005360
17096,СЗ ИНТЕК,7842423306,1107847009071
12136,СЗ СТРОЙ ГАРАНТ,326583358,1200300014287
12360,СЗ ОЛИМП,3905075914,1063905075684
8822,СЗ АСТРАХАНЬ-ДЕВЕЛОПМЕНТ,3025033451,1183025004250
14539,СЗ ЦИФРА,5405030108,1185476084980
19234,СЗ РП-СТРОЙ 57,5754027363,1215700001912
30124,СЗ ДОСТОЯНИЕ,3666275229,1253600008892
25825,ЮЖНЫЙ СЗ,500024627,1240500021981
13744,СЗ ФРОНТОН,2536317204,1192536014990
16537,СЗ СОЮЗ ДЕВЕЛОПМЕНТ,3000000126,1223000001400
16408,СЗ ОПТИМА,7704663550,1077761028707
17607,СЗ ОСНОВА,7100020885,1227100005780
7805,СПЕЦЗАСТРОЙЩИК СК ПРОФИ-ИНВЕСТ,5038112697,1155038002570
22821,СЗ ТЕРНОВСКОГО 222,5834128825,1225800006520
16845,СЗ ПРОГРЕСС ВЕКТОР,3000004434,1223000005722
40650,СЗ СТРОЙДОМ,500012491,1240500009738
11818,СЗ СЕВЕРНЕФТЬ,8911000514,1148911011314
17782,СЗ ВЕРТА,1650427585,1231600046446
17043,СЗ БАРХАН,300010384,1220300008610
41284,СЗ АМ-СТРОЙ,3460088289,1253400006386
9383,СЗ Ю-ИНВЕСТ,7709862944,1107746810412
553,СЗ ЭКОДОМ,7327021643,1027301486464
7531,СЗ МОНТАЖЖИЛСТРОЙ-Т,6154141958,1156196073560
2063,СЗ ЧЕРРИДОМ-СТРОЙ,3525210660,1083525013670
16022,СЗ СУПЛЕКС ТЕХНОЛОДЖИС,7708780939,1137746059351
18576,СЗ ДОМ,5406829743,1235400008194
24587,СЗ БАЛТРАНЗИТ,7842006567,1047844002700
16437,СЗ ГВАРДЕЙСКИЙ,4400014171,1234400002374
15316,СЗ СФ №9 ПСК-6,277958474,1220200011910
18821,СЗ МС-14,7606130787,1227600012496
3946,СЗ РЕМСТРОЙ,3665063221,1073667026773
37817,СЗ ЛЮБИМЫЙ ГОРОД,300025327,1240300005538
27959,СЗ У2-ДЕВЕЛОПМЕНТ,9715447731,1237700277770
36558,СЗ СИМДОМСТРОЙ,9102292856,1239100014262
12313,СЗ АКВИЛОН СЕВЕРОДВИНСК,2901297953,1192901006924
12341,СЗ ЛИДЕР,3906398932,1213900001260
22700,СЗ СТАРК,2223642855,1232200013902
32254,СЗ ОНИКС ГРУПП,3849089759,1223800012776
3144,СЗ МОНОЛИТ-ДОМОСТРОЙ,3325012653,1063336005875
16395,СЗ КПД-1,4632290541,1224600002945
11207,СЗ ЖСК,3702249611,1203700017443
19480,СЗ ДЕВЕЛОПЕР №3,1655495860,1231600030793
8545,СЗ ТВН,3906987374,1163926063685
29446,СЗ СК-ПЕРВЫЙ,2014045862,1252000005311
32205,СЗ ФРИДОМ ВИЛЛЭДЖ,5410166707,1255400015353
16636,СЗ ПРОГРЕСС БУМЕРАНГ,3000005004,1233000000540
17660,СЗ ЗОЛОТЫЕ ПЕСКИ,554007924,1210500009378
18679,ФОРТИС-СКОН,6685188320,1216600036828
24475,СЗ КОМФОРТ А,9703203755,1257700041521
17309,СЗ ПАТРИОТ ПАРК-1,7100044653,1237100013468
16050,СЗ НОВЫЙ ДОМ ВЛ,2543152419,1202500022515
2893,СЗ КОШЕЛЕВ-ПРОЕКТ,6312102986,1106312009253
15090,СЗ УСК,5609090313,1135658014183
11042,СЗ РП,2721245917,1202700002867
20284,СЗ КНК-2,6686152710,1236600037068
22723,СЗ ЮЖНЫЙ СЛОН-1,2636222700,1242600008518
23167,СЗ ПЕРВАЯ ЛИНИЯ,7203576995,1247200011211
16732,СЗ А-СТРОЙ,3000000535,1223000001817
17605,СЗ СИМСТРОЙИНВЕСТ,9102213420,1169102075670
11435,СЗ ВЕСТ-АКЦЕНТ-СТРОЙ,9101007009,1159102025158
22160,СЗ ННДК 7,5260496460,1245200021967
8596,СЗ СМУ БИК,3666192420,1143668028680
15794,СЗ УНИСТРОЙПЕРМЬ,5906171678,1215900022282
6947,КАПЕЛЬ+,7726257263,1037739264793
6240,РОМАНТИКА,4703132463,1124703012147
17906,СЗ АТХ КУРЧАТОВ-ПАРК,4634010408,1094613000459
14820,СЗ ЭКОСТРОЙ,6320052471,1206300047887
20908,СЗ АНФИЛАДА,2901318917,1242900005138
19870,СЗ ФОТИЕВОЙ 5,7725381243,1177746625825
15848,СЗ МЕГАПОЛИС,1326256994,1211300002550
14636,СЗ АРХИПЕЛАГ,5404018690,1155476095213
35124,СЗ ВЕТЕР СВОБОДЫ,6200002824,1246200001519
38422,СЗ ЗВЕЗДНЫЙ 15-16,3700021097,1243700005823
6572,СЗ ЭКОСИТИ,7447216718,1127447014640
19729,СЗ РЭС-НАХИМОВА,3000011270,1243000000320
18357,СЗ РЕЗИДЕНЦИЯ НА САРЫ САДЫКОВОЙ,1655499022,1231600058480
14529,СЗ СОЦСФЕРА ТДСК,7017330715,1137017010272
13373,СЗ АЛЬФАСТРОЙ,2636218398,1202600013802
32975,СЗ ЗВЕЗДНЫЙ 13-14,3700021121,1243700005845
18756,СЗ СИБИРЬ,7203463938,1187232029885
28080,СЗ САНУР,2224215574,1242200007961
379,СЗ СМОЛАРТСТРОЙ,6732128747,1166733064475
19313,СЗ ООО БРИК,3443150547,1233400005926
17733,СЗ КПД РИЭЛТ,3906999267,1163926081736
18415,СЗ ТРЕСТ-84,7447302029,1217400024269
19335,СЗ ИСГ,268101926,1240200025163
14800,АТЛАНТИК,917023880,1130917002347
23205,СЗ ОКТАВА,7325114532,1127325004542
17255,СТС СЗ,4703088172,1064703072180
2622,СЗ МЕГАПОЛИС,7604316842,1167627101014
15395,СЗ ГОРКИ ПАРК,9102277135,1219100015375
15186,СЗ ДОМСТРОЙ,5903149554,1215900009412
40309,АЛТИ-СТРОЙ,700027872,1250700006435
15599,СЗ КОНДИ,2320121390,1042311681939
19380,СЗ КОМФОРТДОМПЛЮС,6800009268,1246800001601
13421,СЗ АЛЬФАГРУПП,1900002933,1211900002324
16734,СЗ ПОБЕДОНОСЦЕВ ГРУПП,7604387794,1227600014190
19672,СЗ КРАСНОЯРСКИЕ ИНВЕСТИЦИИ,2464160304,1222400026474
6570,СЗ НОВА-ТРЕЙД,1001275592,1131001012702
5632,СЗ КАПСТРОЙ В,2301087070,1142301003558
22189,СЗ ПРЕСТИЖ СТРОЙ,2511126656,1232500034601
22222,СЗ АРКАДА ДЖАНКОЙ,9102298569,1249100011060
2911,СЗ ФОРУМ,4401168833,1164401050956
22789,СЗ КАМЕЛОТ,9701252980,1237700447269
13091,СЗ ПЕРСПЕКТИВНЫЕ ИНВЕСТИЦИИ,7707829194,1147746300591
17082,СЗ ЭКОТЕХНОЛОГИИ,2540270245,1222500017024
9318,СЗ НОВЫЙ ГОРОД,5030088749,1165030051119
21512,СЗ НОВОЕ ПОКОЛЕНИЕ,7325173697,1217300006252
8131,СЗ ИСК БУДМАР,2310081363,1032305692165
18882,СЗ МЕДОВЫЙ-10,5904410881,1245900009024
11404,СЗ СК ПОЛИС,6315001746,1156315001171
13620,ФОРТИС СТРОЙ,6671098838,1196658061137
19972,СЗ СОЦПРОМСТРОЙ-ДРИМ,5032324110,1205000112932
22922,СЗ ЯСНЫЙ 3,2461052678,1242400013184
16181,СЗ ЗАРЯ-ЮГ,9103010688,1149102088992
17095,СЗ ЕВРОПА 2,7325169901,1207300006022
40976,СЗ АПС 22,2223644348,1242200005552
2912,‹‹СЗ ‹‹СТРОЙ-НАДЕЖДА››,3235015191,1033231002694
18560,СЗ БАЛАНС ЯМСКАЯ,7203502633,1207200007904
22783,АЧИ-СУ РЕЗОРТ-СЗ,500014562,1240500011817
18544,СЗ ИРСЗ - ДЕВЕЛОПМЕНТ,268100305,1240200008443
2646,СЗ СТРОЙГАРАНТ,6141042798,1126181002749
12166,СЗ МЕЧТЫ В ЖИЗНЬ,6234194049,1216200000840
23955,СЗ КОНТИНЕНТ,900008549,1230900002080
3540,СЗ ВПС,1216001104,1021202250772
19018,СЗ ИНВЕСТ-ГРУПП,3444280080,1233400009655
19195,СЗ МЕДОВЫЙ-9,5904411317,1245900011720
19638,СЗ СТАРК,2536314700,1182536045966
21501,СЗ ФОКУС ГРУПП,7604394953,1237600011945
18802,СЗ МЕГАПОЛИС РАЗВИТИЕ,3663104384,1143668023388
22827,СЗ ЯЛТА ИНВЕСТ 2012,9103068110,1159102058752
10033,СЗ ФОТОН-ИНВЕСТ,919002340,1100919000346
14138,СЗ ИДК,326584390,1200300015904
31776,СЗ 111 КВАРТАЛ,300018016,1230300007563
13603,СЗ КВАРТАЛ,7100005510,1217100005385
20795,СЗ БОЛДИНА,7100040722,1237100009453
28353,СЗ НОВЫЙ ДОМ-3,272929310,1250200002997
15902,СЗ СРЕДА,6234201698,1226200008594
11432,СЗ ПМК-3,1215014090,1021200751032
19141,СЗ ЭНТУЗИАСТ ДВ,2508145137,1222500032567
19308,СЗ ВЕГОЛОС ВОСТОЧНЫЙ,3100025170,1233100013662
42749,СЗ ЛИДЕР,3652904773,1253600004019
33205,СЗ ОРЕШНИК 45,7449158155,1257400020855
18833,СЗ АРКАДА ПАРК ПЯТЬ,9102278072,1219100017620
16060,СЗ УТУМ-СТРОЙ+,1400002050,1211400012537
16010,СЗ ГЕОПРИБОР,7705022285,1027700342328
18379,СЗ ССК,9729371673,1247700225508
588,СЗ СТАНДАРТ-ИНВЕСТ,7325124636,1137325006675
38910,СЗ ИСКРА,2222901218,1232200004068
15496,СЗ РЕНТА,3662099780,1053600265861
17068,СЗ АРЕАЛ-ПРОЕКТ 3,2540255818,1202500009161
197,СЗ КПД МОНТАЖ,3907211591,1103926003961
7174,СЗ ВЕСТА-ДЕВЕЛОПМЕНТ,7203395646,1167232081807
820,ГЛОРИЯ,5321072550,1025300786279
11252,СЗ НОВЫЙ СВЕТ,3443145427,1203400008217
22316,СЗ ТВОЙ КОСМОС,7841445120,1117847202648
21502,СЗ ФОКУС СТРОЙ,7604394914,1237600011791
21263,СЗ СТРОЙДОМИНВЕСТ,274978560,1230200014252
12924,СЗ СЧАСТЬЕ,7207021151,1217200003382
27312,СЗ АРХИГРАД-ВЕГАС,100005845,1230100002142
12718,СЗ БРИЗ,2901303942,1202900007420
18874,СЗ АГРО-СТРОЙ,726017389,1160726059460
2248,СЗ СТРОЙКОМПЛЕКТ-КОММЕРЦ,3906125928,1043902833040
15991,СЗ ДАРС-ХАБАРОВСК,9703092883,1227700348094
10999,СЗ РОСТСТРОЙ-СВ,1901137595,1181901000962
22828,СЗ АЛУШТА-РИВЬЕРА,9101033739,1169102081720
43837,СЗ ГРАДОСФЕРА,500040717,1250500015457
3119,СЗ РК ЭФЕС,6670333800,1116670008861
8586,СЗ СИМФЕРОПОЛЬСКИЙ,9201526801,1189204008399
22161,СЗ АРКАДА ПАРК,9109030850,1249100007750
33828,СЗ СТРОЙКОМ,3906182450,1073906031924
16778,СК МОНОЛИТ,2010008436,1182036000618
3967,СЗ СК ЭКОНОМЖИЛСТРОЙ,2452033982,1072452000807
2835,МК-СТРОЙ,3525121233,1023500877674
8017,СЗ ВИШНЕВЫЙ САД,9110019716,1179102002518
6588,СЗ УК ПЕТРОКОМИНВЕСТ,7838369279,1069847507498
17139,СЗ АРТЕМСТРОЙ-ДВ,2502062237,1202500010041
1782,СЗ СМУ СТРОЙ ИНВЕСТ,4632042348,1044637010956
15895,СЗ ИНВЕСТГАРАНТСТРОЙ,3257058858,1183256000388
16241,СЗ РИВЬЕРА ЮГ,6679162757,1236600006312
19124,СЗ АПСАЙД НОВОСЛОБОДСКАЯ,9715471942,1247700062466
33000,СЗ ПЕРВАЯ ЛИНИЯ - 2,5012115608,1255000061227
28533,ВСЗ СЗ ОСАНОВСКИЕ ЗОРИ 2,3500015000,1253500004394
24768,СЗ ТОЛБУХИНА 3,9703042480,1217700362351
16835,СЗ ПУШКИНА 77,5507164372,1165543072749
22076,СЗ СЕНС.КИСЛОВСКИЙ,7708545163,1047796921798
2779,СЗ ВЕСНА,6321402506,1166313053730
7985,СЗ АЛЬЯНС-СТРОЙ,5905294268,1125905008437
25305,СЗ АВРОРА ДМС ГРУПП,2540235547,1182536020578
30029,СЗ РЕАЛ СТРОЙ,7602126839,1167627050480
13417,СЗ ПРОМЕТЕЙ,6732195278,1206700006920
30593,СЗ ЗВЕЗДНЫЙ-10,3700016570,1243700001280
23482,СЗ ЕКАТЕРИНИНСКИЙ,1001255003,1121001001967
43262,СЗ ЮЖНЫЕ ВОРОТА - 2,500022926,1240500020265
9528,СЗ УРАЛЬСКАЯ ЭКОДОЛИНА,7203464000,1187232030061
16768,СЗ ЭМКАДЭ,5402075728,1225400047740
41056,СЗ ПАРКИНГ НА РАДИЩЕВА,6671464851,1146671025115
21497,СЗ ЭЛИТНЫЙ,500017370,1240500014622
16210,СЗ СИБИРЬ ДЕВЕЛОПМЕНТ,1900008660,1221900004039
20917,СЗ ЖК НА БЛЮХЕРА 5,7448254057,1237400038787
18769,СЗ КАМБАРСКАЯ,1800013970,1241800002696
33900,СЗ-АСК2,2700010311,1232700007100
3831,СЗ ЭДЕЛЬВЕЙС,5030060863,1085030000384
23321,СЗ НОВАЯ СРЕДА,5838011881,1165835070455
19146,СЗ ЛЕРМОНТОВСКИЙ,9102293592,1239100016209
1048,СЗ КОНТИНЕНТ,1215048572,1021200771954
14496,СЗ НЬЮТОН,6234137308,1146234012352
35120,СЗ ПЕРВЫЙ ЮЖНЫЙ,2508150384,1242500024612
17234,СЗ НОВОСТРОЙ ВОРОНЕЖ,3662301397,1223600013790
17430,СЗ АЛЕКСАНДРОВСКИЙ САД 3,3616026820,1223600012680
1187,ГК РЕГИОНЖИЛСТРОЙ,2129017653,1022101281840
9748,СЗ СТРОЙМЕХАНИКА,4401161235,1154401003437
13295,СЗ ИНЭКО ГДС,3912012464,1063913019356
23948,СЗ АНТЕЙ-АЛЬЯНС,2628040383,1022601313415
30697,СЗ АМЕТИСТ,7804711021,1247800090944
17247,СЗ ЮНИКА НН-3,5260488364,1235200001630
17337,СЗ АЛЬФАСТРОЙ,5700001190,1225700004100
16175,СЗ ДАГГОРСТРОЙ,529008530,1020501588678
3763,КВАРТАЛ ГАЛЬЧИНО,7710708947,1087746284449
18573,СЗ СК СТАТУС ЛАЗУРНЫЙ БЕРЕГ,9109026645,1219100014715
13030,СПЕЦСТРОЙ ПЗСП-ТАГАНРОГСКАЯ,5903149441,1215900009082
7910,СЗ АВАНГАРД-Ч,1650329059,1161650057249
19074,СЗ СТРОЙМИР,6714032778,1126714000434
15248,СЗ ЮНИКА НН,1831171864,1151831001519
13451,СЗ КЕНИГСБЕРГСТРОЙ,3906402843,1213900006748
16165,СЗ СК+,2724247373,1212700018233
15088,СЗ УЮТНОЕ ГНЕЗДО,2901114198,1032900014784
12683,СЗ ТРАСТ-ИНВЕСТ ДЮРТЮЛИ,260995887,1200200051920
20834,СЗ ЭТАЛОН МАРИИН ПАРК,9717105268,1217700400719
7747,СЗ СКИ,7606109432,1167627078057
3808,ЛЕСКО,1215104940,1051200106803
14765,СЗ СВЕТЛЫЙ,7203538319,1227200008540
18904,СЗ ЗЕЛЕНАЯ ДОЛИНА,2366036940,1222300041732
16404,СЗ ИНВЕСТСТРОЙ,4500007724,1234500001581
9499,СЗ СВЕТЛАЯ ДОЛИНА 16,1658223150,1191690107443
30427,СЗ ЮЖНАЯ РЕЗИДЕНЦИЯ,2366052195,1252300002899
29060,СЗ СКМ СИМВОЛ,6658163319,1036602655220
1510,СЗ САС,7706575934,1057746697689
9099,СЗ КРОКУС,7810757810,1197847109745
18986,СЗ ПРОФИ,1400033588,1241400003580
17940,СЗ МОРЕ.ЦЕНТР,9102033763,1149102059655
29201,СЗ ПИС,2508149357,1242500011434
15254,СЗ ЖИЛСТРОЙ ДЕВЕЛОПМЕНТ,1901140703,1191901001170
3694,СЗ КУРОРТНЫЙ,7801203527,1147847551895
22389,СЗ БИЛДИНГ ДС,2502068599,1222500014846
18531,СЗ - УРАЛЬСКИЕ ГОРЯЧИЕ ИСТОЧНИКИ,4501192928,1144501002623
1345,СЗ СТЭКОМ,5263040355,1035206157733
8307,СЗ ДСК 1,4501213695,1174501001993
8611,СЗ ТЕРРИТОРИЯ СТРОИТЕЛЬСТВА,6732128803,1166733064563
16048,СЗ ТАЛАССА,9204007226,1149204013936
24055,"СЗ ОКСКАЯ, 9",7721068061,1027739072459
37349,СЗ РСК-ХЕРСОНСТРОЙ,9500031099,1259500002080
18623,СЗ ШКУ,3524017222,1213500011867
11178,СЗ ГЕНСТРОЙ,5263111310,5145263207656
17519,СЗ ОКТЯБРЬ-ДЕВЕЛОПМЕНТ,7703470250,1197746071160
33695,СЗ АКСИОМА,7000010026,1237000007463
10279,СЗ ЗАПАД,1218002777,1191215006290
37414,СЗ ДЕЛОВОЙ КВАРТАЛ ОФИСЫ,6685230606,1256600051652
16136,СЗ СТУДИЯПАРК,6671262710,1236600015761
7069,СЗ ШЕРЕМЕТЬЕВСКИЙ КВАРТАЛ,6234090995,1116215000440
20190,СЗ САЛЬВИЯ-ВЫСОТА,277960628,1220200039014
2793,СЗ ИК ЖИЛСТРОЙСИТИ,7603038215,1077603005226
1082,СЗ СТРОЙЗАКАЗ,5803010284,1025800545968
13712,СЗ ПОБЕДА,2901305837,1212900003315
6454,СЗ ДОМАРТ,3906364274,1183926002655
7562,СПЕЦСТРОЙ ПЗСП-ИЖЕВСК,1831191525,1181832019357
15424,СЗ КОРПО РАЦИЯ НЕДВИЖИМОСТИ КАЛИНИНГРАДА,3917044237,1163926062640
15513,СЗ ЮГ-КОМФОРТ,6330094921,1216300038338
19514,СЗ ПРОЕКТ-С-35,5262392587,1235200026577
29413,СЗ РОМАНОВСКИЙ,6320085205,1256300001066
22794,СЗ АЗИМУТ,2511127603,1242500006913
8672,АЛЕКС-СТРОЙ,5410007680,1065410040915
20927,"СЗ ЖК НА КАРПОГОРСКОЙ, ООО СЗ ЖК НА КАРПОГОРСКОЙ",2901310876,1222900004733
8714,СЗ ВАСКО Н,9102257386,1199112012538
12469,СЗ СК ЭЖС-ЧИТА,7536185349,1217500001124
18972,СЗ ТСД РАЗВИТИЕ,7500016731,1247500000626
18381,СЗ СЛОБОДА,3702265765,1223700000237
17649,СЗ БРИК КЕРАМИКС,3102050221,1213100009451
1700,СЗ БАЛТИЙСКОЕ СТРОИТЕЛЬСТВО,3906222294,1103926000420
18373,СЗ АСТРА-ОЛИМП,6671206579,1226600009272
20584,СЗ ТОЛК,7203567091,1237200021651
19033,СЗ ХАС,2311361123,1242300010567
41681,СЗ ЖИЛСТРОЙ 3,2465357399,1232400027441
17689,СЗ СПЕКТР,5410144492,1235400033945
13592,СЗ СТРОЙСНАБ,3906237741,1113926017842
11433,СПП САЛЮТ,1215003701,1021200767180
8304,СЗ СТРОЙМОНТАЖ,7604188598,1107604014770
18991,СЗ ЖК ЛЕБЕДЬ,6167206360,1236100026140
17707,СПЕЦЗАСТРОЙЩИК АЛЬФА КРЫМ ИНВЕСТ,9102246313,1189112031866
15484,СЗ ПРОФ-МАСТЕР,278925249,1160280133188
18669,СЗ 44,4400019388,1244400001515
18990,СЗ СД-ПРОЕКТИРУЕМЫЙ,7000002610,1227000010005
14180,СЗ ДОМ НА ТРУБНИКОВ,7453345888,1227400012575
626,ИНВЕСТТЭК,5404523005,1145476129842
11171,СЗ ОРИОН,6234192203,1206200009916
11736,ТРАНС-СЕРВИС,606003296,1020600987142
17851,СЗ СЕВЕР-СТРОЙ,5410148120,1235400041403
13511,СЗ СК МАКРОИНВЕСТ,3910005863,1203900015098
12464,СЗ АВТОР,7202208741,1107232022150
3860,СЗ ГВАРДЕЙСКИЙ,6316156460,1106316009546
13062,СЗ РДМ,2204093409,1212200003080
23283,СЗ ПРОГРЕСС БОТАНИКА,6658567865,1236600064194
6320,ВЕДА-ХАУС,7816499059,1107847358145
14662,ЦЕНТРСТРОЙИНДУСТРИЯ,3666074970,1033600003865
22153,"СЗ СТРОЙТАКТИКА, ООО СЗ СТРОЙТАКТИКА",2901311929,1222900006537
17132,СЗ ЛИТЕРАТУРНЫЙ,5012108463,1225000105330
16393,СЗ ДОМИНАНТА,7448251320,1237400016556
17698,СЗ ПСК ДОМ - СЕВЕР,7202149581,1067203316069
14080,СЗ НОВЫЙ ГОРОД,1701064283,1201700000633
10843,СЗ СЕВЕРСТРОЙИНВЕСТ,3525419541,1183525003353
11337,СЗ ХОРОШО,3015115271,1193025003467
23358,СЗ ВЕК-СТРОЙ,2225201380,1192225015135
19429,СЗ АРСИ,274981813,1230200035680
13575,СЗ РЕГИСТР,3906398393,1213900000577
3042,СЗ УРАЛ-РЕГИОН ЛС,8901027860,1138901000754
3737,СЗ КАСАБЛАНКА,3250532853,1123256015376
25943,СЗ РЕКОНА ИНВЕСТ,5406833700,1235400031350
8521,СЗ АТЛАНТ,6901081366,1056900100388
3722,СЗ СКД-ИНВЕСТ,5836678077,1165835062073
19135,СЗ ПРИРОДА-ДЕВЕЛОПМЕНТ НИЖНИЙ ТАГИЛ,6685220559,1246600034064
10875,СЗ БОТАНИКА ДЕВЕЛОПМЕНТ,5408027294,1205400028569
18409,СК СТРОЙТАНДЕМ,7203490716,1197232025715
7175,СЗ СТРОЙИНВЕСТ,7017274362,1107017021110
21513,СЗ НОВОСТРОЙ,2100002502,1222100008965
7774,СЗ СТРОЙКОМПЛЕКТ,9204549395,1159204006807
12725,СЗ МОНУМЕНТ ПЛАЗА,3461065728,1203400000100
43892,СЗ ЖАБРОВЫХ,7100058511,1247100010300
14996,СЗ АРСЕНАЛ,6234196367,1216200006516
19604,СЗ СМАЙНЭКС ПАЛАШЁВСКИЙ 11,9706030035,1237700023626
11412,СЗ ЕВРОПЕЙСКАЯ ПЕРСПЕКТИВА 1,4703177778,1204700015630
37290,СЗ РЕНЕССАНС-ЛУГАНСК,9403029190,1249400001003
13182,СЗ ЗЕЛЁНЫЙ КВАРТАЛ,7203523087,1217200011555
31633,СЗ СТРОЙКАПИТАЛ,7604398806,1247600009315
13454,СЗ РИА АЛЬФА,1435350813,1201400002980
12279,СЗ БУЛЬВАР,6234194539,1216200001830
16552,СЗ РЕГИОНСТРОЙ,1701061814,1181719001750
3214,СЗ ЖИЛИЩЕ,1650321290,1151650021148
11836,СЗ ТЕРРА-ЭСТЕЙТ,5902059690,1205900029840
12740,СЗ СТРИЖИ-ГРУПП.,2366022867,1202300048862
17563,СЗ АПРЕЛЬ,9725053461,1217700297781
28366,СЗ АМАН - ДЕВЕЛОПМЕНТ,572012606,1160572050187
12658,СЗ ИГ ОСНОВА,7329001297,1107325005094
35338,СЗ МОНТАЖНИК,7415099470,1177456106761
24921,СЗ БУДУЩЕЕ,3000012139,1243000001200
18590,СЗ КОМПАС 3,1001356065,1211000006711
12451,СЗ СТРОЙИНТЕЛ,5027096676,1035005024999
15252,СЗ ВЫШЕГОР,6732209940,1216700005664
16353,СЗ ГАВАНЬ,7839129287,1207800089672
17790,СЗ А2 СТРОЙ ИНВЕСТ,1651094321,1231600034137
17668,СЗ АРС-ИНВЕСТ,9102021140,1149102032925
7560,СЗ ПЕРЕСВЕТ-ЮГ ПРОФСОЮЗНАЯ,3443140387,1183443013820
29586,СЗ СМК,1655460018,1211600049430
18518,СЗ АВРОРА,3906402956,1213900006902
3291,СЗ СИБСПЕЦМОНТАЖ,2464122362,1152468045190
15288,СЗ ГРАНД-М,7604230105,1127604012623
3844,СЗ СК-ГРУПП,5610128280,1095658013824
33233,СЗ ГАЛС,6950241767,1206900008490
7846,СЗ КОМПАНИЯ СТРОЙИНВЕСТ,268064181,1150280023915
15066,СЗ АВТОКОНТРОЛЬ - 33,3328438520,1053301596292
263,СЗ РК-ГАЗСЕТЬСЕРВИС КОЛОМНА,5022032781,1037730005103
43847,СЗ ПОЛЯРНЫЕ ЗОРИ,5190240286,1265100000604
12621,СЗ АКВИЛОН,7325158184,1187325001500
36502,СЗ БАЗИС ГРУПП,2225233897,1242200011503
29011,СЗ БАЛАГОВ,700024279,1250700002850
19173,СЗ 1000 ЭТАЖЕЙ,1800005240,1231800015534
12967,СЗ СТРОЙКОМПЛЮС,2464126110,1162468064450
22904,СЗ РСК,9309026106,1239300010861
15992,СЗАВТОСТРОЙ,2632120232,1222600008949
5808,ПЕРСПЕКТИВА ПЛЮС,5503237693,1125543049720
23364,СЗ СК ВОЗРОЖДЕНИЕ-14,6027151456,1136027004981
24701,СЗ АВС-СТАНДАРТ,7453267206,1147453003345
19302,СЗ ЭВОДОМ-5,9303038232,1249300014105
18803,СЗ СУ-4,7100047661,1237100016504
13213,СЗ ПРИТЯЖЕНИЕ,7106078539,1177154010692
30792,СЗ СФК БЕРЕГОВОЙ,1000017366,1241000004002
14781,СЗ РЕНОВАЦИЯ-МЫТИЩИ,5003142147,1205000103208
30007,СЗ ВЫБОР ТРАСТ,3662314999,1253600008991
1862,СЗ ССК,2634044160,1022601986527
37893,СЗ СТРОИМ ВМЕСТЕ ГОРОД,1800031391,1251800002354
17287,СЗ ЛАРГУС БЭЙ,2301110321,1232300050663
21271,СЗ ОРИГАМИ 2,7300016156,1237300002444
15043,СЗ ОГНИ ЯМАЛА,8913007106,1068913007382
18455,СЗ СТРОИТЕЛЬ ПРО,3328027432,1213300010109
320,СЗ УОР,2128020692,1022101139323
16046,СЗ ГОРОД ТВОЕГО СЕРДЦА,2628061591,1232600001402
18461,СЗ СТРОЙ-ИНДУСТРИЯ 2,1400028651,1231400011677
3049,СЗ СФЕРА,4826109464,1154827018169
17137,СЗ ВОЗРОЖДЕНИЕ,9701243752,1237700210846
20631,СЗ НОВЫЙ ДОМ,2635260380,1242600001170
18374,СЗ СТРЕЛА-ДЕВЕЛОПМЕНТ,1684010790,1231600006109
13621,СЗ ЮРСТРОЙ,1218001621,1181215000450
17487,СЗ ЗЕНИТ,7452154104,1207400022532
30008,СЗ ВЫБОР СТРОЙ,3662315022,1253600009046
15206,СЗ УНИВЕРСАЛ ЛТД,726014860,1150726002129
10708,СЗ МЖФ,1901144176,1201900001434
31637,СЗ НДК - ГУРЗУФ,9103106372,1259100004514
15556,СЗ ЭСТЕТИКА ГОРОДА,5246056651,1225200004875
10341,СЗ УСК-КАПСТРОЙ,5609185565,1175658009064
15473,СЗ ИСТОК,9103094134,1209100010250
15336,СЗ АМУРСКИЙ,2801263446,1212800002997
6736,СТОЛИЧНЫЙ ПРОЕКТ - КМ,7703669479,1087746790944
13339,СЗ ФЕОГРАД,9108123879,1199112016883
18723,СЗ СУ-11,1901140492,1191901000873
40483,СЗ АСД-1,1686017166,1221600076686
21865,СЗ ЛЕВОБЕРЕЖНЫЙ,2222904321,1232200017367
16780,СЗ МАНАС-ПЛАСТ,562059838,1050562005108
256,ДОМСТРОЙ-СЗ,3525275018,1123525002556
29023,СЗ АЛЫЕ ПАРУСА,2315227513,1222300054921
1788,СЗ КМТС,2629006554,1022603426416
19137,СЗ ННДК 5,5260493100,1235200035949
24516,СЗ СМУ №3,4632304850,1254600000489
898,СЗ ЖК ТИМАН,1101060826,1061101042672
17497,СЗ ЧЕЛНЫ-ГРАД НЧ,1650424425,1231600026448
16676,ДСК ПАРК - СЗ,3100019360,1233100007821
1010,СЗ СИТИ ПРОЕКТ,5902889443,1125902004260
2061,СЗ МЕДИК,7604131351,1087604007369
14244,СЗ ПЕРЕСВЕТ-ЮГ КРАСНОСЛОБОДСК,3443148259,1223400003573
8117,СЗ ЖИЛСТРОЙ,1901140686,1191901001159
31588,СЗ СЗ-2,5003164711,1245000089927
24407,СЗ ЕВПАТОРИЙСКИЙ,9102268518,1209100015123
17853,СЗ ЖК ТИШИНА-2,6671280692,1236600049993
13369,СЗ ДКК-ДВ,2502061378,1192536031863
33881,СЗ СК ПРОСПЕКТ,9308027435,1259300002499
12895,СЗ ГК РЕНОВАЦИЯ,264078271,1200200023176
20587,СЗ СОЮЗ,1800016763,1241800005479
24915,СЗ СОЮЗ ДЕВЕЛОПМЕНТ 2,5003165056,1245000097704
13631,СЗ ЕВРОПЕЙСКАЯ ПЕРСПЕКТИВА 2,4703177792,1204700015651
19425,КВАРТАЛ-БК СЗ,2511126208,1232500029926
1744,СЗ БАЛТИЙСКАЯ ФСК,3906100850,1023900986340
26921,СЗ ИДК,5259094213,1115259001307
4225,СЗ СТЕКЛОАВТОМАТИКА СТРОЙ,5246040965,1125246000043
11993,СЗ ЛИГО ДСК,6501300750,1186501006647
1544,СЗ ИНМЭЖСТРОЙ,5751051865,1115742002089
8640,СЗ АСТРОН,3442081347,1053477338606
13679,СЗ АРТ ГРУПП,2308273325,1202300030701
19016,СЗ ПУЛЬС,2901315909,1232900007295
23779,СЗ МПК ПЛЮС,3900036358,1253900000529
1253,ООО СП ИНИЦИАТИВА ОАО КПД,276045224,1020202866452
20374,СЗ ОРДЖОНИКИДЗЕ,1800018601,1241800007327
16725,СЗ СПУТНИК,1700003697,1221700000862
24197,СЗ РБС-С,6166131249,1246100018988
353,СЗ МОНОЛИТ-58,2130136045,1142130005214
31597,СЗ НАДЕЖДА,500034872,1250500009605
13186,СЗ ЗСК №1,5528211231,1135543030182
27592,СЗ ПРОГРЕСС-СТРОЙ,9110033647,1249100006077
17383,СЗ ЖК-РАХМАНИНОВ,9728111471,1237700762980
296,СЗ АК ТАШ-ИНВЕСТСТРОЙ,1660295320,1171690058286
19448,"СЗ ПРЯЖКА, 18",7804693238,1227800063480
10818,СЗ МК-ГРУПП,1901143119,1191901004525
27457,СЗ ПРИТЯЖЕНИЕ 4,4500015820,1244500003626
41162,СЗСТРОИТЕЛЬ,300029963,1250300001137
13120,СЗ СЛАВЯНСКИЙ,9103094328,1209100011284
9513,СЗ САП,2901245842,1142901002122
17282,СЗ АММА,2630053020,1232600005879
18565,СЗ СТРОЙДОМ,5402049774,1195476008265
25594,СЗ ДЕВЕЛОПМЕНТ ЮГ,1300012680,1241300003416
2599,СЗ СТРОИТЕЛЬНЫЙ ТРЕСТ №1,7604331569,1177627029403
21622,СЗ САТУРН ЛТД,707014706,1060707015005
11106,СЗ ЗЕМСТРОЙИНВЕСТ,5834124203,1195835012504
14492,СЗ СОЗИДАНИЕ,3255044338,1043266016892
33223,СЗ НВ - 4,274396121,1250200021389
1256,СЗ УДСД,8904070077,1128904007484
12785,СЗ ЯР ТАУ,1650374051,1191690006771
2172,СЗ БЛАГСТРОЙСЕРВИС,2801233610,1172801008753
16924,СЗ СТРОЙДОН,6141059569,1226100027614
40857,СЗ АРХЫЗ-КАПИТАЛ,900017060,1260900000206
28145,СЗ ИНВЕСТСТРОЙ,3200004008,1243200000262
13196,СТРОИТЕЛЬНАЯ КОМПАНИЯ,6444006904,1046404400350
11681,СЗ АМУРСКИЙ,9102255526,1199112009095
34449,СЗ ВОЛГА,6317167063,1246300013189
2460,СЗ СТРОИТЕЛЬСТВО ИНЖЕНЕРНЫХ КОММУНИКАЦИЙ,6319110224,1046300916750
5025,СЗ РСК,6166089029,1136193006377
24911,СЗ ПОСКО,6316229863,1166313165160
6884,СЗ КВАРТАЛ,7206041081,1097206002090
11261,СЗ ГОРОД БУДУЩЕГО,6714049820,1196733017293
2878,СЗ НЕРУД ЗОЛЬСКОЕ,2609023375,1082641001211
29373,СЗ ЦИТ-СТРОЙ ДВ,2700047664,1252700002070
37756,СЗ ОКСИТИ,269049429,1250200034480
24269,СЗ СТРОЙМАСТЕР,2130037164,1082130003812
14440,СЗ САТУРН,2721206153,1142721000146
19306,СЗ СПАРТА40,4025442015,1144025005398
35634,СЗ КДС ДЕВЕЛОПМЕНТ,3906392320,1203900007299
18649,СЗ СТРОЙ АЛЬЯНС,917033455,1170917003630
25540,СЗ ДОМ НА КЕМЕРОВСКОЙ,5503268275,1235500003001
16914,СЗ СТРОЙУСЛУГИ-5,1686018917,1221600086432
17117,СЗ ЭЛЕКТРОЗАВОДСКАЯ,7725812972,5137746199740
22002,СЗ ДОМСТРОЙСЕРВИС,3100031375,1243100003772
16637,СЗ ДОМСТРОЙ,3525436829,1193525004199
9566,СЗ АРТХОЛЛ,6314046254,1196313012180
16701,СЗ КВАРТАЛ О2,3917056828,1223900008672
17656,СЗ ЗВЕЗДА ДЕВЕЛОПМЕНТ,7203542717,1227200013908
16446,СЗ ТЕХМОНТАЖ,3810335113,1133850049871
18448,СЗ АРС-ДЕВЕЛОПМЕНТ,1400028549,1231400011556
8744,СЗ УСЗ,274104330,1050203956461
19727,СЗ РЭС-НАБЕРЕЖНАЯ,3000011230,1243000000308
143,СЗ ГРИБОЕДОВ,1840070407,1171832008864
16456,СЗ ТЮЛЬПАН,800008048,1230800002421
28294,СЗ УССУРИ,2700034383,1242700011102
18883,СЗ ТРАДИЦИЯ,4027130357,1164027063287
415,СЗ ЯКУТПРОМСТРОЙ,1435023848,1021401045082
18945,СЗ ФЖС - УФА №1,277962872,1230200026902
7757,СЗ СТРОЙТРАНС,3906226605,1103926017073
24662,СЗ НЕСТ ДЕВЕЛОПМЕНТ,1684014530,1231600041870
17890,СЗ ИВОЛГА,5406807394,1205400034840
12101,СЗ СОЗВЕЗДИЕ 2,5829005948,1215800000459
6907,СЗ СТРОЙТРЕСТ,3255517150,1113256019524
8192,"СПЕЦСТРОЙ ПЗСП-ВОДОПРОВОДНАЯ, 6/4",5903140720,1195958004142
18901,СЗ ЛАЗО,2502075451,1242500001193
32838,СЗ ЭТАЛОН ОТЕЛЬ,2632122078,1232600007221
2533,СЗ ТРАНССТРОЙ,1435203400,1081435006311
13357,СЗ ЦЕНТРАЛПАРК,2623801901,1122651032349
6816,СЗ МОЙ ВЫБОР,2721215246,1152721001465
11906,СПЕЦЗАСТРОЙЩИК МСИ,2626049969,1212600000392
10413,СЗ МЕЖРЕГИОНСТРОЙ,8904089712,1198901005280
2302,СЗ ФИРМА ТСК ЦЕЛЬ,2635211030,1152651015450
3610,СЗ ТЕРМОДОМ-ПРОФИ,5829004214,1185835004926
15302,СЗ СТАНДАРТ,3811475410,1213800017738
17864,СЗ ЭКСПЕРТ СТРОЙ,4214042855,1224200011375
13395,СЗ КСК ИНВЕСТ,2130215890,1192130012810
1395,СЗ БИГРАНД,6658140142,1026602337101
12254,СЗ ЮЖНАЯ АРКАДИЯ,9200000438,1209200006069
1483,СЗ БИЗНЕС,3904612161,1103925014423
13238,СЗ АИСТ ГРУПП,1650382133,1191690067458
41586,СЗ ТУРГЕНЕВ,8601075559,1248600006379
19432,СЗ - УКЗ № 12.4 КПД,276975029,1230200015990
10614,СЗ ОРЕЛСТРОЙ-Л3,4823078070,1194827015460
6302,СЗ ДОМ СОЛНЦА,5404073814,1185476028638
12756,СЗ ХОЛМЫ-2,1831157316,1121831008628
15675,СЗ ИНВЕСТКОМ,3702071456,1053701075120
19078,СЗ МИРАСТРОЙ,9303034407,1239300010840
17591,СЗ ДИАДЕМА,5406823702,1225400026818
19920,СПЕЦЗАСТРОЙЩИК КИНО НА ГОРЬКОГО,4345495175,1194350010194
18985,СЗ ЮГ,4100050348,1244100001067
2425,СЗ ВЕРШИНЫ,7203201682,1077203048790
4563,СКРУСМОНТАЖ,5501226209,1105543017645
14594,СЗ ЧЕРРИ,3525472827,1213500012945
10290,СПЕЦЗАСТРОЙЩИК АВИТЕК,4345500058,1204300002092
11314,РСЗ,3810080585,1193850018911
16961,СЗ БМ-ГРУПП БОГУЧАР,3603009048,1213600034053
27008,СЗ КАПИТАЛ-МЕНЕДЖМЕНТ,5258135717,1175275015871
2958,СЗ СТРОЙГРУПП ЛЮБИМЫЙ ДОМ,2311165665,1132311014461
12977,СЗ ОРЕЛСТРОЙ-6,5751065191,1205700005169
17333,СЗ УСПЕХ,6311078321,1056311039333
17843,СЗ ВН ГОРОД,5032370349,1235000140407
2476,ТИСА,1503014820,1021500670542
9716,СЗ АЗИМУТЪ,6730075472,1086731003930
39294,ТУРДЕ,5047270001,1225000131355
17581,СЗ АКСИОМА ИНВЕСТ,3000005082,1233000000628
17785,СЗ СТК-2020,1513080613,1201500002868
25007,СЗАИР,5190100810,1245100004027
13024,СЗ ФЕОДОСИЙСКИЙ,9108126333,1219100011404
16169,МОССТРОЙ,571018718,1210500010600
17485,СЗ ЭВОЛЮЦИЯ,1400019488,1231400002437
33537,СЗ ОЛИМПИЯ,4253054854,1234200011154
16983,СЗ СФЕРА,5829006902,1225800007432
3882,СЗ НОВЫЙ ПОСАД,6215025158,1116215000428
29281,СЗ КВАРТАЛ СТРИЖИ,3849108828,1253800010133
22493,СЗ НЕФТЕКАМСКАЯ НЕДВИЖИМОСТЬ,264083151,1240200017265
18430,СЗ МИР ИНВЕСТ,7536181418,1207500002258
11060,СЗ ИСК ТАМБОВ-12,6829148507,1196820003600
19422,СЗ АРКТИЧЕСКИЙ,2903013364,1242900001024
17542,СЗ БИОГРАФИЯ,5406830883,1235400015564
30832,СЗ БФА-ДЕВЕЛОПМЕНТ,7803076056,1027809246959
19774,СЗ ЮНИКОРН ДЕВЕЛОПМЕНТ,1831205961,1221800008616
23975,СЗ СОБЫТИЕ,572034695,1230500014568
14919,СЗ МКД 4,1831187511,1171832025573
19458,СЗ БАЗИС,2100012317,1232100008876
30067,СЗ КИП-ИТ,2543027023,1132543009917
18726,СК ВЕРТИКАЛЬ-КМВ,900008274,1230900001815
14209,СЗ БЕРДСКИЕ КВАРТАЛЫ,5405061995,1215400006227
23019,СЗ ГАММА,2901313901,1232900003709
16978,СЗ РЕГИОН 174,7447311792,1237400013718
9732,СЗ ГОРСПЕЦСТРОЙ,6731071470,1086731014523
2100,СЗ АЛЬФА,7801559467,1117847463854
20593,СЗ ГНЦ ЛПК,7709461572,1157746577603
4091,СЗ КРЫМСКИЙ СТРОИТЕЛЬ,9110019000,1169102085261
13329,СЗ ГАГАРИНСКИЙ,9201531350,1209200002571
17517,СЗ СВЕТЛОГОРСКИЙ,3900001041,1223900009596
27585,СЗ РОЗА-ЮГ,9102301557,1249100018254
6602,СЗ ЖК АЛЕКСАНДРОВСКИЙ ПАРК,6163207490,1176196057575
135,СЗ ВЫСОТА,1435194970,1071435020832
39266,СЗ КОНЦЕПТДЕВЕЛОПМЕНТ,2308303428,1252300062871
10963,СЗ НОВЭЛЛА-1,5829005271,1205800000372
23859,СЗ ЛУГАНСК-РЕНОВАЦИЯ,9402014708,1239400004854
27234,СЗ АДРЕС,6382105187,1256300003992
24311,СЗ СТРОЙТЕХ,7300032969,1247300004940
12634,СЗ НОВОСЁЛ,1903021074,1111903000692
16946,СЗ БИЛДИНГПРОЕКТ,6950230941,1196952010111
38424,СЗ СК,3435138105,1203400001122
1027,СЗ НИКОЛЬСКИЕ ВОРОТА - 2000,6730036219,1026701445396
14715,СЗ МОНОЛИТ,2223635093,1202200039250
18739,СЗ ОРТИГА РЭЙЛ.А,7702735545,1107746532805
14573,САРД,1512021580,1201500004221
13701,СЗ ПАЛИТРА,1673000581,1211600087082
18865,СЗ ВИКТОРИЯ,7604391328,1237600000923
31763,СЗ ДАР ГРУПП,3849100699,1243800004326
21317,ВЭМЗ-ЭСТЕЙТ,5010059796,1225000057270
23155,СЗ КОМПАС 2,1001356026,1211000006678
31256,СЗ ОСТ-ИЛЬИНКА,7100062010,1257100001410
18708,СЗ РАЗУМ НА ЭНЕРГЕТИЧЕСКОЙ,3000009753,1233000005303
17599,СЗ ДАУП,2722093801,1172724017168
13964,СЗ ТПУ ТЕРЕХОВО 28,9709057116,1197746702933
12075,СЗ РАВНОВЕСИЕ,1001346469,1201000001322
16434,СЗ СМУ 6,5248041241,1175275000020
11271,СЗ НОВЫЙ КВАРТАЛ,6234190855,1206200006880
24002,СЗ ЖК КОНТИНЕНТ,5903148575,1215900003098
3982,СЗ ПРЕМЬЕР СТРОЙСЕРВИС,6950170650,1136952014176
2868,СЗ УЮТНЫЙ,5249136753,1145249005780
19131,СЗ ЭКО-КВАРТАЛ,8601074442,1238600009680
2760,СЗ КАПИТАЛИНВЕСТСТРОЙ,2311170619,1142311004296
8057,СЗ МОНОСТРОЙ,3329030491,1033303412010
32524,СЗ К-1,6700032961,1256700005737
38751,ИЗМЕРЕНИЕ-ПАРАЛЛЕЛИ,5406837818,1245400001692
7423,СЗ ИНВЕСТПРОЕКТ,7603066710,1177627000539
10907,СЗ ЖК ТЕМП,6658534147,1206600024443
23317,СЗ ЮНИКЕЙ,3662311370,1243600014228
5673,СЗ ЕВРОФАСАД,4028002990,1104028001461
25136,СЗ ИНФИНИТИ,2536338187,1232500006750
2311,СЗ СТРОИТЕЛЬ,3662082794,1033600134820
22481,СЗ КЛЕВЕР,300017164,1230300006716
9443,СЗ ГРЕБЕШОК,5260371550,1135260016143
18788,СЗ ЭТАЛОН,9102270034,1219100000360
617,СЗ МАСТЕРСТРОЙ,4401147713,1134401014747
13708,СЗ ГВАРДЕЙСКОЕ,9102268483,1209100015080
17040,СЗ КРЫМ-ИНВЕСТСТРОЙ АЛУШТА,9102272384,1219100005410
7070,СЗ АЛГОРИТМ ДЕВЕЛОПМЕНТ,7842055902,1157847270217
26050,СЗ МИР,1655492605,1231600003326
9670,СЗ СМК ПЛЮС,9103001965,1149102021078
32884,СЗ ЮГСТРОЙИНВЕСТ,571023490,1230500012181
36867,СЗ БМ-ГРУПП ЧЕРНОЗЕМЬЕ,3604086278,1253600018011
3766,СЗ ГАММА-СТРОЙ,3328445662,1063328030248
12815,СЗ КПД-ГАЗСТРОЙ,5410086434,1205400061130
9088,СТРОЙ-КОМПЛЕКС,3525285841,1123525014447
16782,СЗ КБ-СТРОЙ,2635247981,1212600000106
13245,СЗ ПРОЕКТСТРОЙ,5321207013,1215300003027
20079,СЗ НОВЫЙ ГОРОД,3100022941,1233100011430
20479,СЗ МСК НА БРОННОМ,5405080300,1235400000880
20478,СЗ МСК НОВЫЙ БРОННЫЙ,5405086478,1235400027664
27574,СЗ ОПТИМИСТ,6320080990,1246300014575
16927,СЗ ДЕКАБРИСТ,2724238403,1202700000898
14915,СЗ КМ,5404305790,1075404002850
15503,"СЗ БОЛОТНАЯ, 9",7708591307,1067746316681
1178,СЗ ГРИНАГРОСТРОЙ,5410064504,1175476004395
10942,СЗ СИБИРЬ,2466188626,1182468004366
11689,СЗ КАПИТАЛ 76,7604359074,1197627019424
23538,СЗ ВИТА НА ДАЧНОЙ,5504165201,1205500014884
2432,СЗ ВЕСТА-2001,5012021090,1035002453562
18701,СЗ ИН ПАРК,2901312922,1232900001443
6479,СЗ ТПФ СМЕНН,3702025940,1023700527564
13389,СЗ КОНКОРД,3906403364,1213900007452
20826,СЗ НОВОЕ ВРЕМЯ - СЕВЕР,272922410,1230200035240
2423,СЗ ГТСП,3905074117,1063905055224
45331,СЗ КАПИТОЛИЙ,1215166978,1121215006945
19630,СЗ МОНБЛАН,5406816303,1215400043319
7556,СЗ СК ВОЗРОЖДЕНИЕ-20,6027170970,1166027055028
14053,СЗ 40 ЛЕТ ПОБЕДЫ-8,1831201879,1211800007539
18527,СЗ СТАТУС,3528334800,1223500007390
11398,СЗ БАСТИОН,1648029756,1111673000416
2930,АРБЕЛОС,2310144687,1102310001188
1717,СК СТОУН,7805586461,1127847231434
15687,СЗ ПРЕСТИЖСТРОЙ,9102265250,1209100008017
17493,СЗ ЮНИТИ,6700000663,1236700008544
20215,СЗ КВАРТАЛ,1831201942,1211800007847
19770,СЗ ЭРБИАЙ - 3,7801696777,1217800044857
20169,СЗ ПАНОРАМА-III,6162049794,1076162005215
12869,СЗ АЗБУКА,7325172171,1217300000070
12570,СЗ ВОЗРОЖДЕНИЕ,6234187450,1196234015207
19490,СЗ ПАРУС,3460084598,1233400006762
11382,СЗ ПЛАТФОРМА,5902059467,1205900026958
14290,СЗ СМУ ЦЕНТР,6367057940,1086367000785
4045,СЗ КВАДРАТ,6234098377,1116234013169
19216,СЗ ТЕХНОСТРОЙ 4,5700009047,1245700001678
15984,СЗ ТРЕХПРУДНЫЙ,9710091577,1217700394922
15505,СЗ ПРИВИЛЕГИЯ ПАРТНЕРС-3,7453342848,1217400032871
23626,СЗ ДЖ № 2,9200013691,1229200005748
22198,СЗ КАЛИНКА ПАРТНЕР,1831204703,1221800001147
14346,СЗ СИБГРАД,4205393504,1204200017042
1228,СЗ ОЛИМП,2609800350,1122651017477
15328,ГАРАНТСТРОЙ,900001247,1210900003016
16066,СЗ ХОУМ ГРУПП,2540254998,1202500002055
7703,СЗ ЕДИНСТВО,6154082597,1026102574123
8620,СЗ ПАРУС ЮГ,1831194893,1191832013581
16830,СЗ ПАРКОВЫЕ КВАРТАЛЫ,4800000536,1224800013668
9367,СЗ СК КОНТИНЕНТ ВЕРИЗИНО,3329097129,1193328011117
19012,СЗ ПЕРВОМАЙСКИЙ,2901315962,1232900007405
40843,СЗ ЖСЗ 483,3528347158,1263500000818
13172,СЗ КПД СТРОЙ,3907211633,1103926004082
22200,СЗ НАНЖУЛЬ 10,2465364100,1242400023140
37342,СЗ МИР,6147043029,1256100021198
2947,СЗ ЖБС-ПРОЕКТ,9701050856,1167746917117
17792,СЗ ТЕПЛЫЙ ДОМ,2364021508,1232300026958
6488,СЗ АРХСТРОЙ-ОСЕТИЯ,1515396010,1041501901781
27989,СЗ ГЕОМЕТРИЯ ГРУПП,4500017240,1254500000534
17280,СПЕЦЗАСТРОЙЩИК ЮТЕРРА,4345526673,1234300006192
2080,СЗ МОНОЛИТ,1831170645,1151831000265
21858,СЗ ДЕВЕЛОПМЕНТ ПОВОЛЖЬЕ,554004786,1180571013699
25805,СЗ ЖК РАДИОСТАНЦИЯ,6686145992,1226600063205
15435,СЗ КРАСНОСЕЛЬСКАЯ,7708817280,1147746799441
19761,СЗ ВИКСАР СТРОЙИНВЕСТ,1700010359,1241700001564
12006,СЗ СК ЛИСТ,5610235115,1195658007126
18678,СЗ СПЕКТР,6950252649,1216900009897
13509,СЗ Т-СТРОЙ,2223633610,1202200022310
23268,СЗ АККОРД,5402058602,1205400001542
18473,СЗ СТРОЙТЕХ,5403080738,1235400041458
848,СЗ ИНВЕСТОР,1650312785,1151650012854
18572,СЗСК-УЛАН-УДЭ,326510342,1120327018580
3043,"СЗ ВОРОВСКОГО,12",5260404420,1155260001159
2356,СЗ БИ.АЙ.ДИ ГРУПП,7415055190,1077415002675
23080,СЗ ЛУННАЯ ПОЛЯНА 2,900010636,1240900000989
12143,СЗ ЛЕТО РЯДОМ,6234194200,1216200001247
12185,СЗ НОВЫЕ ВОЗМОЖНОСТИ,6234194338,1216200001412
8038,СПЕЦЗАСТРОЙЩИК ЖК ПОБЕДА,9110024177,1199112007203
21964,СЗ КРТ-1,5262390251,1235200005468
38950,СЗ СК АРТСТРОЙ,1200019410,1251200002294
25491,СЗ СМУ-128,2130211091,1192130006265
6262,СЗ СК НОРМА,4401160922,1154401003041
18449,СЗ ПИРОН,2700018060,1232700014909
3716,НОВМОНОЛИТСТРОЙ,7722809107,1137746442470
22659,СЗ СК КОНТИНЕНТ ЮЗ,3332000313,1223300008007
15467,СЗ МАЙЯ,700006833,1220700005481
6582,СЗ СТРОЙИНВЕСТ,3917031125,1063917034730
13240,СПЕЦЗАСТРОЙЩИК СК АЗИМУТ,1901091968,1091901003700
24571,СПЕЦИАЛИЗИРОВАНННЫЙ ЗАСТРОЙЩИК НОВЫЙ ДОМ,2901259620,1152901005960
70,СЗ ТВЕРЬЖИЛДОРСТРОЙ,6905076977,1026900588494
6218,СЗ ТЕХСТРОЙ,7604307968,1167627078739
7940,СЗ КРИСТАЛЛ,4501168192,1114501003836
18702,СЗ ВИТА НА ЛЮБИНСКОЙ,5503269984,1235500008358
19271,СЗ К7/11,9705164565,1227700044109
3580,СЗ ТРАСТ-ИНВЕСТ ЕЛАБУГА,272904034,1160280093698
17111,СЗ АКЦЕНТ-СИТИ,3665132186,1163668111419
29320,СЗ М2М ОЛЬХОВСКИЙ,9402016102,1249400003984
37256,СЗ РЕГИОН ДЕВЕЛОПМЕНТ-9,2801282110,1242800004710
28917,"СЗ ГОГОЛЕВСКАЯ,43",7100053464,1247100004821
21418,СЗ ВИНОГРАД,5402073960,1225400029095
20565,СЗ АСТРА-ПАРК,6658565882,1236600047925
20675,СЗ ЛЕГА-В,2721185425,1112721006750
29013,СЗ БИНА 2.0,1300015232,1251300001260
17651,СЗ ПРОФСТРОЙ,2901309165,1222900001620
803,СЗ ТВОЙ ДОМ,6165190361,1146165004248
16595,СЗ СПЕЦСТРОЙ,1215228945,1191215003100
18842,СЗ ПУШКИНЪ,6612058343,1236600031887
18699,СЗ КИТ,5027227671,1155027004560
27013,СЗ ВЕРТИКАЛЬ,5904099440,1025900904215
17574,СЗ СЕВЕРНЫЙ-1,900005604,1220900004324
7340,СЗ РЕНТЕК ЗАЛЕСНЫЙ,1831096127,1041800257190
10485,СЗ ПТС,3444273333,1193443015193
3776,СЗ СК ВОЛГА-СТРОЙ,4401065147,1064401034455
1990,МЕТР В КВАДРАТЕ,1215211980,1161215058674
18340,СЗ ПОБЕДА,7500016636,1247500000538
6881,СЗ ГАРАНТ,3329034390,1053303612218
22123,СЗ ПЕГАС,6230080107,1136230000752
40952,СЗ МКД ЯСНОВО 9,7300047482,1257300008679
24456,СЗ ФСК БЕРКУТ,300025990,1240300006242
14384,СЗ МЕТРИКС ПРОГРЕСС,2308282707,1212300067968
22618,СЗ БЕТОТЕК ЗАРУЧЕЙНЫЙ,7449153630,1247400014410
19797,СЗ ТАЛАН-РЕГИОН-17,1841079106,1181832011701
19278,СЗ ГЕРМЕС,6372021925,1146372000180
23097,СЗ ФЭ,7801703840,1217800139523
17821,СЗ ТРЕСТМ-36,7456046685,1207400041078
23954,СЗ СФС-РЕНОВАЦИЯ,4800019022,1244800007980
2395,СЗ САМАРА ДЕВЕЛОПМЕНТ,6315603645,1076315004776
3517,СЗ РУССКИЙ СЕВЕР,7811671820,1177847372196
270,СЗ СК АЛДЕГА,7720339826,1167746438342
6136,СЗ ПСК ОМЕГА,2465012193,1022402466019
28255,СПЕЦЗАСТРОЙЩИК АВИТЕК-ИНВЕСТ,9705226910,1247700444089
20886,СОЦИНВЕСТ ТДСК,7017394074,1167031050647
7478,ГРУППА АЛЬЯНС. СЗ,5405429823,1115476019031
39934,СЗ ВОЛОГОДСКИЙ СТАНДАРТ,3523019925,1143536031210
21237,УК НГСМ +,5610230195,1185658002650
17553,СЗ АУРА,6312217948,1236300034618
24905,СЗ ВЫСОТА,300018545,1230300008091
16643,СЗ СПЕКТР-СТРОЙ,6453062479,1036405302141
31162,СЗ ЭРИСТАВИ-ТРОИЦК,7453365500,1257400018424
23344,СЗ С СТРОЙ,2462072853,1222400009974
14234,СЗ СТАРТ ИНВЕСТ,3808277383,1223800008926
18612,СЗ ЖИЛСТРОЙ,7100052164,1247100003512
15900,СЗ АРСЛАН,1651089000,1211600038748
15456,СЗ ЯКУТИНВЕСТСТРОЙ-ЯРОСЛАВЛЬ,7604387392,1227600013090
1708,СЗ РЕАЛ-СВ,3528237275,1153525033463
18359,СЗ УЭС,2511120365,1222500013229
20825,СЗ МИРАСТРОЙ 2,9303036549,1249300004887
15368,СЗ ПАРУС,3702701147,1133702014357
8487,СЗ ЖЕМЧУЖИНА,7604309806,1167627084052
9844,СЗ ГЕФЕСТ-ГРУПП,7104526898,1147154044355
24099,СЗ БМ-ГРУПП СЕВЕР 2,7100061507,1257100000904
2569,ПСФ ИНСТРОЙ,2902001119,1022900834648
6261,СЗ РЕАЛ ЭСТЕЙТ СИТИ,1650226416,1111650009624
7689,СЗСК ОГНИСТРОЙТВЕРЬ,6952311586,1176952007044
16253,"СЗ ДРГ-ДОМ.СТРОЙ, ООО СЗ ДРГ-ДОМ.СТРОЙ",1832160872,1211800010070
23784,СЗ СИРИУС-ЮГ,7453354522,1237400027336
23224,СЗ ИНВЕСТ-ЦЕНТР,5800005208,1245800003459
16653,СЗ ТРЭНТА,5902064202,1225900019290
37134,СЗ СТРОИМ ГОРОДА,2508151719,1252500008848
15431,СЗ ЖК НА НОВОЙ,3906410435,1223900001214
34103,СЗ ЖК НА КУЛИБИНА,4500018155,1254500001470
14555,СЗ ПОЛИС ЛИГОВСКИЙ,7816723173,1217800157585
13880,СЗ ГРИН-СТРОЙ,3661173819,1193668032084
17315,СЗ ПАРТНЕР,6316143535,1096316003200
40050,СЗ БЕТА-СТРОЙ,2901319195,1242900005578
19412,СЗ ВОСХОД,3700019891,1243700004613
13646,СЗ АСПЭК-ЧАЙКОВСКИЙ,1831197301,1201800000742
19021,СЗ НЕОН,1800018506,1241800007239
33241,СЗ НОВЫЙ ДОМ,9402015282,1239400008726
13205,СЗ СФЕРА,7810919765,1217800081454
2579,СЗ БЫТ-СЕРВИС,5249127357,1135249002910
2352,СЗ ТЕПЛОГАЗСТРОЙ,1215104509,1051200093889
17729,СЗ СЖС,6234030636,1066234037990
15346,СЗ ВЕНТИ,5902063720,1225900014625
9418,СЗ МЕГА,6234186337,1196234013073
37267,СЗ ОРЕШНИК 74,7449158204,1257400021229
16423,СЗ БАЛТИЙСКИЙ ДОМ НЕДВИЖИМОСТИ,3907023686,1023901651300
14034,СЗ ИНТЕРСТРОЙ ПЛЮС,6829131334,1176820003942
16061,СЗ КАЛИНКА ФЭМИЛИ,1831204534,1221800000366
34377,СЗ СИТИ-ВЛ,2540264925,1212500026991
16699,СЗ ЭЛИТИНВЕСТ,6027195968,1196027001246
6406,СЗ ВЛАДИМИРСТРОЙСИТИ,3301035080,1163328069332
13804,СЗ НД ОРЁЛ,3257065510,1183256009771
18673,СЗ ВЕГА,3525488369,1233500007267
16266,СЗ ШАЛЯПИНА ПЯТНАДЦАТЬ,1655494585,1231600019507
3631,СЗ ПРОФИ СЕРВИС,7814565651,1137847098872
1800,СЗ ИМПЕРИАЛСТРОЙ,2130147880,1142130017094
6630,СЗ КОМПЛЕКС,2312257051,1172375005956
14634,СЗ М2 ДЕВЕЛОПМЕНТ,3123482102,1213100011630
16117,СЗ МОЗ ДСК ПЛЮС,4028067122,1184027010210
17418,СЗ СПЕКТРСТРОЙ,6311192955,1226300006591
16790,СЗ ПРИРЕЧНЫЙ,6623139403,1216600076252
6422,СЗ МОЙ ДОМ КАМЕНКИ,5261090174,1145261001093
9919,‹‹СЗ ‹‹САКС-ПЛЮС››,3250067067,1063250032625
20949,САРМАТ,3443138204,1173443029418
13274,СЗ КВАРТСТРОЙ,1215235325,1211200001704
17169,СЗ ИРИСТОН,9727002712,1227700399970
11446,СЗ КВАРТАЛ НАБЕРЕЖНЫХ,3257069271,1193256004578
7316,СЗ ГУБЕРНАТОРСКИЙ ДОМ,278929638,1170280028720
17678,СЗ МАИС,5027312366,1225000141090
38809,СЗ УРБАНСТРОЙДЕВЕЛОПМЕНТ,2308303435,1252300062882
23318,СЗ СФЧ-ЦЕНТР,3662309879,1243600007199
13348,СЗ ВИРА,7014064166,1187031063658
27509,СЗ ВЛАСТА ИНВЕСТ,9103102988,1239100015274
15857,СЗ НЬЮТОН,6234201970,1226200009287
29676,СЗ СТРУКТУРА-ДЕВЕЛОПМЕНТ,3849108850,1253800010199
34986,СЗ ЖК ЧУЙСКИЙ,400028346,1250400001378
10789,СЗ СТК БАЛТ,3906384305,1193926013687
15032,СЗ СТРОНЖ,6320055144,1206300065795
18716,СЗ УРАЛЬСКИХ РАБОЧИХ 26,6685212572,1236600047441
10557,СЗ ИНВЕСТЧЕЛНЫЯР,1650287352,1141650010941
17500,СЗ АРМА,1400028500,1231400011512
19424,СЗ АНДЭКО-ИМПУЛЬС,5024170843,1165024060189
442,СЗ ОБЪЕДИНЁННЫЕ СТРОИТЕЛИ,6950199459,1166952071857
6217,СЗ КВАДРАТНЫЙ МЕТР,5262351125,1175275061939
35212,СЗ НСК,3528346330,1253500010961
15924,СЗ ВИГ,5260393673,1145260011731
18896,СЗ БИЗНЕСПАРК,1400005936,1221400002427
40688,СЗ ДВМ-ЧИТА,7500033744,1267500000954
255,ФИНИСТ ГРУПП,1837011257,1131837000536
20569,СЗ СТРОЙГРУППКОНСАЛТИНГ,3651009591,1143668008758
12282,ЭС ДЕВЕЛОПМЕНТ,6501303141,1196501001730
12266,СЗ ТРОЙКА,1657241621,1171690110613
3208,СЗ ЖК ПАРУС НЧ,1650311559,1151650011633
19417,СЗ УЛЬТРА-СИТИ,3900029657,1243900009902
8998,СПЗ ДСК 2,1435343005,1191447008158
4037,СЗ СКАНДИА У ОЗЕРА,7203431012,1177232028368
9668,КОМОССТРОЙ САНТИ СЗ,1831195713,1191832018620
31050,СЗ ГАЛС,5403082816,1245400009942
12939,СЗ ЛАО,7811753368,1207800162745
13767,СЗ КОНТИНЕНТ,2204094868,1212200028260
24136,СЗ ЛЕГОС ПЛЮС ОДИН,3616026587,1223600007069
16633,СЗ КОРИФЕЙ,6164140819,1236100006120
17067,СЗ СОЛНЕЧНЫЙ ГОРОД,2315227312,1222300051302
12671,СЗ СОК,2225213410,1202200018778
16797,СЗ БИЗНЕС ИНВЕСТ ЗАПАД,7736550373,1067760322332
713,СЗ ЛИДЕР,2904028701,1162901064545
4029,СТРОИТЕЛЬ ЛТД,1501034490,1021500507687
3106,СЗ СЕРВИС,2130097903,1122130000398
41540,СЗ РЕНОВАЦИЯ-2,5405099798,1245400038443
11150,СПЕЦЗАСТРОЙЩИК ЖК НОВЫЙ,9201531199,1209200002263
19299,СЗ РФА-ИНВЕСТ 1,1400032802,1241400002800
668,СЗ АРХИТЕКТУРНАЯ ПРАКТИКА,7424024784,1077424001115
13038,СЗ ЛИДЕР+,2366028428,1212300034539
19071,СЗ БЕРЕГОВОЙ,2540250633,1192536012635
24149,СЗ КОСМОС,6141060934,1236100032563
1088,СЗ СТРОЙИНВЕСТПРОЕКТ,6732005079,1106732005027
16113,СЗ АРКТИКУМ,5190089483,1215100006550
9710,СЗ ТВ-СТРОЙ,3906321954,1143926012548
17365,СЗ СЕВЕРНЫЙ,100001706,1220100001186
2147,СЗ А-СТРОЙ,7606090534,1137606001202
19724,СЗ КВАРТАЛИКА ПРОФСОЮЗНАЯ 7,7017258025,1107017005171
18774,СЗ ТЕМП,9310011351,1239300017197
20467,СЗ АТРОНИК-СЕРВИС,1701056187,1151719001158
22956,СЗ ЭТАЛОНСТРОЙ,4632301377,1244600001788
15281,СЗ ГЕФЕСТ,5047255099,1215000086487
34535,СЗ ВЫСОТА,1800040124,1251800011110
24962,СЗ ЯМАЛАВТОСТРОЙ,8911007693,1158911000401
17013,СЗ ДОН СТРОЙГАРАНТ,3666266739,1233600007464
18743,СЗ МЕРКУРИЙ,3906295278,1133926019765
11376,СЗ ЕВРОБИЛД,3445070537,1043400435099
1654,СЗ СКЖ,6829117523,1166820050341
33627,СЗ МАЛЫЙ ЛЕВШИНСКИЙ 7,9726079462,1247700468916
3765,СЗ БРУ-ЭЛИТСТРОЙ,6820013914,1036841118490
15058,СЗ АРТ И КО,4401197930,1204400004984
17594,СЗ ЖЕМЧУЖИНА,2630052932,1232600003360
18654,СЗ СТРОЙ-ПЛЮС,3665815721,1213600014748
3213,СК ЧОРООН,1435312039,1161447062006
18780,СЗ ДДВ,2511123133,1232500004868
17475,СЗ НАШ ДВОРИК,2466295096,1232400009907
19215,СЗ СЕРЕБРЯНЫЙ РУЧЕЙ 3,4706056683,1234700003086
247,СЗ ФОРУМ КРЫМ,9201007299,1149204022142
11771,СЗ К-МЕНЕДЖМЕНТ,3525385606,1163525095073
15647,СЗ СМАЙНЭКС ОБЫДЕНСКИЙ №1,9706013618,1217700099869
22986,СЗ ДАБАНСТРОЙ,1424009560,1181447014649
19958,СЗ ОСТ-4,5904381197,1205900006927
10841,СЗ ФЛАГМАНСТРОЙ,9111024042,1179102031020
39891,СЗ РАХАТ,900017039,1260900000173
18747,СЗ ХОРОШОАЛЬЯНС,3000010558,1233000006117
16671,СЗ ЖК У ПРУДОВ,7604380157,1217600017304
20789,СЗ ЭЛЬДЕКОР ГАРАНТ,4632302405,1244600003306
38709,СЗ СОБЫТИЕ,2632126570,1252600012004
15923,СЗ БАШНЯ,3702270116,1223700006045
17999,СЗ СТРОЙ-ИНДУСТРИЯ 1,1435356950,1201400012550
17360,СЗ ИСК ЖИЛСТРОЙ,2223639010,1212200030020
23039,СЗ ЖК ДУБРАВА,9403027386,1239400005261
17140,СЗ ЛЭНД,2404014108,1102404000951
23980,СЗ 4 ЗВЕЗДЫ,3811475515,1213800018145
5788,СЗ ИЗВЕСТНЯК,6820013287,1026800886199
14153,СЗ ЗОРГЕ ПРЕМЬЕР-ЖСИ,278961215,1200200046331
39880,СЗ АУРА-ПАРК,2222912442,1252200011062
18394,СЗ КАСКАД,2455042449,1242400005627
24723,СЗ ЖИЛСТРОЙ,6163234937,1256100003818
20342,СЗ КАПИТАЛСТРОЙ,2901305040,1212900001929
14073,СЗ ИСК ОПТИМУМ СИБИРЬ,2225221813,1212200021571
18562,СЗ ГЕОЛАЗ,3443932914,1143443030543
9530,СЗ ГОРИЗОНТ-БИЛДИНГ,5902229253,1125902008539
18454,СЗ СИСТЕМА,2634113368,1242600002699
12386,СЗ ОН-ЛАЙН,2902088688,1212900001676
13519,СЗ АТМОСФЕРА,5406815853,1215400040723
22337,СЗ КРИСТАЛЛ,5403030840,1175476054643
10397,СЗ СМУ МЕЧТА,269999526,1180280046737
1322,СЗ ЕДИНЕНИЕ,6382020906,1026301992650
32148,СЗ ЭНВИЛ,9102293313,1239100015560
17409,КАСПИЙ СИТИ,554003479,1170571015449
18511,СЗ КСК,5836896692,1215800007763
23472,СЗ МКД ЯСНОВО 4,7325174115,1217300008144
14007,СЗ АЛЬТАРА ПЛЮС,1901115538,1131901004806
20523,СЗ АГР-СТРОЙ,2901311492,1222900005745
23160,СЗ АРТСТРОЙКВАРТАЛ,2308290296,1232300012790
33829,СЗ ФАВОРИТ,7604401329,1257600004562
33826,СЗ РУНЭКС,3662195981,1133668051021
13764,СЗ ВИТА,2014022079,1202000003644
1664,СЗ РЕМСТРОЙ,5838042939,1035804002629
34074,СЗ УНИСОН,4816025840,1244800007968
2190,СЗ АМУРСТРОЙОКНА-ДВ,2801219341,1162801054492
43811,СЗ ФЕНИКС,3849112158,1263800001365
19206,СЗ АРХЫЗ-ИНВЕСТ,2372033377,1242300004616
18761,СЗ АТМОСФЕРА,4704112981,1234700004142
28575,СЗ М2,1400035419,1241400005417
31691,СЗ МЕГАПОЛИС ГРУПП,4400022091,1244400004243
21162,СЗ ТВЕРСКОЙ СТАНДАРТ,6915015733,1176952009057
10934,СЗ СТРОЙПРОСПЕКТ,4230033640,1204200000729
7451,ФИРМА РЕМСЕРВИС СЗ,7606022020,1027600855369
19468,СЗ РК-СОДРУЖЕСТВО,278977455,1230200013757
18160,СЗ НОВА-1,5904386124,1205900028894
13661,СЗ ЮГА-СТРОЙ,5432003329,1215400018657
15304,СЗ СМУ-1,3460082826,1223400006609
16381,СЗ ДОМСТРОЙ,6452151077,1236400001881
11162,СЗ БЕТОТЕК ЛЕНИНСКИЙ,7415103461,1197456035765
6569,СЗ КАЛУЖСКАЯ ЗЕМЕЛЬНАЯ КОРПОРАЦИЯ,4027080650,1074027005007
1332,ДСК-СЗ,3102005483,1153130000210
15553,СЗ ДАН-СТРОЙ,1327019604,1131327001849
16577,СЗ ЕВРОСТРОЙ,7816361822,1057810067919
11369,СЗ МЕГАПОЛИС,1435225820,1101435002140
18622,СЗ СТАРТ,3000006431,1233000001970
1540,СЗ ФИРМА АСПЕКТ,2636023085,1022601977463
16491,СЗ ТОР,1840106212,1211800015514
12591,СОЮЗИНВЕСТ,7705607460,1047796503105
9230,СЗ БРУ-ТАМБОВСТРОЙ,6820040636,1196820009100
10902,СЗ СП1,2221247970,1202200013135
3008,СЗ СТРОЙНОВА,4401157126,1144401010577
352,СЗ СИ1,814165940,1050866785342
1957,СЗ АЛЬФА-СТРОЙ,2130048663,1082130015604
10247,КОНСОРЦИУМ Н. НОВГОРОД-90,5262013239,1025203733653
24971,СЗ ВЕКТОР,500014869,1240500012114
3411,СТК СТРОЙ МЕТАЛЛ,2725130339,1142722003005
3963,САРОВИНВЕСТ,5254483897,1115254000014
19054,СЗ АРТСТРОЙ,3906406870,1213900012226
7314,СЗ ОСТОЖЕНКА 9/14,9718058130,1177746364817
28928,СЗ ВЕКТОР,3444276630,1213400008656
14314,СЗ АЛЬФАСТРОЙ,1326257645,1211300004717
12533,СЗ КСК,6732200320,1206700013992
17328,СЗ ВЫСОТА,2466129028,1052466048667
23170,СЗ ПИСАРЕВА 8,5902066094,1235900015163
18342,СЗ ОБЫДЕНСКИЙ,9701180453,1217700308540
35916,СЗ ПРОСПЕКТ,269048464,1250200018122
18543,СЗ СТРОЙГОРОД,3257026013,1153256000182
22225,СЗ ЛЕРМОНТОВ,8601074509,1238600009933
4403,СЗ ИСК СТРОЙ СИТИ,7415080334,1137415001514
22273,СЗ САМАРА-БАЗИС,6313539338,1116313001804
11740,СЗ ДАЛЬСТРОЙ,1434048737,1161434050040
11352,СЗ ПОЛЮС,6320036374,1196313047446
31674,СЗ МКД ЯСНОВО 10,7300028257,1247300000232
36240,СЗ ОФИС МОЛЛ,3900008978,1233900003369
15883,СЗ АКСИОМА 2,3015117342,1203000004910
18831,СЗ КОНТРАКТСТРОЙ,700014785,1240700000771
5191,ФИРМА АРГО,5401176018,1025400511102
5126,СЗ ВОСТОК ИНВЕСТ СТРОЙ,2311154455,1132311002306
7872,СЗ ПКТИ УСП,8904041887,1038900745641
8975,СЗ ВЫСОТА,3664097595,1093668017893
19109,СЗ АЛЬБАКОР 52,5258110247,1135258003980
2223,СЗ ОМД,5902014770,1155958046188
21269,СЗ АВИА 4,7300026348,1237300012773
29757,СЗ МЕЧТА,9102302134,1259100000455
17279,СЗ ДОМСТРОЙ ИНВЕСТ,7627054992,1217600015522
14646,СЗ ЗОЛОТАЯ КОРОНА КМВ,2626050890,1222600002965
22745,СЗ СТРОЙИНВЕСТ-2,9103089053,1189112036376
22644,СЗ КРЕПОСТЬ,1400038378,1241400008354
11228,СЗ ПСКОВОБЛСТРОЙ,6027195439,1196027000234
5535,СЗ ПСФ ЗОДЧИЙ,7224011820,1027200877912
17750,СЗ САДЫ,2464136767,1172468036014
1109,СЗ ИНСТЕП,3665047879,1043600190424
2109,СЗ СТРОЙСТАНДАРТ,323350517,1100327002940
11308,СЗ АЛМАЗ,3906394455,1203900011358
1906,СЗАККО РД,3905060266,1043900832623
1829,СЗ ДЕЛОРАД,3906959793,1153926012767
20921,СЗ РЕМСТРОЙГРУППА,2511053687,1072511001617
23922,СЗ УСК-2,5638056162,1095658026815
20548,СЗ КАМЕЛИЯ,5406814909,1215400036730
14377,СЗ НОВОКАСИМОВО,5257151843,1155257005034
1456,ТЕРРА ДИ ИНКАНТИ,5036139809,1145074005449
8971,СЗ ВОЛГА ТЕЛЕКОМ-ИНВЕСТ,3444112223,1043400310612
12910,СЗ ДОМОСТРОЙ-1,8601067981,1198617003485
14522,СЗ СМТ,4345049910,1024301339700
22661,СЗ ОГНИ ЗАПОЧАИНЬЯ,5260491889,1235200026929
22531,СЗ БАЗИС,9705203729,1237700479940
10421,СЗ СТРОЙАЛЬЯНС,1324003395,1201300001242
37409,СЗ ПРАВОБЕРЕЖНЫЙ,2700061796,1252700016557
20583,СЗ ТОЛК. УРАЛ,7203568747,1247200001036
17413,СЗ ЖСК РЕГИОНСТРОЙ,3441039159,1103459004560
21112,СЗ СМУ-ПЯТЬ,4345532807,1244300005729
35380,СЗ ЭСКИМО,1000023539,1251000004430
37026,СЗ СИТИ-ПАРК,7500017799,1247500001682
7593,СЗ ЧКАЛОВА,107034080,1180105003220
17035,ДСК НОВОСАДОВЫЙ-СЗ,3100020285,1233100008756
21959,СЗ ЛАДДОМ РЕГИОН,2700018800,1232700015635
19255,СЗ СК ПОДМОСКОВЬЕ,5024235667,1235000101280
2267,СЗ ИР-СТРОЙ,1435254676,1121435006923
24409,СЗ СОЛНЕЧНЫЙ МИР,9102297847,1249100009300
386,СЗ ПСК СТРОИТЕЛЬНАЯ ПЕРСПЕКТИВА,2221067952,1052201878156
18396,СЗ ФИЛОСОФИЯ ИДЕАЛИСТОВ.РЕГИОНЫ,6678135084,1246600004397
42413,СЗ СТАВКРЕПОСТЬ,2623035823,1262600001487
9993,СЗ ЖИЛСТРОЙСИТИ,7610097300,1127610003850
13453,СЗ РЕАЛ СТРОЙ,2724246690,1212700015065
21282,СЗ АТМОСФЕРА ДОМ4,7100042014,1237100010740
21457,СЗ СМУ РУСЛАН+,264083070,1240200015692
19487,СЗ ГОРИЗОНТ,572023693,1190571005811
11755,СЗ 535-СТРОЙ,3906396050,1203900013569
43691,СЗ КАЛИНА ПАРК,3000024014,1263000000670
19453,СЗ ЖК ЛЕНИНГРАДСКИЙ,6166130862,1246100014885
23203,СЗ БЛАГОСТРОЙ,277965930,1240200021907
33518,СЗ ТРЕСТМ-26,7456046741,1207400041133
34256,СЗ АЛЬТЕРА,7736294666,1177746281668
17170,С-8,4706023470,1054700323831
18339,СЗ ЗАБВО,7500016450,1247500000351
10398,СЗ ПЕРСПЕКТИВА,7116160006,1207100003120
22994,СЗ ДИМЕТРА,7805808467,1237800093783
16267,СЗ ПСД,7448247028,1227400044871
22276,СЗ ОРИОН,6452150323,1226400011760
20422,СЗ СОДРУЖЕСТВО,1200010992,1231200002659
2382,СЗ КМП-ДАНИЛИХА,7715995163,1147746263290
24758,СЗ БИНА,1300008010,1231300004319
3029,СЗ ЗАПАДНОЕ,2224135752,1092224005191
22124,СЗ СЕТТ ГАЗОВИКОВ,3123472351,1203100013313
24703,СЗ СК А1,5610246639,1225600008941
10571,СЗ ГОРИЗОНТ,3901008794,1173926025767
19065,СЗ ОЛИМП-СТРОЙ,700017070,1240700003060
1696,СЗ АСТОРИЯ,3917021399,1043917004350
7884,РОСТ-СТРОЙ,1435265678,1131447005656
42524,СЗ СПК-НАСЛЕДИЕ,1400028404,1231400011413
9255,СЗ ГРАНЬ-ИНВЕСТ,1660088589,1061686043418
19688,ИНЖЕНЕРНЫЕ СИСТЕМЫ,1215115980,1061215086217
21036,СЗ СЕВЕРНОЕ СИЯНИЕ,2901314278,1232900004413
29517,СЗС,500034512,1250500009242
28448,СЗ ИЗУМРУД,2223644490,1242200006850
24462,СЗ НОВЫЕ ФОРМАТЫ 2.0,3812163318,1243800017020
4054,СЗ СТРОЙИНВЕСТ,814173612,1070814004370
17559,СЗ ГК ОСТ-7,7100046611,1237100015460
14731,СЗ ВОЗРОЖДЕНИЕ,2460121167,1222400007213
18510,СЗ АВТОРСКИЙ ДОМ №2,1685011041,1231600020761
22553,СЗ АСПЭК-М2,1800019570,1241800008306
18894,СЗ ГРАД-ИНВЕСТ,5918221429,1235900014294
19876,СЗ БОЛЬШАЯ ЧЕРКИЗОВСКАЯ ПЛЮС,9718021525,1167746750126
261,СЗ ЭЛИТ-ГРУПП,6686027212,1136686021042
17676,СЗ ГЕЛЕНДЖИК,2312320881,1232300044217
19341,СЗ ЮГО-ВОСТОК-3,3900025187,1243900005216
39574,СЗ ВЕРТИКАЛЬ,700028675,1250700007249
21421,СЗ ПРОФРЕСУРС,2222906488,1242200004507
17860,СЗ ВИЛЛА МОНТЕ АРХЫЗ,900008242,1230900001782
36282,ВЕКТОР,7816760640,1257800103648
31833,СЗ БЦ НА ГОРЕ,2225231434,1232200020470
31765,ЛАЙМ. ИНВЕСТ,7203588140,1257200001937
12927,СЗ АТЛАНТ-СТРОЙ,7453213673,1107453000599
13144,СЗ БРИК-СИТИ,3123466044,1203100001488
16535,СЗ БИЗНЕС МОСТ,7841078022,1187847292490
14937,СЗ СПЕЦСТРОЙ,7329008454,1127329002624
27564,СПЕЦЗАСТРОЙЩИК ВОСТОК,800021137,1240800007359
12151,СЗ ПАНОВО,4400001052,1214400000671
21641,СЗ КРЫМИНВЕСТСЕРВИС,9102039596,1149102075605
35724,СЗ БЕТА,3700034145,1253700007472
2258,СЗ ЗОЛОТАЯ КОРОНА,2626045717,1162651066852
18869,СЗ СИСТЕМА 47,7806595980,1227800024484
36264,СЗ ЖСЗ 8,3528346524,1253500011533
9712,СЗ ЮСС,8617025271,1078617000802
7671,СЗ ДОБРОГРАД,3317027134,1183328010678
23963,СЗ АВАЛЬМАН,2225233801,1242200010986
20066,СПЕЦЗАСТРОЙЩИК ГРАДИЕНТ,9103095138,1209100016168
22534,СЗ КЛЮЧСТРОЙ,300024250,1240300004460
1098,БАЛТИК СТ,3901501030,1103925011673
15562,СЗ ВЕРТИКАЛЬ ИНВЕСТ,2366026484,1212300017192
22886,СЗ СК ГАРАНТ,7604280730,1157627008252
18413,СЗ СТРЕЛА,3917056169,1223900001269
14204,СЗ ПЕРВАЯ ЖИЛИЩНАЯ КОМПАНИЯ,6234195349,1216200003953
13293,СЗ ТРЕСТМ-41,7456046646,1207400041034
5452,СЗ ВЫСОТСТРОЙГРУПП,7606101810,1157627029340
12764,СЗ БСИ,3128148408,1203100019869
12513,СЗ СК ХОЛДИНГ НН,5258090470,1105258002475
17009,СЗ ФИЛОСОФИЯ ИДЕАЛИСТОВ.БЕРЕЗОВСКИЙ,6658565106,1236600041787
11612,СЗ А ПЛЮС,3906906833,1173926018023
14604,СЗ МС ДЕВЕЛОПМЕНТ,4400005522,1214400005126
17722,СЗ ЖИЛСТРОЙ ДЕВЕЛОПМЕНТ КУЗНЕЦК,5835138992,1215800008478
23492,СЗ М2-ДЕВЕЛОПМЕНТ,9715460002,1237700600774
16543,СЗ ДСМ,2511117002,1212500014308
16934,СЗ КУБАНСКАЯ УСАДЬБА,2361018514,1212300023022
12592,СЗ СВЕТЛАЯ РОЩА,6658543448,1216600021373
22739,СЗ РМСТРОЙ,6000010391,1246000003886
18837,СЗ ДОМ,6800009250,1246800001590
18731,СЗ СТРОЙГОРОД,6317166461,1246300009603
5806,СЗ ИСГ СИБИРЬ,5507236041,1135543000405
13117,СЗ СМУ КВАРТАЛ,3662119638,1073667012704
19210,СЗ СКИМ,5809003999,1175835006346
17190,СЗ КСР,7705548455,1137746774285
28484,СЗ РИТМ,5907039626,1185958011436
14181,СЗ МОЙ ГОРОД,5809003149,1155809000852
16314,СЗ РЕАЛ,3528328973,1213500007600
17658,СЗ ЭГЕРРЕМСТРОЙ,7326017718,1027301406054
27593,СЗ МАЯК,6320080623,1246300011803
527,Е-ИНВЕСТ,7707818516,5137746068224
11417,СК ПРЕСТИЖ,920001679,1190917001285
26239,СЗ ТЕМП,8700002086,1248700000670
18657,СЗ ПАРК ПРИБРЕЖНЫЙ,9110029915,1229100002636
17905,СЗ АДОНИС,7801720814,1237800015089
17879,СЗ СПЕЦСТРОЙ,6670434124,1169658031290
17314,СЗ ЗЕНИТ,6163108259,1116195007015
18529,СЗ ЭЛЬТЕКО,3849094438,1233800007484
6379,МОЙ ДОМ,5403031650,1175476065951
13214,СЗ ГЕОИНВЕСТ,6658391298,1116658017255
11250,СЗ БЕТОТЕК ОТЕЧЕСТВЕННАЯ,7453334170,1207400009629
39827,СЗ ЮНИТИ-4,6700026950,1246700018564
21745,СЗ ВЗМ-СТРОЙ,3665827780,1243600012369
18507,СЗ САЛЮТ,6000006885,1246000000245
21970,СЗ ДОМ НА МУРАШКИНСКОЙ,5262389337,1225200044046
14632,СЗ ВЕГОЛОС,3123482617,1213100012762
23017,СЗ СТРОИТЕЛЬНЫЙ ТРЕСТ №6,3700020270,1243700004998
15243,ОБЛКОМУНСТРОЙ,6455074303,1206400016107
16439,СЗ ЖК ОБЬ,5410095982,1225400030657
27568,СЗ СФЕРА ЖИЗНИ,1400042060,1241400012050
13861,СЗ ЭТАП-ИНВЕСТ,5250076210,1225200004842
17496,СЗ КЫЗЫЛСТРОЙ,1701045925,1091719000724
13250,СЗ ДСС,6829157445,1206800007677
16714,СЗ ГРАНИ,5404317059,1235400014904
29074,СЗ КЛЁСТ,1435111702,1021401068501
13180,СЗ МИЛЛЕНИУМ,7703463990,1187746738772
551,СЗ СЕВЕРНАЯ КОМПАНИЯ,6234096820,1116234011365
9419,СЗ ЖК БОТАНИКА,9102258559,1199112014661
18653,СЗ УНИВЕРСАЛСТРОЙ,6027167872,1166027050750
18890,СЗ СК НЗ,3849102470,1243800010013
10853,СЗ РОСТА-ГРУПП,5610150260,1125658040232
17601,СЗ КВАНТ,2315128375,1062315057265
17902,СЗ ПСК СТРОИТЕЛЬНЫЙ КОМПЛЕКС,6671435346,1136671033916
16509,СЗ САНТЕРРА,5012106321,1215000119124
39282,СЗ ГОСЖИЛСТРОЙ,6450120531,1256400012406
18892,СЗ ТЮС-НР2,9309026515,1239300015338
32055,СЗ КАРЛА МАРКСА 26,6685124580,1169658146855
2161,СЗ СТК ВАРЯГ,7903526862,1077907002227
11166,СЗ ГРАНИТ,3906978933,1153926040740
36544,СЗ КАПСТРОЙ-НН,5263146489,1215200006746
6288,АЛЬФА-РЕКОРД,6453058803,1026403041280
19030,СЗ СТРОИТЕЛЬ СЕВЕРА,2904032264,1232900004688
26317,СЗ ТЁПЛЫЙ ДОМ,5609204793,1245600002592
18557,СЗ ЖИЛСТРОЙИНВЕСТ,9403026329,1239400002588
1211,СЗ ВИТ-СТРОЙ,7842475456,1127847284950
23867,СЗ НИК,1701027549,1021700513779
8898,СЗ ПАРКОВЫЙ-4,917036520,1190917000845
16579,СЗ КАРАТ,3906258276,1123926008898
18488,СЗ СИКРЕТ ПЛЭЙС,7203523538,1217200012061
23815,СЗ Д4,2221261533,1242200010194
18403,СЗ АЛЬФАИНВЕСТ,2310225551,1212300038466
9394,СЗ БААЛ КУЛИК,7104082145,1197154008061
1668,СЗ СМУ № 2,3254510586,1113256003960
17621,СЗ СТРОЙИНВЕСТ,6155092414,1236100002885
19444,СЗ ДОНЮГ,6166124675,1226100006219
18795,СЗ РЕКОМ ЮГ,9203006565,1149204043944
16501,СЗ ВОСХОД,2222900285,1232200000196
10328,СЗ МОЛОДЕЖНЫЙ,7445024168,1047420504471
23001,СЗ САР СК 1,2801282625,1242800005403
10782,СЗ Н1 ДЕВЕЛОПМЕНТ,5406802935,1195476086959
3196,СЗ СЕВЕР-СТРОЙ,1435257395,1121435010355
33700,ТОРКОНГРУПП,900015779,1250900002572
11671,СЗ МАТИС,6449011440,1026401998644
34289,СЗ ГРАНДСТРОЙ,2634115527,1252600005987
11711,СЗ ТВН-СТРОЙ,3906387747,1203900000633
24486,СЗ ДСК-РАЗВИТИЕ,9303037711,1249300011520
15941,СЗ КВАРТАЛ,4400010441,1224400004091
14413,СЗ ВАШИ МЕТРЫ,7811758888,1217800061797
18431,СЗ БИАТИН,3662995970,1153668022573
9167,ПЕРЕКРЕСТОК - УН,3702566233,1083702021655
16115,СЗ ЮЖНЫЙ,6150100968,1216100005010
6191,СЗ ВОСТОКСТРОЙ,6732162963,1186733008692
38359,СЗ НОВЫЕ ВЫСОТЫ,3300019103,1253300000051
38125,СЗ ГСР,6800016716,1256800003789
17535,СЗ СТРОЙСТАНДАРТ,6168120725,1236100021321
17756,СЗ СТИМУЛ,1655497868,1231600047436
17773,СЗ СТРОЙСИТИ НН,5263152690,1235200025785
29006,СЗ ФОРТ,272925404,1240200019146
20572,СЗ ОРИОН,5406808944,1205400049557
31769,ЛАЙМ. КАПИТАЛ,7203591584,1257200006360
23206,СЗ Д-16,5902069610,1245900020068
18973,СЗ ЖК ДОБРОЛЮБОВО,3662305585,1233600011347
937,СЗ АЛЬФА-СТРОЙ,1101156775,1171101002192
27730,СЗ НЕПТУН-23,4000000287,1234000002400
7037,СЗ СТРОЙГРАД,3241501545,1113256014420
19148,СЗ НВ - 1,272925891,1240200023250
19503,СЗ СТРОИТЕЛЬНЫЙ ТРЕСТ №8,3700020311,1243700005031
9444,СЗ ЛСР. РАЗВИТИЕ,9725020924,1197746563970
16883,СЗ СТРОЙИНВЕСТ,3625014725,1163668111815
4068,ХОЛМЫ,5011032451,1115011000378
12388,СЗ МАИРТА,3827062016,1193850038711
8103,СЗ ПРЕОБРАЖЕНСКИЙ 8,2465324033,1192468018214
14150,СЗ ЭКОЛАЙН-СТРОЙ,6671189161,1216600062590
17286,СЗ СЭМ ИРКУТСК,3810077582,1183850033861
28208,СЗ АРКТИК,6312208630,1216300035885
36139,СЗ ТВОЙДОМ,3528343594,1253500000786
14717,СЗ МТК,5036173983,1185074014531
10887,СЗ СУ-3,4401145240,1134401011634
16170,СЗ Б.ДОРОГОМИЛОВСКАЯ 9К2,7730264256,1217700202334
6296,СЗ ТМ-СТРОЙ,3444212972,1143443007432
4079,СЗ СПАРТА,4025072526,1024000936827
3858,СЗ ПРОФСТРОЙЯР,7604335041,1177627037433
18366,СЗ СК БУЛАТ,3525489443,1233500009148
19443,РЕМ И С,300025180,1240300005395
14191,СЗ МЕРКУРИЙ,3906400532,1213900003569
19267,СЗ 33 ПАРК,3300008126,1233300010591
29783,СЗ ЛОГОС,9110089600,1159102012904
71,СЗ ДОМСТРОЙ,6729018430,1026701441601
16372,СЗ ФОНТАНЫ,9102278058,1219100017542
34052,СЗ МОСКОВСКИЙ,9102296748,1249100006803
19147,СЗ ВЕРДОН,9201509394,1159204020304
28892,СЗ ОРИОН,2901320666,1252900001067
15986,СЗ ЖК РЕЗИДЕНЦИЯ,3906963567,1153926018168
16987,СЗСТАРЫЙ ГОРОД,4000004228,1234000006338
42247,СЗ МОРЕ ГРУПП,3528347197,1263500000917
16100,КОМОССТРОЙ ТУКАЯ СЗ,1660335887,1191690078128
7425,СЗ РСИ,2703097720,1182724025252
5398,ЭВЕНТ - СТРОЙ,7453148382,1057424583655
15957,СЗ МОНОЛИТ-СТРОЙ,8911026015,1118911002253
6953,СЗ ПАРАДИЗ ИНВЕСТ,5528204234,1095543020980
1903,СЗ СЕВЕРСТРОЙ,6829088819,1136829000835
19168,СЗ ПИОНЕРСК СТРОЙ,3900017228,1233900012037
18735,СЗ ЗОДЧИЙ,3444279430,1233400004606
6181,СЗ ПСК,1327023216,1141327003102
21370,СЗ НОВАЯ ЭПОХА,3900021464,1243900001400
17944,СЗ РЕГИОНИНВЕСТ,1500011130,1231500003371
31509,СЗ К-212,400028427,1250400001455
9866,СЗ МОЙ РИТМ 2,5504220903,1105543029350
18496,СЗ ПИОНЕРСКБАЛТСТРОЙ,3900017147,1233900011950
3094,СЗ СИЦ,3528076885,1023501243699
18949,СЗ СК ПАРИТЕТ,7604393815,1237600009107
39882,СЗ ДУОСТРОЙ,2222912812,1252200012954
17356,СЗ ФРЖС РК,1101177623,1231100004090
587,СЗ СРК ДОН,3625008979,1063667228350
7327,СЗ ДОБРОДОМ-РЕГИОН,2462061481,1182468035507
18767,СЗ ВЕРТИКАЛЬ,5700008950,1245700001580
16878,СЗ ИНТЕРСТРОЙ ТАМБОВ,6800002262,1236800001140
2022,СЗ КОМПЛЕКТ,3235001826,1023201293114
24036,СЗ ЖК НА ЛЕНИНА,2901314454,1232900004732
3895,СЗ СРС,3435114739,1123435002371
11047,СЗ РЕНОВА,3328024086,1193328011690
16357,СЗ ВССТМ,7325170777,1207300009839
33578,СЗ БРЮХОВЕЦКАЯ ЯРМАРКА,2327014069,1152363000790
10953,СЗ НАШ ДОМ,7430024260,1157456016850
12020,СЗ АМУРКОМ,2801091853,1032800063185
13680,СЗ МЕРИДИАНСТРОЙ,2224210150,1212200025883
18827,ТЕКТУМ-СТРОЙ,2628062010,1232600010994
4072,СЗ РОДОНИТ-ИНВЕСТ,5921023650,1085921000770
9482,СЗ МЕЩЕРА,6234094598,1116234008263
17857,СЗ ПАРИТЕТ. УРАЛ,7203562008,1237200015436
14418,СЗ УЧАЛЫ,274962602,1210200000174
23765,СЗ НОВОЕ ЖИЛЬЕ,1684011352,1231600012270
40715,СЗ ИНВЕСТ-СТРОЙ,700023395,1250700001970
23109,СЗ ЦЕХ,3700017358,1243700002061
12026,СЗ ВЛАДИВОСТОК ДЕВЕЛОПМЕНТ,2540257325,1202500019347
26916,СЗ СТРОЙГРАД,5038168058,1225000118507
24126,СЗ АКСИОМА.ЛЕНИНГРАД,9102248832,1189112036739
929,СЗ ИНЖЕНЕР,4629005410,1034637002707
18239,СЗ КУРГАН-3,7456049051,1217400034169
16438,СЗ КОРД,7460058644,1227400042044
19092,СЗ ОМЕГА,6382101383,1246300012155
18935,СЗ СК-СТРОЙ,2635221609,1162651068810
21853,СЗ НК РАЗВИТИЕ,4705096235,1224700014219
6611,СЗ СТРОЙ ПРОФИТ,7725338047,5167746269884
3584,СЗ СК СМУ 177,2130199567,1182130003736
2049,ДОСУГ СЕРВИС,6625029325,1036601478979
7797,СПЕЦЗАСТРОЙЩИК УКС АВИТЕК,4345488153,1194350000965
1603,СЗ ТАМБОВПРОМСТРОЙХОЛДИНГ,6829001720,1036891200422
25576,СЗ СТК,1400034849,1241400004845
19136,ИНВЕСТТЕХСТРОЙ,917041086,1200900004458
14782,СЗ ОЛИМП СИТИ,7604386864,1227600011836
17784,СЗ СМУ КИРЖАЧ,3300007450,1233300009920
18772,СЗ ДОРОЖНО-СТРОИТЕЛЬНАЯ КОМПАНИЯ 8,816040512,1210800000124
13053,СЗ АРТСТРОЙТОРГ,2502043026,1112502000742
6378,СЗ ГОР-СТРОЙ,2015041780,1072031003384
15200,СЗ ИМПЕРИАЛ,2801178430,1122801010529
2391,РИК,5407023900,1065407147167
6730,МОССТРОЙ,7704820556,1127747129278
1459,СЗ ТВЕРЬДОМСТРОЙ,6950175070,1136952020479
19003,СЗ АВИЛОН,5700004088,1235700002273
19262,СЗКВАРТАЛ,1400035923,1241400005912
13586,СЗ АЛЬЯНССТРОЙ,6150101104,1216100008706
17639,СЗ СПУТНИК,9102270690,1219100001691
24849,СЗ ГОРОД,7000011012,1237000008453
11148,СЗ МОСКОВКА-ДОМ3,5507264391,1185543025348
17350,СПЕЦЗАСТРОЙЩИК СРЕТЕНСКИЙ ПОСАД,4345525461,1234300004586
10471,СЗ ГЛАВСТРОЙ-ЮГ,2631039902,1192651009616
14022,СЗ АНТЕЙ,7703464009,1187746738783
15968,СЗ ЖК-СТРОЙ,7448243947,1227400026996
14583,ИСК СЗ СТРОЙГРАД КРЫМ,9102224711,1179102003079
15385,СЗ КОРПОРАЦИЯ РАЗВИТИЯ СТРОИТЕЛЬСТВА,2628059722,1192651013884
3774,СЗ ПРОМГРАЖДАНСТРОЙ,5243019316,1035200957912
27370,СЗ ГСА ДЕВЕЛОПМЕНТ,9310009539,1239300009530
16591,СЗ ИЗВЕСТИЯ ХИЛЛ,2367017838,1212300006115
32887,СЗ АРТСТРОЙ,8602320147,1258600007820
29230,СЗ ТРАСТ,6318053196,1196313100730
1859,СЗ УРАЛАВТОСТРОЙ,7445028885,1067445004560
16234,СЗ ПЕРИМЕТР ПЛЮС,5473004610,1225400025124
30801,СЗ СМУ-5,6700033683,1256700006452
11322,СЗ БЕРАЗ,4401107485,1104401002980
22707,СЗ АСТРА,5800009146,1245800007408
18979,СЗ АСПЕКТ,6027173192,1166027058339
7848,СПЕЦЗАСТРОЙЩИК ПС НЕДВИЖИМОСТЬ,4345422498,1154350003697
17692,СЗ НСК-ДОН,6164139186,1226100024358
35335,СЗ ЖК ЗАРЯ,9408010001,1249400006085
13772,СЗ МКД-РЕГИОН,278942727,1180280043965
10467,СЗ ХАЛТУРИНСКИЙ,6168107139,1196196020844
15284,СЗ СМУ-2,3460082833,1223400006610
32342,СЗ ПАРИТЕТ,7453359129,1247400011957
16922,СЗ ЛЕРМОНТОВ,6234101728,1126234003730
14701,СЗ МАСТЕРГРАД,2130221117,1202100007482
10371,СЗ ФАВОРИТ,3906265587,1123926031470
28193,СЗ ВИНДОМ 1,1686037067,1241600012257
17818,СЗ ВЕКТОР,816041361,1210800001136
23018,СЗ СТРОИТЕЛЬНЫЙ ТРЕСТ №7,7604392811,1237600005697
16795,СЗ ОРИЕНТ-ДВ,2536308908,1182536006883
12096,СЗ СК ЖИЛРЕГИОНСТРОЙ,3528311458,1203500001374
44302,СЗРРМ ГРУПП,9705253060,1267700029222
18372,СЗ РЕГИОН-2,1840104399,1211800009068
37995,СЗ АЛЬФА,7415069965,1107415002133
19764,СЗ МАЭСТРО,3906403075,1213900007067
13142,СЗ АРТ-М,5503193982,1205500023684
32679,СЗ МСК,9714074910,1257700204530
14520,СЗ ЮГИНВЕСТГРУПП,9102034710,1149102061767
1602,СЗ РОСБАЛТСТРОЙ,3906128326,1043902846350
23355,СЗ КАНТА СТРОЙ,5904407455,1235900016120
12249,СЗ-УИП,2723044405,1032700457492
18794,СЗ СТРОЙИНВЕСТ,3811043434,1153850032148
17403,СЗ КОНТУР-Л,3700012832,1233700010851
21743,СЗ МЕТРОНОМ,3663162065,1233600008950
1506,СЗ СПМК-8,2115902506,1042137004470
27399,СЗ БАЙ-ХААКСКАЯ,1700004002,1221700001170
24874,СЗ ВМЕСТЕ,3100025702,1233100014190
36810,СЗ ВКС,3461071344,1253400008531
24527,СЗ КВАРТАЛ,572029529,1210500014460
14267,СЗ РУСЬ,7816279173,1157847267863
1221,СЗ ОМЕГА-ГРУПП,5905293994,1125905008151
2032,СЗ УДАЧА ЮГО-ЗАПАД МБ,6950037218,1156952014229
1420,СЗ ТАНАР,3812002127,1023802454345
16215,СЗ ГРС,5047264336,1225000057182
3995,СЗ БИЛДИНГ ГРУПП,6732080252,1146733019707
24775,СЗ ВОЛЖСКИЙ БРИЗ,1200014683,1241200001547
11480,СЗ КАСКАД+,4632203108,1154632004405
6346,СЗ БЕРЕГА-СТРОЙ,7604305992,1167627073096
13641,СЗ ЭТАЛОН,2901277080,1162901056383
18757,СЗ ЭЛЕФЕР,6678136916,1246600024043
1609,СЗ ЭКОНОМ-СТРОЙ,3702716023,1133702030648
19120,СЗ ЛЬВА ТОЛСТОГО 10А,1000013273,1231000007259
18834,СЗ КМВ СТРОЙ,2626052760,1242600002336
23366,СЗ ЛИДЕРСТРОЙ,2631044444,1242600002237
18943,СПЕЦЗАСТРОЙЩИК ПРОФСТРОЙ,4345531627,1244300003672
19496,СЗ МУЗЫКА,4824102054,1214800005914
7626,СЗ ГОРЖИЛСТРОЙ,7203210486,1087232001548
16556,СЗ АЛЬБИРЕО ПЛЮС,9104002136,1149102097506
37579,СЗ ДОМ ЛЕНИНА,269048496,1250200018133
22911,СЗ ВИТА НА ЛИНИИ,5503269166,1235500005762
39065,СЗ НОВА ДЕВЕЛОПМЕНТ,7447294145,1207400010982
13900,СЗ ПРИВИЛЕГИЯ-2,7453341795,1217400025358
26855,СЗ МОНОЛИТ-МАГ,7455008574,1127455002586
15566,СЗ-11,4205410527,1224200014565
23442,СЗ ЛАРИМАР,2540281367,1232500031774
15075,СЗ ГОРНИЦА,1328018434,1201300000329
3448,СЗ С.О.Ю.З.,323395684,1160327060354
25347,СЗ ГАГАРИНСКИЙ,2901148920,1062901054292
18785,ПТИЦЕФАБРИКА ПРИВОЛЖСКАЯ,1224003923,1171215003563
16427,СЗ ЭКОВЕСТ,7729714246,1127746527732
43688,СЗ НОВОРОССИЙСКИЙ,7449157521,1257400014673
24360,ТИТАН,3906211990,1093925031595
20189,СЗ СТРОЙАКТИВ ПЛЮС,2700032121,1242700008803
19405,СПЕЦЗАСТРОЙЩИК СТРОЙСИТИ,4345524757,1234300003607
18484,СЗ СТРОЙАКТИВ,2700020020,1232700016878
13769,СЗ ИЗУМРУДНЫЙ,6612056353,1216600032406
18681,СЗ СПБ-СИБИРЬ,7203405460,1167232093225
27109,СЗ СИРИУС БИЛД,9310014320,1249300010607
40771,СЗ БАЛТИК БРИЗ,3900026511,1243900006624
19106,СЗСС,1400022667,1231400005638
23353,СЗ ПРОМЕТЕЙ,2225232050,1242200001042
18382,СЗ МОЛОДЕЖНЫЙ,3801153290,1213800011248
39296,СЗ БАЗИС ЛТД,3500013282,1253500002007
17891,СЗ МСГ,107036592,1200100002190
32828,СЗ КИГ,1659106931,1101690065729
36927,СЗ КОЖЕВНИКОВА,7449158860,1257400027422
2577,СЗ СК РЕГИОН,2904028645,1162901063456
19174,СЗ СЕТТ ЛУГОВАЯ,3100029023,1243100001429
23202,СЗ БАЙКАЛСТРОЙРЕСУРС,323351430,1100327005591
30945,СЗ СМОЛЕНСКИЙ БУЛЬВАР,7751327235,1247700586946
17901,СЗ СИЦ ГРУПП,3528336639,1233500000238
17335,СЗ САПСАН,300015946,1230300005407
24416,СЗ МДК ГРУПП,7452170579,1257400004762
34168,СЗ НОВАТИС,2723183776,1152724012462
12579,СЗ ТЕРМИНАЛ-ХОЛДИНГ,6322021976,1036301122307
15580,СЗ АВИАЛЬ,6234111860,1136234000264
23931,СЗ КУБ,3666270950,1243600008233
30272,СЗ СТРОЙСИТИ2000,5032345046,1225000096705
29275,СЗ АЛЬФА ГРУПП,3300009810,1243300001559
10316,СЗ ЛУЧШИЙ ДОМ,4401195442,1204400001520
13157,СЗ СТРОЙПЛЮС,3255514784,1113256002837
17936,СЗ БАДМ ДЕВЕЛОПМЕНТ,816007748,1090816000483
13806,СЗ ЗЕЛЕНОГРАДСК СТРОЙ,3906354452,1173926012776
7194,СЗ ИСТОРИЧЕСКИЙ ЦЕНТР,3328486732,1123328007186
15166,СЗ СОЦПРОМСТРОЙ-МЭЦ,5032282163,1145032006305
19311,СЗ ИСК ГЛАВМОНТАЖОБЪЕДИНЕНИЕ,2511109604,1192536018685
16207,СЗ КМАСТРОЙ-ИНВЕСТ,3100004237,1223100009637
8112,СЗ ПРЕОБРАЖЕНСКИЙ 7,2465324026,1192468018181
32123,СЗ ПЕРСПЕКТИВА,4401140098,1134401001547
6787,СЗ ГРИНВИЛЛ,7459002742,1147459000424
36809,СЗ Ю-СТРОЙ,7604396502,1247600003001
13780,СЗ НОВАЯ ВОЛГА,7610134921,1217600019031
19064,СЗ ОСК,2543154039,1202500028015
24129,СЗ КОМПЛЕКСНОЕ РАЗВИТИЕ РАБОЧЕГО ПОСЕЛКА ЧИШМЫ,274976877,1230200002449
18887,ЭФТЕХ,8904093204,1228900002891
14799,СЗ ЖБК-РЕПНОЕ,3123480754,1213100008880
14729,СТРОЙ КАПИТАЛ,7606111287,1167627099584
19327,СЗ ПРЕСКОТТСТРОЙ,6500018790,1246500004630
36210,СЗ СТАТУС,4800027023,1254800006757
43440,СЗ С-СЕРВИС,6732226470,1226700004838
6345,СК КВАРТАЛ,3025030330,1173025002600
11989,СК СЗ ЛИДЕР СТРОЙ,7604362510,1197627028070
14469,СЗ КАПИТАЛСТРОЙ,7724638908,1077762180704
19272,СЗ ОГНИ СИБИРИ,1900013011,1241900000319
17292,СЗ РУСЬ ЭКСПО-СИБИРЬ,5445256951,1085445002400
18866,СЗ ПРОГРЕСС,6000007350,1246000000729
15864,СЗ ВЕРСТА,7460050814,1207400045324
19474,СЗ КП ШАЛЕ,2366018885,1202300010032
1946,СЗ РЕГИОН,2538088630,1052503706639
30234,СЗ ГРАДСТРОЙ,6102080687,1256100009978
8006,СЗ ОСТ-ДИЗАЙН,5904149892,1065904122833
34051,СЗ СТАТУС,5032391500,1255000060600
4040,МАНЕЖ,7604272313,1147604244215
12405,СЗ ЮГЖИЛСТРОЙ,6141044315,1136181002253
31492,СЗ МС-18,7606143000,1257600005651
29719,СПЕЦЗАСТРОЙЩИК ДММ,2632123843,1242600005955
3791,СИБГРАД,4205226366,1114205033910
43952,СЗ ПЕРСПЕКТИВА,7451474937,1257400025530
25816,СЗ АДМИРАЛ,6150055190,1076150007845
12628,СЗ РЕСУРС,4501124903,1064501179115
6243,СЗ СУЗДАЛЬРЕМСТРОЙ-2,3310006657,1123336001150
31292,СЗ ТРУФАНОВО,7203590904,1257200005490
18615,СЗ КВАРТАЛ,3666266915,1233600008454
1637,СЗ РУССКИЙ ДОМ,3241003677,1063241003869
17516,СЗ КАРТАШОВСКОЕ,7017428164,1177031077541
15403,СЗ ПКБ 44,4401147978,1134401015407
22762,СЗ РЕСПУБЛИКА-2,278977631,1230200015330
23140,СЗ СОБРАНИЕ,4500013319,1244500001118
16932,СЗ КВАРТАЛ-СТРОЙ,300011300,1230300000700
18966,СЗ ФАКЕЛ,4414016482,1184401006217
13292,СЗ ВИРА,548007700,1020502332575
504,СЗ ГЛАВСТРОЙ-Н,2631019374,1142651050630
30198,СЗ РЕ-СТАЙЛИНГ ПРО,7451418227,1177456006716
18810,СЗ МАРТ,1658250065,1231600061604
18790,СЗ ЭЛИТСТРОЙТРЕСТ,3900021351,1243900001290
36138,СЗ ЖИЛКОМСТРОЙ,2100029092,1252100007026
18719,ДОМСТРОЙ-А,3025039728,1213000005503
18524,СЗ РОДОНИТ-АКТИВ,5903157530,1235900014602
1138,СЗ КЛУБНЫЙ ДОМ,3849059553,1163850076499
35593,СЗ ИДЕАЛСТРОЙ,326483480,1090327002985
6232,СЗ ЯИСК,8904069850,1128904007121
39684,СЗ СТРОЙИМПУЛЬС,1700013110,1251700001080
16419,СЗ РЕСПУБЛИКА,7604352576,1197627000306
18604,СЗ ПРЕМЬЕРСТРОЙ,2360015817,1232300036550
18891,СЗ ТЮС-НР1,9309026508,1239300015327
11426,СЗ ИВКО,7733828341,1137746023909
12765,СЗ АЛЬФА,3443146124,1203400013574
40520,СЗ ШЁЛКОВЫЙ ПУТЬ,2624036650,1232600001347
3023,СЗ ТРИУМФ-ГРУПП,6230107655,1186234001139
6917,СЗ СК ЗАКАЗЧИК НС,7116501344,1087154024055
23536,СЗ СЗ И ТН,276180022,1250200000050
26452,СЗ ЛЕГАРО,5029260233,1215000002502
3414,СЗ ИСК,7104033927,1027100599426
603,СЗ СПЕЦМАШСТРОЙ,7327059365,1117327001770
14786,СЗ М-СТРОЙ,2635253520,1222600006441
9989,СЗ СУДАКСКОЕ РСУ,9108103777,1159102020912
16275,СЗ ЛИВИН,5904084959,1035900506025
13697,СЗ ВЕКТОР,2801141656,1092801002788
19400,СЗ ЦЕНТР-СТРОЙ,6161095678,1216100035876
14443,СЗ КЛЕВЕР ГРУПП,3702119041,1153702020658
18811,СЗ МИРМЕКИЙ,9111023850,1179102027059
16362,СЗ РИАСТРОЙ,269043610,1220200044294
6235,СЗ НОРДИС 40,4028065742,1174027016932
3471,КОМПАНЬОН,106003795,1020100823797
8765,"СПЕЦСТРОЙ ГОРЬКОГО,10",5903141989,1195958020004
19081,ИНВЕСТИЦИИ СЕВЕРА,5190044387,1155190001702
23015,СЗ НОВОЕ ДВУРЕЧЬЕ,5948072365,1245900006219
18585,СЗ СТРОЙИНВЕСТ,3526037834,1213500012164
15149,СЗ СК-1,275928058,1220200019962
37035,СЗ ВИКОНДА ГРУПП,7610145063,1257600008588
8582,СЗ ПСК СТРОЙРАЗВИТИЕ,6901088820,1056900155036
13265,СЗ КРОНЕКС ДЕВЕЛОПМЕНТ,7722813865,1137746598252
20665,СЗ ОНИКС,3906151156,1063906071591
23481,СЗ СТС,1841085332,1191832008191
336,ГРАДРИЭЛТ,7743690406,1087746571978
19107,СЗ ИСК МЕГАЛИТ,2221258837,1232200004761
19362,СЗ ГОЛЬФ ПАРК,6658341508,1096658005663
18797,СЗ НОВОСТРОЙ ТРЕЙД,2901265599,1162901053886
17283,СЗ НОВЫЙ ГОРОД,2925006882,1212900006747
15582,СЗ КИНОСИТИ РЫБИНСК,7804468916,1117847392960
42810,СЗ ДИС,6000014283,1256000003270
17092,СЗ КРОНОС,1655493895,1231600013150
18840,СЗ ЮГ-СТРОЙ,1500012782,1231500005043
1116,СЗ РСК ВОСТОК,5446112487,1025404790036
36820,СЗ АРС,3435147300,1243400004650
8985,СЗ СК АЛЬФА,5905058976,1185958069538
5783,КНК,5403321888,1105476049986
2932,СЗ ВЕСНА,5249136922,1145249005956
6442,ГРАЖДАНСТРОЙ,5433196994,1145476034406
42196,СЗ РИМН,2632127076,1252600016514
25640,СЗ ПИОНЕР,7203588341,1257200002180
28157,СЗ СК-2,2511128903,1242500016538
24306,СЗ СИЛБЕТ,2901215485,1112901005690
2825,СОЗВЕЗДИЕ,3329077877,1143340004170
34452,СЗ САРМАТ,245972050,1230200042533
32094,СЗ ЖИЛОЙ КОМПЛЕКС №1,9200022858,1249200002776
29826,СЗ СИСТЕМА,2634110335,1222600006860
28232,СЗ РЕНОВАЦИЯ,5405097871,1245400029490
11358,СЗ-СТРОЙКОМ,5903146909,1205900022569
17171,СЗ ПАРТНЕР,2130148555,1152130000186
19274,СЗ АРТИЛЛЕРИЙСКАЯ 4,7810930328,1217800156056
32763,СЗ ИДЕАЛСТРОЙ,3906358143,1173926023842
11181,СЗ КЗСМ,4028069909,1204000001150
8184,СИБЮГСТРОЙ,1903021719,1121903000746
4281,НОРД ВЭЙ,7733725843,1107746112297
16669,СЗ АВЕ-ГРУПП,6164139362,1226100026734
24479,"СЗ РУМ-СТРОЙ, ООО СЗ РУМ-СТРОЙ",2543154705,1212500000613
35167,СТРОЙКАРЕЛ,1000020626,1251000001504
10854,ЯСН,7604299435,1167627057620
667,СЗ ООО УСК СТРОЙКОМПЛЕКС,3017031323,1023000816574
15448,СЗ ПЕГАС,9723108147,1207700462474
21803,СЗ ГЕНЕЗИС,2536319378,1192536027089
38882,НАСЛЕДИЕ,6317137407,1196313042793
18625,СЗ КАЛИНИНГРАДНЕФТЕСТРОЙ,3906282254,1123926075074
19090,СЗ АНАПАСТРОЙ,6162089941,1246100001245
21208,СЗ РЕКОРДПЛЮС,2618026238,1242600004525
1844,ПРОМТЕХЦЕНТР,5403199645,1075403010660
16730,СЗ ДЕВЕЛОПЕР №2,1655477910,1221600039858
18816,СЗ 4К-002,9727073583,1247700289176
13860,СЗ БОМАРИС,7713728317,1117746367870
22925,СЗ ГИС,5829005627,1205800007324
27453,СЗ АРСО ГРУПП,4345537058,1254300002703
18773,СЗ СПЕЦСТРОЙПРОЕКТ,2902091521,1242900002564
16498,СЗ СТРОЙСИСТЕМА-МАРКЕТ,4101194222,1204100004481
10862,СЗ ГАЗСТРОЙИНВЕСТ,7325149013,1167325070736
27684,СЗ МИГ60,6000005070,1236000003766
6622,СЗ АЛЬТЕРА,7810610303,1167847346480
3859,СЗ ВАТЕРФРОНТ,3906951674,1153926001415
2031,СЗ УДАЧА ЮГО-ЗАПАД КАПИТАЛ,6950192037,1166952059570
29745,СЗ БУЛГАКОВО,278986964,1250200011588
43787,СЗ ПЦН,8911033661,1248900002680
31775,СЗ ОПОРА,5032348713,1225000130068
16954,СЗ МОНТАЖСТРОЙ,249995210,1190280005651
11069,СЗ СТОРИ ПАРК,4826145230,1204800009853
7750,СЗ СТРОЙПЛОЩАДКА,4401162790,1154401004922
23906,СЗ НОТЫ,1655498580,1231600054784
3438,СЗ СК СОКОЛ,7604165544,1097604016795
12144,КАПСТРОЙ,7811119987,1037825026491
19112,СЗ КИРОВОГРАДСКАЯ,5902060222,1215900003648
21125,СЗ РОМАН-КОШ-ИНВЕСТ,9102212000,1169102072952
20473,СЗ ВЫСОТА ДЕВЕЛОПМЕНТ,5610253971,1245600007795
7140,СЗ СМУ-5,4345328576,1124345009590
24555,СЗ ЖИЛЫЕ. МАССИВЫ,4400023017,1254400000315
17620,СЗ АТЛАНТ ПЛЮС,3525489299,1233500008873
1748,СЗ ЖИЛОЙ КВАРТАЛ,6950183427,1146952012129
6242,ЦЕНТРСТРОЙ,3444206305,1133443016002
33981,СЗ КВАРТАЛ,6317169600,1256300005312
9552,СЗ БИЗНЕС-ПРОЕКТ,2124036846,1132124000216
19207,СЗ СК ТЕХСТРОЙ,3444170289,1093444003905
16303,СЗ СК СФЕРА,3459081271,1203400011143
21166,СЗ СЛАВЯНОВСКИЙ,2630052611,1222600010600
24687,СЗ АТТРАКЦИОН,9203545662,1199204000995
24553,СЗ ДОМ,3528334906,1223500007752
18902,СЗ ЛЕНИНА ПАРК,6200004003,1246200002707
8713,СК СТРАТЕГИЯ,5040085190,1085040005027
17848,СЗ ДОМСТРОЙ,1500009469,1231500001688
23500,СЗ ЖСК,5906125230,1135906009073
16249,СЗ АНИК-ИНВЕСТ,7606119952,1197627009799
17355,СЗ ДОМСТРОЙ,4826140880,1194827011576
22309,СЗ МОНТАЖСТРОЙ,258954957,1220200008742
32139,СЗ КОНСОЛЬ,7722403690,1177746570430
13138,СЗ БЕЛЕВСКОЕ,7840097223,1217800120361
6336,СЗ МЕГАСТРОЙ,6950213128,1176952019254
35635,СЗ ОРЕЛ НЕДВИЖИМОСТЬ,5720025826,1225700002208
18765,СЗ НОВОСТРОЙ №1,700014665,1240700000650
29945,СЗ СК ФИНДОМ,1675005521,1251600027007
6627,СЗ СТИРУС,4824056520,1124823000060
2319,ЖИЛОЙ КВАРТАЛ СИТИ,7703417626,5167746175350
15324,СЗ СТРОЙЖИЛЬЁ,2626050971,1222600005000
14038,СЗ ПРИВИЛЕГИЯ-4,7453341812,1217400025545
16913,СЗ КОЛОС ПЛЮС,510011680,1160571061034
22429,СЗ ВР-ИНВЕСТ,1831201413,1211800004085
17166,СЗ ЖСК,3700000700,1223700010060
26853,СЗ ЮЗ-СТРОЙ,7300034187,1247300006172
13951,СЗ ЖК СОЦГОРОД,7329034006,1207300008189
36142,СЗ СИЛЬВЕРСТРОЙ,9718180300,1217700491524
15162,СЗ ТВН-ИНВЕСТ,3906402201,1213900005824
23198,СЗ ДАЛС-СТРОЙ,300028310,1240300008574
44349,СТРОЙКАПДОМ СЗ,2511134745,1262500001620
14493,СЗБИРСАНТЕХМОНТАЖ,7901001806,1027900509999
23378,СЗ ВОЛНА,6319265732,1246300035673
35924,СЗ ГАЛС-РАЗВИТИЕ,9705152873,1217700078804
12553,СЗ СК ИМПУЛЬС,7205032197,1217200006374
28875,МАГАДАНСКИЙ СЗ,4900015159,1234900001820
23968,СЗ ВОЛГА,6950224909,1186952016789
3787,СЗ ТЮМЕНЬСТРОЙ,7204034836,1037200571407
12703,СЗ ОТРАДА,7327094088,1207300002524
24015,ТРАНСФОРМЕР,6315013942,1166313146383
8018,СЗ СТРОЙРЕСУРС-А,6452138044,1196451009336
21647,СЗ АВТОРСКИЙ ДОМ №1,1684009152,1221600094660
15609,СЗ СМАРТ ДЕВЕЛОПМЕНТ,3702262203,1213700011040
13477,СЗ СПЕЦМОНТАЖ-ТАМБОВ-1,6829161120,1216800005454
3978,ПАРК,6454140218,1146454000384
22940,СЗ ЛЕТО,7801693247,1217800004069
16687,СЗ МИР ДЕВЕЛОПМЕНТ,7203434623,1177232032867
6157,СЗ СК ТЮМЕНЬСТРОЙЮГ,7203354167,1157232031274
42543,СЗ СЕДЬМОЕ НЕБО,274394974,1250200015240
17193,СЗ СЕВЕРНАЯ ЛИСИЦА,7813665371,1227800108117
11923,СЗ ЩИПОК,7705931805,1107746883892
2383,СЗ ПРЕСТИЖ,4401139374,1134401000800
6902,СЗ ОБЛСТРОЙ,4007017177,1124011000761
23840,СЗ МОНТАЖСПЕЦСТРОЙ,710007297,1200700004020
15169,СЗ КАПИТАЛ ИНВЕСТ,3525326167,1143525010705
10466,СЗ ДСК,6165178607,1126165014381
26508,СЗ СЕТТ ЮБИЛЕЙНАЯ,5700010290,1245700002943
14787,СЗ ЮНИКС,7737526302,1077763574877
9990,СЗ КИРПИЧНЫЙ ДОМ,3525330195,1143525014808
6744,СЗ ВОЗРОЖДЕНИЕ,7604301099,1167627061360
35855,СЗ АГАПЕКС ДЕВЕЛОПМЕНТ,7736343465,1227700537877
17503,СЗ МИХАИЛ-4,278961416,1200200049477
904,СЗ СТРОЙГАРАНТ,4501213293,1174501001421
17266,СЗ ПРЕСТИЖ,6316279984,1226300029779
33273,СЗ ЖК СОСНЫ 6,7300045291,1257300006446
6801,СЗ ТВЕРЬСТРОЙТРЕСТ,6950213512,1176952019870
29674,СЗ НБ-СТРОЙ,3444281895,1253400001931
19277,СЗ ГРАД,3666269426,1233600022523
18432,СЗ СТРОЙИНВЕСТ,269044540,1230200033260
24939,СПЕЦЗАСТРОЙЩИК МОЙ ДОМ КИРОВ,4345535660,1254300000866
14586,СЗ РУНОВСКИЙ,7705460923,1027705001598
18724,СЗ СЕРЕБРЯНЫЙ РУЧЕЙ 2,4706056644,1234700003053
17074,СЗ ПОТОК,6671207580,1226600010680
28570,СЗ ИННОВАЦИЯ,7536047420,1027501171422
27355,СЗ ЛЕС И ГОРЫ,400026243,1240400002171
1576,СЗ АТЛАС,817001308,1130817001336
19293,СЗ КМС,5404951410,1245400005718
10432,СЗ АВТОФОРСАЖ,4401146170,1134401012767
13925,СЗ БЕРЕГА-ПАРК,4400002923,1214400002520
41447,СЗ ОЛИМП,3435144010,1223400011097
17452,СЗ МОСКАБЕЛЬСТРОЙ,2901309180,1222900001686
43954,СЗ ТВН-АЛЛИУМ,3908604549,1093925021794
1405,СЗ СТРОЙДОМ,5702010753,1115743000185
13856,СЗ СТРОИМ ВМЕСТЕ,7604379200,1217600015050
18191,СЗ ВОЛГА ПАРК ХАУС,7328110335,1217300013831
22214,СЗ КЛУБНАЯ,7606136468,1237600007468
34358,СЗ ГЕНЕЗИС КАПИТАЛ,3900027392,1243900007537
3635,СЗ ПЕРСПЕКТИВА,4028052430,1124028005067
25574,СЗ МОНОЛИТ,100002499,1220100001978
16265,СЗ ТЕКТА,1435347923,1191447015803
17154,СЗ ПРОСТО-Р,9102035697,1149102064759
19654,СЗ СЕВЕРНОЕ СИЯНИЕ,2224213898,1232200011757
17201,СЗ СТРОЙГРУПП,3328031196,1233300001637
12435,СЗ ФЕНИКС,3525470026,1213500007709
4042,СЗ МЕТРУМ,6732025068,1116732011660
30019,СЗ БСК,269045713,1240200015550
22488,СЗ АВЕРС,2901256146,1152901002209
31767,ЛАЙМ. АКТИВ,7203591591,1257200006370
15659,СЗ ТУЙМААДА-СТРОЙ,1400014955,1221400011800
17085,СЗ БЦС,2320133074,1052311721307
31226,СЗ ЛАКОНИЯ КРЫМ,9102215805,1169102079960
7257,СЗ СТРОЙГАРАНТ,6150076779,1146183001722
22662,СЗ ВЕКТОР,3666272281,1243600014910
22920,СЗ РОСТ-АО,2635261841,1242600007539
24379,СЗ ОТК ИНВЕСТ+,3906411573,1223900002875
17492,СЗ ЧЕРНИГОВСКИЙ,2511123567,1232500009180
5513,СЗ ВЫСОТА,6164317128,1146164001290
10343,СЗ КЦН,4443025611,1024400528569
38608,СЗ АФГ-ТРАНС,722001589,1120718000864
33893,СЗ НОВОСТРОЙ,1300016170,1251300002227
2005,СЗ ДОМОСТРОЙ-ЮГ,3442094392,1073459008919
22853,СЗ ИХТИС,8617033152,1158617000343
10660,СЗ БЕРЕНДЕЕВЫ ПРУДЫ,4401196238,1204400002608
19236,СЗ КОРПОРАЦИЯ ОСТРОВ ПЕРВЫЙ,2367037023,1242300020270
1104,КАПИТЕЛЬ,3662108611,1063667177606
26622,СЗ ФЖС - РЕГИОН 2,274394170,1250200010521
19026,СЗ ЭЛЕМЕНТС ДЕВЕЛОПМЕНТ,7806614016,1237800111493
22008,СЗ ОБЛАСТНОЙ ДОМ НЕДВИЖИМОСТИ,6829037370,1076829008850
13778,СЗ ДАЛЬСТРОЙСЕРВИС,2705094604,1132705000328
16220,СЗ ЮСК,2631043641,1232600000621
1537,СЗ ВАШ ДОМ,5612161074,1155658018702
17188,СЗ ВКСТРОЙ,2511125564,1232500025108
9110,СЗ НАДЁЖНЫЙ ДОМ,4401194456,1194401006095
2972,СЗ ФИРМА - ЮГ - УНИВЕРСАЛ,2334022328,1092363000146
22468,СЗ МИРТЭКС,6141049867,1166196064836
3195,ИСТК ДЕЛЬТА,2223603077,1142223015516
42277,СЗ КРЫЛЬЯ ДЕВЕЛОПМЕНТ,3257086446,1233200001781
17415,СЗ ПБИ,3906336855,1143926033382
32271,СЗ ВСЕСВЯТСКАЯ 17,3300024086,1253300005056
37763,СЗ ТЕРМОИЗОЛСТРОЙ,3500021075,1253500012798
32647,СЗ МИСТРАЛЬ,3900034329,1243900014808
16305,СЗ СТРОЙГРАД,2508069768,1052501664995
16296,СЗ ПРОЕКТ ЖИВЁМ-1,2465353482,1232400009489
32579,СЗ СУВОРОВА,1001303225,1151001014735
17845,СЗ НОВЫЙ КВАРТАЛ,6827033395,1216800003441
37167,СЗ М-ТАУН РУ,4600005382,1254600004405
16089,СЗ ДОНСКОЙ,7100033965,1237100002468
31671,СЗ ФАВОРИТ,2700048650,1252700003071
33213,СЗ МЕГАСТРОЙЭКСПЕРТИЗА,3443126590,1153443030036
17867,СЗ НАВИГАТОР,7604394262,1237600010350
25,СЗ МСО ВУРНАРСКАЯ,2104000471,1022102028740
7272,СЗ ЛЕВЕЛ НЕДВИЖИМОСТЬ,7604333887,1177627035222
14610,СЗ ДОМ 134,3443146117,1203400013497
24661,СЗ СК ПРЕСТИЖ,7604395153,1237600012374
18460,СЗ СТРОЙПРОГРЕСС,9701241931,1237700159630
23267,СЗ ГАРМОНИЯ,5406816046,1215400041482
34470,СЗ АДАМОФФ,900009140,1230900002695
17293,СЗ СТРОИТЕЛЬНОЕ УПРАВЛЕНИЕ №5,7604393491,1237600007952
19231,СЗ СТРОЙАКТИВ,7300033200,1247300005182
7292,СЗ АДВА-БИЛДИНГ,7713724753,1117746180089
23799,СЗ ЖК СОСНЫ 10,7300039107,1257300000220
28452,СЗ АВАНГАРД,2700047061,1252700001465
18552,СЗ АИР-СТРОЙ ЗАВЬЯЛОВО,1800003884,1231800014160
23957,СЗ СИЛГРУПП,6324110692,1206300026481
29649,СПОРТИВНАЯ ЮНОСТЬ,3906995103,1163926075136
16662,СЗ МД-СТРОЙ,7604364780,1207600004039
15597,СК КАСКАД,4632282043,1214600006851
12065,СЗ СПЕЦСЕРВИС,1901140118,1181901004779
22455,СЗ ЦЕНТРАЛЬНЫЙ,4400019860,1244400001999
18868,СЗ РИАН,542018897,1190571006427
19281,СЗ ВЕРНОЕ РЕШЕНИЕ,5405073398,1225400019162
18725,СК БРИЗ,500009594,1240500006790
19183,СЗ УРАЛСТРОЙ-ПЛЮС,5610057550,1025601021555
18642,СЗ СИНТЭКС,2901218101,1112901008538
22265,СЗ ФЕНИКС,5609204419,1245600001272
22055,СЗ ЮЖНЫЙ СЛОН-3,2636222595,1242600008265
30507,СЗ ЭРИСТАВИ-КОРКИНО,7453365161,1257400016224
20502,СЗ СИРИУС,2221256780,1222200008359
18109,СЗ СК АКАДЕМИЯ,1215234667,1211200000681
17461,СЗИНВЕСТСТРОЙ,2983014321,1222900000070
2618,СЗ ОСНОВА,7456009066,1127456000616
9773,СЗ СЕВЕР,1218002199,1181215007522
2991,СЗ СТРОЙЖИЛКОМПЛЕКТ,6950089576,1086952022948
13278,СЗ КВАРТАЛ,7100007250,1217100007112
15092,СЗ КСТ-ГАЗ,3917043177,1153926039464
13595,СЗ ВИРА-СТРОЙ,5902825337,1055900230924
14619,СЗ УДАЧА,7725491729,1187746451331
14451,СЗ РЕГИОНСТРОЙ ПЛЮС,4101167660,1154101000460
21143,СЗ ВИЛЛАДЖ.ПРО,274985085,1240200005781
34,СЗ СФС,4826128700,1164827074939
896,СЗ МАКРОСТРОЙ,3904044800,1023900588084
37314,СЗ ВОЗРОЖДЕНИЕ,3912015803,1203900011028
9081,СЗ СК ГЛОБУС,2130051151,1082130018112
44143,СЗ ВЕРИЗИНО - 1,3300032376,1263300002668
33596,СЗ БДС СТРОЙПРОЕКТ,3100036119,1243100008568
34379,СЗ ГАРАНТСТРОЙ,2700054887,1252700009385
37072,СЗ НСК,4401134175,1124401004100
28407,СЗ УРБАНИКА 3,274395086,1250200015581
32959,СЗ СТРОИТЕЛЬНЫЙ ТРЕСТ № 10,7604400318,1257600001559
15232,СЗ СИБА ДВ,2502064019,1212500002857
7382,СПЕЦСТРОЙ,3525347456,1153525010077
6889,СЗ КВАРТАЛ,6452133695,1186451011284
14420,СЗ ВМ-СТРОЙ,265020877,1020201934070
17863,СЗ СИМ-ГРАД,5611066029,1125658027450
2608,ДУБЛЬ -РИЭЛТ,6455067842,1176451000736
18727,СЗ ПРИРОДА-ДЕВЕЛОПМЕНТ РЕВДА,6685217732,1246600012119
12434,СЗ №1,4401198235,1204400005358
16258,БЛАГОВЕЩЕНКА,5408015161,1175476042609
14778,СЗ НОВОГРАД,7313014068,1207300006066
2549,СЗ ГРАЖДАНПРОМСТРОЙ,2331010677,1022301120940
483,ИЕСА КАПИТАЛ-СЗ,5610131349,1095658029961
7197,УНИМАРКЕТ,4028031260,1044004603378
33150,СЗ ТПК СТИЛЬСТРОЙ,3123208808,1103123001288
445,АУК,6102032524,1106189001676
39415,СЗ СТРОЙ ИНДУСТРИЯ,4401195361,1204400001420
32762,СЗ ФЖС-ИЛИШ,274395551,1250200017781
1161,СЗ ВЫБОР,7604213251,1117604016496
17834,СЗ ТИТАН,5752072579,1155749009569
7776,СЗ ПРИЗМА,2902084972,1172901012921
25854,СЗ МЕТА-СТРОЙ,7604399599,1247600011450
32687,СЗ БИС,7811703984,1187847220692
32859,СЗ АВАНГАРД,9410012334,1249400005106
17061,ТЕМП,6453170675,1226400008152
34106,СЗ Л-СТРОЙ,3812536834,1213800016220
14486,СЗ ДОМ-СТРОЙ,3329098718,1203300007448
13831,СЗ СУ 111,6165173817,1126165001544
8812,ЭДВАНС,7805255420,1027802720945
21264,СЗ ТРОИЦКИЙ ЛЕС,1685017124,1241600029241
16106,СЗ КВАРТАЛ,7328108752,1217300003986
16343,СЗ КУРГАНПРИБОР-ДЕВЕЛОПМЕНТ,4501232296,1214500005433
17347,СЗ СК-КЛЮЧ,6732197807,1206700010549
31291,СЗ ГИПРОМСТРОЙ,4345414296,1154345009280
16348,СЗ СИБСТРОЙ,2801255766,1202800001403
11092,СЗ РАУШЕН ХОТЕЛ РЕСОРТ,3906374699,1183926037250
22155,СЗ АБН-СТРОЙ,3443145378,1203400007986
3090,МОНТАЖНАЯ КОМПАНИЯ ПР-ХОЛДИНГ,2225036401,1022201771107
23853,СЗ ГРАФИТ-А,6722038043,1226700014265
662,ОЛТЭР,7705392409,1027700084103
17674,СЗ ДОНАЛЬД ТРЕЙД ПЛЮС,3906322718,1143926013659
29463,СЗ ДЕЛЬТА,3900012597,1233900007109
14518,СЗ КОМПАНИЯ ДЕЛЬТА,6726008297,1026700945028
19057,СЗ МОНОЛИТ+,249995308,1190280030060
24045,СЗ НВС,1400041839,1241400011820
30771,СЗ ИМПЕРИЯ М,5402080809,1235400049620
31019,СЗ КАПИТАЛЪ,3500017216,1253500007507
2271,СЗ СТРОИТЕЛЬНАЯ КОМПАНИЯ СОЮЗ,3906088899,1023900994292
15903,ЭСПЛАР,6449089365,1186451002935
34667,СЗ РЕГИОН-ТАУН,6800016353,1256800003437
37967,СЗ ПОЖТЕХРЕСУРС,5610139820,1115658016242
23632,НИКА,1701060602,1171719001981
15958,СЗКС55,7604371240,1207600019736
33802,СЗ РЕСПЕКТСТРОЙ ПЛЮС,3525279767,1123525008276
15398,СЗ ДС21,2130233240,1222100005313
33307,СЗ КОЗИХИНСКИЙ,9704070498,1217700271183
17442,СЗ КАПСТРОЙ,3300005446,1233300007918
23786,СЗ КД СТРОЙСЕРВИС,3900034657,1243900015116
2816,ДАРСТРОЙ,2465233386,1102468009896
17330,АРХЫЗ,900004495,1220900003202
1445,СЗ РИОСТРОЙ,7328084653,1157328002809
2187,СЗ ПОБЕДА-К,2309158759,1182375013996
28423,РЕГИОНСТРОЙ,1841078399,1181832008742
31246,СЗ ПРЕМЬЕРА-ЗУБОВО,274391758,1240200042301
31454,СЗ ТОЖДЕСТВО,9102276332,1219100013934
43283,ЭКОНОМСТРОЙ,7901536270,1107901000680
44983,СЗ СОЗВЕЗДИЕ,300038252,1260300001191
19247,СЗ ВОСТОЧНЫЙ,300014727,1230300004142
15234,СЗ ПГС ПРОЕКТ,3665138692,1173668018776
41648,СЗ СТРОЙ-ИНВЕСТ-ГРУПП,8905069282,1248900001987
3385,СЗ СТРОЙ - М,6452116428,1156451012222
17073,СЗ ХАЙТЭК ПЯТНИЦКАЯ 37С2,9715390348,1207700361483
16174,СЗ СК СТАТУС ОПАЛ,9109028177,1229100012679
16143,СЗ КАРКАСПРОЕКТ,3523024467,1233500003054
36590,СЗ УЦГС+,7325126295,1147325000503
19089,СЗ ЛСТРОЙ,1400035352,1241400005351
29909,СЗ ЭКОТАУНСТРОЙ,5405266368,1255400017730
16630,СЗ АЛЬФАСТРОЙАЛЬЯНС,1900008607,1221900003973
15113,СЗ СТАЛСТРОЙИНВЕСТ,3443147713,1213400010780
20206,СВТ,8709014061,1118709001311
139,СЗ ЭКОЛАЙФ,1831176358,1151832015598
23499,СЗ УЮТНЫЙ ДОМ,7900005050,1237900000821
17505,СЗ ГРИН-ПАРК,5406833073,1235400028016
39525,СЗСК-СОЮЗ,7604303160,1167627066353
16079,СЗ СТК-2020,1435356491,1201400011735
24985,СЗ СВОЙ ДОМ,5948066097,1225900022094
29406,СЗ АМИК,6381020910,1196313054376
13700,СЗ СК РУССКИЙ ЛЕС,5902004669,1145958078804
11326,СЗ ФРИЗ-ИНВЕСТ,5003066111,1075003002348
589,СДР,5406407452,1075406029490
18686,СЗ ВИК+,1400016889,1221400013713
