stats_id,month_date,region_id,obj_cnt,total_area,living_area,parking_cnt
1,2021-01-01,67,1,5600,3600,0
2,2021-01-01,58,2,9700,6600,0
3,2021-01-01,38,6,34300,23000,0
4,2021-01-01,59,1,6900,5400,0
5,2021-01-01,24,1,4900,3300,0
6,2021-01-01,53,5,46800,32000,8
7,2021-01-01,74,1,4300,3000,0
8,2021-01-01,65,2,10900,7500,0
9,2021-01-01,43,2,28700,22300,0
10,2021-01-01,52,1,32300,20600,0
11,2021-01-01,1,1,8700,5700,54
12,2021-01-01,56,1,7800,4900,0
13,2021-01-01,6,1,22300,14400,0
14,2021-01-01,28,4,92900,44800,0
15,2021-01-01,49,4,32800,22500,34
16,2021-01-01,45,1,1500,900,0
17,2021-01-01,10,2,30900,21000,0
18,2021-01-01,13,6,94000,63800,0
19,2021-01-01,39,1,18300,13800,1
20,2021-01-01,18,2,23100,16100,27
21,2021-01-01,4,4,99000,67800,62
22,2021-01-01,71,2,16600,9700,0
23,2021-01-01,9,11,38600,28000,15
24,2021-01-01,8,9,37300,21000,37
25,2021-01-01,72,1,9100,9100,0
26,2021-01-01,46,2,8700,6700,0
27,2021-01-01,14,2,35900,23600,0
28,2021-01-01,27,8,101200,60300,80
29,2021-01-01,50,2,20700,14100,0
30,2021-01-01,35,3,81200,48400,0
31,2021-01-01,17,3,35000,24300,0
32,2021-01-01,22,1,4000,2700,0
33,2021-01-01,15,7,158200,117700,0
34,2021-01-01,34,3,22300,15300,0
35,2021-01-01,30,7,59700,38000,230
36,2021-01-01,55,2,30400,21600,0
37,2021-01-01,11,7,69600,55100,115
38,2021-01-01,19,3,80800,53600,0
39,2021-01-01,20,3,54700,33800,0
40,2021-01-01,41,1,13300,10200,0
41,2021-01-01,29,1,4000,2800,0
42,2021-01-01,62,3,10300,7700,0
43,2021-01-01,3,13,302500,190400,323
44,2021-01-01,60,4,20200,13200,0
45,2021-01-01,37,1,8900,6000,0
46,2021-01-01,44,2,5800,4100,0
47,2021-01-01,40,2,10900,7700,12
48,2021-01-01,21,6,114900,78100,0
49,2021-01-01,2,4,219000,99100,0
50,2021-01-01,26,11,57400,43300,0
51,2021-01-01,12,1,13700,10700,0
52,2021-01-01,7,14,263900,166100,328
53,2021-01-01,54,2,13700,9300,0
54,2021-01-01,63,2,34400,20500,0
55,2021-01-01,33,3,23300,16300,30
56,2021-01-01,36,3,15300,10500,1
57,2021-01-01,23,1,8800,6500,0
58,2021-01-01,16,4,24900,13300,55
59,2021-01-01,5,2,35300,25700,0
60,2021-01-01,76,1,2500,1900,0
61,2021-02-01,76,1,2500,1900,0
62,2021-02-01,62,5,15500,12200,0
63,2021-02-01,45,2,8600,6100,10
64,2021-02-01,35,5,96300,57300,0
65,2021-02-01,60,5,31900,21600,0
66,2021-02-01,28,7,154900,82500,0
67,2021-02-01,6,2,33300,21900,0
68,2021-02-01,17,9,160000,100200,139
69,2021-02-01,33,8,75800,53100,30
70,2021-02-01,37,1,8900,6000,0
71,2021-02-01,34,6,30500,21600,0
72,2021-02-01,48,1,8600,6100,0
73,2021-02-01,25,1,10800,6500,0
74,2021-02-01,7,18,340000,215900,388
75,2021-02-01,8,14,108000,65300,152
76,2021-02-01,66,3,6100,5500,0
77,2021-02-01,56,1,7800,4900,0
78,2021-02-01,40,4,16000,11700,12
79,2021-02-01,31,1,4700,3500,0
80,2021-02-01,57,1,23800,13200,49
81,2021-02-01,32,4,73200,43000,0
82,2021-02-01,47,1,7300,5400,0
83,2021-02-01,26,12,74000,54600,0
84,2021-02-01,49,5,44000,30300,34
85,2021-02-01,22,2,20800,14800,0
86,2021-02-01,59,1,6900,5400,0
87,2021-02-01,36,3,15300,10500,1
88,2021-02-01,38,7,43300,29200,0
89,2021-02-01,14,4,46600,30600,0
90,2021-02-01,29,1,4000,2800,0
91,2021-02-01,41,2,15700,12300,0
92,2021-02-01,51,6,3500,1600,0
93,2021-02-01,11,9,70900,56300,115
94,2021-02-01,12,4,79100,54700,98
95,2021-02-01,44,5,14800,10600,0
96,2021-02-01,71,4,42200,24500,0
97,2021-02-01,61,1,14600,10700,0
98,2021-02-01,64,4,18600,14600,0
99,2021-02-01,72,1,9100,9100,0
100,2021-02-01,53,6,50900,35200,8
101,2021-02-01,55,3,33700,23400,0
102,2021-02-01,39,6,50800,32900,1
103,2021-02-01,18,4,48400,33000,27
104,2021-02-01,67,3,23200,17900,0
105,2021-02-01,5,8,147300,103400,0
106,2021-02-01,54,3,22200,16800,0
107,2021-02-01,16,11,72700,47900,55
108,2021-02-01,50,2,20700,14100,0
109,2021-02-01,69,1,10700,8700,0
110,2021-02-01,65,2,10900,7500,0
111,2021-02-01,63,2,34400,20500,0
112,2021-02-01,23,3,23000,16900,0
113,2021-02-01,58,4,27500,19800,0
114,2021-02-01,42,3,27100,20300,0
115,2021-02-01,24,2,5900,4300,0
116,2021-02-01,20,8,110600,67800,0
117,2021-02-01,21,7,119500,81300,0
118,2021-02-01,43,3,48800,36400,0
119,2021-02-01,74,1,4300,3000,0
120,2021-02-01,46,2,8700,6700,0
121,2021-02-01,9,25,225100,145300,88
122,2021-02-01,15,8,187100,138800,0
123,2021-02-01,3,31,598500,383900,554
124,2021-02-01,13,16,163900,113200,125
125,2021-02-01,19,5,88400,58300,28
126,2021-02-01,10,5,62300,40700,0
127,2021-02-01,27,10,134000,84100,105
128,2021-02-01,1,5,182200,102100,617
129,2021-02-01,52,1,32300,20600,0
130,2021-02-01,4,23,227600,142000,391
131,2021-02-01,2,15,703100,363400,1416
132,2021-02-01,30,11,78700,51100,230
133,2021-02-01,80,2,23400,16600,0
134,2021-03-01,55,3,33700,23400,0
135,2021-03-01,27,10,134000,84100,105
136,2021-03-01,1,7,276200,156700,755
137,2021-03-01,38,10,53900,35800,0
138,2021-03-01,56,1,7800,4900,0
139,2021-03-01,29,7,165900,98000,373
140,2021-03-01,63,2,34400,20500,0
141,2021-03-01,36,5,24800,16100,23
142,2021-03-01,43,3,48800,36400,0
143,2021-03-01,66,3,6100,5500,0
144,2021-03-01,57,1,23800,13200,49
145,2021-03-01,59,1,6900,5400,0
146,2021-03-01,46,2,8700,6700,0
147,2021-03-01,34,6,30500,21600,0
148,2021-03-01,10,8,132100,84000,36
149,2021-03-01,64,4,18600,14600,0
150,2021-03-01,3,57,817200,532300,654
151,2021-03-01,62,7,32400,24100,0
152,2021-03-01,77,1,4200,3700,0
153,2021-03-01,5,9,153900,107800,0
154,2021-03-01,65,2,10900,7500,0
155,2021-03-01,13,19,207000,141100,125
156,2021-03-01,67,5,42700,30300,0
157,2021-03-01,52,1,32300,20600,0
158,2021-03-01,22,2,20800,14800,0
159,2021-03-01,80,2,23400,16600,0
160,2021-03-01,79,2,2200,1700,0
161,2021-03-01,61,1,14600,10700,0
162,2021-03-01,12,4,79100,54700,98
163,2021-03-01,40,7,34800,25200,12
164,2021-03-01,45,3,28400,20900,10
165,2021-03-01,25,1,10800,6500,0
166,2021-03-01,2,25,1156100,620000,2972
167,2021-03-01,84,1,1700,1300,0
168,2021-03-01,18,5,59700,40400,27
169,2021-03-01,51,6,3500,1600,0
170,2021-03-01,50,2,20700,14100,0
171,2021-03-01,16,12,82600,53000,55
172,2021-03-01,23,4,47700,29800,87
173,2021-03-01,74,1,4300,3000,0
174,2021-03-01,39,8,76100,47500,1
175,2021-03-01,21,8,136500,92000,0
176,2021-03-01,48,6,43300,30000,0
177,2021-03-01,6,18,72500,48500,0
178,2021-03-01,72,1,9100,9100,0
179,2021-03-01,17,13,254600,159400,139
180,2021-03-01,15,8,187100,138800,0
181,2021-03-01,9,31,257300,160600,89
182,2021-03-01,33,15,169200,117200,30
183,2021-03-01,11,17,138500,101000,184
184,2021-03-01,14,5,58100,37900,0
185,2021-03-01,31,3,10100,7000,0
186,2021-03-01,69,1,10700,8700,0
187,2021-03-01,60,8,49700,32900,0
188,2021-03-01,20,10,169400,101300,0
189,2021-03-01,41,3,17800,14000,0
190,2021-03-01,54,3,22200,16800,0
191,2021-03-01,76,1,2500,1900,0
192,2021-03-01,53,9,84200,58600,8
193,2021-03-01,28,7,154900,82500,0
194,2021-03-01,44,8,103000,38400,194
195,2021-03-01,4,34,393200,253300,597
196,2021-03-01,26,15,82700,61500,0
197,2021-03-01,8,22,273200,161300,651
198,2021-03-01,42,6,56000,39000,12
199,2021-03-01,71,4,42200,24500,0
200,2021-03-01,37,2,17900,11000,0
201,2021-03-01,58,12,62600,44400,0
202,2021-03-01,30,11,78700,51100,230
203,2021-03-01,7,26,520700,340400,553
204,2021-03-01,32,4,73200,43000,0
205,2021-03-01,49,6,50700,34900,34
206,2021-03-01,19,9,190400,127000,129
207,2021-03-01,35,6,102100,59700,27
208,2021-03-01,24,5,38400,25400,0
209,2021-03-01,47,4,23500,16800,0
210,2021-04-01,17,16,283600,179700,188
211,2021-04-01,19,11,216500,142000,166
212,2021-04-01,25,12,111200,68500,68
213,2021-04-01,42,9,93100,64500,12
214,2021-04-01,14,7,102500,68700,91
215,2021-04-01,66,3,6100,5500,0
216,2021-04-01,7,34,619300,408000,769
217,2021-04-01,27,13,164100,103000,105
218,2021-04-01,13,21,226400,154800,125
219,2021-04-01,69,1,10700,8700,0
220,2021-04-01,36,8,50500,33300,33
221,2021-04-01,8,32,340100,205900,692
222,2021-04-01,9,36,331400,217000,158
223,2021-04-01,23,9,72100,46100,87
224,2021-04-01,55,3,33700,23400,0
225,2021-04-01,50,2,20700,14100,0
226,2021-04-01,45,3,28400,20900,10
227,2021-04-01,18,6,66100,45300,27
228,2021-04-01,80,2,23400,16600,0
229,2021-04-01,24,9,66800,38500,51
230,2021-04-01,71,5,45000,26400,0
231,2021-04-01,84,1,1700,1300,0
232,2021-04-01,61,1,14600,10700,0
233,2021-04-01,5,16,229100,165300,0
234,2021-04-01,62,8,34900,25600,0
235,2021-04-01,15,10,208100,151900,0
236,2021-04-01,1,20,809100,453800,3099
237,2021-04-01,22,8,67900,51200,26
238,2021-04-01,21,10,188600,123800,0
239,2021-04-01,4,48,560900,372500,619
240,2021-04-01,64,6,32600,24900,0
241,2021-04-01,16,26,158000,103500,127
242,2021-04-01,57,1,23800,13200,49
243,2021-04-01,47,5,30000,20400,0
244,2021-04-01,12,11,261400,178800,354
245,2021-04-01,76,1,2500,1900,0
246,2021-04-01,43,5,88900,62700,150
247,2021-04-01,68,1,9800,7000,0
248,2021-04-01,32,8,104500,63100,0
249,2021-04-01,2,53,2023300,1155800,4485
250,2021-04-01,74,1,4300,3000,0
251,2021-04-01,48,8,70500,47900,0
252,2021-04-01,63,2,34400,20500,0
253,2021-04-01,35,7,114500,66200,27
254,2021-04-01,49,10,78700,52800,34
255,2021-04-01,10,9,144200,90200,36
256,2021-04-01,46,5,36100,26400,0
257,2021-04-01,77,2,10300,9200,0
258,2021-04-01,37,6,73100,52000,0
259,2021-04-01,65,3,15400,10500,0
260,2021-04-01,44,11,119700,47700,194
261,2021-04-01,31,7,40900,32600,0
262,2021-04-01,3,72,1301300,825700,1598
263,2021-04-01,28,11,198600,112000,0
264,2021-04-01,11,25,262400,178700,490
265,2021-04-01,53,10,96900,67800,8
266,2021-04-01,54,3,22200,16800,0
267,2021-04-01,60,8,49700,32900,0
268,2021-04-01,51,6,3500,1600,0
269,2021-04-01,30,11,78700,51100,230
270,2021-04-01,58,16,103600,72600,0
271,2021-04-01,26,15,82700,61500,0
272,2021-04-01,67,7,66200,46100,0
273,2021-04-01,41,5,25400,19400,0
274,2021-04-01,40,13,71900,49300,12
275,2021-04-01,33,20,212000,148900,30
276,2021-04-01,56,2,14700,9300,0
277,2021-04-01,34,9,67900,47700,36
278,2021-04-01,6,19,104900,68700,0
279,2021-04-01,38,10,53900,35800,0
280,2021-04-01,20,15,278800,173600,0
281,2021-04-01,79,2,2200,1700,0
282,2021-04-01,52,2,47200,29600,0
283,2021-04-01,39,10,107700,56000,42
284,2021-04-01,59,1,6900,5400,0
285,2021-04-01,72,1,9100,9100,0
286,2021-04-01,29,7,165900,98000,373
287,2021-05-01,68,1,9800,7000,0
288,2021-05-01,39,13,152600,87200,42
289,2021-05-01,52,3,58300,36300,50
290,2021-05-01,46,10,82700,60600,0
291,2021-05-01,25,26,156500,103200,68
292,2021-05-01,34,21,134800,96200,36
293,2021-05-01,17,22,387100,249700,217
294,2021-05-01,79,2,2200,1700,0
295,2021-05-01,22,11,79200,59100,66
296,2021-05-01,48,8,70500,47900,0
297,2021-05-01,31,10,56400,44300,0
298,2021-05-01,56,4,32400,19700,0
299,2021-05-01,5,24,387100,263000,29
300,2021-05-01,55,3,33700,23400,0
301,2021-05-01,64,6,32600,24900,0
302,2021-05-01,41,8,80500,56500,0
303,2021-05-01,58,17,115100,81300,0
304,2021-05-01,6,24,233600,150400,0
305,2021-05-01,72,1,9100,9100,0
306,2021-05-01,12,13,312400,207900,354
307,2021-05-01,61,1,14600,10700,0
308,2021-05-01,69,1,10700,8700,0
309,2021-05-01,32,9,123800,75300,0
310,2021-05-01,59,1,6900,5400,0
311,2021-05-01,23,16,154800,101100,116
312,2021-05-01,2,69,2170700,1244100,4896
313,2021-05-01,7,37,671100,437600,933
314,2021-05-01,71,5,45000,26400,0
315,2021-05-01,74,1,4300,3000,0
316,2021-05-01,27,16,198300,124000,120
317,2021-05-01,45,9,105200,73300,157
318,2021-05-01,44,12,135200,55600,234
319,2021-05-01,24,12,108700,68200,51
320,2021-05-01,20,16,312600,191300,0
321,2021-05-01,15,10,208100,151900,0
322,2021-05-01,21,14,243700,159700,0
323,2021-05-01,16,46,459200,297900,436
324,2021-05-01,50,2,20700,14100,0
325,2021-05-01,10,14,197900,128000,36
326,2021-05-01,62,13,63500,46400,0
327,2021-05-01,84,1,1700,1300,0
328,2021-05-01,19,47,403100,258500,315
329,2021-05-01,35,8,121700,69500,59
330,2021-05-01,53,10,96900,67800,8
331,2021-05-01,43,5,88900,62700,150
332,2021-05-01,28,13,225100,128600,38
333,2021-05-01,51,6,3500,1600,0
334,2021-05-01,42,14,104000,74400,12
335,2021-05-01,80,2,23400,16600,0
336,2021-05-01,37,7,81500,57800,0
337,2021-05-01,29,10,179900,107300,397
338,2021-05-01,54,3,22200,16800,0
339,2021-05-01,18,7,83100,56100,27
340,2021-05-01,47,7,51900,38200,0
341,2021-05-01,26,19,102600,75300,55
342,2021-05-01,9,62,498000,321800,351
343,2021-05-01,76,1,2500,1900,0
344,2021-05-01,30,11,78700,51100,230
345,2021-05-01,67,7,66200,46100,0
346,2021-05-01,8,45,566900,341100,817
347,2021-05-01,77,2,10300,9200,0
348,2021-05-01,14,8,165900,109900,91
349,2021-05-01,3,98,1913300,1243400,1883
350,2021-05-01,13,24,255500,185900,125
351,2021-05-01,33,22,238000,164700,30
352,2021-05-01,1,26,989300,515700,3884
353,2021-05-01,75,1,5100,4000,0
354,2021-05-01,36,9,56300,37500,33
355,2021-05-01,11,33,327600,220800,490
356,2021-05-01,40,16,90000,61700,35
357,2021-05-01,4,74,854900,569900,683
358,2021-05-01,57,2,38700,25400,49
359,2021-05-01,38,11,56800,37400,0
360,2021-05-01,66,3,6100,5500,0
361,2021-05-01,63,4,50300,30800,0
362,2021-05-01,65,5,29300,20700,0
363,2021-05-01,49,11,86200,56700,34
364,2021-05-01,60,9,52300,34500,0
365,2021-06-01,53,12,105100,72900,8
366,2021-06-01,56,5,33800,19700,0
367,2021-06-01,8,52,659200,400000,1018
368,2021-06-01,36,10,59800,40000,33
369,2021-06-01,35,11,151200,87300,90
370,2021-06-01,1,30,1335600,690300,4266
371,2021-06-01,6,27,244900,157800,0
372,2021-06-01,37,9,115000,78500,94
373,2021-06-01,48,8,70500,47900,0
374,2021-06-01,16,56,488000,315400,468
375,2021-06-01,5,29,471600,327400,409
376,2021-06-01,13,27,297500,212500,125
377,2021-06-01,32,12,162100,104000,1
378,2021-06-01,75,2,6400,4900,0
379,2021-06-01,17,26,418100,267300,274
380,2021-06-01,61,1,14600,10700,0
381,2021-06-01,23,18,172900,111300,206
382,2021-06-01,20,17,325800,199900,0
383,2021-06-01,45,9,105200,73300,157
384,2021-06-01,55,3,33700,23400,0
385,2021-06-01,21,16,275000,181500,0
386,2021-06-01,68,1,9800,7000,0
387,2021-06-01,51,6,3500,1600,0
388,2021-06-01,66,3,6100,5500,0
389,2021-06-01,15,13,237000,170700,0
390,2021-06-01,40,17,92500,63600,35
391,2021-06-01,28,22,255200,150700,38
392,2021-06-01,62,14,64100,46900,0
393,2021-06-01,14,9,192900,127300,91
394,2021-06-01,31,11,65000,50900,0
395,2021-06-01,29,10,179900,107300,397
396,2021-06-01,38,11,56800,37400,0
397,2021-06-01,22,19,88900,66300,66
398,2021-06-01,69,1,10700,8700,0
399,2021-06-01,26,19,102600,75300,55
400,2021-06-01,33,25,258500,178900,30
401,2021-06-01,3,101,1946000,1265700,1883
402,2021-06-01,58,19,149100,102700,0
403,2021-06-01,9,67,543700,349100,436
404,2021-06-01,43,6,97600,69100,150
405,2021-06-01,60,12,55800,37400,0
406,2021-06-01,47,9,71500,52000,42
407,2021-06-01,57,4,71100,49800,49
408,2021-06-01,34,22,140000,99900,36
409,2021-06-01,67,7,66200,46100,0
410,2021-06-01,44,12,135200,55600,234
411,2021-06-01,27,18,233300,144400,187
412,2021-06-01,79,2,2200,1700,0
413,2021-06-01,77,2,10300,9200,0
414,2021-06-01,74,2,6400,4700,0
415,2021-06-01,54,4,30800,21700,0
416,2021-06-01,84,1,1700,1300,0
417,2021-06-01,7,39,717400,468800,933
418,2021-06-01,12,15,375200,242900,642
419,2021-06-01,50,3,35500,23600,0
420,2021-06-01,46,13,101100,75100,0
421,2021-06-01,76,1,2500,1900,0
422,2021-06-01,24,17,147200,96800,51
423,2021-06-01,49,11,86200,56700,34
424,2021-06-01,25,28,183500,120500,68
425,2021-06-01,4,85,1049300,708500,751
426,2021-06-01,18,11,139900,94300,27
427,2021-06-01,2,78,2360900,1358600,5461
428,2021-06-01,72,1,9100,9100,0
429,2021-06-01,10,14,197900,128000,36
430,2021-06-01,65,7,73200,41600,0
431,2021-06-01,64,6,32600,24900,0
432,2021-06-01,63,5,52900,32600,0
433,2021-06-01,41,8,80500,56500,0
434,2021-06-01,19,49,434100,278600,315
435,2021-06-01,52,3,58300,36300,50
436,2021-06-01,30,14,92500,60600,230
437,2021-06-01,80,2,23400,16600,0
438,2021-06-01,39,13,152600,87200,42
439,2021-06-01,71,6,50400,30500,0
440,2021-06-01,59,1,6900,5400,0
441,2021-06-01,11,40,424900,275600,826
442,2021-06-01,42,16,131700,93300,12
443,2021-07-01,15,14,274500,196600,0
444,2021-07-01,45,18,163900,114900,172
445,2021-07-01,53,12,105100,72900,8
446,2021-07-01,48,8,70500,47900,0
447,2021-07-01,38,13,71600,46400,0
448,2021-07-01,69,2,23100,17000,0
449,2021-07-01,11,44,515500,327400,1088
450,2021-07-01,68,1,9800,7000,0
451,2021-07-01,66,3,6100,5500,0
452,2021-07-01,44,14,170700,77800,234
453,2021-07-01,3,131,2543900,1646000,2039
454,2021-07-01,47,9,71500,52000,42
455,2021-07-01,63,5,52900,32600,0
456,2021-07-01,42,18,137800,96300,23
457,2021-07-01,67,7,66200,46100,0
458,2021-07-01,6,33,305100,194600,0
459,2021-07-01,77,2,10300,9200,0
460,2021-07-01,32,14,173500,112200,1
461,2021-07-01,16,60,507500,328400,468
462,2021-07-01,18,11,139900,94300,27
463,2021-07-01,60,16,60900,41300,0
464,2021-07-01,57,5,74900,52500,49
465,2021-07-01,26,19,102600,75300,55
466,2021-07-01,25,48,191100,127500,68
467,2021-07-01,10,17,266800,166400,254
468,2021-07-01,65,7,73200,41600,0
469,2021-07-01,1,33,1502300,794500,4729
470,2021-07-01,75,2,6400,4900,0
471,2021-07-01,23,19,181600,117800,206
472,2021-07-01,55,7,78600,54900,0
473,2021-07-01,41,9,82600,58200,0
474,2021-07-01,27,21,282900,177900,187
475,2021-07-01,14,9,192900,127300,91
476,2021-07-01,37,9,115000,78500,94
477,2021-07-01,22,20,92500,68500,66
478,2021-07-01,33,27,279800,194100,30
479,2021-07-01,72,3,23400,20600,0
480,2021-07-01,46,16,125700,91900,45
481,2021-07-01,20,17,325800,199900,0
482,2021-07-01,43,6,97600,69100,150
483,2021-07-01,51,6,3500,1600,0
484,2021-07-01,74,3,11000,8100,0
485,2021-07-01,49,11,86200,56700,34
486,2021-07-01,19,52,445800,286800,315
487,2021-07-01,34,25,157600,112200,36
488,2021-07-01,24,21,157100,104200,51
489,2021-07-01,56,5,33800,19700,0
490,2021-07-01,21,17,283700,187600,0
491,2021-07-01,50,3,35500,23600,0
492,2021-07-01,40,18,104800,71700,35
493,2021-07-01,79,2,2200,1700,0
494,2021-07-01,54,4,30800,21700,0
495,2021-07-01,39,15,164300,95800,42
496,2021-07-01,71,6,50400,30500,0
497,2021-07-01,31,11,65000,50900,0
498,2021-07-01,76,1,2500,1900,0
499,2021-07-01,64,6,32600,24900,0
500,2021-07-01,4,88,1108700,740600,991
501,2021-07-01,80,2,23400,16600,0
502,2021-07-01,58,19,149100,102700,0
503,2021-07-01,2,87,2395300,1380400,5495
504,2021-07-01,29,12,219000,131700,579
505,2021-07-01,36,12,65800,44100,33
506,2021-07-01,35,14,210200,125600,90
507,2021-07-01,28,23,274700,164800,38
508,2021-07-01,52,4,73300,45300,50
509,2021-07-01,84,1,1700,1300,0
510,2021-07-01,61,1,14600,10700,0
511,2021-07-01,7,41,763500,499400,1065
512,2021-07-01,8,60,729900,444700,1237
513,2021-07-01,5,33,515900,362900,409
514,2021-07-01,12,16,391500,251400,703
515,2021-07-01,59,2,20400,15500,84
516,2021-07-01,30,16,114700,75400,230
517,2021-07-01,13,27,297500,212500,125
518,2021-07-01,17,31,498100,316700,373
519,2021-07-01,62,16,72300,52800,0
520,2021-07-01,9,71,613000,393800,506
521,2021-08-01,71,6,50400,30500,0
522,2021-08-01,40,25,132500,92300,35
523,2021-08-01,65,10,88200,49700,50
524,2021-08-01,74,6,23600,17600,0
525,2021-08-01,24,26,189200,127400,51
526,2021-08-01,4,136,1934400,1297200,1129
527,2021-08-01,6,37,320000,205300,0
528,2021-08-01,13,30,313600,224700,125
529,2021-08-01,48,8,70500,47900,0
530,2021-08-01,15,22,363000,256500,0
531,2021-08-01,57,5,74900,52500,49
532,2021-08-01,61,1,14600,10700,0
533,2021-08-01,22,23,113700,84800,66
534,2021-08-01,19,54,488700,315500,315
535,2021-08-01,63,5,52900,32600,0
536,2021-08-01,10,19,292800,185500,254
537,2021-08-01,34,28,210500,144800,36
538,2021-08-01,12,21,477100,305800,801
539,2021-08-01,44,16,189400,89700,234
540,2021-08-01,77,3,12700,11300,0
541,2021-08-01,11,58,752100,473100,1544
542,2021-08-01,45,19,177300,124300,172
543,2021-08-01,76,1,2500,1900,0
544,2021-08-01,32,15,175500,113800,1
545,2021-08-01,23,22,226600,142200,379
546,2021-08-01,60,16,60900,41300,0
547,2021-08-01,43,11,126200,89900,150
548,2021-08-01,75,2,6400,4900,0
549,2021-08-01,39,20,243500,141400,278
550,2021-08-01,38,22,146400,93600,58
551,2021-08-01,25,48,191100,127500,68
552,2021-08-01,80,2,23400,16600,0
553,2021-08-01,66,6,40200,31300,0
554,2021-08-01,49,13,98600,64600,34
555,2021-08-01,51,9,23200,15000,0
556,2021-08-01,3,157,2941100,1899600,2277
557,2021-08-01,27,22,295500,185700,187
558,2021-08-01,54,4,30800,21700,0
559,2021-08-01,72,3,23400,20600,0
560,2021-08-01,83,2,11400,7200,0
561,2021-08-01,30,18,140600,93200,230
562,2021-08-01,67,7,66200,46100,0
563,2021-08-01,18,14,202100,134200,27
564,2021-08-01,35,14,210200,125600,90
565,2021-08-01,26,21,171100,123700,55
566,2021-08-01,14,11,225200,144200,193
567,2021-08-01,47,11,84800,62000,42
568,2021-08-01,36,13,75400,50000,60
569,2021-08-01,64,6,32600,24900,0
570,2021-08-01,50,5,45200,29600,0
571,2021-08-01,56,7,69700,41800,0
572,2021-08-01,62,25,114200,82800,0
573,2021-08-01,42,21,148600,104400,23
574,2021-08-01,79,2,2200,1700,0
575,2021-08-01,53,14,120500,83400,8
576,2021-08-01,31,12,81800,67700,0
577,2021-08-01,59,2,20400,15500,84
578,2021-08-01,2,102,2942100,1696300,7231
579,2021-08-01,37,11,137800,91100,185
580,2021-08-01,69,2,23100,17000,0
581,2021-08-01,33,27,279800,194100,30
582,2021-08-01,29,13,234900,140400,663
583,2021-08-01,1,45,1854300,1021500,6029
584,2021-08-01,28,26,298000,180900,38
585,2021-08-01,17,40,713100,463400,521
586,2021-08-01,46,17,129400,94800,45
587,2021-08-01,68,2,21400,15100,0
588,2021-08-01,52,5,80200,49800,50
589,2021-08-01,8,64,778500,477200,1237
590,2021-08-01,16,68,581400,376900,518
591,2021-08-01,21,21,361100,232200,19
592,2021-08-01,55,7,78600,54900,0
593,2021-08-01,5,43,652000,444200,692
594,2021-08-01,9,83,718600,449100,1005
595,2021-08-01,7,49,986700,628200,1720
596,2021-08-01,41,10,84800,60300,0
597,2021-08-01,58,20,182700,126100,0
598,2021-08-01,20,20,347300,213600,0
599,2021-08-01,84,1,1700,1300,0
600,2021-09-01,62,26,116100,84000,0
601,2021-09-01,42,24,173200,120900,23
602,2021-09-01,13,40,376700,270700,125
603,2021-09-01,11,68,999900,610400,2699
604,2021-09-01,77,3,12700,11300,0
605,2021-09-01,75,5,29800,21500,0
606,2021-09-01,38,24,157800,101000,58
607,2021-09-01,56,7,69700,41800,0
608,2021-09-01,76,1,2500,1900,0
609,2021-09-01,83,2,11400,7200,0
610,2021-09-01,19,57,555400,354200,494
611,2021-09-01,55,7,78600,54900,0
612,2021-09-01,25,51,218600,144400,112
613,2021-09-01,66,6,40200,31300,0
614,2021-09-01,80,2,23400,16600,0
615,2021-09-01,4,139,2000500,1341700,1157
616,2021-09-01,15,27,441700,308100,0
617,2021-09-01,54,4,30800,21700,0
618,2021-09-01,43,13,164600,123800,150
619,2021-09-01,39,22,317800,195200,479
620,2021-09-01,58,20,182700,126100,0
621,2021-09-01,30,19,149100,99400,230
622,2021-09-01,2,115,3382100,1967900,7342
623,2021-09-01,61,1,14600,10700,0
624,2021-09-01,46,18,137500,101100,45
625,2021-09-01,67,10,81300,56500,0
626,2021-09-01,16,76,662100,430300,518
627,2021-09-01,71,7,60800,37900,0
628,2021-09-01,65,10,88200,49700,50
629,2021-09-01,51,10,32000,21900,0
630,2021-09-01,27,25,318800,201100,187
631,2021-09-01,14,12,240200,153700,193
632,2021-09-01,32,18,229600,151700,1
633,2021-09-01,63,6,59600,37500,0
634,2021-09-01,6,47,492100,318500,0
635,2021-09-01,8,72,910300,563900,1290
636,2021-09-01,59,3,28400,21500,84
637,2021-09-01,24,27,201300,136200,51
638,2021-09-01,3,166,3227300,2079800,2463
639,2021-09-01,33,29,295700,205800,30
640,2021-09-01,10,23,345500,217400,254
641,2021-09-01,64,6,32600,24900,0
642,2021-09-01,21,22,366700,236700,19
643,2021-09-01,50,6,56200,36500,0
644,2021-09-01,37,11,137800,91100,185
645,2021-09-01,44,17,227700,106400,411
646,2021-09-01,23,25,245700,156300,379
647,2021-09-01,57,6,84400,58900,49
648,2021-09-01,69,2,23100,17000,0
649,2021-09-01,72,3,23400,20600,0
650,2021-09-01,5,45,680000,466700,692
651,2021-09-01,68,2,21400,15100,0
652,2021-09-01,79,2,2200,1700,0
653,2021-09-01,84,1,1700,1300,0
654,2021-09-01,7,58,1104700,702600,1852
655,2021-09-01,22,24,122800,91100,66
656,2021-09-01,74,6,23600,17600,0
657,2021-09-01,40,26,144400,100900,35
658,2021-09-01,45,20,185500,130100,172
659,2021-09-01,36,13,75400,50000,60
660,2021-09-01,52,5,80200,49800,50
661,2021-09-01,53,14,120500,83400,8
662,2021-09-01,12,22,495000,319000,801
663,2021-09-01,41,10,84800,60300,0
664,2021-09-01,48,12,90900,62300,0
665,2021-09-01,9,95,974000,605300,1409
666,2021-09-01,34,28,210500,144800,36
667,2021-09-01,26,21,171100,123700,55
668,2021-09-01,35,16,232900,141800,90
669,2021-09-01,1,55,2409400,1367600,7529
670,2021-09-01,49,15,106600,70400,34
671,2021-09-01,47,13,112400,82200,86
672,2021-09-01,31,19,126100,95600,0
673,2021-09-01,60,20,82500,56500,0
674,2021-09-01,20,20,347300,213600,0
675,2021-09-01,28,27,336000,207700,38
676,2021-09-01,18,16,215300,144100,27
677,2021-09-01,17,50,803800,523700,540
678,2021-09-01,29,14,253400,153500,734
679,2021-10-01,77,4,24100,19500,0
680,2021-10-01,49,20,184900,121300,34
681,2021-10-01,7,61,1158600,740300,1852
682,2021-10-01,3,175,3371900,2170800,2463
683,2021-10-01,27,29,364300,232000,187
684,2021-10-01,17,58,897500,584000,601
685,2021-10-01,58,21,200200,139700,0
686,2021-10-01,48,14,113800,77100,0
687,2021-10-01,24,30,216100,148800,51
688,2021-10-01,9,99,1089600,681000,1436
689,2021-10-01,54,4,30800,21700,0
690,2021-10-01,56,7,69700,41800,0
691,2021-10-01,31,24,165000,125700,0
692,2021-10-01,64,7,36300,27500,0
693,2021-10-01,2,125,3539900,2066000,7493
694,2021-10-01,57,6,84400,58900,49
695,2021-10-01,12,27,563900,369200,801
696,2021-10-01,52,5,80200,49800,50
697,2021-10-01,69,4,53600,37200,0
698,2021-10-01,55,7,78600,54900,0
699,2021-10-01,59,5,35600,27400,84
700,2021-10-01,11,78,1196900,727300,3250
701,2021-10-01,53,14,120500,83400,8
702,2021-10-01,8,80,1000800,622700,1364
703,2021-10-01,32,20,248200,164500,1
704,2021-10-01,19,59,568900,363200,494
705,2021-10-01,76,1,2500,1900,0
706,2021-10-01,16,87,720200,466200,561
707,2021-10-01,26,21,171100,123700,55
708,2021-10-01,39,23,320200,197200,479
709,2021-10-01,20,22,362600,222700,0
710,2021-10-01,28,27,336000,207700,38
711,2021-10-01,63,7,72300,46400,0
712,2021-10-01,62,27,124000,88800,0
713,2021-10-01,60,22,104500,72100,0
714,2021-10-01,42,24,173200,120900,23
715,2021-10-01,4,146,2150500,1423400,1444
716,2021-10-01,21,25,406900,262800,92
717,2021-10-01,61,4,75200,56400,0
718,2021-10-01,13,43,421900,297300,279
719,2021-10-01,71,8,68500,42800,0
720,2021-10-01,68,2,21400,15100,0
721,2021-10-01,75,5,29800,21500,0
722,2021-10-01,14,13,251700,160400,206
723,2021-10-01,23,38,421200,269000,454
724,2021-10-01,15,30,519500,361700,0
725,2021-10-01,80,2,23400,16600,0
726,2021-10-01,50,17,125000,82200,0
727,2021-10-01,41,11,87400,62300,0
728,2021-10-01,18,17,236000,158200,27
729,2021-10-01,38,26,171100,113600,58
730,2021-10-01,45,21,195600,136500,172
731,2021-10-01,40,30,184600,130600,35
732,2021-10-01,47,14,124700,90900,128
733,2021-10-01,6,52,540500,353000,68
734,2021-10-01,72,3,23400,20600,0
735,2021-10-01,43,14,208300,151000,282
736,2021-10-01,1,62,3243700,1821300,11449
737,2021-10-01,33,30,315800,218200,30
738,2021-10-01,67,10,81300,56500,0
739,2021-10-01,29,17,283900,175500,765
740,2021-10-01,36,14,82300,55200,60
741,2021-10-01,74,6,23600,17600,0
742,2021-10-01,37,12,146600,97600,199
743,2021-10-01,84,1,1700,1300,0
744,2021-10-01,51,10,32000,21900,0
745,2021-10-01,83,2,11400,7200,0
746,2021-10-01,46,19,142500,105200,45
747,2021-10-01,66,7,53000,39900,0
748,2021-10-01,30,21,175000,116600,230
749,2021-10-01,34,30,221700,153400,64
750,2021-10-01,10,28,412600,264300,282
751,2021-10-01,5,52,752500,503700,818
752,2021-10-01,79,2,2200,1700,0
753,2021-10-01,65,11,93500,53300,50
754,2021-10-01,35,17,286700,171300,224
755,2021-10-01,25,51,218600,144400,112
756,2021-10-01,44,46,258800,128500,411
757,2021-10-01,22,24,122800,91100,66
758,2021-11-01,31,28,193700,144500,0
759,2021-11-01,27,31,407900,260900,230
760,2021-11-01,9,109,1344300,821100,1624
761,2021-11-01,2,142,4155300,2449300,8138
762,2021-11-01,54,6,47200,34000,0
763,2021-11-01,65,21,149800,87700,50
764,2021-11-01,42,26,189300,131400,30
765,2021-11-01,35,18,299300,177500,224
766,2021-11-01,76,1,2500,1900,0
767,2021-11-01,23,44,507100,323700,537
768,2021-11-01,53,17,146000,101600,8
769,2021-11-01,62,29,147600,104600,0
770,2021-11-01,20,25,417400,260800,0
771,2021-11-01,64,8,75000,50900,58
772,2021-11-01,51,12,46600,32200,0
773,2021-11-01,61,4,75200,56400,0
774,2021-11-01,33,36,398000,269300,132
775,2021-11-01,14,15,295300,188400,206
776,2021-11-01,4,158,2414500,1602400,1722
777,2021-11-01,18,22,305100,207400,27
778,2021-11-01,79,2,2200,1700,0
779,2021-11-01,25,51,218600,144400,112
780,2021-11-01,3,187,3572600,2309300,2463
781,2021-11-01,13,52,470700,329600,279
782,2021-11-01,47,15,130400,95000,128
783,2021-11-01,44,48,282800,146300,411
784,2021-11-01,16,100,826700,533100,690
785,2021-11-01,11,86,1365700,832600,3633
786,2021-11-01,57,6,84400,58900,49
787,2021-11-01,28,27,336000,207700,38
788,2021-11-01,29,22,331900,205700,884
789,2021-11-01,74,6,23600,17600,0
790,2021-11-01,12,32,666000,439700,801
791,2021-11-01,22,29,179100,133500,66
792,2021-11-01,17,65,1059800,683400,822
793,2021-11-01,26,21,171100,123700,55
794,2021-11-01,68,2,21400,15100,0
795,2021-11-01,58,21,200200,139700,0
796,2021-11-01,49,22,215900,141100,34
797,2021-11-01,55,7,78600,54900,0
798,2021-11-01,45,26,263300,183600,208
799,2021-11-01,59,5,35600,27400,84
800,2021-11-01,66,7,53000,39900,0
801,2021-11-01,50,18,139800,91600,0
802,2021-11-01,48,15,137600,91700,0
803,2021-11-01,19,61,619200,392400,549
804,2021-11-01,10,35,484900,311300,316
805,2021-11-01,15,31,524800,364500,31
806,2021-11-01,5,59,831400,567800,818
807,2021-11-01,67,11,85400,59900,0
808,2021-11-01,40,35,212700,149900,53
809,2021-11-01,60,22,104500,72100,0
810,2021-11-01,77,4,24100,19500,0
811,2021-11-01,63,9,99700,65300,0
812,2021-11-01,6,63,603400,398900,74
813,2021-11-01,72,3,23400,20600,0
814,2021-11-01,80,2,23400,16600,0
815,2021-11-01,52,6,90600,56500,56
816,2021-11-01,38,27,183000,121200,58
817,2021-11-01,21,26,410400,265000,92
818,2021-11-01,32,24,275300,183900,1
819,2021-11-01,7,68,1333700,859100,2029
820,2021-11-01,84,1,1700,1300,0
821,2021-11-01,41,13,110500,81600,0
822,2021-11-01,83,2,11400,7200,0
823,2021-11-01,39,28,380200,240200,479
824,2021-11-01,71,9,74100,47000,0
825,2021-11-01,46,27,177300,132900,45
826,2021-11-01,36,16,106900,70300,60
827,2021-11-01,43,18,211400,153800,282
828,2021-11-01,37,13,157000,105200,199
829,2021-11-01,56,10,92000,58900,0
830,2021-11-01,24,34,260300,177000,129
831,2021-11-01,30,21,175000,116600,230
832,2021-11-01,34,34,236600,163300,64
833,2021-11-01,69,5,75600,51600,0
834,2021-11-01,1,75,3762600,2120900,13105
835,2021-11-01,8,96,1162000,718800,1472
836,2021-11-01,75,8,56200,40700,0
837,2021-12-01,51,13,63600,45500,0
838,2021-12-01,62,31,149700,106300,0
839,2021-12-01,23,46,513500,327500,537
840,2021-12-01,10,41,644500,414200,489
841,2021-12-01,60,25,140100,96900,0
842,2021-12-01,19,67,710800,453900,597
843,2021-12-01,18,26,389500,264400,27
844,2021-12-01,46,28,181000,135900,45
845,2021-12-01,44,52,317200,170800,411
846,2021-12-01,40,38,235400,165800,53
847,2021-12-01,63,9,99700,65300,0
848,2021-12-01,35,19,309100,184800,224
849,2021-12-01,77,4,24100,19500,0
850,2021-12-01,11,89,1397100,854600,3633
851,2021-12-01,41,14,114500,84500,0
852,2021-12-01,34,38,292700,198000,92
853,2021-12-01,76,1,2500,1900,0
854,2021-12-01,79,2,2200,1700,0
855,2021-12-01,7,75,1480000,950100,2184
856,2021-12-01,30,30,270500,181900,230
857,2021-12-01,74,6,23600,17600,0
858,2021-12-01,25,51,218600,144400,112
859,2021-12-01,24,40,313900,213400,149
860,2021-12-01,61,4,75200,56400,0
861,2021-12-01,83,2,11400,7200,0
862,2021-12-01,55,7,78600,54900,0
863,2021-12-01,53,17,146000,101600,8
864,2021-12-01,8,117,1494700,917300,1975
865,2021-12-01,16,117,1005600,641900,972
866,2021-12-01,54,7,55000,39700,31
867,2021-12-01,17,69,1105400,709900,947
868,2021-12-01,65,24,167800,101000,50
869,2021-12-01,2,150,4342500,2559900,8271
870,2021-12-01,72,3,23400,20600,0
871,2021-12-01,5,63,925600,617800,962
872,2021-12-01,45,27,288100,198700,284
873,2021-12-01,75,9,68500,48500,0
874,2021-12-01,12,38,775000,511400,801
875,2021-12-01,4,207,2524100,1687100,1722
876,2021-12-01,6,72,726500,478100,74
877,2021-12-01,48,15,137600,91700,0
878,2021-12-01,37,14,164600,110000,199
879,2021-12-01,14,16,302000,194000,206
880,2021-12-01,56,11,106700,69300,0
881,2021-12-01,21,28,458400,297200,133
882,2021-12-01,52,6,90600,56500,56
883,2021-12-01,13,73,580200,402400,279
884,2021-12-01,28,29,369400,231300,38
885,2021-12-01,66,7,53000,39900,0
886,2021-12-01,36,16,106900,70300,60
887,2021-12-01,68,2,21400,15100,0
888,2021-12-01,69,5,75600,51600,0
889,2021-12-01,15,33,573600,394900,134
890,2021-12-01,29,22,331900,205700,884
891,2021-12-01,1,91,4306300,2465600,15172
892,2021-12-01,80,2,23400,16600,0
893,2021-12-01,58,21,200200,139700,0
894,2021-12-01,27,33,448300,283200,352
895,2021-12-01,33,38,423400,287200,132
896,2021-12-01,59,6,41100,31900,84
897,2021-12-01,32,28,317400,214300,1
898,2021-12-01,38,28,193900,127200,58
899,2021-12-01,47,15,130400,95000,128
900,2021-12-01,22,30,196700,145300,66
901,2021-12-01,26,23,186100,134600,55
902,2021-12-01,3,213,3846200,2486900,2667
903,2021-12-01,43,18,211400,153800,282
904,2021-12-01,84,1,1700,1300,0
905,2021-12-01,42,26,189300,131400,30
906,2021-12-01,39,30,421900,267700,479
907,2021-12-01,31,30,207800,155000,0
908,2021-12-01,49,23,240200,157100,106
909,2021-12-01,9,115,1485400,921000,1692
910,2021-12-01,20,29,514600,330100,0
911,2021-12-01,50,20,157100,102500,0
912,2021-12-01,67,13,95200,67900,1
913,2021-12-01,71,9,74100,47000,0
914,2021-12-01,57,7,98000,68000,75
915,2021-12-01,64,10,81000,55800,58
916,2022-01-01,65,67,294800,195400,124
917,2022-01-01,59,35,333400,255100,140
918,2022-01-01,25,162,802500,576400,151
919,2022-01-01,58,26,248800,181200,0
920,2022-01-01,42,105,518800,367900,30
921,2022-01-01,68,7,100400,62400,68
922,2022-01-01,18,124,1898900,1258800,29
923,2022-01-01,29,56,838100,518800,1757
924,2022-01-01,26,72,970000,633300,300
925,2022-01-01,27,68,1036400,655800,1338
926,2022-01-01,34,88,505700,354000,92
927,2022-01-01,51,36,273800,187200,0
928,2022-01-01,35,37,531100,335100,420
929,2022-01-01,48,39,295700,201400,4
930,2022-01-01,14,34,678200,442900,206
931,2022-01-01,10,80,1391600,916400,1059
932,2022-01-01,2,465,14381300,8635900,17833
933,2022-01-01,37,49,468600,316400,263
934,2022-01-01,79,2,2200,1700,0
935,2022-01-01,15,117,1766200,1209600,522
936,2022-01-01,1,332,13353700,7940900,40412
937,2022-01-01,50,50,313800,207100,30
938,2022-01-01,66,7,53000,39900,0
939,2022-01-01,57,13,154500,101500,143
940,2022-01-01,56,33,214000,148300,19
941,2022-01-01,9,207,2712000,1723500,2155
942,2022-01-01,60,42,241800,170200,894
943,2022-01-01,55,12,155900,106500,0
944,2022-01-01,24,73,613600,409200,149
945,2022-01-01,84,1,1700,1300,0
946,2022-01-01,77,7,30800,24300,0
947,2022-01-01,62,78,189500,140100,0
948,2022-01-01,33,98,1037900,711600,669
949,2022-01-01,38,70,659100,365900,503
950,2022-01-01,74,36,265400,189900,56
951,2022-01-01,20,80,1077200,697000,0
952,2022-01-01,19,109,1159500,759900,683
953,2022-01-01,22,100,422400,311100,341
954,2022-01-01,76,2,5900,4300,0
955,2022-01-01,54,20,172400,118600,216
956,2022-01-01,47,25,239300,171600,230
957,2022-01-01,11,241,2921100,1918700,4632
958,2022-01-01,80,2,23400,16600,0
959,2022-01-01,71,22,147600,100200,0
960,2022-01-01,75,19,125500,100000,1
961,2022-01-01,52,10,192300,126800,95
962,2022-01-01,72,14,130800,92800,38
963,2022-01-01,17,92,1631200,1054900,1576
964,2022-01-01,21,61,978000,648600,182
965,2022-01-01,16,164,1503100,982400,1582
966,2022-01-01,5,153,1996500,1366300,1212
967,2022-01-01,32,57,605300,422100,26
968,2022-01-01,41,51,595400,404900,0
969,2022-01-01,73,1,108000,54200,280
970,2022-01-01,6,154,2421600,1525000,832
971,2022-01-01,4,532,5488300,3697500,2049
972,2022-01-01,67,20,165100,111100,1
973,2022-01-01,39,35,456500,290700,479
974,2022-01-01,45,37,407600,279600,305
975,2022-01-01,70,8,50200,40600,67
976,2022-01-01,23,97,1077100,710100,776
977,2022-01-01,28,67,794700,518100,354
978,2022-01-01,13,194,1802000,1204800,2282
979,2022-01-01,30,104,750700,504000,288
980,2022-01-01,44,57,369700,204200,481
981,2022-01-01,61,4,75200,56400,0
982,2022-01-01,36,43,375400,253300,152
983,2022-01-01,40,48,314300,219200,79
984,2022-01-01,64,28,186200,121400,134
985,2022-01-01,69,7,118200,77400,0
986,2022-01-01,12,134,1664900,1060200,868
987,2022-01-01,31,71,575400,405300,0
988,2022-01-01,43,57,596000,408200,480
989,2022-01-01,7,158,3259200,2105400,4180
990,2022-01-01,3,612,13224100,8679700,7120
991,2022-01-01,49,36,313100,210800,106
992,2022-01-01,63,12,130800,86400,0
993,2022-01-01,8,331,3090900,1857400,3447
994,2022-01-01,53,21,180300,127400,8
995,2022-01-01,83,4,42200,25800,53
996,2022-01-01,46,85,586600,427500,262
997,2022-02-01,38,72,674600,376700,503
998,2022-02-01,55,14,171500,117900,0
999,2022-02-01,19,117,1252200,815700,763
1000,2022-02-01,4,552,5861100,3939800,2139
1001,2022-02-01,48,47,341800,234100,4
1002,2022-02-01,14,39,792600,514900,298
1003,2022-02-01,83,4,42200,25800,53
1004,2022-02-01,36,49,406700,275800,152
1005,2022-02-01,45,39,429200,293400,305
1006,2022-02-01,5,167,2217100,1514900,1212
1007,2022-02-01,61,4,75200,56400,0
1008,2022-02-01,39,38,494300,321500,631
1009,2022-02-01,72,14,130800,92800,38
1010,2022-02-01,16,181,1608900,1047400,1719
1011,2022-02-01,66,7,53000,39900,0
1012,2022-02-01,26,76,1014900,658900,464
1013,2022-02-01,70,9,53100,42900,67
1014,2022-02-01,49,41,370000,244800,214
1015,2022-02-01,17,98,1682200,1090000,1576
1016,2022-02-01,25,172,821700,592700,151
1017,2022-02-01,41,54,665400,450700,0
1018,2022-02-01,32,60,643500,448700,26
1019,2022-02-01,43,62,631200,433500,480
1020,2022-02-01,12,139,1747600,1110600,1083
1021,2022-02-01,20,90,1138100,731300,0
1022,2022-02-01,9,228,3100700,1959000,2199
1023,2022-02-01,21,67,1106800,739200,227
1024,2022-02-01,79,2,2200,1700,0
1025,2022-02-01,57,14,171600,114100,143
1026,2022-02-01,42,111,692000,394300,30
1027,2022-02-01,52,11,204800,134400,95
1028,2022-02-01,7,167,3434100,2221500,4486
1029,2022-02-01,6,183,2677600,1691300,900
1030,2022-02-01,30,139,833000,564100,288
1031,2022-02-01,69,7,118200,77400,0
1032,2022-02-01,80,2,23400,16600,0
1033,2022-02-01,40,60,416200,274100,99
1034,2022-02-01,67,23,202400,135300,1
1035,2022-02-01,56,33,214000,148300,19
1036,2022-02-01,63,13,136900,90000,0
1037,2022-02-01,15,128,1985200,1363100,522
1038,2022-02-01,54,28,215600,150700,216
1039,2022-02-01,73,1,108000,54200,280
1040,2022-02-01,29,59,875300,542800,1757
1041,2022-02-01,8,364,3488900,2100700,3982
1042,2022-02-01,37,50,478500,324500,263
1043,2022-02-01,71,23,150200,101800,0
1044,2022-02-01,24,90,690800,468100,149
1045,2022-02-01,18,145,2131400,1423600,29
1046,2022-02-01,44,62,418900,230700,580
1047,2022-02-01,22,103,438700,320400,341
1048,2022-02-01,76,2,5900,4300,0
1049,2022-02-01,53,21,180300,127400,8
1050,2022-02-01,58,26,248800,181200,0
1051,2022-02-01,46,86,590800,430800,262
1052,2022-02-01,27,79,1182600,757200,1424
1053,2022-02-01,10,105,1933500,1176100,1455
1054,2022-02-01,1,349,13896800,8280400,41984
1055,2022-02-01,50,52,322600,212800,30
1056,2022-02-01,60,44,246000,173100,894
1057,2022-02-01,74,37,270600,193400,56
1058,2022-02-01,64,33,226100,150700,134
1059,2022-02-01,13,214,2122700,1414800,2354
1060,2022-02-01,28,69,828400,541100,354
1061,2022-02-01,65,69,314800,208300,124
1062,2022-02-01,35,38,539600,340400,420
1063,2022-02-01,59,41,361700,279700,212
1064,2022-02-01,47,28,279100,199300,286
1065,2022-02-01,31,81,652300,458300,0
1066,2022-02-01,2,502,15782700,9446900,20711
1067,2022-02-01,84,1,1700,1300,0
1068,2022-02-01,51,40,298000,203400,0
1069,2022-02-01,33,111,1173200,814500,790
1070,2022-02-01,3,657,14625000,9546300,9038
1071,2022-02-01,62,86,200800,149300,0
1072,2022-02-01,68,8,103700,64800,68
1073,2022-02-01,77,7,30800,24300,0
1074,2022-02-01,34,94,558300,388800,92
1075,2022-02-01,11,256,2998700,1974100,4634
1076,2022-02-01,75,21,155600,122400,1
1077,2022-02-01,23,106,1190600,784500,840
1078,2022-03-01,25,178,864800,622200,151
1079,2022-03-01,51,41,302700,207000,0
1080,2022-03-01,18,150,2168700,1451500,29
1081,2022-03-01,32,63,714300,488500,156
1082,2022-03-01,22,104,451500,328400,341
1083,2022-03-01,39,41,523800,340100,735
1084,2022-03-01,5,174,2248400,1537600,1212
1085,2022-03-01,42,114,713700,410200,30
1086,2022-03-01,50,53,345500,228700,30
1087,2022-03-01,31,82,656800,460800,0
1088,2022-03-01,69,7,118200,77400,0
1089,2022-03-01,64,33,226100,150700,134
1090,2022-03-01,74,37,270600,193400,56
1091,2022-03-01,52,11,204800,134400,95
1092,2022-03-01,66,8,55000,41700,0
1093,2022-03-01,3,757,15916700,10406100,10138
1094,2022-03-01,43,62,631200,433500,480
1095,2022-03-01,46,90,623000,456200,262
1096,2022-03-01,71,27,180800,122400,0
1097,2022-03-01,14,42,881100,566900,496
1098,2022-03-01,80,2,23400,16600,0
1099,2022-03-01,75,22,171200,133800,1
1100,2022-03-01,29,60,891500,554300,1757
1101,2022-03-01,10,114,2045900,1255100,1455
1102,2022-03-01,56,36,233200,160700,19
1103,2022-03-01,70,9,53100,42900,67
1104,2022-03-01,76,2,5900,4300,0
1105,2022-03-01,57,19,244800,168200,143
1106,2022-03-01,67,23,202400,135300,1
1107,2022-03-01,77,8,34600,26900,0
1108,2022-03-01,7,168,3444000,2228400,4486
1109,2022-03-01,53,26,222200,155900,8
1110,2022-03-01,8,419,3752600,2267400,4376
1111,2022-03-01,34,100,589400,409600,92
1112,2022-03-01,49,42,376200,249200,214
1113,2022-03-01,72,14,130800,92800,38
1114,2022-03-01,2,517,16188500,9679300,21254
1115,2022-03-01,36,56,452800,308400,182
1116,2022-03-01,83,4,42200,25800,53
1117,2022-03-01,41,59,735800,497300,0
1118,2022-03-01,79,2,2200,1700,0
1119,2022-03-01,11,306,3475500,2271400,4796
1120,2022-03-01,55,14,171500,117900,0
1121,2022-03-01,17,108,1782600,1158400,1656
1122,2022-03-01,6,224,2963400,1881900,1219
1123,2022-03-01,27,84,1248200,801900,1464
1124,2022-03-01,65,74,337400,221800,124
1125,2022-03-01,38,77,722900,407800,503
1126,2022-03-01,35,38,539600,340400,420
1127,2022-03-01,13,215,2161800,1432400,2527
1128,2022-03-01,63,14,146800,96500,0
1129,2022-03-01,84,1,1700,1300,0
1130,2022-03-01,58,32,270000,197300,0
1131,2022-03-01,1,370,14664500,8741500,45010
1132,2022-03-01,40,62,432500,284700,99
1133,2022-03-01,9,234,3213500,2018800,2199
1134,2022-03-01,20,93,1142600,735300,0
1135,2022-03-01,37,51,504700,338600,312
1136,2022-03-01,47,29,283300,201900,286
1137,2022-03-01,28,77,901700,593000,354
1138,2022-03-01,44,64,442900,248900,580
1139,2022-03-01,73,2,109400,55400,280
1140,2022-03-01,26,78,1045400,681100,464
1141,2022-03-01,15,142,2194300,1505200,901
1142,2022-03-01,61,4,75200,56400,0
1143,2022-03-01,62,87,206800,153600,0
1144,2022-03-01,30,140,839600,569600,288
1145,2022-03-01,45,40,434500,297000,305
1146,2022-03-01,21,77,1230000,823900,227
1147,2022-03-01,33,116,1252500,874200,790
1148,2022-03-01,54,30,225100,157000,216
1149,2022-03-01,68,9,124400,76600,68
1150,2022-03-01,60,45,247300,174000,894
1151,2022-03-01,4,580,6428200,4313000,2581
1152,2022-03-01,12,158,2079200,1335000,1121
1153,2022-03-01,19,122,1280900,835000,763
1154,2022-03-01,24,95,720000,489700,149
1155,2022-03-01,59,41,361700,279700,212
1156,2022-03-01,16,192,1677800,1093700,1719
1157,2022-03-01,48,48,350800,239000,42
1158,2022-03-01,23,107,1204700,794200,840
1159,2022-04-01,45,41,439700,300600,305
1160,2022-04-01,57,22,275900,186600,143
1161,2022-04-01,51,44,312900,213900,0
1162,2022-04-01,17,112,1831600,1192200,1670
1163,2022-04-01,41,73,1028400,684700,31
1164,2022-04-01,76,2,5900,4300,0
1165,2022-04-01,69,7,118200,77400,0
1166,2022-04-01,1,424,16329900,9808500,48430
1167,2022-04-01,36,72,589800,426200,245
1168,2022-04-01,32,65,737200,499900,156
1169,2022-04-01,19,128,1334900,873800,811
1170,2022-04-01,70,10,76200,56800,67
1171,2022-04-01,54,37,298300,207500,240
1172,2022-04-01,46,97,657200,481900,308
1173,2022-04-01,75,23,183700,142100,1
1174,2022-04-01,59,41,361700,279700,212
1175,2022-04-01,37,54,518600,347200,312
1176,2022-04-01,66,9,57000,43500,0
1177,2022-04-01,16,219,1862600,1209000,1823
1178,2022-04-01,4,743,7025300,4727300,2819
1179,2022-04-01,72,14,130800,92800,38
1180,2022-04-01,55,49,681000,465300,0
1181,2022-04-01,20,100,1244300,804000,0
1182,2022-04-01,40,68,515600,336200,216
1183,2022-04-01,15,147,2237200,1535100,901
1184,2022-04-01,3,799,16613500,10897600,10334
1185,2022-04-01,24,100,856500,581200,149
1186,2022-04-01,10,122,2165800,1334000,1455
1187,2022-04-01,68,10,151000,92500,68
1188,2022-04-01,23,119,1295700,860800,840
1189,2022-04-01,9,240,3304400,2072800,2354
1190,2022-04-01,47,29,283300,201900,286
1191,2022-04-01,65,82,387800,257500,135
1192,2022-04-01,6,245,3153900,1994500,1326
1193,2022-04-01,62,91,217100,161100,22
1194,2022-04-01,80,2,23400,16600,0
1195,2022-04-01,67,24,213300,142500,1
1196,2022-04-01,60,49,263600,187200,894
1197,2022-04-01,43,67,700200,478900,480
1198,2022-04-01,42,117,737800,427200,30
1199,2022-04-01,50,60,381800,254700,51
1200,2022-04-01,53,38,294000,205200,70
1201,2022-04-01,84,1,1700,1300,0
1202,2022-04-01,39,52,593600,389300,735
1203,2022-04-01,64,34,230500,153800,134
1204,2022-04-01,5,181,2379700,1627000,1212
1205,2022-04-01,28,82,951900,628400,354
1206,2022-04-01,27,87,1293300,832000,1506
1207,2022-04-01,7,186,3765100,2432000,4861
1208,2022-04-01,56,36,233200,160700,19
1209,2022-04-01,34,101,598200,415900,92
1210,2022-04-01,48,49,355500,242600,42
1211,2022-04-01,31,88,702300,490600,0
1212,2022-04-01,21,81,1331000,891800,227
1213,2022-04-01,71,27,180800,122400,0
1214,2022-04-01,18,168,2453800,1648300,54
1215,2022-04-01,12,162,2175000,1407900,1121
1216,2022-04-01,11,397,3701000,2431800,5027
1217,2022-04-01,44,69,502800,292500,580
1218,2022-04-01,29,60,891500,554300,1757
1219,2022-04-01,49,44,396100,261300,214
1220,2022-04-01,61,4,75200,56400,0
1221,2022-04-01,33,121,1289800,901600,790
1222,2022-04-01,13,222,2264300,1518400,2645
1223,2022-04-01,22,105,461700,335900,341
1224,2022-04-01,25,211,890400,641300,195
1225,2022-04-01,35,43,609100,386700,420
1226,2022-04-01,63,16,164800,110300,18
1227,2022-04-01,26,82,1109500,721500,588
1228,2022-04-01,74,37,270600,193400,56
1229,2022-04-01,58,36,303000,219300,84
1230,2022-04-01,73,2,109400,55400,280
1231,2022-04-01,79,2,2200,1700,0
1232,2022-04-01,8,468,4047500,2450000,4494
1233,2022-04-01,77,9,41600,31300,18
1234,2022-04-01,14,50,1086800,703400,496
1235,2022-04-01,2,540,17244000,10241000,25499
1236,2022-04-01,38,83,789100,456700,610
1237,2022-04-01,30,147,909000,613700,365
1238,2022-04-01,52,12,237000,155000,95
1239,2022-04-01,83,4,42200,25800,53
1240,2022-05-01,77,9,41600,31300,18
1241,2022-05-01,73,2,109400,55400,280
1242,2022-05-01,31,93,751300,524300,0
1243,2022-05-01,35,52,696400,449100,693
1244,2022-05-01,58,39,374500,265200,84
1245,2022-05-01,25,257,928300,672600,195
1246,2022-05-01,52,13,246200,161600,95
1247,2022-05-01,65,84,403800,269600,135
1248,2022-05-01,18,207,2582700,1750300,54
1249,2022-05-01,44,72,531600,311200,640
1250,2022-05-01,83,5,51000,32500,53
1251,2022-05-01,14,52,1129900,727900,562
1252,2022-05-01,79,2,2200,1700,0
1253,2022-05-01,39,56,602600,397000,735
1254,2022-05-01,57,23,288600,198300,143
1255,2022-05-01,10,146,2536300,1584500,1679
1256,2022-05-01,27,89,1336900,860100,1522
1257,2022-05-01,34,106,676300,470800,92
1258,2022-05-01,24,107,902000,614700,149
1259,2022-05-01,22,108,509600,367300,415
1260,2022-05-01,69,7,118200,77400,0
1261,2022-05-01,3,833,17457600,11176700,10500
1262,2022-05-01,47,30,297600,213200,345
1263,2022-05-01,50,61,393800,263400,106
1264,2022-05-01,70,12,85400,63700,67
1265,2022-05-01,1,467,17707400,10695600,52347
1266,2022-05-01,30,154,954900,644600,365
1267,2022-05-01,66,13,93600,69700,0
1268,2022-05-01,48,51,366900,250100,42
1269,2022-05-01,42,123,772900,451100,60
1270,2022-05-01,36,84,665200,472100,267
1271,2022-05-01,32,67,752400,510900,156
1272,2022-05-01,80,2,23400,16600,0
1273,2022-05-01,56,37,241600,165600,19
1274,2022-05-01,8,493,4272400,2547000,4655
1275,2022-05-01,54,38,305300,212000,272
1276,2022-05-01,45,43,449800,307800,305
1277,2022-05-01,4,879,7686200,5130900,4534
1278,2022-05-01,19,135,1421100,932500,811
1279,2022-05-01,68,10,151000,92500,68
1280,2022-05-01,46,101,687300,505100,308
1281,2022-05-01,23,122,1316400,873200,901
1282,2022-05-01,55,49,681000,465300,0
1283,2022-05-01,72,15,146000,103300,38
1284,2022-05-01,59,46,401900,309700,212
1285,2022-05-01,6,266,3448200,2183500,1394
1286,2022-05-01,67,24,213300,142500,1
1287,2022-05-01,62,96,223000,166500,22
1288,2022-05-01,29,60,891500,554300,1757
1289,2022-05-01,60,55,294500,208900,894
1290,2022-05-01,28,83,962400,634300,354
1291,2022-05-01,41,85,1149100,762100,31
1292,2022-05-01,37,55,520900,349000,312
1293,2022-05-01,63,18,174600,117200,18
1294,2022-05-01,15,162,2520300,1718800,1125
1295,2022-05-01,76,2,5900,4300,0
1296,2022-05-01,71,31,216500,146000,0
1297,2022-05-01,2,545,17549800,10389400,26487
1298,2022-05-01,26,89,1162900,762700,588
1299,2022-05-01,64,34,230500,153800,134
1300,2022-05-01,11,409,3816800,2507700,5055
1301,2022-05-01,20,104,1292100,834300,0
1302,2022-05-01,75,24,205100,156400,1
1303,2022-05-01,53,38,294000,205200,70
1304,2022-05-01,33,125,1333700,933100,873
1305,2022-05-01,74,37,270600,193400,56
1306,2022-05-01,7,197,3940900,2540700,5185
1307,2022-05-01,61,4,75200,56400,0
1308,2022-05-01,43,68,702600,480500,480
1309,2022-05-01,13,243,2648800,1765200,2645
1310,2022-05-01,17,124,1963500,1276100,1779
1311,2022-05-01,51,44,312900,213900,0
1312,2022-05-01,5,191,2498700,1709100,1302
1313,2022-05-01,49,46,403200,266400,214
1314,2022-05-01,16,231,1990700,1289300,1823
1315,2022-05-01,21,81,1331000,891800,227
1316,2022-05-01,38,84,793600,460300,610
1317,2022-05-01,40,69,530100,347300,228
1318,2022-05-01,84,1,1700,1300,0
1319,2022-05-01,9,257,3493200,2206800,2646
1320,2022-05-01,12,166,2210600,1432800,1139
1321,2022-06-01,52,13,246200,161600,95
1322,2022-06-01,33,125,1333700,933100,873
1323,2022-06-01,56,37,241600,165600,19
1324,2022-06-01,6,270,3634800,2290000,1394
1325,2022-06-01,70,13,87900,65600,67
1326,2022-06-01,64,35,241100,160900,134
1327,2022-06-01,43,71,741300,501300,480
1328,2022-06-01,55,50,689300,471100,0
1329,2022-06-01,1,487,18195800,10995100,54341
1330,2022-06-01,60,58,316500,226100,894
1331,2022-06-01,14,54,1191100,767700,562
1332,2022-06-01,15,173,2672900,1828500,1153
1333,2022-06-01,39,60,619600,409200,735
1334,2022-06-01,40,73,573600,378700,228
1335,2022-06-01,61,5,89400,66700,0
1336,2022-06-01,17,133,2092900,1360300,1864
1337,2022-06-01,35,52,696400,449100,693
1338,2022-06-01,79,2,2200,1700,0
1339,2022-06-01,36,85,670500,475000,292
1340,2022-06-01,31,97,805500,560400,0
1341,2022-06-01,75,26,212900,159900,1
1342,2022-06-01,68,10,151000,92500,68
1343,2022-06-01,26,89,1162900,762700,588
1344,2022-06-01,25,265,990600,715200,244
1345,2022-06-01,16,251,2098700,1355400,1893
1346,2022-06-01,22,114,594300,427100,415
1347,2022-06-01,29,67,985300,615000,1954
1348,2022-06-01,57,23,288600,198300,143
1349,2022-06-01,37,62,548100,371300,312
1350,2022-06-01,28,84,982400,650600,354
1351,2022-06-01,72,16,151600,107100,38
1352,2022-06-01,12,172,2302900,1497300,1195
1353,2022-06-01,83,5,51000,32500,53
1354,2022-06-01,8,542,4653200,2752500,4800
1355,2022-06-01,5,197,2583100,1767500,1424
1356,2022-06-01,38,86,804500,467400,610
1357,2022-06-01,73,2,109400,55400,280
1358,2022-06-01,20,113,1426600,918000,0
1359,2022-06-01,80,2,23400,16600,0
1360,2022-06-01,34,109,711400,493300,92
1361,2022-06-01,53,39,305900,213000,70
1362,2022-06-01,18,219,2693900,1826200,208
1363,2022-06-01,24,113,947200,645800,149
1364,2022-06-01,2,557,18261000,10823400,28482
1365,2022-06-01,59,46,401900,309700,212
1366,2022-06-01,41,88,1189300,785600,31
1367,2022-06-01,54,39,351800,242100,272
1368,2022-06-01,77,9,41600,31300,18
1369,2022-06-01,21,90,1477200,976100,318
1370,2022-06-01,46,104,705100,518300,338
1371,2022-06-01,9,272,3807500,2414900,2755
1372,2022-06-01,45,45,462000,315900,305
1373,2022-06-01,76,2,5900,4300,0
1374,2022-06-01,66,50,152500,114900,0
1375,2022-06-01,71,31,216500,146000,0
1376,2022-06-01,50,61,393800,263400,106
1377,2022-06-01,19,141,1453500,957600,811
1378,2022-06-01,84,1,1700,1300,0
1379,2022-06-01,69,7,118200,77400,0
1380,2022-06-01,65,86,411100,274800,135
1381,2022-06-01,58,39,374500,265200,84
1382,2022-06-01,13,248,2700900,1799800,2771
1383,2022-06-01,62,100,242400,182200,22
1384,2022-06-01,30,161,1046400,697600,486
1385,2022-06-01,47,31,315600,224400,403
1386,2022-06-01,10,150,2668700,1659900,1679
1387,2022-06-01,63,18,174600,117200,18
1388,2022-06-01,48,51,366900,250100,42
1389,2022-06-01,11,419,4171400,2704200,7079
1390,2022-06-01,67,24,213300,142500,1
1391,2022-06-01,3,854,17730300,11360200,10500
1392,2022-06-01,42,125,775700,453500,60
1393,2022-06-01,49,47,411900,272500,214
1394,2022-06-01,27,92,1382300,889000,1603
1395,2022-06-01,51,53,406700,285800,0
1396,2022-06-01,74,38,276000,196900,56
1397,2022-06-01,7,202,3974600,2561500,5185
1398,2022-06-01,23,127,1378600,905000,1121
1399,2022-06-01,32,67,752400,510900,156
1400,2022-06-01,4,932,7969000,5324400,4534
1401,2022-06-01,44,75,542000,318500,640
1402,2022-07-01,73,2,109400,55400,280
1403,2022-07-01,39,61,622100,410900,735
1404,2022-07-01,42,127,777400,455100,60
1405,2022-07-01,2,557,18261000,10823400,28482
1406,2022-07-01,69,7,118200,77400,0
1407,2022-07-01,44,75,542000,318500,640
1408,2022-07-01,1,526,19838400,11742700,58576
1409,2022-07-01,25,265,990600,715200,244
1410,2022-07-01,9,280,3953200,2513000,2755
1411,2022-07-01,6,273,3695200,2330700,1394
1412,2022-07-01,80,2,23400,16600,0
1413,2022-07-01,18,227,2796200,1901800,208
1414,2022-07-01,19,141,1453500,957600,811
1415,2022-07-01,31,101,821300,571900,0
1416,2022-07-01,22,117,606000,437800,418
1417,2022-07-01,64,35,241100,160900,134
1418,2022-07-01,11,424,4231600,2738300,7241
1419,2022-07-01,34,110,732100,505500,92
1420,2022-07-01,23,131,1398000,915700,1121
1421,2022-07-01,60,59,319200,228400,894
1422,2022-07-01,65,87,423700,283000,135
1423,2022-07-01,35,53,705600,454800,693
1424,2022-07-01,28,86,1004000,665600,354
1425,2022-07-01,79,2,2200,1700,0
1426,2022-07-01,61,5,89400,66700,0
1427,2022-07-01,30,162,1060000,706200,486
1428,2022-07-01,74,38,276000,196900,56
1429,2022-07-01,38,88,834400,485300,610
1430,2022-07-01,68,11,164000,99700,68
1431,2022-07-01,75,27,219100,164300,1
1432,2022-07-01,58,39,374500,265200,84
1433,2022-07-01,17,133,2092900,1360300,1864
1434,2022-07-01,3,879,18624200,11921500,12461
1435,2022-07-01,26,92,1185100,778900,588
1436,2022-07-01,49,49,427600,287900,214
1437,2022-07-01,59,46,401900,309700,212
1438,2022-07-01,41,88,1189300,785600,31
1439,2022-07-01,47,31,315600,224400,403
1440,2022-07-01,46,106,726400,532000,338
1441,2022-07-01,10,151,2679700,1668100,1679
1442,2022-07-01,8,557,4787400,2833400,5082
1443,2022-07-01,55,50,689300,471100,0
1444,2022-07-01,62,101,245100,183900,22
1445,2022-07-01,14,54,1191100,767700,562
1446,2022-07-01,70,13,87900,65600,67
1447,2022-07-01,67,25,218200,145300,1
1448,2022-07-01,51,54,418200,294900,0
1449,2022-07-01,20,113,1426600,918000,0
1450,2022-07-01,7,208,4092900,2628900,5569
1451,2022-07-01,56,37,241600,165600,19
1452,2022-07-01,16,253,2131100,1373000,1979
1453,2022-07-01,43,74,756300,512000,480
1454,2022-07-01,66,53,214900,131400,3
1455,2022-07-01,4,936,8056400,5383400,4534
1456,2022-07-01,13,257,2774200,1849000,2771
1457,2022-07-01,37,62,548100,371300,312
1458,2022-07-01,21,90,1477200,976100,318
1459,2022-07-01,45,45,462000,315900,305
1460,2022-07-01,32,72,800200,546700,156
1461,2022-07-01,71,31,216500,146000,0
1462,2022-07-01,5,205,2692200,1836000,1536
1463,2022-07-01,84,1,1700,1300,0
1464,2022-07-01,77,9,41600,31300,18
1465,2022-07-01,24,113,947200,645800,149
1466,2022-07-01,76,2,5900,4300,0
1467,2022-07-01,48,58,434100,303000,42
1468,2022-07-01,40,73,573600,378700,228
1469,2022-07-01,57,24,292200,200400,143
1470,2022-07-01,33,125,1333700,933100,873
1471,2022-07-01,52,13,246200,161600,95
1472,2022-07-01,36,86,681500,483200,292
1473,2022-07-01,54,40,356100,245000,272
1474,2022-07-01,15,173,2672900,1828500,1153
1475,2022-07-01,83,5,51000,32500,53
1476,2022-07-01,27,92,1382300,889000,1603
1477,2022-07-01,50,61,393800,263400,106
1478,2022-07-01,29,68,989500,618200,1954
1479,2022-07-01,53,39,305900,213000,70
1480,2022-07-01,72,16,151600,107100,38
1481,2022-07-01,63,18,174600,117200,18
1482,2022-07-01,12,172,2302900,1497300,1195
1483,2022-08-01,26,92,1185100,778900,588
1484,2022-08-01,76,2,5900,4300,0
1485,2022-08-01,57,25,299300,205200,143
1486,2022-08-01,29,68,989500,618200,1954
1487,2022-08-01,53,39,305900,213000,70
1488,2022-08-01,75,27,219100,164300,1
1489,2022-08-01,25,267,1003500,724700,244
1490,2022-08-01,33,125,1333700,933100,873
1491,2022-08-01,22,118,608000,439500,418
1492,2022-08-01,67,25,218200,145300,1
1493,2022-08-01,58,39,374500,265200,84
1494,2022-08-01,50,62,399400,266600,106
1495,2022-08-01,59,46,401900,309700,212
1496,2022-08-01,1,529,20250000,11913000,60719
1497,2022-08-01,41,88,1189300,785600,31
1498,2022-08-01,32,72,800200,546700,156
1499,2022-08-01,72,16,151600,107100,38
1500,2022-08-01,66,54,219700,135500,3
1501,2022-08-01,38,88,834400,485300,610
1502,2022-08-01,80,2,23400,16600,0
1503,2022-08-01,8,559,4817300,2851600,5158
1504,2022-08-01,2,559,18315200,10853700,28608
1505,2022-08-01,11,424,4231600,2738300,7241
1506,2022-08-01,5,205,2692200,1836000,1536
1507,2022-08-01,23,132,1407900,921800,1121
1508,2022-08-01,15,173,2672900,1828500,1153
1509,2022-08-01,77,9,41600,31300,18
1510,2022-08-01,73,2,109400,55400,280
1511,2022-08-01,65,87,423700,283000,135
1512,2022-08-01,61,6,106700,80400,0
1513,2022-08-01,14,54,1191100,767700,562
1514,2022-08-01,56,37,241600,165600,19
1515,2022-08-01,43,76,778400,523000,480
1516,2022-08-01,55,50,689300,471100,0
1517,2022-08-01,12,172,2302900,1497300,1195
1518,2022-08-01,4,940,8148300,5449700,4534
1519,2022-08-01,37,62,548100,371300,312
1520,2022-08-01,70,13,87900,65600,67
1521,2022-08-01,62,101,245100,183900,22
1522,2022-08-01,64,35,241100,160900,134
1523,2022-08-01,18,229,2811200,1913500,208
1524,2022-08-01,31,101,821300,571900,0
1525,2022-08-01,63,18,174600,117200,18
1526,2022-08-01,28,86,1004000,665600,354
1527,2022-08-01,40,73,573600,378700,228
1528,2022-08-01,24,118,996900,677100,149
1529,2022-08-01,3,883,18677300,11955600,12461
1530,2022-08-01,69,7,118200,77400,0
1531,2022-08-01,9,286,4045800,2576300,2755
1532,2022-08-01,52,13,246200,161600,95
1533,2022-08-01,42,128,780300,457300,62
1534,2022-08-01,46,106,726400,532000,338
1535,2022-08-01,13,258,2776900,1851000,2771
1536,2022-08-01,27,92,1382300,889000,1603
1537,2022-08-01,48,59,436700,304600,42
1538,2022-08-01,68,11,164000,99700,68
1539,2022-08-01,10,151,2679700,1668100,1679
1540,2022-08-01,49,49,427600,287900,214
1541,2022-08-01,16,255,2146100,1383700,1979
1542,2022-08-01,20,115,1469400,940700,69
1543,2022-08-01,71,31,216500,146000,0
1544,2022-08-01,84,1,1700,1300,0
1545,2022-08-01,74,38,276000,196900,56
1546,2022-08-01,79,2,2200,1700,0
1547,2022-08-01,39,62,640300,424300,735
1548,2022-08-01,51,54,418200,294900,0
1549,2022-08-01,17,134,2096000,1361800,1864
1550,2022-08-01,6,274,3719400,2348600,1394
1551,2022-08-01,19,142,1454700,958600,811
1552,2022-08-01,34,110,732100,505500,92
1553,2022-08-01,21,96,1595400,1056300,443
1554,2022-08-01,30,162,1060000,706200,486
1555,2022-08-01,35,53,705600,454800,693
1556,2022-08-01,45,45,462000,315900,305
1557,2022-08-01,60,61,326000,233300,894
1558,2022-08-01,36,88,703100,498800,310
1559,2022-08-01,7,210,4170200,2669000,5765
1560,2022-08-01,54,42,460900,262300,298
1561,2022-08-01,83,5,51000,32500,53
1562,2022-08-01,47,31,315600,224400,403
1563,2022-08-01,44,75,542000,318500,640
1564,2022-09-01,6,292,3960200,2500000,1394
1565,2022-09-01,28,97,1047900,697800,354
1566,2022-09-01,36,98,822600,579900,374
1567,2022-09-01,53,42,329500,231200,70
1568,2022-09-01,76,3,9300,6400,0
1569,2022-09-01,2,615,19316400,11469600,29250
1570,2022-09-01,63,21,207100,140400,18
1571,2022-09-01,52,14,256500,168200,95
1572,2022-09-01,48,67,512300,355800,42
1573,2022-09-01,54,46,511300,297500,298
1574,2022-09-01,29,79,1105900,685300,2246
1575,2022-09-01,16,281,2397100,1549600,2495
1576,2022-09-01,56,53,340100,230700,28
1577,2022-09-01,8,644,5355300,3184700,5844
1578,2022-09-01,3,964,20498200,13143300,13426
1579,2022-09-01,14,57,1288500,831300,586
1580,2022-09-01,79,2,2200,1700,0
1581,2022-09-01,33,140,1504200,1058500,1032
1582,2022-09-01,66,54,219700,135500,3
1583,2022-09-01,70,14,94500,70600,67
1584,2022-09-01,80,2,23400,16600,0
1585,2022-09-01,71,39,269400,183000,0
1586,2022-09-01,58,43,406000,284500,84
1587,2022-09-01,47,35,347000,245700,461
1588,2022-09-01,84,1,1700,1300,0
1589,2022-09-01,19,159,1674700,1108500,880
1590,2022-09-01,41,93,1239700,820900,31
1591,2022-09-01,20,125,1616400,1035100,162
1592,2022-09-01,39,70,723900,474200,1040
1593,2022-09-01,15,195,2974800,2028300,1186
1594,2022-09-01,7,239,4738600,3033200,6428
1595,2022-09-01,35,67,942300,610800,797
1596,2022-09-01,1,672,22473600,13290200,66745
1597,2022-09-01,72,19,170100,120800,38
1598,2022-09-01,11,466,4932100,3189600,8061
1599,2022-09-01,55,54,737900,505000,0
1600,2022-09-01,4,983,8874400,5945000,4700
1601,2022-09-01,42,140,837800,498600,77
1602,2022-09-01,67,51,409500,240300,69
1603,2022-09-01,75,30,244600,182600,1
1604,2022-09-01,12,195,2549600,1667000,1755
1605,2022-09-01,24,127,1028200,698200,149
1606,2022-09-01,23,143,1544200,1013500,1247
1607,2022-09-01,73,3,110900,56600,280
1608,2022-09-01,13,306,3192700,2097600,3243
1609,2022-09-01,32,83,896500,614400,156
1610,2022-09-01,64,41,292500,195300,134
1611,2022-09-01,46,123,827100,607700,349
1612,2022-09-01,45,52,543400,373800,317
1613,2022-09-01,44,85,658200,393500,670
1614,2022-09-01,49,52,462800,308600,279
1615,2022-09-01,38,92,890400,520000,658
1616,2022-09-01,83,5,51000,32500,53
1617,2022-09-01,57,28,381800,243700,740
1618,2022-09-01,10,170,2994400,1859100,2535
1619,2022-09-01,62,112,312700,230100,22
1620,2022-09-01,37,70,644400,440800,325
1621,2022-09-01,60,63,333100,239000,894
1622,2022-09-01,25,273,1047800,755900,244
1623,2022-09-01,22,135,780000,562600,588
1624,2022-09-01,65,96,491500,331500,135
1625,2022-09-01,40,78,614500,406700,245
1626,2022-09-01,26,106,1269200,832300,767
1627,2022-09-01,27,110,1616800,1051900,1677
1628,2022-09-01,51,60,475100,336900,0
1629,2022-09-01,77,10,46800,35000,18
1630,2022-09-01,31,102,827600,576300,0
1631,2022-09-01,43,81,818600,549300,519
1632,2022-09-01,30,187,1162900,776600,486
1633,2022-09-01,69,7,118200,77400,0
1634,2022-09-01,59,50,435100,331700,212
1635,2022-09-01,17,146,2242300,1458000,1933
1636,2022-09-01,61,7,113700,85900,0
1637,2022-09-01,5,224,2940900,2003700,1703
1638,2022-09-01,34,117,806100,549300,92
1639,2022-09-01,9,304,4270300,2723000,3615
1640,2022-09-01,21,109,1786000,1180100,614
1641,2022-09-01,18,247,3009900,2049000,231
1642,2022-09-01,68,13,228800,139300,99
1643,2022-09-01,50,63,414200,276000,106
1644,2022-09-01,74,42,324300,228300,56
1645,2022-10-01,62,117,326600,239600,22
1646,2022-10-01,27,117,1699200,1106100,1745
1647,2022-10-01,73,3,110900,56600,280
1648,2022-10-01,6,296,3980800,2514200,1394
1649,2022-10-01,22,140,801300,580700,588
1650,2022-10-01,25,285,1134500,813300,244
1651,2022-10-01,31,107,862900,602900,0
1652,2022-10-01,59,50,435100,331700,212
1653,2022-10-01,40,81,636000,418200,274
1654,2022-10-01,68,13,228800,139300,99
1655,2022-10-01,14,59,1340200,861100,641
1656,2022-10-01,39,74,784700,514600,1111
1657,2022-10-01,58,44,420400,293400,91
1658,2022-10-01,1,703,23830100,14134600,69646
1659,2022-10-01,21,112,1836300,1216400,614
1660,2022-10-01,45,54,576800,397100,317
1661,2022-10-01,65,96,491500,331500,135
1662,2022-10-01,44,87,666700,400600,670
1663,2022-10-01,79,2,2200,1700,0
1664,2022-10-01,16,286,2415600,1562300,2495
1665,2022-10-01,2,625,19688400,11697700,29659
1666,2022-10-01,4,992,9006700,6033000,4700
1667,2022-10-01,72,21,188200,133700,38
1668,2022-10-01,20,132,1661500,1066000,162
1669,2022-10-01,24,133,1075300,731100,149
1670,2022-10-01,54,49,538900,317200,298
1671,2022-10-01,55,58,796100,546600,0
1672,2022-10-01,15,201,3072200,2093600,1254
1673,2022-10-01,46,126,844500,621400,349
1674,2022-10-01,53,45,352000,246700,70
1675,2022-10-01,37,70,644400,440800,325
1676,2022-10-01,10,176,3089100,1918400,2664
1677,2022-10-01,61,8,133500,102800,0
1678,2022-10-01,47,38,373400,269500,461
1679,2022-10-01,19,168,1733000,1144100,934
1680,2022-10-01,67,52,420000,248400,69
1681,2022-10-01,74,42,324300,228300,56
1682,2022-10-01,12,205,2645200,1741100,1755
1683,2022-10-01,43,82,861500,577200,519
1684,2022-10-01,9,313,4371700,2790400,3615
1685,2022-10-01,18,252,3059200,2085200,231
1686,2022-10-01,49,52,462800,308600,279
1687,2022-10-01,48,75,567700,395800,42
1688,2022-10-01,80,2,23400,16600,0
1689,2022-10-01,56,56,364900,248200,28
1690,2022-10-01,34,129,898700,616100,92
1691,2022-10-01,7,252,5000600,3204400,6697
1692,2022-10-01,76,3,9300,6400,0
1693,2022-10-01,30,189,1174000,785100,486
1694,2022-10-01,32,86,914400,626800,156
1695,2022-10-01,42,146,923300,555500,77
1696,2022-10-01,13,328,3501100,2293000,3904
1697,2022-10-01,77,10,46800,35000,18
1698,2022-10-01,64,41,292500,195300,134
1699,2022-10-01,17,150,2270600,1477700,1933
1700,2022-10-01,57,28,381800,243700,740
1701,2022-10-01,29,80,1116100,690200,2264
1702,2022-10-01,41,93,1239700,820900,31
1703,2022-10-01,11,487,5026700,3249700,8341
1704,2022-10-01,3,983,20777600,13327200,13552
1705,2022-10-01,69,10,203000,138100,0
1706,2022-10-01,71,39,269400,183000,0
1707,2022-10-01,36,100,841200,594900,374
1708,2022-10-01,5,231,3043800,2077400,1786
1709,2022-10-01,35,70,965800,626400,797
1710,2022-10-01,8,670,5605300,3343600,6207
1711,2022-10-01,52,14,256500,168200,95
1712,2022-10-01,26,106,1269200,832300,767
1713,2022-10-01,70,16,103400,76700,67
1714,2022-10-01,33,143,1527500,1076600,1032
1715,2022-10-01,60,72,374200,266400,894
1716,2022-10-01,75,30,244600,182600,1
1717,2022-10-01,83,5,51000,32500,53
1718,2022-10-01,51,61,483600,342500,0
1719,2022-10-01,50,63,414200,276000,106
1720,2022-10-01,23,149,1619000,1066000,1247
1721,2022-10-01,63,22,219700,149600,18
1722,2022-10-01,84,1,1700,1300,0
1723,2022-10-01,28,104,1084900,721100,354
1724,2022-10-01,38,96,944600,554200,741
1725,2022-10-01,66,55,229100,141400,35
1726,2022-11-01,61,9,142200,109000,57
1727,2022-11-01,49,54,484300,322700,279
1728,2022-11-01,7,255,5063300,3239200,6863
1729,2022-11-01,65,100,507700,343500,135
1730,2022-11-01,10,192,3318200,2065600,2947
1731,2022-11-01,50,63,414200,276000,106
1732,2022-11-01,80,2,23400,16600,0
1733,2022-11-01,46,132,879400,648100,349
1734,2022-11-01,11,499,5192700,3357200,8545
1735,2022-11-01,39,79,851800,551400,1111
1736,2022-11-01,60,78,421800,300000,894
1737,2022-11-01,57,29,396200,257200,740
1738,2022-11-01,25,287,1150900,823400,244
1739,2022-11-01,73,3,110900,56600,280
1740,2022-11-01,69,10,203000,138100,0
1741,2022-11-01,4,1025,9397400,6306900,4838
1742,2022-11-01,35,75,1034800,670600,797
1743,2022-11-01,44,90,707800,423500,670
1744,2022-11-01,31,111,879600,611800,0
1745,2022-11-01,8,683,5817800,3468500,6692
1746,2022-11-01,1,720,24502100,14560100,71341
1747,2022-11-01,12,208,2669100,1757700,1755
1748,2022-11-01,5,251,3264400,2229800,1917
1749,2022-11-01,67,54,437100,259400,69
1750,2022-11-01,28,109,1139600,761600,354
1751,2022-11-01,13,343,3550200,2329400,3904
1752,2022-11-01,2,639,20324500,12054100,30594
1753,2022-11-01,32,89,946300,652100,156
1754,2022-11-01,83,5,51000,32500,53
1755,2022-11-01,36,101,858100,605100,374
1756,2022-11-01,15,210,3197000,2181300,1333
1757,2022-11-01,14,64,1433400,923800,641
1758,2022-11-01,48,78,578600,403700,42
1759,2022-11-01,23,157,1698100,1112800,1494
1760,2022-11-01,9,334,4614800,2949200,3877
1761,2022-11-01,3,1077,21735400,13981300,13718
1762,2022-11-01,79,3,3400,2600,0
1763,2022-11-01,58,52,449600,314200,91
1764,2022-11-01,62,119,334400,245400,22
1765,2022-11-01,54,53,573900,341200,298
1766,2022-11-01,27,119,1759900,1143500,1745
1767,2022-11-01,42,156,1037000,595100,77
1768,2022-11-01,40,90,724300,472000,381
1769,2022-11-01,59,50,435100,331700,212
1770,2022-11-01,16,306,2628500,1701900,2666
1771,2022-11-01,76,3,9300,6400,0
1772,2022-11-01,45,57,605600,418900,317
1773,2022-11-01,20,138,1768600,1134400,162
1774,2022-11-01,38,103,1001800,587700,1092
1775,2022-11-01,72,24,212500,150500,38
1776,2022-11-01,18,278,3210500,2197700,231
1777,2022-11-01,43,82,861500,577200,519
1778,2022-11-01,63,23,230600,156700,18
1779,2022-11-01,37,76,694800,477600,325
1780,2022-11-01,29,98,1327500,827000,2381
1781,2022-11-01,22,151,947500,675000,717
1782,2022-11-01,34,132,928200,635500,92
1783,2022-11-01,71,41,294700,198500,0
1784,2022-11-01,51,65,540500,379300,0
1785,2022-11-01,41,97,1289700,855900,31
1786,2022-11-01,66,55,229100,141400,35
1787,2022-11-01,24,137,1094300,745400,149
1788,2022-11-01,33,144,1538600,1084800,1032
1789,2022-11-01,6,297,4005600,2532200,1394
1790,2022-11-01,47,41,416300,296600,461
1791,2022-11-01,30,194,1253300,834900,486
1792,2022-11-01,21,116,1917400,1264100,782
1793,2022-11-01,77,11,50700,38000,18
1794,2022-11-01,19,178,1858200,1227400,958
1795,2022-11-01,52,16,291800,191800,95
1796,2022-11-01,55,59,814200,559400,0
1797,2022-11-01,68,13,228800,139300,99
1798,2022-11-01,64,43,307400,205000,134
1799,2022-11-01,17,154,2317600,1505100,2031
1800,2022-11-01,75,35,307300,225700,1
1801,2022-11-01,70,16,103400,76700,67
1802,2022-11-01,56,59,374400,255000,28
1803,2022-11-01,26,116,1306400,859100,767
1804,2022-11-01,53,47,373900,260800,70
1805,2022-11-01,74,42,324300,228300,56
1806,2022-11-01,84,1,1700,1300,0
1807,2022-12-01,9,359,4855400,3112000,4076
1808,2022-12-01,6,321,4383700,2762800,2255
1809,2022-12-01,16,327,2778700,1802200,2757
1810,2022-12-01,12,211,2707700,1784100,1755
1811,2022-12-01,51,67,558800,392400,0
1812,2022-12-01,54,56,626300,371400,399
1813,2022-12-01,13,368,3908000,2545700,4539
1814,2022-12-01,70,20,133000,98200,67
1815,2022-12-01,4,1060,9958100,6685500,4888
1816,2022-12-01,10,201,3548200,2219100,2947
1817,2022-12-01,49,57,533500,354300,329
1818,2022-12-01,3,1107,22230700,14299400,14085
1819,2022-12-01,37,84,816900,552800,485
1820,2022-12-01,53,48,389200,271900,70
1821,2022-12-01,43,85,944000,631100,709
1822,2022-12-01,52,16,291800,191800,95
1823,2022-12-01,19,185,1958600,1295700,958
1824,2022-12-01,42,163,1076500,620300,99
1825,2022-12-01,34,137,976800,666000,92
1826,2022-12-01,68,13,228800,139300,99
1827,2022-12-01,47,46,465600,334300,461
1828,2022-12-01,24,146,1161100,794600,149
1829,2022-12-01,83,5,51000,32500,53
1830,2022-12-01,32,94,992800,683700,156
1831,2022-12-01,44,94,757800,454900,693
1832,2022-12-01,2,658,20931500,12420500,32027
1833,2022-12-01,22,164,1045100,745300,717
1834,2022-12-01,84,1,1700,1300,0
1835,2022-12-01,25,294,1196400,854900,244
1836,2022-12-01,46,135,888400,655100,349
1837,2022-12-01,30,203,1296000,865500,507
1838,2022-12-01,57,29,396200,257200,740
1839,2022-12-01,45,60,627900,434900,317
1840,2022-12-01,26,120,1359100,898000,767
1841,2022-12-01,63,23,230600,156700,18
1842,2022-12-01,75,37,324600,239100,1
1843,2022-12-01,18,282,3245200,2227400,231
1844,2022-12-01,11,527,5448700,3537900,8545
1845,2022-12-01,55,60,818100,562000,0
1846,2022-12-01,65,103,516600,349500,135
1847,2022-12-01,58,52,449600,314200,91
1848,2022-12-01,60,81,431500,306500,894
1849,2022-12-01,48,82,595100,414000,59
1850,2022-12-01,64,72,366800,252900,165
1851,2022-12-01,73,3,110900,56600,280
1852,2022-12-01,17,163,2456100,1597500,2160
1853,2022-12-01,5,259,3396800,2320100,1948
1854,2022-12-01,79,3,3400,2600,0
1855,2022-12-01,23,165,1768500,1158400,1672
1856,2022-12-01,14,65,1444500,931500,641
1857,2022-12-01,76,3,9300,6400,0
1858,2022-12-01,80,2,23400,16600,0
1859,2022-12-01,71,41,294700,198500,0
1860,2022-12-01,69,10,203000,138100,0
1861,2022-12-01,20,154,1935700,1249400,222
1862,2022-12-01,35,87,1244800,806600,866
1863,2022-12-01,1,751,25631500,15260700,75039
1864,2022-12-01,21,117,1927500,1270000,820
1865,2022-12-01,28,113,1190400,798200,354
1866,2022-12-01,29,120,1716800,1072200,2854
1867,2022-12-01,81,1,800,600,0
1868,2022-12-01,8,740,6165000,3671000,7600
1869,2022-12-01,7,269,5254300,3363300,7137
1870,2022-12-01,61,10,171000,122000,57
1871,2022-12-01,72,27,232100,163400,38
1872,2022-12-01,74,43,329000,231700,56
1873,2022-12-01,38,110,1086900,638700,1100
1874,2022-12-01,31,118,955800,657600,0
1875,2022-12-01,41,102,1367300,907200,31
1876,2022-12-01,77,11,50700,38000,18
1877,2022-12-01,33,147,1565300,1104600,1032
1878,2022-12-01,66,55,229100,141400,35
1879,2022-12-01,56,64,418700,282800,28
1880,2022-12-01,50,74,468200,313300,106
1881,2022-12-01,59,50,435100,331700,212
1882,2022-12-01,62,122,353600,259100,22
1883,2022-12-01,15,227,3345900,2286500,1333
1884,2022-12-01,40,96,765800,498900,504
1885,2022-12-01,67,54,437100,259400,69
1886,2022-12-01,78,6,21500,16500,0
1887,2022-12-01,36,102,869100,612900,374
1888,2022-12-01,27,122,1796400,1169400,1745
1889,2022-12-01,39,86,887500,576200,1111
1890,2023-01-01,37,97,892400,603800,485
1891,2023-01-01,51,71,585000,410900,0
1892,2023-01-01,52,32,418700,270600,194
1893,2023-01-01,43,90,1006800,672500,798
1894,2023-01-01,36,116,962200,681400,387
1895,2023-01-01,12,257,3041200,1994800,2321
1896,2023-01-01,46,140,926100,682700,386
1897,2023-01-01,42,176,1185100,691500,189
1898,2023-01-01,18,315,3667000,2540600,231
1899,2023-01-01,17,183,2772600,1798900,2427
1900,2023-01-01,38,118,1192500,695600,1459
1901,2023-01-01,65,110,554700,375200,135
1902,2023-01-01,57,39,567000,388800,765
1903,2023-01-01,32,104,1065400,733800,156
1904,2023-01-01,66,55,229100,141400,35
1905,2023-01-01,14,73,1606100,1046500,876
1906,2023-01-01,10,209,3731600,2314700,3467
1907,2023-01-01,3,1191,23500000,15119400,15878
1908,2023-01-01,33,161,1723000,1212400,1238
1909,2023-01-01,39,98,1008000,652400,1141
1910,2023-01-01,67,69,579800,344900,313
1911,2023-01-01,21,127,2029200,1338400,820
1912,2023-01-01,47,52,525100,375300,498
1913,2023-01-01,71,45,338300,228500,0
1914,2023-01-01,2,701,22661500,13354700,36200
1915,2023-01-01,41,125,1575600,1040500,31
1916,2023-01-01,1,922,27826000,16668000,80782
1917,2023-01-01,34,160,1157900,792000,110
1918,2023-01-01,49,61,560500,369800,375
1919,2023-01-01,68,35,348900,223400,273
1920,2023-01-01,77,12,59100,43900,18
1921,2023-01-01,84,1,1700,1300,0
1922,2023-01-01,31,137,1047900,722900,0
1923,2023-01-01,40,106,842300,551500,504
1924,2023-01-01,30,225,1506100,1012600,507
1925,2023-01-01,24,155,1229400,840700,149
1926,2023-01-01,5,317,3763800,2577900,1948
1927,2023-01-01,27,131,1945600,1270900,1759
1928,2023-01-01,9,387,5187600,3333100,4099
1929,2023-01-01,19,204,2146600,1418600,1078
1930,2023-01-01,28,139,1343600,904400,480
1931,2023-01-01,83,8,102000,67800,53
1932,2023-01-01,64,86,461700,315100,203
1933,2023-01-01,45,71,694700,485700,317
1934,2023-01-01,75,41,355800,263800,1
1935,2023-01-01,8,840,6594000,3946200,8134
1936,2023-01-01,59,57,520600,393000,212
1937,2023-01-01,29,162,2163200,1334600,3841
1938,2023-01-01,23,178,2030800,1306200,2514
1939,2023-01-01,15,249,3690300,2516400,1548
1940,2023-01-01,4,1103,10963100,7226900,9142
1941,2023-01-01,58,52,449600,314200,91
1942,2023-01-01,63,24,248700,170400,18
1943,2023-01-01,20,176,2204300,1420600,262
1944,2023-01-01,61,12,230800,168800,213
1945,2023-01-01,48,90,647800,449200,88
1946,2023-01-01,53,49,398100,278800,70
1947,2023-01-01,25,340,1390600,999100,244
1948,2023-01-01,80,2,23400,16600,0
1949,2023-01-01,11,556,5819500,3776200,8705
1950,2023-01-01,54,71,686000,411200,399
1951,2023-01-01,70,28,232000,161200,67
1952,2023-01-01,56,81,618400,412900,28
1953,2023-01-01,60,95,479600,339900,894
1954,2023-01-01,79,3,3400,2600,0
1955,2023-01-01,7,321,6206200,3989400,8123
1956,2023-01-01,55,63,860400,592000,0
1957,2023-01-01,81,1,800,600,0
1958,2023-01-01,6,369,5031800,3161500,2336
1959,2023-01-01,74,47,360800,253500,56
1960,2023-01-01,69,13,384800,228400,103
1961,2023-01-01,72,32,264700,186600,38
1962,2023-01-01,76,3,9300,6400,0
1963,2023-01-01,35,96,1353700,883600,866
1964,2023-01-01,16,353,3060000,1969600,3178
1965,2023-01-01,13,403,4293700,2787700,4768
1966,2023-01-01,78,12,69300,40700,0
1967,2023-01-01,73,3,110900,56600,280
1968,2023-01-01,62,125,357100,262100,22
1969,2023-01-01,50,88,529200,355600,106
1970,2023-01-01,22,195,1294200,881400,877
1971,2023-01-01,44,96,792100,477400,693
1972,2023-01-01,26,131,1480400,975800,864
1973,2023-02-01,24,245,2297100,1570500,766
1974,2023-02-01,30,341,2690400,1823800,771
1975,2023-02-01,17,328,5216100,3396600,4133
1976,2023-02-01,28,261,2811800,1902300,1122
1977,2023-02-01,34,213,1823200,1231300,367
1978,2023-02-01,73,5,147700,79600,382
1979,2023-02-01,43,146,1423700,953900,1464
1980,2023-02-01,60,117,615300,429000,973
1981,2023-02-01,57,76,1143300,785300,1238
1982,2023-02-01,70,61,557800,362700,67
1983,2023-02-01,14,146,3449500,2242000,2540
1984,2023-02-01,3,1926,36946400,23619100,27536
1985,2023-02-01,61,23,441200,307600,302
1986,2023-02-01,40,171,1548700,1017200,1147
1987,2023-02-01,29,402,5128300,3112100,11859
1988,2023-02-01,20,216,2819600,1836700,606
1989,2023-02-01,53,89,759800,530400,70
1990,2023-02-01,75,76,643400,464800,92
1991,2023-02-01,31,259,2067200,1429600,0
1992,2023-02-01,32,157,1701700,1170000,228
1993,2023-02-01,69,20,566000,357000,103
1994,2023-02-01,84,2,4500,3400,0
1995,2023-02-01,18,441,5084400,3524400,1328
1996,2023-02-01,67,99,897300,539200,506
1997,2023-02-01,56,116,1020700,660100,753
1998,2023-02-01,65,178,1032700,684800,162
1999,2023-02-01,47,102,980200,679600,1468
2000,2023-02-01,5,633,8585100,5738600,8978
2001,2023-02-01,25,535,2688500,1914300,748
2002,2023-02-01,16,510,4915500,3134900,5147
2003,2023-02-01,48,135,1021500,694900,186
2004,2023-02-01,11,787,9429300,6045000,15462
2005,2023-02-01,46,206,1364700,1007400,688
2006,2023-02-01,2,1207,37553800,22072900,62506
2007,2023-02-01,38,272,2345900,1415700,2388
2008,2023-02-01,49,87,846600,549100,644
2009,2023-02-01,82,1,4900,3200,0
2010,2023-02-01,45,116,1183200,832800,442
2011,2023-02-01,71,63,524900,353900,0
2012,2023-02-01,83,9,120400,80500,53
2013,2023-02-01,19,359,3962900,2617700,3879
2014,2023-02-01,6,648,10727700,6768600,7385
2015,2023-02-01,23,310,3840900,2476000,4702
2016,2023-02-01,9,587,9075400,5696400,9191
2017,2023-02-01,42,251,1794400,1129400,336
2018,2023-02-01,7,625,12149100,7810900,16999
2019,2023-02-01,10,325,6331500,3871600,8420
2020,2023-02-01,76,9,46600,30700,30
2021,2023-02-01,8,1290,11917500,7117200,22007
2022,2023-02-01,66,69,505100,305100,615
2023,2023-02-01,51,108,904200,642200,0
2024,2023-02-01,81,1,800,600,0
2025,2023-02-01,4,2066,26788700,17919300,16161
2026,2023-02-01,62,186,598000,428600,35
2027,2023-02-01,44,202,2012400,1244300,2356
2028,2023-02-01,1,1596,57155100,34141800,174774
2029,2023-02-01,12,421,5808000,3765500,7883
2030,2023-02-01,79,3,3400,2600,0
2031,2023-02-01,68,75,705500,446000,1016
2032,2023-02-01,64,126,813100,544900,597
2033,2023-02-01,27,285,4112900,2763900,2486
2034,2023-02-01,35,178,3136300,1974400,3172
2035,2023-02-01,37,171,1637900,1115000,952
2036,2023-02-01,52,82,1168700,735400,676
2037,2023-02-01,21,217,3217200,2113700,1609
2038,2023-02-01,39,144,1807800,1156900,2894
2039,2023-02-01,22,273,2322000,1577500,1720
2040,2023-02-01,13,642,8914700,5643500,13109
2041,2023-02-01,26,184,2071000,1370400,1251
2042,2023-02-01,77,22,111800,80800,18
2043,2023-02-01,36,166,1451800,1015000,642
2044,2023-02-01,55,91,1247100,879900,0
2045,2023-02-01,50,133,945500,635900,425
2046,2023-02-01,80,2,23400,16600,0
2047,2023-02-01,58,66,597800,407600,218
2048,2023-02-01,59,100,935900,701400,325
2049,2023-02-01,74,59,537300,330100,56
2050,2023-02-01,15,377,6193100,4189100,4500
2051,2023-02-01,33,227,2726000,1776200,2486
2052,2023-02-01,72,49,440700,305900,38
2053,2023-02-01,63,34,376100,257700,18
2054,2023-02-01,54,112,1285800,665700,515
2055,2023-02-01,41,175,2202900,1451100,174
2056,2023-02-01,78,23,100800,61700,0
2057,2023-03-01,4,2085,26999900,18051500,16544
2058,2023-03-01,28,265,2911400,1964900,1122
2059,2023-03-01,79,3,3400,2600,0
2060,2023-03-01,82,1,4900,3200,0
2061,2023-03-01,39,145,1814300,1162200,2894
2062,2023-03-01,43,147,1426600,954600,1486
2063,2023-03-01,16,511,4927600,3141300,5189
2064,2023-03-01,20,219,2850400,1857900,606
2065,2023-03-01,35,184,3200400,2017600,3211
2066,2023-03-01,15,382,6343500,4289900,4547
2067,2023-03-01,54,114,1302300,676600,568
2068,2023-03-01,67,99,897400,539200,506
2069,2023-03-01,33,235,2786100,1819000,2486
2070,2023-03-01,41,178,2223800,1466400,174
2071,2023-03-01,55,92,1262400,891100,0
2072,2023-03-01,74,59,537300,330100,56
2073,2023-03-01,31,267,2123700,1472200,0
2074,2023-03-01,81,2,10200,5900,36
2075,2023-03-01,48,141,1066800,724000,244
2076,2023-03-01,65,180,1049400,696500,162
2077,2023-03-01,30,343,2738500,1838700,941
2078,2023-03-01,26,187,2091500,1385500,1251
2079,2023-03-01,19,366,4038300,2667700,3959
2080,2023-03-01,8,1325,12311000,7376500,22441
2081,2023-03-01,24,253,2346800,1604800,766
2082,2023-03-01,18,449,5201500,3606300,1328
2083,2023-03-01,13,649,9122400,5771900,14407
2084,2023-03-01,46,210,1384600,1023200,688
2085,2023-03-01,34,214,1829500,1235800,367
2086,2023-03-01,12,426,5868700,3810900,7884
2087,2023-03-01,27,288,4155600,2790300,2486
2088,2023-03-01,44,203,2013300,1244900,2356
2089,2023-03-01,72,50,453500,314300,38
2090,2023-03-01,2,1224,37804500,22250400,62293
2091,2023-03-01,37,178,1728800,1173400,1001
2092,2023-03-01,50,133,945500,635900,425
2093,2023-03-01,75,77,657200,474400,92
2094,2023-03-01,25,541,2796800,1990300,889
2095,2023-03-01,14,146,3449500,2242000,2540
2096,2023-03-01,52,82,1168700,735300,676
2097,2023-03-01,63,34,376100,257700,18
2098,2023-03-01,11,788,9464600,6065900,15462
2099,2023-03-01,49,87,846600,549100,644
2100,2023-03-01,45,117,1189100,837000,444
2101,2023-03-01,36,169,1480600,1029500,737
2102,2023-03-01,7,633,12331800,7916500,17194
2103,2023-03-01,47,103,989500,686400,1468
2104,2023-03-01,78,25,110300,70200,0
2105,2023-03-01,53,91,776000,540100,70
2106,2023-03-01,6,651,10828400,6844200,7706
2107,2023-03-01,22,274,2327300,1582100,1720
2108,2023-03-01,38,265,2417300,1451600,2783
2109,2023-03-01,5,644,8692900,5811800,8978
2110,2023-03-01,76,9,46600,30700,30
2111,2023-03-01,68,75,705500,446000,1016
2112,2023-03-01,61,28,452900,319300,302
2113,2023-03-01,80,2,23400,16600,0
2114,2023-03-01,62,186,598100,427700,35
2115,2023-03-01,73,5,147700,79600,382
2116,2023-03-01,77,22,111800,80800,18
2117,2023-03-01,84,2,4500,3400,0
2118,2023-03-01,70,64,586200,379400,67
2119,2023-03-01,56,121,1043300,673600,766
2120,2023-03-01,66,69,505100,305100,615
2121,2023-03-01,21,220,3242300,2131400,1609
2122,2023-03-01,59,100,935900,701400,325
2123,2023-03-01,17,324,5210600,3393600,4133
2124,2023-03-01,40,173,1576500,1033300,1170
2125,2023-03-01,64,127,841200,560700,684
2126,2023-03-01,32,157,1701700,1170000,228
2127,2023-03-01,10,329,6395700,3907700,8420
2128,2023-03-01,58,66,597800,407600,218
2129,2023-03-01,3,1950,37505500,23969000,28809
2130,2023-03-01,69,20,566000,357000,103
2131,2023-03-01,1,1602,57419900,34299100,175767
2132,2023-03-01,51,111,937600,663900,0
2133,2023-03-01,57,80,1177800,817200,1261
2134,2023-03-01,29,407,5194500,3149500,11831
2135,2023-03-01,42,254,1824200,1147500,416
2136,2023-03-01,9,590,9152900,5750300,9164
2137,2023-03-01,83,11,195500,98500,53
2138,2023-03-01,23,316,3917600,2531300,4700
2139,2023-03-01,60,117,615300,429000,973
2140,2023-03-01,71,65,545100,367100,0
2141,2023-04-01,4,2097,27064900,18098700,16437
2142,2023-04-01,27,295,4260300,2855400,2616
2143,2023-04-01,51,114,964200,681300,0
2144,2023-04-01,74,60,550900,338800,56
2145,2023-04-01,24,256,2365900,1617800,766
2146,2023-04-01,26,188,2110000,1397500,1251
2147,2023-04-01,52,83,1173400,738500,676
2148,2023-04-01,38,271,2482600,1488700,2997
2149,2023-04-01,11,800,9610600,6157400,15786
2150,2023-04-01,25,549,2865700,2039600,889
2151,2023-04-01,56,123,1115800,721200,766
2152,2023-04-01,45,124,1236300,865000,462
2153,2023-04-01,8,1342,12457500,7461100,22679
2154,2023-04-01,65,182,1067300,707800,162
2155,2023-04-01,35,188,3267200,2057800,3300
2156,2023-04-01,47,104,1003700,693100,1469
2157,2023-04-01,36,176,1550900,1076600,750
2158,2023-04-01,71,65,545100,367300,0
2159,2023-04-01,32,158,1708800,1176800,228
2160,2023-04-01,72,51,464500,321700,38
2161,2023-04-01,33,242,2877200,1881700,2599
2162,2023-04-01,64,126,813100,544300,597
2163,2023-04-01,31,271,2142600,1486000,0
2164,2023-04-01,12,435,6033400,3908300,8308
2165,2023-04-01,6,659,10902600,6895400,7827
2166,2023-04-01,62,187,600800,430100,35
2167,2023-04-01,13,677,9508100,6025700,14597
2168,2023-04-01,83,11,147400,98700,53
2169,2023-04-01,82,1,4900,3200,0
2170,2023-04-01,69,20,566000,357000,103
2171,2023-04-01,44,209,2104700,1301300,2544
2172,2023-04-01,58,66,597800,407600,218
2173,2023-04-01,16,514,4933600,3143300,5223
2174,2023-04-01,15,390,6524900,4410700,4590
2175,2023-04-01,42,262,1905500,1199200,456
2176,2023-04-01,17,331,5311600,3458200,4203
2177,2023-04-01,78,25,110300,70200,0
2178,2023-04-01,9,604,9433100,5902000,9625
2179,2023-04-01,18,452,5235900,3631600,1328
2180,2023-04-01,66,69,505100,305100,643
2181,2023-04-01,29,413,5346600,3239300,12368
2182,2023-04-01,73,5,147700,79600,382
2183,2023-04-01,79,4,12500,7800,0
2184,2023-04-01,63,34,376100,257700,18
2185,2023-04-01,14,147,3455100,2243800,2579
2186,2023-04-01,20,219,2850400,1858100,606
2187,2023-04-01,76,9,46600,30700,30
2188,2023-04-01,40,182,1656800,1085800,1170
2189,2023-04-01,81,2,10200,5900,36
2190,2023-04-01,28,274,3033400,2046900,1122
2191,2023-04-01,54,117,1322100,689400,568
2192,2023-04-01,75,80,676200,487800,92
2193,2023-04-01,68,77,708500,448500,975
2194,2023-04-01,80,2,23400,16600,0
2195,2023-04-01,10,332,6432200,3934100,8420
2196,2023-04-01,21,224,3295700,2167200,1609
2197,2023-04-01,46,213,1418900,1044900,690
2198,2023-04-01,7,655,12660200,8142400,17387
2199,2023-04-01,59,102,947900,710500,325
2200,2023-04-01,43,175,1482400,996500,1486
2201,2023-04-01,23,324,4015800,2596200,4962
2202,2023-04-01,55,93,1281900,904000,0
2203,2023-04-01,53,93,792100,552300,70
2204,2023-04-01,61,29,466600,327900,392
2205,2023-04-01,49,89,867200,561300,644
2206,2023-04-01,48,146,1099900,747700,244
2207,2023-04-01,34,216,1876900,1267600,385
2208,2023-04-01,84,2,4500,3400,0
2209,2023-04-01,50,133,945500,635900,425
2210,2023-04-01,1,1613,57766600,34533100,176333
2211,2023-04-01,22,279,2386400,1621300,1898
2212,2023-04-01,37,183,1773200,1204900,1001
2213,2023-04-01,70,68,624200,403200,67
2214,2023-04-01,77,22,111800,80800,18
2215,2023-04-01,2,1229,37911400,22307000,62622
2216,2023-04-01,5,657,8869700,5930100,9101
2217,2023-04-01,57,84,1271700,879400,1349
2218,2023-04-01,60,120,664300,455500,1063
2219,2023-04-01,3,1987,37747000,24111300,29256
2220,2023-04-01,39,154,1880100,1211100,2894
2221,2023-04-01,19,376,4173600,2756200,3939
2222,2023-04-01,67,102,918500,559600,506
2223,2023-04-01,30,346,2773600,1863400,941
2224,2023-04-01,41,179,2238600,1475400,174
2225,2023-05-01,10,338,6468500,3960400,8420
2226,2023-05-01,78,25,110300,70200,0
2227,2023-05-01,28,273,2966900,2005400,1122
2228,2023-05-01,29,427,5530500,3361500,12567
2229,2023-05-01,13,700,9788600,6202500,14996
2230,2023-05-01,76,9,46600,30800,30
2231,2023-05-01,61,30,508600,361700,392
2232,2023-05-01,11,811,9682900,6201500,15934
2233,2023-05-01,4,2122,27361800,18290500,16720
2234,2023-05-01,80,2,23400,16600,0
2235,2023-05-01,41,180,2241000,1476900,226
2236,2023-05-01,66,119,615500,379100,983
2237,2023-05-01,60,119,649100,446800,1063
2238,2023-05-01,16,552,5093200,3252600,5353
2239,2023-05-01,84,2,4500,3400,0
2240,2023-05-01,58,74,641000,432600,218
2241,2023-05-01,39,152,1885000,1213100,2932
2242,2023-05-01,23,341,4120600,2668600,4972
2243,2023-05-01,51,118,1011000,714000,0
2244,2023-05-01,40,181,1627200,1065800,1170
2245,2023-05-01,37,184,1788200,1216300,1001
2246,2023-05-01,43,229,1566200,1045200,1486
2247,2023-05-01,14,147,3455100,2243800,2579
2248,2023-05-01,54,119,1338700,700400,568
2249,2023-05-01,69,20,566000,357000,103
2250,2023-05-01,36,178,1564500,1085700,765
2251,2023-05-01,27,301,4346100,2914500,2616
2252,2023-05-01,32,163,1752200,1205400,228
2253,2023-05-01,6,664,11000700,6951800,7844
2254,2023-05-01,38,287,2568400,1543200,2997
2255,2023-05-01,70,83,790000,510500,153
2256,2023-05-01,22,284,2437800,1657000,1898
2257,2023-05-01,68,80,716400,450700,1017
2258,2023-05-01,67,104,936200,571500,506
2259,2023-05-01,46,217,1450700,1070900,690
2260,2023-05-01,65,186,1106700,736300,207
2261,2023-05-01,31,273,2157700,1496800,0
2262,2023-05-01,12,442,6242700,4024400,8639
2263,2023-05-01,24,256,2379700,1626200,766
2264,2023-05-01,25,548,2856300,2032800,949
2265,2023-05-01,44,216,2176700,1343200,2561
2266,2023-05-01,18,438,5205100,3606900,1328
2267,2023-05-01,64,130,836000,560100,597
2268,2023-05-01,5,661,8877700,5934300,9019
2269,2023-05-01,48,151,1143700,774200,244
2270,2023-05-01,52,84,1189400,748800,676
2271,2023-05-01,81,2,10200,5900,36
2272,2023-05-01,74,62,561900,346800,56
2273,2023-05-01,59,102,947900,710500,325
2274,2023-05-01,7,679,12947500,8331000,17591
2275,2023-05-01,3,2000,38493000,24591100,30431
2276,2023-05-01,2,1244,38453700,22602900,64197
2277,2023-05-01,71,67,585600,395000,0
2278,2023-05-01,33,248,2821700,1934500,2713
2279,2023-05-01,30,362,2838800,1913400,1013
2280,2023-05-01,83,11,147400,98700,53
2281,2023-05-01,50,133,945500,635900,425
2282,2023-05-01,8,1363,12810900,7651900,23527
2283,2023-05-01,19,383,4257500,2815000,3911
2284,2023-05-01,53,94,802500,560400,70
2285,2023-05-01,55,94,1301100,918100,0
2286,2023-05-01,72,52,471800,326200,38
2287,2023-05-01,34,221,1910800,1291600,385
2288,2023-05-01,21,225,3299800,2170000,1531
2289,2023-05-01,47,104,1010200,700400,1469
2290,2023-05-01,75,81,694000,501700,92
2291,2023-05-01,77,22,111800,80800,18
2292,2023-05-01,17,339,5572600,3632200,4473
2293,2023-05-01,42,268,1935100,1220500,474
2294,2023-05-01,9,618,10089700,6073400,9722
2295,2023-05-01,63,34,376100,257700,18
2296,2023-05-01,56,126,1135600,734100,768
2297,2023-05-01,1,1633,58670800,35060900,178704
2298,2023-05-01,26,185,2063800,1363400,1251
2299,2023-05-01,49,91,883200,572100,644
2300,2023-05-01,15,398,6735100,4561000,4578
2301,2023-05-01,73,5,147700,79600,382
2302,2023-05-01,20,225,2830400,1845100,606
2303,2023-05-01,45,126,1253700,878000,462
2304,2023-05-01,35,195,3370900,2120800,3503
2305,2023-05-01,57,85,1279700,885000,1349
2306,2023-05-01,79,4,12500,7800,0
2307,2023-05-01,82,1,4900,3200,0
2308,2023-05-01,62,192,638700,457200,35
2309,2023-06-01,68,98,772500,486500,1131
2310,2023-06-01,33,252,2881200,1970700,2789
2311,2023-06-01,77,23,119000,85800,18
2312,2023-06-01,23,346,4201300,2721100,4972
2313,2023-06-01,67,109,968900,590600,507
2314,2023-06-01,12,462,6370300,4099600,9041
2315,2023-06-01,37,186,1801700,1224700,1038
2316,2023-06-01,38,295,2594600,1559300,2997
2317,2023-06-01,79,4,12500,7800,0
2318,2023-06-01,75,85,721700,520400,92
2319,2023-06-01,10,340,6492700,3977100,8403
2320,2023-06-01,24,261,2411500,1648700,766
2321,2023-06-01,51,119,1031600,727200,0
2322,2023-06-01,42,267,1921400,1211400,474
2323,2023-06-01,15,405,6768700,4581800,4288
2324,2023-06-01,78,29,137000,86800,0
2325,2023-06-01,66,125,676500,409600,1003
2326,2023-06-01,34,228,1957700,1325500,385
2327,2023-06-01,61,32,543800,382700,392
2328,2023-06-01,1,1638,59149200,35342500,180791
2329,2023-06-01,2,1252,38551900,22653000,64224
2330,2023-06-01,64,130,836000,560100,591
2331,2023-06-01,53,96,805800,562500,70
2332,2023-06-01,41,183,2290500,1507800,226
2333,2023-06-01,44,221,2227000,1378200,2562
2334,2023-06-01,28,276,3003500,2029500,1122
2335,2023-06-01,56,126,1074100,694000,768
2336,2023-06-01,59,102,947900,710500,325
2337,2023-06-01,63,36,393100,269700,18
2338,2023-06-01,35,200,3508000,2212200,3503
2339,2023-06-01,4,2119,27321500,18267100,16501
2340,2023-06-01,26,185,2064200,1362500,1249
2341,2023-06-01,73,7,199400,93800,382
2342,2023-06-01,20,232,2890900,1883900,606
2343,2023-06-01,40,189,1706000,1114900,1170
2344,2023-06-01,27,301,4346100,2913600,2616
2345,2023-06-01,5,655,8643400,5798300,9032
2346,2023-06-01,65,186,1106700,736300,207
2347,2023-06-01,47,106,1028600,710100,1507
2348,2023-06-01,7,688,13124000,8443700,17962
2349,2023-06-01,70,86,805500,520300,153
2350,2023-06-01,81,2,10200,5900,36
2351,2023-06-01,39,153,1893100,1219100,2932
2352,2023-06-01,82,1,4900,3200,0
2353,2023-06-01,48,155,1214000,816600,244
2354,2023-06-01,11,826,9866400,6321300,15934
2355,2023-06-01,16,573,5270100,3386900,5453
2356,2023-06-01,45,130,1282100,903700,462
2357,2023-06-01,19,385,4272400,2823300,4005
2358,2023-06-01,9,636,10334200,6239200,10434
2359,2023-06-01,13,707,10027800,6345000,15456
2360,2023-06-01,57,86,1301200,898600,1360
2361,2023-06-01,3,2030,38943700,24867000,31306
2362,2023-06-01,72,52,471800,326200,38
2363,2023-06-01,58,74,641000,432600,218
2364,2023-06-01,55,94,1311500,926500,0
2365,2023-06-01,50,133,945500,635900,425
2366,2023-06-01,14,155,3879500,2296500,2702
2367,2023-06-01,17,395,6481500,4189600,5210
2368,2023-06-01,6,673,11262700,7114700,7844
2369,2023-06-01,8,1372,12824200,7668200,23658
2370,2023-06-01,43,230,1585900,1058100,1486
2371,2023-06-01,32,164,1774800,1219100,228
2372,2023-06-01,46,222,1493700,1102100,690
2373,2023-06-01,29,444,5624500,3425700,12567
2374,2023-06-01,69,21,648400,384500,103
2375,2023-06-01,62,195,653700,468200,35
2376,2023-06-01,30,365,2897600,1951200,1203
2377,2023-06-01,52,84,1189400,748800,676
2378,2023-06-01,49,92,896400,580000,644
2379,2023-06-01,25,549,2862200,2037500,949
2380,2023-06-01,80,2,23400,16600,0
2381,2023-06-01,84,2,4500,3400,0
2382,2023-06-01,83,11,147400,98700,53
2383,2023-06-01,54,122,1338400,699600,568
2384,2023-06-01,74,64,579600,359300,56
2385,2023-06-01,60,119,650800,446800,1063
2386,2023-06-01,18,442,5356100,3627800,1328
2387,2023-06-01,76,9,46600,30800,30
2388,2023-06-01,36,181,1579600,1096900,765
2389,2023-06-01,22,286,2473100,1680100,1898
2390,2023-06-01,31,281,2216500,1532700,0
2391,2023-06-01,71,69,606100,408700,0
2392,2023-06-01,21,225,3301100,2169900,1531
2393,2023-07-01,9,654,10705100,6426700,10780
2394,2023-07-01,51,122,1044600,736300,0
2395,2023-07-01,14,159,3631600,2321500,2702
2396,2023-07-01,58,73,644400,436300,331
2397,2023-07-01,76,15,92400,59200,30
2398,2023-07-01,82,1,4900,3200,0
2399,2023-07-01,73,8,223400,108300,382
2400,2023-07-01,83,9,136000,91500,53
2401,2023-07-01,37,190,1862700,1258300,1149
2402,2023-07-01,42,269,1935000,1219500,474
2403,2023-07-01,6,690,11593200,7323400,7889
2404,2023-07-01,52,92,1304500,820000,676
2405,2023-07-01,2,1261,38801100,22815300,65147
2406,2023-07-01,54,126,1376500,724500,683
2407,2023-07-01,46,225,1514400,1117400,728
2408,2023-07-01,17,399,6524100,4223600,5195
2409,2023-07-01,1,1648,59691700,35677000,181869
2410,2023-07-01,24,273,2469800,1690600,766
2411,2023-07-01,67,114,1001100,609400,507
2412,2023-07-01,65,189,1135300,753100,207
2413,2023-07-01,57,85,1261400,883500,1063
2414,2023-07-01,15,411,7010500,4701200,4789
2415,2023-07-01,68,100,797300,503600,1131
2416,2023-07-01,39,158,1925900,1242400,2940
2417,2023-07-01,11,839,10076700,6448100,16374
2418,2023-07-01,80,2,23400,16600,0
2419,2023-07-01,22,288,2484700,1689300,1898
2420,2023-07-01,63,38,424700,287900,28
2421,2023-07-01,8,1395,13024600,7810500,24313
2422,2023-07-01,18,446,5279800,3657000,1328
2423,2023-07-01,43,182,1619000,1087400,1723
2424,2023-07-01,64,129,837200,562000,591
2425,2023-07-01,12,474,6527700,4197900,9215
2426,2023-07-01,72,56,516800,354400,38
2427,2023-07-01,10,345,6666000,4077300,8963
2428,2023-07-01,84,2,4500,3400,0
2429,2023-07-01,29,458,5868500,3570000,13281
2430,2023-07-01,38,311,2740600,1659200,2997
2431,2023-07-01,3,2038,39293300,25092000,31737
2432,2023-07-01,79,3,11400,7000,0
2433,2023-07-01,36,182,1588500,1102100,765
2434,2023-07-01,60,119,664300,454300,1035
2435,2023-07-01,55,93,1283300,905800,0
2436,2023-07-01,28,279,3034900,2047400,1122
2437,2023-07-01,49,93,919100,595900,602
2438,2023-07-01,13,712,10088500,6384400,15456
2439,2023-07-01,7,703,13463000,8656200,18360
2440,2023-07-01,78,36,151000,96700,0
2441,2023-07-01,69,21,566000,384500,103
2442,2023-07-01,53,96,808800,562500,70
2443,2023-07-01,74,66,591600,366900,56
2444,2023-07-01,40,192,1737800,1135200,1291
2445,2023-07-01,4,2124,27439600,18327300,16727
2446,2023-07-01,71,71,628000,424600,0
2447,2023-07-01,27,305,4403600,2952900,2616
2448,2023-07-01,21,228,3332000,2189000,1558
2449,2023-07-01,62,196,664000,475600,35
2450,2023-07-01,33,262,2919900,1995300,3026
2451,2023-07-01,77,23,119800,85900,18
2452,2023-07-01,25,551,2869800,2041600,949
2453,2023-07-01,30,374,2962000,1997600,1267
2454,2023-07-01,47,106,1028600,709900,1507
2455,2023-07-01,5,672,8892000,5963300,9239
2456,2023-07-01,31,280,2215900,1532100,0
2457,2023-07-01,41,194,2372100,1558700,226
2458,2023-07-01,32,166,1797800,1235500,228
2459,2023-07-01,44,227,2294100,1426400,2572
2460,2023-07-01,56,129,1124600,729500,768
2461,2023-07-01,48,157,1229700,827300,244
2462,2023-07-01,34,230,1981000,1339200,402
2463,2023-07-01,26,188,2090400,1383700,1249
2464,2023-07-01,61,35,563700,397700,392
2465,2023-07-01,75,87,749900,541400,92
2466,2023-07-01,19,391,4348000,2863700,4146
2467,2023-07-01,16,584,5324300,3422600,5453
2468,2023-07-01,45,132,1308100,921300,462
2469,2023-07-01,23,354,4282400,2772500,5067
2470,2023-07-01,81,12,182500,113100,36
2471,2023-07-01,70,86,792800,512000,153
2472,2023-07-01,66,129,743700,456200,1162
2473,2023-07-01,35,203,3529500,2226000,3503
2474,2023-07-01,59,104,967300,725400,325
2475,2023-07-01,20,233,2894800,1886300,606
2476,2023-07-01,50,133,945500,635900,425
2477,2023-08-01,43,186,1738200,1166000,1723
2478,2023-08-01,26,191,2117300,1401200,1195
2479,2023-08-01,38,325,2870500,1742900,2997
2480,2023-08-01,84,2,4500,3400,0
2481,2023-08-01,27,309,4457700,2991300,2641
2482,2023-08-01,48,157,1229700,826900,244
2483,2023-08-01,21,228,3332000,2189000,1558
2484,2023-08-01,76,15,92400,59200,30
2485,2023-08-01,73,8,223400,108300,382
2486,2023-08-01,32,167,1755700,1212700,198
2487,2023-08-01,83,9,136000,91500,53
2488,2023-08-01,61,41,598100,422500,392
2489,2023-08-01,64,130,865200,577100,591
2490,2023-08-01,20,239,2939000,1915200,606
2491,2023-08-01,5,681,9038800,6049700,9386
2492,2023-08-01,58,73,644400,436300,331
2493,2023-08-01,47,106,1025200,702700,1507
2494,2023-08-01,60,121,682100,464500,1035
2495,2023-08-01,11,841,10182400,6511100,16403
2496,2023-08-01,33,271,3030300,2066000,3243
2497,2023-08-01,75,87,749900,541300,92
2498,2023-08-01,55,99,1361700,961100,0
2499,2023-08-01,39,160,1932100,1247300,2940
2500,2023-08-01,23,363,4383800,2823600,5365
2501,2023-08-01,41,195,2377400,1562300,226
2502,2023-08-01,30,380,3040300,2048100,1265
2503,2023-08-01,35,209,3624900,2285000,3666
2504,2023-08-01,14,163,3698900,2358300,2828
2505,2023-08-01,57,89,1336000,926400,1380
2506,2023-08-01,62,197,670900,479900,35
2507,2023-08-01,28,282,3075800,2077200,1122
2508,2023-08-01,6,704,11814800,7471600,7701
2509,2023-08-01,69,21,566000,384500,103
2510,2023-08-01,72,58,528600,363100,38
2511,2023-08-01,31,288,2283300,1568200,0
2512,2023-08-01,2,1281,39178700,23032100,65240
2513,2023-08-01,7,715,13658800,8784900,18513
2514,2023-08-01,77,23,119800,85900,18
2515,2023-08-01,74,66,591600,366900,56
2516,2023-08-01,50,148,1101000,737300,425
2517,2023-08-01,68,101,814900,512000,1171
2518,2023-08-01,63,38,424700,287900,28
2519,2023-08-01,12,484,6743200,4333800,9551
2520,2023-08-01,51,125,1079600,759600,0
2521,2023-08-01,16,586,5322600,3423600,5277
2522,2023-08-01,42,275,1964000,1240400,474
2523,2023-08-01,71,74,655600,444000,0
2524,2023-08-01,25,560,2955900,2097400,1096
2525,2023-08-01,22,287,2482200,1686700,1898
2526,2023-08-01,82,7,94300,50900,0
2527,2023-08-01,80,2,23400,16600,0
2528,2023-08-01,36,183,1592400,1104200,785
2529,2023-08-01,24,279,2498800,1709700,790
2530,2023-08-01,59,104,967300,725400,325
2531,2023-08-01,8,1434,13217800,7940100,24399
2532,2023-08-01,56,133,1167500,759200,719
2533,2023-08-01,13,728,10374600,6543300,15431
2534,2023-08-01,40,193,1740100,1136900,1291
2535,2023-08-01,1,1659,60007600,35860100,182626
2536,2023-08-01,67,118,1021000,621800,539
2537,2023-08-01,54,129,1395400,737200,683
2538,2023-08-01,15,417,7091900,4754600,4850
2539,2023-08-01,52,85,1195400,753200,676
2540,2023-08-01,45,134,1323200,928800,462
2541,2023-08-01,44,233,2493400,1539200,3316
2542,2023-08-01,37,191,1872900,1265500,1149
2543,2023-08-01,9,663,10445300,6526800,11061
2544,2023-08-01,70,88,805100,519700,153
2545,2023-08-01,3,2054,39681900,25326400,32457
2546,2023-08-01,49,94,931000,601500,648
2547,2023-08-01,17,405,6644300,4301900,5206
2548,2023-08-01,29,467,6084600,3705800,13899
2549,2023-08-01,65,190,1152000,763500,225
2550,2023-08-01,81,13,194800,122600,36
2551,2023-08-01,10,344,6686500,4090000,8970
2552,2023-08-01,18,448,5374800,3723600,1328
2553,2023-08-01,66,127,715300,440300,1162
2554,2023-08-01,46,226,1515600,1118900,728
2555,2023-08-01,78,40,188100,121200,0
2556,2023-08-01,79,3,11400,7000,0
2557,2023-08-01,34,230,1985600,1341700,402
2558,2023-08-01,53,97,814900,566900,70
2559,2023-08-01,4,2116,27297500,18181700,16629
2560,2023-08-01,19,400,4450800,2929200,4194
2561,2023-09-01,7,735,14095100,9058000,19053
2562,2023-09-01,41,196,2401000,1579400,226
2563,2023-09-01,17,407,6676200,4322400,5254
2564,2023-09-01,68,91,818900,514300,1152
2565,2023-09-01,70,88,805100,519700,153
2566,2023-09-01,65,190,1144100,757400,180
2567,2023-09-01,32,169,1783500,1230000,198
2568,2023-09-01,84,2,4500,3400,0
2569,2023-09-01,31,290,2311200,1588500,0
2570,2023-09-01,67,124,1049800,639200,547
2571,2023-09-01,23,374,4493000,2896400,5544
2572,2023-09-01,10,345,6723900,4110900,9125
2573,2023-09-01,66,128,736900,451500,1274
2574,2023-09-01,19,407,4601200,3022400,4293
2575,2023-09-01,57,87,1274800,892700,1063
2576,2023-09-01,14,165,3794800,2412700,3027
2577,2023-09-01,29,471,6101600,3706000,14094
2578,2023-09-01,69,21,566000,384500,103
2579,2023-09-01,63,38,424700,287900,28
2580,2023-09-01,54,130,1409800,746500,683
2581,2023-09-01,18,458,5479800,3796100,1328
2582,2023-09-01,43,201,1804200,1205000,1909
2583,2023-09-01,44,237,2527900,1563200,3212
2584,2023-09-01,39,166,1975500,1276900,2975
2585,2023-09-01,40,198,1801300,1175200,1337
2586,2023-09-01,38,330,2892100,1752900,3037
2587,2023-09-01,33,277,3060900,2086900,3348
2588,2023-09-01,83,9,136000,91500,53
2589,2023-09-01,42,279,1969800,1245300,474
2590,2023-09-01,60,122,683900,465900,1035
2591,2023-09-01,35,210,3635000,2291300,3668
2592,2023-09-01,78,41,194500,125400,0
2593,2023-09-01,3,2077,40266600,25686500,33861
2594,2023-09-01,2,1286,39384800,23119200,66124
2595,2023-09-01,8,1450,13475700,8091400,24979
2596,2023-09-01,71,77,677200,457800,0
2597,2023-09-01,52,86,1201400,757300,676
2598,2023-09-01,37,195,1907500,1289600,1148
2599,2023-09-01,62,199,678400,485800,35
2600,2023-09-01,11,867,10737700,6815500,18644
2601,2023-09-01,53,100,835100,581100,70
2602,2023-09-01,24,286,2555200,1734700,790
2603,2023-09-01,58,73,644400,436300,331
2604,2023-09-01,81,13,194800,122300,36
2605,2023-09-01,30,385,3071800,2069600,1265
2606,2023-09-01,20,240,2940300,1916000,606
2607,2023-09-01,48,158,1236300,830900,244
2608,2023-09-01,79,3,11400,7000,0
2609,2023-09-01,13,738,10482900,6611900,15420
2610,2023-09-01,21,238,3441800,2263300,1670
2611,2023-09-01,75,90,790000,568800,92
2612,2023-09-01,4,2135,27633500,18396700,16631
2613,2023-09-01,5,686,9159600,6113700,9927
2614,2023-09-01,59,105,969600,727300,325
2615,2023-09-01,47,108,1045000,716300,1554
2616,2023-09-01,46,227,1520400,1122300,728
2617,2023-09-01,6,728,12113200,7660300,7793
2618,2023-09-01,49,97,956200,615800,687
2619,2023-09-01,50,148,1101000,737300,425
2620,2023-09-01,28,283,3106700,2097400,1122
2621,2023-09-01,45,140,1420200,999900,462
2622,2023-09-01,77,24,134100,96900,18
2623,2023-09-01,22,287,2485700,1686700,1866
2624,2023-09-01,72,62,550400,377100,38
2625,2023-09-01,25,564,3010300,2134700,1193
2626,2023-09-01,36,186,1624400,1125900,816
2627,2023-09-01,80,2,23400,16600,0
2628,2023-09-01,51,126,1086700,764500,0
2629,2023-09-01,16,596,5487400,3519600,5427
2630,2023-09-01,26,192,2130500,1408900,1195
2631,2023-09-01,61,43,675400,474400,392
2632,2023-09-01,64,141,1056000,638800,591
2633,2023-09-01,74,67,601200,373100,56
2634,2023-09-01,34,233,1996500,1350700,402
2635,2023-09-01,12,503,6806500,4378000,9550
2636,2023-09-01,9,670,10539800,6581200,11224
2637,2023-09-01,73,8,215300,108300,382
2638,2023-09-01,76,15,92500,58800,30
2639,2023-09-01,1,1684,61084800,36544500,186529
2640,2023-09-01,55,100,1380800,975200,0
2641,2023-09-01,27,314,4526400,3033100,2726
2642,2023-09-01,82,7,94300,50900,0
2643,2023-09-01,15,428,7228600,4833000,5061
2644,2023-09-01,56,135,1176900,764400,728
2645,2023-10-01,49,97,956200,615800,687
2646,2023-10-01,25,580,3165900,2248700,1227
2647,2023-10-01,79,3,11400,7000,0
2648,2023-10-01,35,215,3693800,2333700,3668
2649,2023-10-01,23,383,4594000,2961600,5685
2650,2023-10-01,2,1303,39823200,23360000,66892
2651,2023-10-01,28,289,3203000,2164500,1122
2652,2023-10-01,64,150,1090300,662600,591
2653,2023-10-01,56,132,1182500,766100,761
2654,2023-10-01,78,44,203000,130900,0
2655,2023-10-01,40,199,1812400,1179900,1337
2656,2023-10-01,67,124,1049800,639100,547
2657,2023-10-01,82,7,94300,50900,0
2658,2023-10-01,47,110,1062400,727500,1554
2659,2023-10-01,62,203,696000,498300,35
2660,2023-10-01,44,249,2674100,1661500,3305
2661,2023-10-01,39,179,2123400,1375000,3158
2662,2023-10-01,85,2,16800,8200,0
2663,2023-10-01,51,128,1101800,776300,0
2664,2023-10-01,43,204,1889200,1257000,1909
2665,2023-10-01,66,128,737400,451700,1271
2666,2023-10-01,65,193,1158600,765200,180
2667,2023-10-01,1,1702,61877000,36982200,189547
2668,2023-10-01,61,45,737400,509500,392
2669,2023-10-01,34,243,2078300,1407900,410
2670,2023-10-01,3,2105,40794800,26034100,34167
2671,2023-10-01,58,73,644400,436300,331
2672,2023-10-01,8,1462,13591200,8157900,25217
2673,2023-10-01,81,13,194800,122300,36
2674,2023-10-01,60,122,684900,465900,1035
2675,2023-10-01,38,334,2916600,1770200,3037
2676,2023-10-01,83,9,136000,91500,53
2677,2023-10-01,16,605,5527500,3547600,5427
2678,2023-10-01,6,744,12268900,7761800,7293
2679,2023-10-01,32,173,1817500,1255500,198
2680,2023-10-01,46,232,1553100,1146700,728
2681,2023-10-01,71,77,677100,457800,0
2682,2023-10-01,45,140,1362000,955800,462
2683,2023-10-01,76,16,98000,62700,30
2684,2023-10-01,15,440,7490800,4995200,5409
2685,2023-10-01,26,194,2139300,1415800,1195
2686,2023-10-01,14,168,3869800,2468900,3082
2687,2023-10-01,75,95,851100,608500,92
2688,2023-10-01,13,746,10743900,6774900,16264
2689,2023-10-01,37,198,1938700,1310200,1171
2690,2023-10-01,72,63,551800,378600,38
2691,2023-10-01,29,481,6315200,3844300,14443
2692,2023-10-01,30,408,3193200,2155100,1265
2693,2023-10-01,48,162,1269900,853400,244
2694,2023-10-01,41,200,2410500,1585100,226
2695,2023-10-01,20,251,2983300,1946700,629
2696,2023-10-01,69,21,566000,384500,103
2697,2023-10-01,18,473,5620600,3893800,1328
2698,2023-10-01,7,746,14270000,9176900,19168
2699,2023-10-01,73,8,215300,108300,382
2700,2023-10-01,52,93,1313900,830400,793
2701,2023-10-01,5,698,9354000,6241800,10310
2702,2023-10-01,4,2133,27568100,18361200,16680
2703,2023-10-01,27,323,4627300,3105200,2721
2704,2023-10-01,11,885,11174600,7034000,20157
2705,2023-10-01,63,38,424700,287900,28
2706,2023-10-01,53,103,858600,597400,70
2707,2023-10-01,21,240,3458200,2275600,1670
2708,2023-10-01,42,282,1981900,1253100,474
2709,2023-10-01,70,89,811200,526400,153
2710,2023-10-01,17,413,6764100,4379900,5262
2711,2023-10-01,31,296,2365800,1626900,250
2712,2023-10-01,59,106,1027100,763400,413
2713,2023-10-01,77,27,157300,112700,18
2714,2023-10-01,80,2,23400,16600,0
2715,2023-10-01,84,2,4500,3400,0
2716,2023-10-01,24,298,2637600,1793700,818
2717,2023-10-01,55,102,1406200,993400,0
2718,2023-10-01,10,356,7028900,4294100,9724
2719,2023-10-01,12,514,6956100,4479500,9658
2720,2023-10-01,19,424,4824900,3173400,4414
2721,2023-10-01,33,284,3175900,2149600,3664
2722,2023-10-01,36,191,1662600,1152400,816
2723,2023-10-01,68,92,834800,523800,1152
2724,2023-10-01,50,158,1144300,766800,425
2725,2023-10-01,74,68,609400,378700,56
2726,2023-10-01,57,92,1338700,934500,1063
2727,2023-10-01,9,686,10801200,6741200,11809
2728,2023-10-01,22,290,2519500,1711500,1866
2729,2023-10-01,54,131,1419100,753600,683
2730,2023-11-01,39,181,2141300,1387100,3158
2731,2023-11-01,23,389,4676100,3010600,6113
2732,2023-11-01,71,78,695400,470500,0
2733,2023-11-01,67,131,1078800,653600,605
2734,2023-11-01,46,237,1602900,1188300,877
2735,2023-11-01,69,41,1026400,662600,103
2736,2023-11-01,5,701,9528000,6352300,10519
2737,2023-11-01,30,419,3272900,2212400,1260
2738,2023-11-01,58,75,651400,441300,331
2739,2023-11-01,64,151,1101800,667700,651
2740,2023-11-01,54,136,1447600,771700,683
2741,2023-11-01,72,64,553300,380000,38
2742,2023-11-01,70,92,888200,576500,153
2743,2023-11-01,55,103,1420900,1003700,0
2744,2023-11-01,66,128,737400,451700,1271
2745,2023-11-01,44,253,2742900,1703400,3413
2746,2023-11-01,84,2,4500,3400,0
2747,2023-11-01,1,1724,62997700,37645600,193458
2748,2023-11-01,52,93,1313900,830500,793
2749,2023-11-01,61,51,773100,528300,392
2750,2023-11-01,78,44,203000,130900,0
2751,2023-11-01,25,581,3201100,2264800,1379
2752,2023-11-01,80,2,23400,16600,0
2753,2023-11-01,82,7,94300,50900,0
2754,2023-11-01,31,305,2432000,1671400,250
2755,2023-11-01,77,29,175400,117300,18
2756,2023-11-01,4,2152,27819100,18533600,16680
2757,2023-11-01,29,492,6572400,3981400,15030
2758,2023-11-01,48,166,1294500,870900,244
2759,2023-11-01,3,2135,41903300,26715700,35984
2760,2023-11-01,74,70,623300,387400,56
2761,2023-11-01,47,110,1061800,726900,1554
2762,2023-11-01,65,195,1175400,776100,180
2763,2023-11-01,9,707,11221400,7004200,12111
2764,2023-11-01,17,421,6883800,4456000,5347
2765,2023-11-01,45,142,1396900,979900,483
2766,2023-11-01,16,613,5573700,3582500,5378
2767,2023-11-01,59,106,1027100,763400,413
2768,2023-11-01,27,325,4659500,3126300,2750
2769,2023-11-01,49,98,960100,619800,687
2770,2023-11-01,36,192,1694100,1174100,833
2771,2023-11-01,26,199,2283700,1504200,1195
2772,2023-11-01,85,3,26200,14100,0
2773,2023-11-01,14,170,3892300,2508300,3120
2774,2023-11-01,41,201,2418400,1588000,207
2775,2023-11-01,73,8,215300,108300,382
2776,2023-11-01,81,13,194800,122600,36
2777,2023-11-01,8,1494,13891500,8343300,25777
2778,2023-11-01,24,305,2719400,1842100,949
2779,2023-11-01,37,201,1946500,1315700,1171
2780,2023-11-01,63,39,433200,293800,28
2781,2023-11-01,34,247,2106800,1427500,410
2782,2023-11-01,22,292,2546800,1730500,1896
2783,2023-11-01,83,15,205000,137900,53
2784,2023-11-01,12,501,7006100,4502600,9623
2785,2023-11-01,57,95,1380400,962700,1066
2786,2023-11-01,51,129,1107000,780000,0
2787,2023-11-01,76,16,98000,62700,30
2788,2023-11-01,43,204,1889200,1259100,1909
2789,2023-11-01,40,200,1823600,1187600,1353
2790,2023-11-01,10,363,7217500,4405000,10078
2791,2023-11-01,60,122,684900,465900,1035
2792,2023-11-01,19,434,4912300,3197800,4414
2793,2023-11-01,6,759,12560300,7956300,7447
2794,2023-11-01,56,135,1195300,775000,761
2795,2023-11-01,18,486,5753500,3988400,1326
2796,2023-11-01,7,751,14451600,9275900,19508
2797,2023-11-01,50,159,1156100,778700,425
2798,2023-11-01,28,309,3346900,2258800,1122
2799,2023-11-01,21,246,3596500,2361800,1900
2800,2023-11-01,35,221,3868000,2427600,4209
2801,2023-11-01,68,128,848400,532300,1169
2802,2023-11-01,33,289,3217200,2176100,3678
2803,2023-11-01,79,3,11400,7000,0
2804,2023-11-01,38,335,3037300,1838000,3197
2805,2023-11-01,20,255,3006400,1959800,673
2806,2023-11-01,15,448,7689500,5112000,6039
2807,2023-11-01,53,106,890600,620400,70
2808,2023-11-01,13,765,11029300,6968700,16730
2809,2023-11-01,62,205,700100,501200,35
2810,2023-11-01,42,287,2041400,1292200,474
2811,2023-11-01,75,94,847100,606700,92
2812,2023-11-01,2,1307,40029000,23454700,67948
2813,2023-11-01,11,945,11420500,7182200,20573
2814,2023-11-01,32,174,1821700,1258600,198
2815,2023-12-01,64,161,1212400,726200,651
2816,2023-12-01,15,456,7784000,5173400,6215
2817,2023-12-01,1,1738,63728100,38080300,196189
2818,2023-12-01,38,340,3068900,1849800,3323
2819,2023-12-01,63,43,468900,319600,28
2820,2023-12-01,2,1319,40507200,23725600,69063
2821,2023-12-01,14,170,3892300,2509100,3120
2822,2023-12-01,30,434,3398700,2300700,1260
2823,2023-12-01,4,2155,27946700,18623900,16632
2824,2023-12-01,42,294,2071700,1313400,474
2825,2023-12-01,29,496,6686800,4038200,15527
2826,2023-12-01,7,776,14919900,9528600,19685
2827,2023-12-01,75,101,920800,658900,92
2828,2023-12-01,54,138,1472400,788800,683
2829,2023-12-01,51,131,1123700,792800,0
2830,2023-12-01,17,422,6885200,4462100,5392
2831,2023-12-01,57,101,1457700,1016000,1066
2832,2023-12-01,19,445,5074300,3284200,4777
2833,2023-12-01,46,246,1678800,1238200,995
2834,2023-12-01,33,295,3295400,2228600,3715
2835,2023-12-01,84,2,4500,3400,0
2836,2023-12-01,6,777,12873800,8177600,7482
2837,2023-12-01,16,626,5719500,3664700,5622
2838,2023-12-01,48,169,1342900,900200,244
2839,2023-12-01,81,13,194800,122600,36
2840,2023-12-01,49,99,971200,627900,687
2841,2023-12-01,37,207,1967700,1329200,1171
2842,2023-12-01,58,76,656300,444800,331
2843,2023-12-01,31,326,2491600,1702100,250
2844,2023-12-01,53,107,899100,625700,70
2845,2023-12-01,8,1525,14053900,8445200,26041
2846,2023-12-01,62,207,716700,512000,35
2847,2023-12-01,25,590,3308700,2347100,1376
2848,2023-12-01,35,226,3974700,2495000,4662
2849,2023-12-01,5,710,9730900,6478400,10714
2850,2023-12-01,61,54,847700,561300,670
2851,2023-12-01,3,2172,42502200,27100700,36019
2852,2023-12-01,78,49,243000,158100,0
2853,2023-12-01,41,209,2506400,1637300,309
2854,2023-12-01,26,203,2355400,1554400,1195
2855,2023-12-01,60,125,704000,477400,1035
2856,2023-12-01,11,953,11485400,7219900,20575
2857,2023-12-01,72,66,590100,400800,38
2858,2023-12-01,28,332,3518700,2375200,1122
2859,2023-12-01,23,392,4771900,3067600,6330
2860,2023-12-01,77,30,178800,119800,18
2861,2023-12-01,32,175,1834100,1265200,198
2862,2023-12-01,76,16,98000,62700,30
2863,2023-12-01,56,140,1216900,787600,761
2864,2023-12-01,45,146,1480800,1030700,675
2865,2023-12-01,43,207,1896700,1264100,1909
2866,2023-12-01,18,504,5939900,4130600,1326
2867,2023-12-01,79,3,11400,7000,0
2868,2023-12-01,65,196,1185600,782600,180
2869,2023-12-01,12,508,7112200,4573600,9812
2870,2023-12-01,55,109,1501000,1061000,0
2871,2023-12-01,10,380,7545200,4617500,10195
2872,2023-12-01,74,73,663400,411800,56
2873,2023-12-01,71,78,695400,470500,0
2874,2023-12-01,70,92,877700,568500,153
2875,2023-12-01,39,185,2184600,1419800,3156
2876,2023-12-01,50,161,1194800,805000,667
2877,2023-12-01,85,3,26200,14100,0
2878,2023-12-01,80,3,34500,23700,0
2879,2023-12-01,82,7,94300,50900,0
2880,2023-12-01,59,105,1025600,762400,413
2881,2023-12-01,34,254,2157700,1460800,410
2882,2023-12-01,52,94,1331000,840400,894
2883,2023-12-01,24,309,2741300,1856700,949
2884,2023-12-01,22,297,2582800,1754200,1896
2885,2023-12-01,27,333,4748600,3187000,2750
2886,2023-12-01,66,130,783700,480200,1389
2887,2023-12-01,21,248,3621900,2379300,1901
2888,2023-12-01,68,128,851000,534400,1190
2889,2023-12-01,67,132,1079500,655500,624
2890,2023-12-01,69,42,1060700,683600,103
2891,2023-12-01,36,198,1766900,1223300,840
2892,2023-12-01,47,111,1069500,731900,1554
2893,2023-12-01,40,205,1844900,1191300,1353
2894,2023-12-01,86,1,2400,2100,0
2895,2023-12-01,13,777,11203900,7084300,16878
2896,2023-12-01,9,730,11681500,7299100,13762
2897,2023-12-01,83,15,205000,137900,53
2898,2023-12-01,73,8,215300,108300,382
2899,2023-12-01,44,259,2880300,1773500,3767
2900,2023-12-01,20,264,3167300,2058200,833
2901,2024-01-01,70,106,1055200,677200,189
2902,2024-01-01,17,438,7162200,4630900,5832
2903,2024-01-01,86,1,2400,2100,0
2904,2024-01-01,63,45,486900,331900,28
2905,2024-01-01,66,131,808300,493900,1519
2906,2024-01-01,54,150,1546100,842400,683
2907,2024-01-01,67,136,1085600,661700,624
2908,2024-01-01,18,508,6110400,4219100,1568
2909,2024-01-01,29,497,6898800,4157700,16922
2910,2024-01-01,40,212,1883300,1218100,1447
2911,2024-01-01,3,2244,43750400,27905100,37410
2912,2024-01-01,24,317,2788700,1888300,949
2913,2024-01-01,22,302,2589700,1756900,1896
2914,2024-01-01,45,154,1578500,1099600,675
2915,2024-01-01,25,589,3302900,2340800,1395
2916,2024-01-01,53,109,918500,638900,70
2917,2024-01-01,61,56,866600,573100,670
2918,2024-01-01,64,161,1212400,726200,651
2919,2024-01-01,43,217,1923300,1284500,1909
2920,2024-01-01,52,98,1378700,870500,894
2921,2024-01-01,60,139,803000,532900,1215
2922,2024-01-01,41,229,2639600,1727300,399
2923,2024-01-01,37,212,2035800,1373400,1259
2924,2024-01-01,78,57,297800,192000,0
2925,2024-01-01,21,260,3763900,2468400,2116
2926,2024-01-01,50,165,1278900,858800,803
2927,2024-01-01,30,437,3444200,2332400,1260
2928,2024-01-01,56,145,1256900,814600,800
2929,2024-01-01,57,106,1512900,1056500,1095
2930,2024-01-01,39,193,2300300,1495900,3133
2931,2024-01-01,46,250,1700100,1252000,939
2932,2024-01-01,15,459,7847300,5211200,6313
2933,2024-01-01,32,182,1938700,1327500,198
2934,2024-01-01,49,101,976200,629300,687
2935,2024-01-01,34,265,2237100,1514500,410
2936,2024-01-01,76,16,99400,62800,30
2937,2024-01-01,14,174,3959100,2552000,3190
2938,2024-01-01,16,630,5815900,3723900,5922
2939,2024-01-01,59,105,1025900,762500,455
2940,2024-01-01,7,791,15160600,9673300,19832
2941,2024-01-01,12,511,7208700,4630800,9812
2942,2024-01-01,74,74,677700,415500,56
2943,2024-01-01,9,746,11899300,7437900,14028
2944,2024-01-01,4,2222,28919400,19261200,17934
2945,2024-01-01,8,1618,14312000,8601800,26682
2946,2024-01-01,55,112,1546000,1094600,0
2947,2024-01-01,48,177,1423900,954700,242
2948,2024-01-01,27,334,4781000,3198400,2837
2949,2024-01-01,62,207,716700,511900,35
2950,2024-01-01,82,7,94300,50900,0
2951,2024-01-01,75,103,931800,667800,92
2952,2024-01-01,19,462,5308100,3434900,4896
2953,2024-01-01,72,66,590100,400800,38
2954,2024-01-01,68,130,884700,555900,1274
2955,2024-01-01,11,966,11735400,7371300,21112
2956,2024-01-01,35,229,4034200,2532100,4662
2957,2024-01-01,80,3,34500,23700,0
2958,2024-01-01,77,30,166800,119800,18
2959,2024-01-01,10,395,7839300,4785300,10956
2960,2024-01-01,31,335,2534300,1729300,250
2961,2024-01-01,81,13,194800,122600,36
2962,2024-01-01,65,204,1292500,848800,180
2963,2024-01-01,79,3,11400,7000,0
2964,2024-01-01,51,137,1177200,829600,0
2965,2024-01-01,73,8,215300,108300,382
2966,2024-01-01,36,205,1842700,1277900,840
2967,2024-01-01,85,3,26200,14100,0
2968,2024-01-01,28,349,3717200,2511000,1132
2969,2024-01-01,44,261,2934500,1812000,3767
2970,2024-01-01,26,206,2382700,1572700,1195
2971,2024-01-01,83,15,205000,137900,53
2972,2024-01-01,13,818,11836200,7495100,17688
2973,2024-01-01,1,1774,65359700,39134800,200676
2974,2024-01-01,71,80,726400,491400,0
2975,2024-01-01,5,800,9965900,6636000,11031
2976,2024-01-01,20,272,3282700,2130900,899
2977,2024-01-01,38,365,3200800,1938600,3277
2978,2024-01-01,58,77,660500,447300,331
2979,2024-01-01,2,1347,41191600,24103000,70784
2980,2024-01-01,47,116,1122500,764100,1665
2981,2024-01-01,42,294,2094500,1321700,474
2982,2024-01-01,69,42,1060700,683600,103
2983,2024-01-01,33,300,3362000,2271800,3767
2984,2024-01-01,84,2,4500,3400,0
2985,2024-01-01,6,853,13585500,8641700,7869
2986,2024-01-01,23,398,4866300,3128900,6485
2987,2024-02-01,4,2239,29158500,19423000,17906
2988,2024-02-01,84,2,4500,3400,0
2989,2024-02-01,34,269,2270100,1536400,410
2990,2024-02-01,42,297,2121400,1331300,508
2991,2024-02-01,39,193,2300300,1495700,3133
2992,2024-02-01,69,42,1060700,683600,103
2993,2024-02-01,20,273,3299300,2142600,899
2994,2024-02-01,19,466,5352800,3464400,4896
2995,2024-02-01,29,501,7011800,4224900,17153
2996,2024-02-01,55,113,1565100,1108600,0
2997,2024-02-01,78,59,305600,196700,0
2998,2024-02-01,27,337,4807900,3219400,2837
2999,2024-02-01,49,102,982900,633700,687
3000,2024-02-01,30,438,3445400,2333500,1260
3001,2024-02-01,13,827,11925500,7548000,17864
3002,2024-02-01,28,358,3841800,2602600,1132
3003,2024-02-01,83,17,234700,155500,224
3004,2024-02-01,12,514,7234900,4650500,9812
3005,2024-02-01,43,218,1925800,1285900,1909
3006,2024-02-01,70,110,1087200,696200,189
3007,2024-02-01,21,262,3779600,2479400,2056
3008,2024-02-01,73,8,215300,108300,382
3009,2024-02-01,22,303,2608900,1768700,1896
3010,2024-02-01,53,110,927900,645500,70
3011,2024-02-01,36,205,1843700,1277900,840
3012,2024-02-01,71,82,755700,509300,0
3013,2024-02-01,67,137,1100400,662600,671
3014,2024-02-01,62,208,719300,513600,35
3015,2024-02-01,58,81,703600,472000,466
3016,2024-02-01,3,2253,43944400,28022900,37759
3017,2024-02-01,52,99,1395700,880700,894
3018,2024-02-01,51,137,1177200,829600,0
3019,2024-02-01,64,162,1245000,747000,651
3020,2024-02-01,41,230,2643000,1730200,399
3021,2024-02-01,81,13,194800,122600,36
3022,2024-02-01,31,362,2539100,1733400,250
3023,2024-02-01,38,367,3232200,1954100,3277
3024,2024-02-01,15,462,7896200,5245100,6309
3025,2024-02-01,79,3,11400,7000,0
3026,2024-02-01,40,215,1911300,1249000,1447
3027,2024-02-01,11,972,11841300,7428500,21366
3028,2024-02-01,10,396,7852600,4791100,10875
3029,2024-02-01,26,209,2431500,1606100,1332
3030,2024-02-01,82,7,94300,50900,0
3031,2024-02-01,32,182,1938700,1327600,198
3032,2024-02-01,35,232,4082000,2563300,4752
3033,2024-02-01,45,154,1578500,1099600,675
3034,2024-02-01,8,1732,14378100,8647000,26682
3035,2024-02-01,25,590,3336900,2358100,1565
3036,2024-02-01,6,870,13839300,8821200,8093
3037,2024-02-01,61,59,901800,592100,700
3038,2024-02-01,66,131,808100,495400,1516
3039,2024-02-01,85,3,26200,14100,0
3040,2024-02-01,2,1353,41337200,24183400,71317
3041,2024-02-01,33,306,3415000,2314900,3839
3042,2024-02-01,44,263,2952300,1821000,3816
3043,2024-02-01,68,133,931600,574300,1274
3044,2024-02-01,76,16,99400,62800,30
3045,2024-02-01,5,804,9982100,6649000,11029
3046,2024-02-01,23,400,4885300,3139300,6565
3047,2024-02-01,37,214,2083900,1404300,1305
3048,2024-02-01,57,106,1512900,1056500,1095
3049,2024-02-01,46,253,1717800,1264200,939
3050,2024-02-01,47,120,1186900,799600,1665
3051,2024-02-01,56,147,1270400,823700,800
3052,2024-02-01,16,630,5841400,3737300,5975
3053,2024-02-01,80,3,34500,23700,0
3054,2024-02-01,65,203,1289800,846800,180
3055,2024-02-01,59,104,1017700,759000,455
3056,2024-02-01,74,74,677700,415500,56
3057,2024-02-01,54,150,1519500,831400,633
3058,2024-02-01,1,1790,66013500,39524500,202024
3059,2024-02-01,77,30,166800,119800,18
3060,2024-02-01,48,177,1423900,954900,242
3061,2024-02-01,17,441,7235200,4674600,5925
3062,2024-02-01,60,140,811100,539700,1215
3063,2024-02-01,9,749,11902800,7438200,14007
3064,2024-02-01,18,509,6143200,4244000,1568
3065,2024-02-01,72,66,590100,400800,38
3066,2024-02-01,14,177,3959600,2552500,3187
3067,2024-02-01,7,801,15345600,9786000,20203
3068,2024-02-01,63,48,530900,360300,28
3069,2024-02-01,24,326,2830700,1920700,949
3070,2024-02-01,75,104,950600,679100,92
3071,2024-02-01,86,1,2400,2100,0
3072,2024-02-01,50,166,1270600,848900,803
3073,2024-03-01,56,147,1272500,823700,800
3074,2024-03-01,27,342,4896600,3277900,2860
3075,2024-03-01,30,443,3462900,2343600,1299
3076,2024-03-01,78,61,315100,202400,0
3077,2024-03-01,32,187,2033800,1390500,198
3078,2024-03-01,4,2245,29377300,19553600,17850
3079,2024-03-01,62,214,747600,531400,35
3080,2024-03-01,41,232,2667500,1744200,429
3081,2024-03-01,6,873,13999500,8930600,8301
3082,2024-03-01,24,327,2833900,1923300,949
3083,2024-03-01,55,114,1584100,1122400,0
3084,2024-03-01,2,1372,41880000,24474600,72931
3085,2024-03-01,40,222,1979600,1290700,1535
3086,2024-03-01,5,804,9976400,6650400,10832
3087,2024-03-01,8,1755,14565100,8761500,26782
3088,2024-03-01,22,306,2624800,1778900,1896
3089,2024-03-01,63,48,530900,360300,28
3090,2024-03-01,66,138,824300,506600,1516
3091,2024-03-01,44,268,3020700,1858200,3994
3092,2024-03-01,86,1,2400,2100,0
3093,2024-03-01,12,511,7217900,4637100,9807
3094,2024-03-01,42,299,2141000,1344000,508
3095,2024-03-01,52,99,1395700,879900,894
3096,2024-03-01,20,274,3300900,2144700,899
3097,2024-03-01,49,104,999000,644900,687
3098,2024-03-01,81,14,199100,125300,36
3099,2024-03-01,79,3,11400,7000,0
3100,2024-03-01,73,8,193400,108300,382
3101,2024-03-01,58,84,713800,477700,527
3102,2024-03-01,36,206,1852700,1284200,840
3103,2024-03-01,16,642,6077300,3871000,6234
3104,2024-03-01,37,219,2125600,1428500,1305
3105,2024-03-01,34,271,2283700,1546100,410
3106,2024-03-01,47,120,1186900,801700,1665
3107,2024-03-01,23,405,4975700,3198500,6665
3108,2024-03-01,11,983,12086900,7565800,21814
3109,2024-03-01,31,366,2588700,1772100,250
3110,2024-03-01,57,113,1575300,1097100,1095
3111,2024-03-01,10,399,7948200,4845200,11040
3112,2024-03-01,28,362,3924900,2656800,1132
3113,2024-03-01,29,518,7154600,4303700,17616
3114,2024-03-01,21,265,3840000,2518800,2232
3115,2024-03-01,83,17,234700,155500,224
3116,2024-03-01,51,139,1194700,841900,0
3117,2024-03-01,69,42,1060700,683600,103
3118,2024-03-01,68,136,971000,587400,1294
3119,2024-03-01,38,379,3353800,2030500,3444
3120,2024-03-01,19,473,5523300,3571100,5237
3121,2024-03-01,3,2286,44184900,28184700,37897
3122,2024-03-01,43,275,1932100,1292700,1909
3123,2024-03-01,7,814,15767800,10052900,20391
3124,2024-03-01,60,140,811100,539700,1215
3125,2024-03-01,75,107,991000,707700,92
3126,2024-03-01,70,109,1091500,698400,189
3127,2024-03-01,64,164,1275000,766600,651
3128,2024-03-01,71,83,763600,514900,0
3129,2024-03-01,72,67,611900,412900,38
3130,2024-03-01,74,74,677700,415500,56
3131,2024-03-01,61,61,995500,635700,700
3132,2024-03-01,35,234,4112500,2581500,4752
3133,2024-03-01,65,210,1337100,856300,180
3134,2024-03-01,80,3,34500,23700,0
3135,2024-03-01,18,520,6283100,4327700,1568
3136,2024-03-01,85,3,26200,14100,0
3137,2024-03-01,53,112,931300,648000,70
3138,2024-03-01,9,756,12009000,7509800,14128
3139,2024-03-01,15,471,8035400,5334100,6370
3140,2024-03-01,84,2,4500,3400,0
3141,2024-03-01,45,158,1617200,1127000,773
3142,2024-03-01,67,138,1115700,672300,671
3143,2024-03-01,14,197,4113200,2665300,3187
3144,2024-03-01,48,179,1432600,960800,242
3145,2024-03-01,26,209,2431500,1606100,1332
3146,2024-03-01,13,832,12049300,7630700,18138
3147,2024-03-01,25,591,3350700,2367600,1565
3148,2024-03-01,82,7,94300,50900,0
3149,2024-03-01,77,30,166800,119800,18
3150,2024-03-01,50,168,1325900,883100,803
3151,2024-03-01,54,151,1525800,835400,633
3152,2024-03-01,1,1659,66134000,39522200,203877
3153,2024-03-01,76,16,99400,62800,30
3154,2024-03-01,46,254,1714500,1263300,939
3155,2024-03-01,39,198,2345600,1524600,3133
3156,2024-03-01,33,310,3472200,2354700,3859
3157,2024-03-01,17,445,7306800,4704600,5990
3158,2024-03-01,59,104,1009200,754000,455
3159,2024-04-01,75,111,1032500,738800,92
3160,2024-04-01,86,1,2400,2100,0
3161,2024-04-01,12,513,7311400,4691200,10360
3162,2024-04-01,36,211,1901100,1316400,840
3163,2024-04-01,6,885,14110700,9005000,8251
3164,2024-04-01,25,589,3368400,2380000,1565
3165,2024-04-01,60,149,837300,555100,1215
3166,2024-04-01,24,334,2932100,1983000,1122
3167,2024-04-01,76,16,99400,62800,30
3168,2024-04-01,63,48,530900,360300,28
3169,2024-04-01,55,115,1590300,1126900,0
3170,2024-04-01,43,276,1951800,1305600,1909
3171,2024-04-01,52,99,1395700,879900,894
3172,2024-04-01,62,216,759500,539900,35
3173,2024-04-01,69,42,1060700,683600,103
3174,2024-04-01,27,360,4920600,3294900,2860
3175,2024-04-01,53,115,946700,659500,70
3176,2024-04-01,17,450,7317100,4727200,5990
3177,2024-04-01,77,30,166000,119800,18
3178,2024-04-01,14,208,4266500,2753000,3449
3179,2024-04-01,9,773,12255200,7668300,14229
3180,2024-04-01,38,394,3571500,2160500,3664
3181,2024-04-01,56,158,1525900,953600,800
3182,2024-04-01,47,129,1285500,855700,1849
3183,2024-04-01,59,107,1030300,766600,455
3184,2024-04-01,50,177,1416100,940500,803
3185,2024-04-01,29,541,7556100,4533700,18523
3186,2024-04-01,48,181,1466500,979200,361
3187,2024-04-01,15,476,8074300,5353700,6300
3188,2024-04-01,30,452,3530500,2391800,1390
3189,2024-04-01,46,258,1738200,1279700,939
3190,2024-04-01,68,138,1013000,599100,1378
3191,2024-04-01,8,1766,14831800,8911800,27253
3192,2024-04-01,84,2,4500,3400,0
3193,2024-04-01,21,267,3880900,2546000,2232
3194,2024-04-01,61,61,1033000,658200,700
3195,2024-04-01,23,416,5040800,3245200,6755
3196,2024-04-01,80,3,34500,23700,0
3197,2024-04-01,19,487,5724400,3698800,5379
3198,2024-04-01,16,655,6187800,3945500,6466
3199,2024-04-01,7,831,16103400,10264700,20953
3200,2024-04-01,40,224,2007500,1308800,1535
3201,2024-04-01,31,368,2617400,1788600,250
3202,2024-04-01,64,164,1275000,766600,651
3203,2024-04-01,20,274,3295900,2143500,899
3204,2024-04-01,58,86,724300,484400,527
3205,2024-04-01,66,138,824300,506600,1516
3206,2024-04-01,82,7,94300,50900,0
3207,2024-04-01,67,134,1108700,671800,671
3208,2024-04-01,45,163,1662900,1159700,773
3209,2024-04-01,42,300,2144500,1356600,555
3210,2024-04-01,37,219,2125600,1428500,1305
3211,2024-04-01,39,202,2417000,1564900,3168
3212,2024-04-01,70,112,1114600,712600,224
3213,2024-04-01,44,273,3058400,1883200,3994
3214,2024-04-01,65,210,1337100,856300,180
3215,2024-04-01,73,8,193400,108300,382
3216,2024-04-01,35,238,4205200,2645000,4752
3217,2024-04-01,2,1381,42019800,24552500,73232
3218,2024-04-01,18,531,6453800,4431000,1568
3219,2024-04-01,10,402,7815600,4765700,10830
3220,2024-04-01,74,76,696800,428000,56
3221,2024-04-01,11,988,12167800,7614300,22552
3222,2024-04-01,22,307,2642600,1791900,1896
3223,2024-04-01,13,854,12467500,7917600,18715
3224,2024-04-01,28,364,3960300,2682900,1109
3225,2024-04-01,57,118,1653100,1151700,1095
3226,2024-04-01,71,83,763600,514900,0
3227,2024-04-01,79,3,11400,7000,0
3228,2024-04-01,51,164,1494100,1057300,70
3229,2024-04-01,34,275,2341600,1583600,410
3230,2024-04-01,33,313,3510700,2368000,3859
3231,2024-04-01,78,71,338400,219200,0
3232,2024-04-01,85,4,35500,20200,0
3233,2024-04-01,41,238,2730700,1783700,423
3234,2024-04-01,1,1683,67729900,40364700,208595
3235,2024-04-01,26,214,2472100,1632100,1332
3236,2024-04-01,4,2298,29979300,19941100,18271
3237,2024-04-01,81,14,199100,125300,36
3238,2024-04-01,3,2313,44836100,28521800,41000
3239,2024-04-01,5,823,10327800,6881600,10947
3240,2024-04-01,72,69,639400,431200,38
3241,2024-04-01,54,156,1560000,858400,647
3242,2024-04-01,83,17,234700,155500,224
3243,2024-04-01,49,106,1015500,655100,687
3244,2024-04-01,32,190,2071000,1413700,224
3245,2024-05-01,32,192,2090000,1426900,224
3246,2024-05-01,25,598,3457000,2441600,1565
3247,2024-05-01,81,14,199100,125300,36
3248,2024-05-01,51,168,1522400,1078100,70
3249,2024-05-01,53,115,946800,659800,70
3250,2024-05-01,34,281,2424600,1637600,429
3251,2024-05-01,41,257,2772800,1816500,423
3252,2024-05-01,87,1,5000,4600,0
3253,2024-05-01,31,372,2664000,1817700,252
3254,2024-05-01,16,663,6239600,3975900,6402
3255,2024-05-01,17,457,7443700,4806200,6111
3256,2024-05-01,30,466,3629300,2453200,1415
3257,2024-05-01,65,213,1345400,862300,180
3258,2024-05-01,11,993,12319700,7699000,22814
3259,2024-05-01,2,1384,42138400,24621800,73526
3260,2024-05-01,60,153,864900,571100,1266
3261,2024-05-01,62,197,757400,536500,35
3262,2024-05-01,28,365,3987200,2700900,1109
3263,2024-05-01,23,421,5132100,3305300,6799
3264,2024-05-01,80,3,34500,23700,0
3265,2024-05-01,29,551,7756000,4658200,19368
3266,2024-05-01,18,546,6636700,4568500,1568
3267,2024-05-01,84,2,4500,3400,0
3268,2024-05-01,40,227,2038300,1331200,1535
3269,2024-05-01,77,31,172100,125200,18
3270,2024-05-01,56,162,1541000,963400,800
3271,2024-05-01,59,108,1086800,805000,455
3272,2024-05-01,44,281,3182400,1957400,3988
3273,2024-05-01,86,1,2400,2100,0
3274,2024-05-01,20,269,3292600,2140700,899
3275,2024-05-01,26,215,2472400,1632600,1332
3276,2024-05-01,54,158,1578600,869800,680
3277,2024-05-01,55,117,1610600,1139600,0
3278,2024-05-01,22,309,2666900,1807200,1926
3279,2024-05-01,49,109,1066000,683500,786
3280,2024-05-01,37,221,2132700,1434600,1269
3281,2024-05-01,61,68,1073600,686300,783
3282,2024-05-01,52,100,1416100,894400,1018
3283,2024-05-01,3,2328,45449500,28885100,43313
3284,2024-05-01,43,279,2013100,1345000,1922
3285,2024-05-01,35,246,4363500,2749700,4752
3286,2024-05-01,67,141,1148300,697200,690
3287,2024-05-01,73,8,193400,108300,382
3288,2024-05-01,33,323,3608500,2436700,3859
3289,2024-05-01,19,497,5888500,3803300,5411
3290,2024-05-01,45,165,1698100,1179800,773
3291,2024-05-01,50,181,1477500,976000,902
3292,2024-05-01,4,2319,30427500,20223700,18617
3293,2024-05-01,46,260,1753500,1289800,939
3294,2024-05-01,71,86,768200,518000,0
3295,2024-05-01,64,168,1301200,783700,651
3296,2024-05-01,82,7,94300,50900,0
3297,2024-05-01,72,73,690700,467800,38
3298,2024-05-01,36,212,1914600,1325100,833
3299,2024-05-01,83,17,234700,155500,224
3300,2024-05-01,14,207,4249000,2746100,3501
3301,2024-05-01,1,1692,68214600,40649000,210466
3302,2024-05-01,38,405,3702200,2231700,4081
3303,2024-05-01,57,131,1769700,1231900,1095
3304,2024-05-01,78,73,346200,224100,0
3305,2024-05-01,58,87,731200,488800,527
3306,2024-05-01,69,42,1060700,683600,103
3307,2024-05-01,63,48,530900,360300,28
3308,2024-05-01,15,487,8191100,5424900,6286
3309,2024-05-01,76,16,99400,62800,30
3310,2024-05-01,42,303,2193000,1382700,577
3311,2024-05-01,85,4,35500,20200,0
3312,2024-05-01,24,343,3014700,2036500,1122
3313,2024-05-01,27,350,4978100,3330300,2866
3314,2024-05-01,75,114,1037600,740900,92
3315,2024-05-01,10,409,7985300,4879300,10971
3316,2024-05-01,47,129,1284300,855600,1849
3317,2024-05-01,9,787,12881500,8054000,15507
3318,2024-05-01,5,831,10475600,6967200,11104
3319,2024-05-01,39,206,2436300,1576400,3226
3320,2024-05-01,6,888,14192900,9057900,8251
3321,2024-05-01,68,139,1008000,595200,1380
3322,2024-05-01,12,556,7419300,4761100,10360
3323,2024-05-01,48,185,1489800,995400,361
3324,2024-05-01,74,76,696800,428000,56
3325,2024-05-01,13,859,12638800,8005300,19749
3326,2024-05-01,7,849,16459300,10488400,21609
3327,2024-05-01,66,139,840200,515800,1596
3328,2024-05-01,21,269,3891200,2553400,2266
3329,2024-05-01,79,3,11400,7000,0
3330,2024-05-01,70,117,1173600,748500,224
3331,2024-05-01,8,1807,15179600,9145000,27601
3332,2024-06-01,55,118,1631300,1153800,0
3333,2024-06-01,65,215,1380600,885400,180
3334,2024-06-01,18,550,6663300,4592400,1568
3335,2024-06-01,76,17,105800,66100,30
3336,2024-06-01,1,1705,69108800,41191100,213600
3337,2024-06-01,34,283,2456200,1659100,429
3338,2024-06-01,60,154,868300,574100,1266
3339,2024-06-01,53,117,963000,671500,70
3340,2024-06-01,13,888,12862200,8155200,20051
3341,2024-06-01,78,78,362500,233800,0
3342,2024-06-01,15,507,8382400,5540200,6661
3343,2024-06-01,49,112,1097400,703300,836
3344,2024-06-01,20,270,3293400,2141300,899
3345,2024-06-01,21,271,4112400,2582700,2315
3346,2024-06-01,3,2355,45934600,29208800,43599
3347,2024-06-01,54,160,1602000,885500,680
3348,2024-06-01,69,42,1060700,683600,103
3349,2024-06-01,39,208,2469300,1599000,3226
3350,2024-06-01,50,184,1498800,989700,902
3351,2024-06-01,4,2329,30602900,20334200,18617
3352,2024-06-01,84,2,4500,3400,0
3353,2024-06-01,28,369,4027700,2724500,1181
3354,2024-06-01,2,1389,42262200,24677400,74155
3355,2024-06-01,12,558,7433300,4768600,10375
3356,2024-06-01,31,376,2824400,1857100,252
3357,2024-06-01,46,261,1757100,1292700,939
3358,2024-06-01,43,283,2085200,1391500,1922
3359,2024-06-01,81,15,222100,139100,36
3360,2024-06-01,52,100,1416100,894500,1018
3361,2024-06-01,9,791,12970200,8110200,15814
3362,2024-06-01,45,171,1758300,1223500,824
3363,2024-06-01,27,351,4986800,3337100,2867
3364,2024-06-01,57,133,1811900,1260000,1095
3365,2024-06-01,74,78,724800,446600,56
3366,2024-06-01,24,350,3096200,2086400,1122
3367,2024-06-01,59,109,1088200,806100,455
3368,2024-06-01,80,3,34500,23700,0
3369,2024-06-01,72,78,765200,514000,93
3370,2024-06-01,67,144,1201700,731800,690
3371,2024-06-01,37,222,2146500,1442500,1269
3372,2024-06-01,42,311,2227200,1406900,609
3373,2024-06-01,51,164,1520900,1076300,70
3374,2024-06-01,87,2,14500,12300,86
3375,2024-06-01,85,7,64400,38900,0
3376,2024-06-01,44,286,3257000,2004200,4048
3377,2024-06-01,64,168,1199500,783700,651
3378,2024-06-01,63,49,553400,376600,28
3379,2024-06-01,6,893,14196400,9062000,8006
3380,2024-06-01,25,605,3543300,2508100,1744
3381,2024-06-01,73,8,193400,108300,382
3382,2024-06-01,10,414,8024300,4908000,10971
3383,2024-06-01,8,1830,15391400,9267000,27813
3384,2024-06-01,33,325,3636700,2454300,3859
3385,2024-06-01,36,216,1949900,1349100,833
3386,2024-06-01,79,3,11400,7000,0
3387,2024-06-01,56,171,1615500,1011500,845
3388,2024-06-01,86,1,2400,2100,0
3389,2024-06-01,70,119,1194100,761100,287
3390,2024-06-01,19,505,5970700,3847300,5624
3391,2024-06-01,38,413,3756700,2269100,4081
3392,2024-06-01,41,258,2790000,1826700,423
3393,2024-06-01,68,126,1012200,596500,1380
3394,2024-06-01,47,130,1294200,861800,1849
3395,2024-06-01,71,86,768200,518000,0
3396,2024-06-01,26,215,2472400,1632600,1332
3397,2024-06-01,77,31,172100,125200,18
3398,2024-06-01,35,249,4395700,2771400,4759
3399,2024-06-01,29,559,7843900,4713400,19508
3400,2024-06-01,32,194,2108900,1438800,224
3401,2024-06-01,40,232,2085400,1361600,1564
3402,2024-06-01,23,429,5221700,3363000,6927
3403,2024-06-01,7,880,16956800,10815500,21974
3404,2024-06-01,83,19,269900,177000,53
3405,2024-06-01,30,477,3704400,2501100,1413
3406,2024-06-01,61,71,1152000,738800,856
3407,2024-06-01,66,141,881900,543200,1596
3408,2024-06-01,17,459,7471000,4823900,6111
3409,2024-06-01,5,844,10745600,7134200,11219
3410,2024-06-01,22,315,2727900,1849600,1926
3411,2024-06-01,62,199,760900,539400,35
3412,2024-06-01,48,187,1506500,1006500,361
3413,2024-06-01,75,120,1070000,764000,92
3414,2024-06-01,11,1003,12418000,7763500,22808
3415,2024-06-01,58,87,731200,488800,527
3416,2024-06-01,82,7,94300,50900,0
3417,2024-06-01,14,210,4324900,2792300,3663
3418,2024-06-01,16,673,6329200,4037200,6402
3419,2024-07-01,25,608,3563700,2513300,1744
3420,2024-07-01,30,485,3789200,2560700,1413
3421,2024-07-01,11,1017,12678800,7912000,24223
3422,2024-07-01,34,286,2493600,1684500,429
3423,2024-07-01,16,689,6451900,4123100,6515
3424,2024-07-01,83,19,269900,177000,53
3425,2024-07-01,5,853,10923900,7247200,11564
3426,2024-07-01,48,189,1528300,1019600,361
3427,2024-07-01,13,910,13205600,8348800,21379
3428,2024-07-01,53,124,1030600,722900,70
3429,2024-07-01,39,213,2557500,1656000,3226
3430,2024-07-01,61,71,1151500,738800,856
3431,2024-07-01,38,423,3894600,2349700,4132
3432,2024-07-01,35,250,4407400,2778300,4739
3433,2024-07-01,23,436,5323600,3422600,7165
3434,2024-07-01,1,1719,69924500,41759500,217984
3435,2024-07-01,32,198,2183900,1485700,224
3436,2024-07-01,17,469,7582400,4894400,6135
3437,2024-07-01,9,799,13053900,8153400,15983
3438,2024-07-01,81,16,239800,149900,36
3439,2024-07-01,50,186,1505400,994200,902
3440,2024-07-01,54,162,1622100,900900,680
3441,2024-07-01,19,524,6190400,3992500,5999
3442,2024-07-01,75,124,1119700,795800,100
3443,2024-07-01,58,87,731200,488800,527
3444,2024-07-01,72,78,765200,514000,93
3445,2024-07-01,14,212,4368600,2825300,3526
3446,2024-07-01,60,171,963400,631100,1413
3447,2024-07-01,21,273,4127900,2593200,2315
3448,2024-07-01,22,324,2735600,1852100,1850
3449,2024-07-01,28,370,4072400,2751400,1523
3450,2024-07-01,29,557,7902500,4724200,20023
3451,2024-07-01,24,360,3175200,2131300,1122
3452,2024-07-01,3,2384,46456400,29520200,43917
3453,2024-07-01,68,126,1012200,596500,1380
3454,2024-07-01,77,33,184100,135100,18
3455,2024-07-01,74,79,731700,450900,56
3456,2024-07-01,12,566,7533600,4863400,10839
3457,2024-07-01,43,287,2102600,1403600,1922
3458,2024-07-01,55,119,1641700,1161300,0
3459,2024-07-01,71,87,779700,524900,0
3460,2024-07-01,56,181,1694300,1055100,875
3461,2024-07-01,52,101,1431000,903300,1018
3462,2024-07-01,8,1850,15541200,9357500,28249
3463,2024-07-01,65,216,1398400,895200,180
3464,2024-07-01,2,1407,42499700,24793700,74087
3465,2024-07-01,6,922,15115300,9707100,8562
3466,2024-07-01,64,172,1233200,804500,651
3467,2024-07-01,80,3,34500,23700,0
3468,2024-07-01,51,164,1523000,1076300,70
3469,2024-07-01,62,205,813100,572800,35
3470,2024-07-01,69,43,1103200,710700,103
3471,2024-07-01,82,7,94300,50900,0
3472,2024-07-01,33,328,3707600,2478500,4000
3473,2024-07-01,31,420,2972000,2039600,292
3474,2024-07-01,73,9,196300,110400,382
3475,2024-07-01,44,298,3417800,2102500,4199
3476,2024-07-01,41,281,2980100,1950700,427
3477,2024-07-01,40,236,2119500,1387300,1564
3478,2024-07-01,79,3,11400,7000,0
3479,2024-07-01,4,2336,30634300,20328900,18994
3480,2024-07-01,10,430,8247700,5050400,10915
3481,2024-07-01,26,218,2553900,1687500,1332
3482,2024-07-01,67,148,1265600,771700,690
3483,2024-07-01,42,318,2251800,1423100,629
3484,2024-07-01,57,140,1913700,1320100,1258
3485,2024-07-01,37,298,2618100,1774100,1390
3486,2024-07-01,84,2,4500,3400,0
3487,2024-07-01,49,112,1097400,703300,836
3488,2024-07-01,85,8,88100,54600,0
3489,2024-07-01,66,143,927100,576000,1596
3490,2024-07-01,27,359,5055900,3384200,2927
3491,2024-07-01,46,264,1803400,1323300,939
3492,2024-07-01,78,195,406700,253200,0
3493,2024-07-01,63,49,553400,376600,28
3494,2024-07-01,87,3,33600,24800,86
3495,2024-07-01,47,131,1299900,866800,1849
3496,2024-07-01,70,121,1214400,771500,287
3497,2024-07-01,36,222,1996500,1375900,961
3498,2024-07-01,45,173,1795600,1247600,824
3499,2024-07-01,76,18,112700,69800,30
3500,2024-07-01,7,894,17312800,11018400,23072
3501,2024-07-01,86,1,2400,2100,0
3502,2024-07-01,15,518,8589500,5691900,7095
3503,2024-07-01,59,111,1125800,816000,490
3504,2024-07-01,18,559,6762400,4668700,1568
3505,2024-07-01,20,283,3399500,2204800,1059
3506,2024-08-01,50,190,1533600,1011000,902
3507,2024-08-01,86,1,2400,2100,0
3508,2024-08-01,25,614,3627800,2551000,1927
3509,2024-08-01,54,163,1627800,905500,680
3510,2024-08-01,55,119,1641700,1161300,0
3511,2024-08-01,31,421,2973500,2040900,292
3512,2024-08-01,69,44,1136800,722100,305
3513,2024-08-01,9,863,13444700,8397800,16184
3514,2024-08-01,41,284,3005300,1959600,502
3515,2024-08-01,84,2,4500,3400,0
3516,2024-08-01,40,240,2156900,1415500,1510
3517,2024-08-01,21,281,4215600,2647800,2487
3518,2024-08-01,14,213,4435100,2869700,3526
3519,2024-08-01,73,9,196300,110400,382
3520,2024-08-01,19,534,6363200,4100800,6373
3521,2024-08-01,15,544,8770100,5774400,7137
3522,2024-08-01,23,438,5348200,3438100,7114
3523,2024-08-01,24,370,3434900,2198400,1122
3524,2024-08-01,10,438,8329600,5114000,10936
3525,2024-08-01,35,251,4415300,2782400,4731
3526,2024-08-01,71,88,784000,526500,0
3527,2024-08-01,11,1023,12772500,7964100,24584
3528,2024-08-01,47,131,1299900,867500,1849
3529,2024-08-01,22,321,2659700,1803300,1850
3530,2024-08-01,29,561,7928800,4778900,20419
3531,2024-08-01,53,125,1040600,729800,70
3532,2024-08-01,27,363,5111000,3415700,3072
3533,2024-08-01,8,1894,15795600,9505700,28869
3534,2024-08-01,38,426,3989100,2401800,4435
3535,2024-08-01,78,195,397200,253200,0
3536,2024-08-01,63,49,553400,376600,28
3537,2024-08-01,70,121,1214400,771500,287
3538,2024-08-01,32,197,2163000,1469400,224
3539,2024-08-01,85,9,96900,60200,0
3540,2024-08-01,58,89,741500,495700,527
3541,2024-08-01,37,300,2656200,1794200,1561
3542,2024-08-01,77,33,184100,135100,18
3543,2024-08-01,18,566,6888200,4748600,1686
3544,2024-08-01,82,9,131200,71700,0
3545,2024-08-01,36,223,2002500,1379100,978
3546,2024-08-01,65,216,1398400,895200,180
3547,2024-08-01,5,942,11276700,7464200,13437
3548,2024-08-01,13,919,13584200,8564000,23001
3549,2024-08-01,59,111,1128700,816100,490
3550,2024-08-01,81,16,238500,149900,36
3551,2024-08-01,48,192,1557000,1036800,410
3552,2024-08-01,46,265,1821100,1327800,939
3553,2024-08-01,51,165,1547000,1084200,70
3554,2024-08-01,80,2,23400,16600,0
3555,2024-08-01,57,137,1863100,1281000,1258
3556,2024-08-01,17,476,7635400,4928800,6207
3557,2024-08-01,1,1728,70318000,41987300,219648
3558,2024-08-01,61,79,1225100,787500,974
3559,2024-08-01,72,78,767100,514400,93
3560,2024-08-01,75,126,1133200,805100,100
3561,2024-08-01,45,174,1807700,1256200,824
3562,2024-08-01,16,701,6654200,4242400,6515
3563,2024-08-01,62,207,817500,575600,35
3564,2024-08-01,76,20,140100,84900,77
3565,2024-08-01,42,319,2252900,1424000,629
3566,2024-08-01,83,21,301200,198500,53
3567,2024-08-01,74,81,745000,455200,56
3568,2024-08-01,67,149,1300400,784300,690
3569,2024-08-01,87,3,33600,24800,86
3570,2024-08-01,4,2360,30772400,20439100,18994
3571,2024-08-01,20,295,3401000,2207900,1059
3572,2024-08-01,6,927,15166400,9736800,8562
3573,2024-08-01,3,2389,46585000,29614400,43917
3574,2024-08-01,34,292,2521400,1699800,429
3575,2024-08-01,43,288,2107500,1405000,1915
3576,2024-08-01,30,486,3813700,2569300,1532
3577,2024-08-01,68,126,1012200,596500,1380
3578,2024-08-01,26,219,2568000,1693800,1432
3579,2024-08-01,33,332,3748200,2505200,4000
3580,2024-08-01,7,923,17503300,11139200,23226
3581,2024-08-01,39,214,2580600,1670600,3226
3582,2024-08-01,49,112,1097400,703300,836
3583,2024-08-01,28,374,4169600,2811500,1523
3584,2024-08-01,56,184,1734600,1151400,911
3585,2024-08-01,44,306,3528800,2175400,4529
3586,2024-08-01,60,171,962700,631000,1413
3587,2024-08-01,64,172,1368500,804500,651
3588,2024-08-01,66,150,1053900,657000,1954
3589,2024-08-01,12,593,7795000,4998500,12320
3590,2024-08-01,79,3,12700,9400,0
3591,2024-08-01,2,1398,42530100,24803700,74039
3592,2024-08-01,52,102,1526400,956600,1546
3593,2024-09-01,68,129,1129800,640300,1604
3594,2024-09-01,21,285,4248400,2668000,2504
3595,2024-09-01,7,940,17693000,11256600,23561
3596,2024-09-01,56,196,1821900,1201000,1027
3597,2024-09-01,47,134,1356500,900200,1927
3598,2024-09-01,86,2,4700,4300,0
3599,2024-09-01,29,566,7996000,4815800,20650
3600,2024-09-01,64,182,1444100,855900,808
3601,2024-09-01,81,17,252000,158500,36
3602,2024-09-01,11,1036,12931700,8067800,24721
3603,2024-09-01,40,246,2238400,1472500,1522
3604,2024-09-01,79,4,17500,14200,0
3605,2024-09-01,13,931,13834000,8684500,23613
3606,2024-09-01,15,564,8985400,5864600,7017
3607,2024-09-01,52,103,1533700,961800,1546
3608,2024-09-01,51,165,1547000,1084200,70
3609,2024-09-01,25,620,3700600,2601900,1927
3610,2024-09-01,55,122,1704800,1200600,123
3611,2024-09-01,45,187,1948900,1346100,944
3612,2024-09-01,18,572,7004200,4798700,1686
3613,2024-09-01,5,957,11466400,7579000,13705
3614,2024-09-01,4,2383,31207600,20699500,19645
3615,2024-09-01,76,21,143800,88400,77
3616,2024-09-01,54,165,1658400,919800,731
3617,2024-09-01,41,286,3023800,1973700,502
3618,2024-09-01,42,362,2577700,1653900,713
3619,2024-09-01,22,322,2692200,1823800,1923
3620,2024-09-01,3,2402,46912700,29825500,44216
3621,2024-09-01,71,90,799500,537300,0
3622,2024-09-01,8,1906,15911500,9556300,29017
3623,2024-09-01,48,196,1620000,1062500,410
3624,2024-09-01,17,487,7914600,5105000,6516
3625,2024-09-01,53,127,1079700,748300,70
3626,2024-09-01,33,335,3774700,2528900,4000
3627,2024-09-01,19,535,6469500,4165400,6582
3628,2024-09-01,1,1750,71403500,42672200,223371
3629,2024-09-01,66,150,1001600,618500,1813
3630,2024-09-01,32,197,2163300,1469400,224
3631,2024-09-01,59,110,1125800,814300,490
3632,2024-09-01,6,928,15323000,9825800,8562
3633,2024-09-01,57,137,1869700,1298700,1258
3634,2024-09-01,14,219,4517900,2925000,3694
3635,2024-09-01,46,264,1816100,1324300,939
3636,2024-09-01,61,85,1333700,852600,1084
3637,2024-09-01,31,423,2986600,2050100,335
3638,2024-09-01,39,215,2586200,1674100,3226
3639,2024-09-01,44,310,3597100,2219800,4529
3640,2024-09-01,38,440,4103900,2476200,4389
3641,2024-09-01,85,11,124400,77700,0
3642,2024-09-01,69,44,1136800,722100,305
3643,2024-09-01,73,11,202100,114500,382
3644,2024-09-01,65,218,1412400,905700,180
3645,2024-09-01,10,443,8365200,5136800,11075
3646,2024-09-01,49,113,1109000,712200,836
3647,2024-09-01,20,300,3437600,2235300,1059
3648,2024-09-01,67,151,1344000,811700,690
3649,2024-09-01,80,2,23400,16600,0
3650,2024-09-01,63,49,553400,376600,28
3651,2024-09-01,70,127,1253000,790500,350
3652,2024-09-01,24,377,3505600,2246300,1122
3653,2024-09-01,26,226,2651600,1743900,1559
3654,2024-09-01,60,174,979800,643200,1413
3655,2024-09-01,27,371,5174200,3461400,3072
3656,2024-09-01,36,227,2034800,1401000,1002
3657,2024-09-01,58,93,762500,509500,527
3658,2024-09-01,9,872,13554500,8468100,16320
3659,2024-09-01,28,376,4207300,2833100,1525
3660,2024-09-01,30,496,3885500,2610800,1731
3661,2024-09-01,16,712,6730500,4285900,6556
3662,2024-09-01,87,6,65400,47700,86
3663,2024-09-01,34,310,2877000,1765500,447
3664,2024-09-01,82,9,117800,72800,0
3665,2024-09-01,83,24,345300,230600,53
3666,2024-09-01,72,90,932500,618000,294
3667,2024-09-01,74,81,745000,455200,56
3668,2024-09-01,2,1401,42638400,24861100,74669
3669,2024-09-01,37,305,2719700,1837800,1561
3670,2024-09-01,78,195,397200,253200,0
3671,2024-09-01,62,209,825700,581200,35
3672,2024-09-01,35,257,4518000,2854500,4903
3673,2024-09-01,50,196,1580300,1039300,902
3674,2024-09-01,23,449,5520900,3556100,7205
3675,2024-09-01,84,5,25800,16900,0
3676,2024-09-01,43,342,2147300,1429000,1915
3677,2024-09-01,77,33,185500,135100,18
3678,2024-09-01,75,127,1145300,812900,100
3679,2024-09-01,12,597,7859400,5041400,12317
3680,2024-10-01,51,165,1547900,1084800,70
3681,2024-10-01,12,601,7923400,5072900,12710
3682,2024-10-01,62,210,829100,583100,35
3683,2024-10-01,47,138,1375300,912100,1927
3684,2024-10-01,50,198,1586300,1044100,902
3685,2024-10-01,53,127,1080200,748500,70
3686,2024-10-01,2,1407,42823900,24962000,75273
3687,2024-10-01,54,165,1658400,919900,728
3688,2024-10-01,19,537,6599900,4212200,6650
3689,2024-10-01,16,754,6952900,4413100,6556
3690,2024-10-01,65,223,1448100,930100,480
3691,2024-10-01,79,9,65000,44400,0
3692,2024-10-01,10,446,8410800,5167300,11073
3693,2024-10-01,45,192,1983100,1371400,944
3694,2024-10-01,17,496,8148700,5241400,6737
3695,2024-10-01,24,379,3540400,2254200,1122
3696,2024-10-01,76,22,149100,91500,77
3697,2024-10-01,20,296,3463500,2254400,1059
3698,2024-10-01,87,6,65400,47700,86
3699,2024-10-01,29,575,8423600,4982500,21704
3700,2024-10-01,83,24,345300,230600,53
3701,2024-10-01,9,887,13779400,8612600,16412
3702,2024-10-01,21,287,4255400,2671600,2503
3703,2024-10-01,58,93,762500,509500,527
3704,2024-10-01,44,315,3644200,2249500,4766
3705,2024-10-01,25,625,3786100,2662400,2142
3706,2024-10-01,38,460,4170900,2513000,4389
3707,2024-10-01,14,222,4536900,2930900,3694
3708,2024-10-01,7,953,18176100,11549800,24061
3709,2024-10-01,26,236,2738700,1801600,1559
3710,2024-10-01,3,2409,47079500,29930400,44744
3711,2024-10-01,56,201,1851900,1221600,1027
3712,2024-10-01,70,128,1262000,795600,350
3713,2024-10-01,85,11,124400,77700,0
3714,2024-10-01,57,139,1912100,1323000,1360
3715,2024-10-01,81,17,252000,158500,36
3716,2024-10-01,55,125,1750800,1233700,212
3717,2024-10-01,42,367,2609100,1675900,713
3718,2024-10-01,22,338,2701500,1833300,1923
3719,2024-10-01,1,1761,72150700,43114900,226232
3720,2024-10-01,18,582,7135900,4885000,2137
3721,2024-10-01,60,176,992800,650500,1413
3722,2024-10-01,64,182,1444200,855900,808
3723,2024-10-01,46,266,1826900,1331000,967
3724,2024-10-01,13,936,13894100,8729700,24106
3725,2024-10-01,37,306,2737600,1849800,1605
3726,2024-10-01,69,44,1136800,725300,305
3727,2024-10-01,68,129,1129800,640100,1629
3728,2024-10-01,59,112,1184700,853000,490
3729,2024-10-01,48,198,1641400,1074900,410
3730,2024-10-01,43,346,2199500,1465400,2077
3731,2024-10-01,28,376,4207900,2833100,1525
3732,2024-10-01,63,53,600400,411900,28
3733,2024-10-01,72,92,971600,642100,343
3734,2024-10-01,36,227,2034800,1401000,1002
3735,2024-10-01,6,945,15546300,9984300,8598
3736,2024-10-01,86,2,4700,4300,0
3737,2024-10-01,31,427,3027500,2075700,335
3738,2024-10-01,61,86,1364900,872900,1084
3739,2024-10-01,74,82,757800,464400,56
3740,2024-10-01,40,247,2261000,1489400,1508
3741,2024-10-01,39,219,2952300,1724300,3577
3742,2024-10-01,73,11,202100,114500,382
3743,2024-10-01,80,2,23400,16600,0
3744,2024-10-01,52,104,1547300,969000,1546
3745,2024-10-01,41,326,3056100,1996600,502
3746,2024-10-01,49,114,1115600,715100,836
3747,2024-10-01,23,461,5652900,3647600,7265
3748,2024-10-01,71,90,799500,537300,0
3749,2024-10-01,33,341,3835900,2572600,4000
3750,2024-10-01,8,1913,16024500,9627500,29335
3751,2024-10-01,27,376,5258000,3512200,3072
3752,2024-10-01,78,197,411800,262000,0
3753,2024-10-01,5,979,11786200,7761500,15052
3754,2024-10-01,75,130,1176900,836200,100
3755,2024-10-01,77,34,191000,138500,18
3756,2024-10-01,34,311,2895800,1776100,447
3757,2024-10-01,66,150,1001600,618500,1813
3758,2024-10-01,4,2398,31578200,20933800,19645
3759,2024-10-01,35,263,4903200,2894900,4930
3760,2024-10-01,84,6,29600,19100,0
3761,2024-10-01,11,1047,13178000,8211700,24975
3762,2024-10-01,67,151,1344000,811700,690
3763,2024-10-01,30,502,3926200,2647500,1731
3764,2024-10-01,82,9,117800,72800,0
3765,2024-10-01,15,570,9149400,5961300,7017
3766,2024-10-01,32,200,2222300,1507900,224
3767,2024-11-01,33,348,3921200,2629300,4172
3768,2024-11-01,56,212,1994700,1308400,1125
3769,2024-11-01,51,170,1598700,1119100,70
3770,2024-11-01,27,377,5278300,3524700,3143
3771,2024-11-01,57,144,1987500,1367200,1354
3772,2024-11-01,16,763,7079500,4485300,6891
3773,2024-11-01,63,54,607900,417800,28
3774,2024-11-01,72,89,932000,611400,355
3775,2024-11-01,14,223,4553300,2943300,3694
3776,2024-11-01,71,92,815900,547900,0
3777,2024-11-01,6,954,15769100,10155700,8509
3778,2024-11-01,36,232,2101300,1442300,1110
3779,2024-11-01,17,500,8252500,5306500,6830
3780,2024-11-01,67,151,1344000,811700,690
3781,2024-11-01,64,181,1444700,856800,808
3782,2024-11-01,9,893,13878400,8670600,16868
3783,2024-11-01,12,605,7984700,5108700,12765
3784,2024-11-01,50,198,1587000,1044700,902
3785,2024-11-01,74,84,779800,481300,56
3786,2024-11-01,55,127,1766900,1244600,212
3787,2024-11-01,83,25,353400,236000,53
3788,2024-11-01,30,510,3987600,2683500,1731
3789,2024-11-01,34,312,2908900,1784500,447
3790,2024-11-01,79,10,86900,59400,0
3791,2024-11-01,61,99,1530200,980900,1198
3792,2024-11-01,60,177,1004900,657700,1413
3793,2024-11-01,31,429,3037300,2077900,335
3794,2024-11-01,58,94,770000,513900,584
3795,2024-11-01,43,349,2211000,1473500,2022
3796,2024-11-01,81,19,296500,178500,212
3797,2024-11-01,29,587,8467200,5032100,21579
3798,2024-11-01,19,541,6617100,4224200,6757
3799,2024-11-01,20,298,3476200,2262900,1059
3800,2024-11-01,25,630,3831600,2693100,1980
3801,2024-11-01,7,965,18467700,11726400,24856
3802,2024-11-01,82,9,116300,72800,0
3803,2024-11-01,46,273,1875100,1375200,967
3804,2024-11-01,84,6,29600,19100,0
3805,2024-11-01,26,237,2753300,1809200,1559
3806,2024-11-01,15,576,9235000,6001800,7255
3807,2024-11-01,42,366,2604100,1671700,713
3808,2024-11-01,1,1781,73130400,43732700,230453
3809,2024-11-01,65,224,1455000,934700,480
3810,2024-11-01,52,105,1582100,990800,1683
3811,2024-11-01,73,11,202100,114500,382
3812,2024-11-01,10,462,9003000,5518600,12443
3813,2024-11-01,49,117,1154000,740300,836
3814,2024-11-01,38,463,4298400,2584500,4667
3815,2024-11-01,23,474,5777200,3730800,7260
3816,2024-11-01,78,198,414400,263500,0
3817,2024-11-01,70,128,1265900,794900,350
3818,2024-11-01,45,196,2037600,1408900,942
3819,2024-11-01,86,3,5300,4500,0
3820,2024-11-01,87,6,65400,47700,86
3821,2024-11-01,40,250,2299700,1515000,1543
3822,2024-11-01,5,993,12156900,7984400,15739
3823,2024-11-01,54,172,1702600,951800,755
3824,2024-11-01,21,287,4246700,2666400,2503
3825,2024-11-01,13,948,14222100,8910600,25660
3826,2024-11-01,39,225,3026600,1772000,3730
3827,2024-11-01,18,595,7251000,4957100,2232
3828,2024-11-01,24,382,3388600,2262100,1122
3829,2024-11-01,32,201,2239000,1519800,224
3830,2024-11-01,22,339,2726900,1851800,1923
3831,2024-11-01,66,150,1001600,618500,1813
3832,2024-11-01,68,132,1218400,666200,1729
3833,2024-11-01,48,201,1672800,1097100,410
3834,2024-11-01,37,309,2784200,1878500,1645
3835,2024-11-01,35,268,5066500,2999900,5174
3836,2024-11-01,8,2014,16133800,9704100,29663
3837,2024-11-01,85,18,189800,118600,48
3838,2024-11-01,47,145,1429800,950100,1928
3839,2024-11-01,28,378,4254600,2866400,1525
3840,2024-11-01,59,116,1297100,925400,580
3841,2024-11-01,80,2,23400,16600,0
3842,2024-11-01,2,1405,42828400,24959600,75241
3843,2024-11-01,4,2459,32298200,21394800,19655
3844,2024-11-01,62,213,830400,584400,35
3845,2024-11-01,77,34,189500,138500,18
3846,2024-11-01,11,1071,13497700,8373900,26413
3847,2024-11-01,76,22,149100,91500,77
3848,2024-11-01,69,48,1284000,764000,305
3849,2024-11-01,41,351,3083400,2015000,525
3850,2024-11-01,75,138,1289400,907600,100
3851,2024-11-01,44,316,3700000,2274900,4980
3852,2024-11-01,53,129,1098800,760900,70
3853,2024-11-01,3,2435,47634400,30269800,46036
3854,2024-12-01,16,772,7136100,4518700,6890
3855,2024-12-01,80,2,23400,16600,0
3856,2024-12-01,14,223,4553300,2943300,3829
3857,2024-12-01,7,975,18789400,11914100,25990
3858,2024-12-01,19,555,6709300,4318100,6845
3859,2024-12-01,40,252,2344900,1533100,1581
3860,2024-12-01,32,207,2240200,1520800,224
3861,2024-12-01,44,323,3794300,2335500,5120
3862,2024-12-01,63,54,607900,417800,28
3863,2024-12-01,84,6,29600,19100,0
3864,2024-12-01,53,130,1111700,762100,70
3865,2024-12-01,1,1785,73312800,43860200,230588
3866,2024-12-01,64,186,1495600,889700,808
3867,2024-12-01,6,963,15995600,10311800,8498
3868,2024-12-01,28,378,4254600,2866400,1525
3869,2024-12-01,41,367,3177600,2075200,536
3870,2024-12-01,69,60,1458000,877000,305
3871,2024-12-01,15,585,9554100,6076300,7343
3872,2024-12-01,73,11,202100,114500,382
3873,2024-12-01,18,600,7308000,4989900,2231
3874,2024-12-01,56,215,2045600,1343600,1189
3875,2024-12-01,35,270,4855000,3060800,5653
3876,2024-12-01,82,9,116300,72800,0
3877,2024-12-01,31,430,3038700,2078300,335
3878,2024-12-01,77,35,199200,144700,18
3879,2024-12-01,37,309,2785700,1878500,1645
3880,2024-12-01,21,296,4448200,2758400,3021
3881,2024-12-01,10,464,9056500,5554000,12443
3882,2024-12-01,87,6,65400,47700,86
3883,2024-12-01,70,128,1265900,794900,350
3884,2024-12-01,58,95,800400,540900,584
3885,2024-12-01,81,20,314200,189300,212
3886,2024-12-01,54,174,1721100,964700,755
3887,2024-12-01,23,480,5941000,3824200,7818
3888,2024-12-01,33,354,4018400,2687700,4323
3889,2024-12-01,8,2041,16337000,9809100,30714
3890,2024-12-01,25,630,3831700,2693100,1980
3891,2024-12-01,74,84,779800,481300,56
3892,2024-12-01,68,133,1230000,674300,1729
3893,2024-12-01,86,3,5300,4500,0
3894,2024-12-01,42,367,2605300,1672700,713
3895,2024-12-01,52,107,1622700,1016900,1633
3896,2024-12-01,79,10,86900,59400,0
3897,2024-12-01,24,384,3406400,2273200,1122
3898,2024-12-01,62,215,839300,590700,35
3899,2024-12-01,47,149,1488000,989100,1928
3900,2024-12-01,17,506,8384000,5377800,7170
3901,2024-12-01,65,231,1471500,945400,480
3902,2024-12-01,13,955,14461900,9049100,26602
3903,2024-12-01,60,179,1015600,665600,1413
3904,2024-12-01,11,1076,13674100,8472500,27138
3905,2024-12-01,5,1002,12271200,8052700,15830
3906,2024-12-01,48,206,1723100,1129000,458
3907,2024-12-01,26,237,2753300,1809200,1549
3908,2024-12-01,22,343,2828000,1921600,1923
3909,2024-12-01,9,930,15007700,9329500,18695
3910,2024-12-01,29,595,8597900,5115000,21352
3911,2024-12-01,57,147,2038400,1401100,1369
3912,2024-12-01,46,280,1928600,1411100,967
3913,2024-12-01,71,97,967700,570700,0
3914,2024-12-01,12,609,8030000,5132800,13152
3915,2024-12-01,38,477,4323100,2609300,4777
3916,2024-12-01,59,117,1303700,929700,577
3917,2024-12-01,61,101,1592900,1022800,1347
3918,2024-12-01,55,127,1766900,1244600,212
3919,2024-12-01,39,227,3066200,1796800,3692
3920,2024-12-01,45,200,2079600,1436900,942
3921,2024-12-01,66,153,1095800,678500,2060
3922,2024-12-01,75,139,1293900,910100,100
3923,2024-12-01,83,25,353400,236000,224
3924,2024-12-01,85,18,190200,118600,48
3925,2024-12-01,3,2446,47788000,30366100,46141
3926,2024-12-01,72,91,967100,633200,355
3927,2024-12-01,76,22,149100,91500,77
3928,2024-12-01,34,312,2908900,1784500,447
3929,2024-12-01,4,2497,32650400,21599500,20358
3930,2024-12-01,49,117,1154000,740300,836
3931,2024-12-01,67,152,1360100,823200,690
3932,2024-12-01,27,380,5321400,3554600,3143
3933,2024-12-01,2,1411,43024100,25075400,75352
3934,2024-12-01,36,236,2130200,1460000,1110
3935,2024-12-01,51,171,1609000,1127300,70
3936,2024-12-01,43,353,2272000,1511300,2167
3937,2024-12-01,78,198,414400,263500,0
3938,2024-12-01,30,516,3999900,2690900,1731
3939,2024-12-01,20,302,3532900,2301000,1059
3940,2024-12-01,50,204,1664200,1093700,902
3941,2025-01-01,6,976,16246400,10472500,8920
3942,2025-01-01,1,1831,74292900,44510200,232811
3943,2025-01-01,20,311,3671100,2391500,1059
3944,2025-01-01,24,385,3426800,2285500,1123
3945,2025-01-01,55,127,1769000,1244600,212
3946,2025-01-01,82,9,116300,72800,0
3947,2025-01-01,47,149,1489700,990700,1928
3948,2025-01-01,86,3,5300,4500,0
3949,2025-01-01,69,60,1458000,872500,305
3950,2025-01-01,61,102,1636900,1046800,1348
3951,2025-01-01,33,357,4083400,2712600,4408
3952,2025-01-01,62,216,841600,592700,35
3953,2025-01-01,59,118,1412000,934400,577
3954,2025-01-01,16,790,7282600,4609500,6890
3955,2025-01-01,87,8,84000,55700,86
3956,2025-01-01,23,484,5997800,3858900,7919
3957,2025-01-01,77,36,200000,145300,18
3958,2025-01-01,11,1084,13906700,8596200,28257
3959,2025-01-01,30,525,4054600,2731300,1731
3960,2025-01-01,40,259,2435200,1591400,1648
3961,2025-01-01,27,378,5335300,3563900,3143
3962,2025-01-01,72,92,983300,642500,355
3963,2025-01-01,70,129,1281300,801800,449
3964,2025-01-01,29,608,8872400,5309300,22488
3965,2025-01-01,65,233,1470800,945500,480
3966,2025-01-01,3,2476,48523700,30821300,46751
3967,2025-01-01,34,316,2966100,1824300,447
3968,2025-01-01,22,349,2879700,1953500,2018
3969,2025-01-01,51,172,1625400,1138300,70
3970,2025-01-01,80,2,23400,16600,0
3971,2025-01-01,74,84,779800,481300,56
3972,2025-01-01,68,133,1231800,674500,1729
3973,2025-01-01,84,6,29600,19100,0
3974,2025-01-01,78,201,442500,280800,0
3975,2025-01-01,9,957,16075700,9958600,20210
3976,2025-01-01,56,215,2037400,1343600,1189
3977,2025-01-01,76,22,149100,91500,77
3978,2025-01-01,39,227,3090100,1795300,3692
3979,2025-01-01,21,302,4552500,2803900,3181
3980,2025-01-01,31,432,3047400,2084800,335
3981,2025-01-01,44,325,3828600,2353700,5173
3982,2025-01-01,14,224,4608600,2966100,3879
3983,2025-01-01,38,475,4307200,2599700,4777
3984,2025-01-01,73,11,202100,114500,382
3985,2025-01-01,64,186,1495600,889700,808
3986,2025-01-01,8,2055,16851100,9948000,31549
3987,2025-01-01,25,631,3837100,2698100,1980
3988,2025-01-01,2,1419,43309100,25245400,75731
3989,2025-01-01,58,96,813800,547800,636
3990,2025-01-01,81,22,341700,206300,212
3991,2025-01-01,12,614,8132300,5193200,13072
3992,2025-01-01,50,204,1666600,1095200,911
3993,2025-01-01,19,563,6813700,4361600,6908
3994,2025-01-01,5,1058,12553600,8211100,16148
3995,2025-01-01,26,241,2831400,1860700,1549
3996,2025-01-01,83,25,353400,236000,224
3997,2025-01-01,49,117,1155900,740500,837
3998,2025-01-01,60,179,1015500,665400,1413
3999,2025-01-01,42,366,2590500,1668200,713
4000,2025-01-01,52,110,1653800,1039200,1633
4001,2025-01-01,53,131,1101400,763200,70
4002,2025-01-01,85,19,208200,127000,176
4003,2025-01-01,17,512,8474700,5426400,7215
4004,2025-01-01,66,153,1095800,678500,2060
4005,2025-01-01,43,353,2272000,1511300,2167
4006,2025-01-01,35,275,4898700,3084900,5653
4007,2025-01-01,37,310,2803000,1878500,1645
4008,2025-01-01,67,155,1426800,841900,690
4009,2025-01-01,63,54,607900,417800,28
4010,2025-01-01,18,603,7378200,5031500,2419
4011,2025-01-01,41,373,3213300,2098900,536
4012,2025-01-01,15,590,9770700,6110700,7315
4013,2025-01-01,4,2501,32682000,21658700,20396
4014,2025-01-01,28,382,4391900,2942500,1525
4015,2025-01-01,75,139,1293600,909900,100
4016,2025-01-01,36,238,2146900,1469900,1144
4017,2025-01-01,57,149,2069200,1423900,1369
4018,2025-01-01,71,100,981000,578500,0
4019,2025-01-01,48,209,1752200,1138300,623
4020,2025-01-01,10,464,9000400,5529900,12184
4021,2025-01-01,79,10,86900,59400,0
4022,2025-01-01,7,1027,19199200,12164400,26279
4023,2025-01-01,32,211,2266300,1537100,224
4024,2025-01-01,54,174,1721200,964400,755
4025,2025-01-01,13,963,14717500,9198900,27640
4026,2025-01-01,45,210,2128900,1470100,942
4027,2025-01-01,46,283,1956500,1429000,967
4028,2025-02-01,86,3,5300,4500,0
4029,2025-02-01,6,984,16316300,10534600,8680
4030,2025-02-01,2,1415,43033600,25089000,77419
4031,2025-02-01,32,216,2352400,1588000,224
4032,2025-02-01,19,570,7095700,4479500,6956
4033,2025-02-01,51,173,1636300,1145200,70
4034,2025-02-01,14,228,4615800,2977500,3970
4035,2025-02-01,39,231,3157300,1836900,3972
4036,2025-02-01,8,2084,17085000,10059600,31671
4037,2025-02-01,84,7,30100,19600,0
4038,2025-02-01,61,102,1632200,1046700,1348
4039,2025-02-01,72,96,1026200,672300,382
4040,2025-02-01,55,127,1769000,1244600,212
4041,2025-02-01,64,186,1495600,889700,867
4042,2025-02-01,16,793,7291800,4614900,6896
4043,2025-02-01,73,11,202100,114500,382
4044,2025-02-01,35,277,4920800,3096600,5733
4045,2025-02-01,48,212,1765100,1149700,623
4046,2025-02-01,71,100,981000,578500,0
4047,2025-02-01,49,118,1161600,743900,837
4048,2025-02-01,81,22,341700,206300,212
4049,2025-02-01,76,22,134500,90300,77
4050,2025-02-01,57,150,2092900,1440800,1434
4051,2025-02-01,17,514,8485200,5432700,7233
4052,2025-02-01,46,284,1958000,1429800,967
4053,2025-02-01,7,1035,19486100,12326900,27530
4054,2025-02-01,70,129,1281900,801800,449
4055,2025-02-01,47,149,1489700,990700,1928
4056,2025-02-01,25,629,3835000,2697300,1980
4057,2025-02-01,63,55,610900,419500,28
4058,2025-02-01,53,132,1106000,765900,71
4059,2025-02-01,22,348,2853900,1931100,2018
4060,2025-02-01,30,532,4112000,2767700,1731
4061,2025-02-01,62,218,872600,609400,129
4062,2025-02-01,33,357,4072100,2713700,4410
4063,2025-02-01,37,313,2826100,1894600,1645
4064,2025-02-01,54,176,1744300,980100,800
4065,2025-02-01,23,487,6041900,3883900,8010
4066,2025-02-01,29,612,8907000,5338000,22567
4067,2025-02-01,44,333,3904100,2419800,5173
4068,2025-02-01,4,2513,32885600,21764400,20384
4069,2025-02-01,43,353,2272200,1511300,2167
4070,2025-02-01,45,211,2139000,1476100,942
4071,2025-02-01,87,9,87200,58300,86
4072,2025-02-01,15,592,9801500,6137700,7315
4073,2025-02-01,40,259,2420700,1591200,1648
4074,2025-02-01,13,963,14778700,9224700,27806
4075,2025-02-01,9,957,16096500,9977300,20353
4076,2025-02-01,24,387,3433100,2290900,1123
4077,2025-02-01,67,155,1425800,841900,690
4078,2025-02-01,27,378,5335300,3563900,3143
4079,2025-02-01,10,469,9088100,5572400,12473
4080,2025-02-01,60,180,1014600,669300,1413
4081,2025-02-01,66,154,1104500,684000,2060
4082,2025-02-01,31,437,3143700,2106900,335
4083,2025-02-01,74,84,779800,481300,56
4084,2025-02-01,42,366,2603000,1668200,785
4085,2025-02-01,50,205,1672400,1099300,917
4086,2025-02-01,58,96,813800,547800,636
4087,2025-02-01,85,20,213800,130700,176
4088,2025-02-01,56,217,2046900,1350400,1189
4089,2025-02-01,52,111,1667400,1048300,1633
4090,2025-02-01,65,233,1438400,944400,480
4091,2025-02-01,5,1066,12641300,8290100,16215
4092,2025-02-01,26,243,2832000,1860100,1569
4093,2025-02-01,69,54,1286800,751500,305
4094,2025-02-01,34,318,2989300,1838300,447
4095,2025-02-01,80,2,23400,16600,0
4096,2025-02-01,59,118,1412000,934400,577
4097,2025-02-01,28,382,4393100,2942800,1525
4098,2025-02-01,12,616,8167200,5219600,13014
4099,2025-02-01,3,2461,48580600,30856100,46807
4100,2025-02-01,11,1125,14099400,8709000,28097
4101,2025-02-01,18,612,7417000,5060500,2419
4102,2025-02-01,79,10,86900,59400,0
4103,2025-02-01,82,9,116300,72800,0
4104,2025-02-01,68,133,1231800,674500,1729
4105,2025-02-01,21,302,4551900,2803900,3383
4106,2025-02-01,83,27,392500,260400,224
4107,2025-02-01,36,239,2174300,1487700,1135
4108,2025-02-01,75,141,1326200,931900,141
4109,2025-02-01,41,382,3284000,2142400,562
4110,2025-02-01,78,201,442500,280800,0
4111,2025-02-01,1,1842,74562800,44651300,233658
4112,2025-02-01,77,37,201000,146300,18
4113,2025-02-01,38,488,4426000,2663800,4910
4114,2025-02-01,20,313,3699900,2405500,1299
4115,2025-03-01,79,10,86900,59400,0
4116,2025-03-01,62,219,875900,611800,133
4117,2025-03-01,21,302,5100800,2818200,3567
4118,2025-03-01,28,384,4420300,2966400,1525
4119,2025-03-01,8,2065,17273900,10104800,32087
4120,2025-03-01,16,801,7295100,4619300,6896
4121,2025-03-01,20,314,3716300,2416100,1299
4122,2025-03-01,37,314,2823400,1897700,1645
4123,2025-03-01,68,139,1291400,716000,1729
4124,2025-03-01,70,129,1278200,799800,449
4125,2025-03-01,39,233,2902900,1851300,3993
4126,2025-03-01,23,487,6038000,3879500,8010
4127,2025-03-01,29,616,8970900,5359700,22567
4128,2025-03-01,73,11,202100,114500,382
4129,2025-03-01,11,1136,14198200,8779600,28688
4130,2025-03-01,51,174,1652300,1156100,70
4131,2025-03-01,76,22,148400,90300,77
4132,2025-03-01,83,27,392500,260400,224
4133,2025-03-01,44,336,3943100,2439600,5328
4134,2025-03-01,48,220,1812100,1173400,623
4135,2025-03-01,71,101,991000,585300,0
4136,2025-03-01,45,210,2120300,1470200,917
4137,2025-03-01,3,2478,48739900,30953700,47207
4138,2025-03-01,22,352,2934600,1975600,2367
4139,2025-03-01,1,1848,75027200,44922900,234893
4140,2025-03-01,30,533,4128900,2776500,1621
4141,2025-03-01,5,1071,12714900,8331800,16182
4142,2025-03-01,58,96,813800,547800,636
4143,2025-03-01,56,214,2053700,1350000,1332
4144,2025-03-01,80,2,23400,16600,0
4145,2025-03-01,33,359,4076200,2731400,4192
4146,2025-03-01,32,218,2344800,1578400,224
4147,2025-03-01,34,322,3065500,1890900,447
4148,2025-03-01,86,3,5300,4500,0
4149,2025-03-01,77,37,201000,146300,18
4150,2025-03-01,36,240,2183000,1493200,1135
4151,2025-03-01,63,55,697300,419500,28
4152,2025-03-01,85,22,231700,144200,30
4153,2025-03-01,6,996,16479000,10634400,8659
4154,2025-03-01,87,8,90200,58100,86
4155,2025-03-01,46,292,2022000,1473500,967
4156,2025-03-01,65,235,1470200,959600,653
4157,2025-03-01,17,516,8495200,5438500,7245
4158,2025-03-01,72,98,1042000,685400,382
4159,2025-03-01,40,259,2424200,1593900,1648
4160,2025-03-01,9,963,16211500,10049400,20402
4161,2025-03-01,55,128,1788200,1258500,212
4162,2025-03-01,69,54,1286800,751500,305
4163,2025-03-01,27,384,5339300,3567200,3143
4164,2025-03-01,57,150,2092900,1440800,1434
4165,2025-03-01,15,606,10108000,6324400,7781
4166,2025-03-01,82,9,116300,72800,0
4167,2025-03-01,31,438,3194200,2108700,335
4168,2025-03-01,26,243,2830500,1858400,1569
4169,2025-03-01,78,206,453000,286600,0
4170,2025-03-01,42,366,2606700,1668200,785
4171,2025-03-01,59,118,1412000,934400,577
4172,2025-03-01,84,7,30100,19600,0
4173,2025-03-01,74,86,802300,492400,56
4174,2025-03-01,54,177,1756500,988000,800
4175,2025-03-01,43,370,2420000,1613700,2284
4176,2025-03-01,52,113,1756100,1091600,2001
4177,2025-03-01,18,615,7445100,5084100,2419
4178,2025-03-01,4,2525,33092000,21828600,20384
4179,2025-03-01,13,974,14954300,9332900,28569
4180,2025-03-01,66,154,1104500,682100,2060
4181,2025-03-01,75,141,1329200,932100,141
4182,2025-03-01,12,617,8162400,5232100,13173
4183,2025-03-01,53,137,1148800,794200,71
4184,2025-03-01,49,118,1161600,743900,837
4185,2025-03-01,7,1030,19708900,12432300,27912
4186,2025-03-01,19,580,7316900,4621300,7054
4187,2025-03-01,2,1418,43191500,25183400,77861
4188,2025-03-01,14,228,4625300,2977500,3970
4189,2025-03-01,50,206,1755400,1144400,1179
4190,2025-03-01,47,149,1489700,990700,1928
4191,2025-03-01,41,385,3317700,2166200,562
4192,2025-03-01,64,186,1495600,889200,867
4193,2025-03-01,10,474,9173700,5623600,12677
4194,2025-03-01,67,156,1444700,853700,690
4195,2025-03-01,81,22,341700,206300,212
4196,2025-03-01,24,390,3445000,2299300,1123
4197,2025-03-01,35,280,4967600,3136300,5733
4198,2025-03-01,60,181,1021300,673300,1413
4199,2025-03-01,38,488,4574800,2758100,4931
4200,2025-03-01,25,630,3850900,2704100,2081
4201,2025-03-01,61,101,1711700,1037000,1348
4202,2025-04-01,87,8,90200,58000,86
4203,2025-04-01,33,353,4126200,2735500,4101
4204,2025-04-01,63,55,697300,419500,28
4205,2025-04-01,41,387,3325800,2171200,562
4206,2025-04-01,16,807,7362300,4654500,7078
4207,2025-04-01,31,440,3088200,2110300,335
4208,2025-04-01,59,117,1393900,920400,487
4209,2025-04-01,70,129,1275200,799500,449
4210,2025-04-01,58,98,820800,552200,636
4211,2025-04-01,76,22,148400,90300,77
4212,2025-04-01,67,152,1457900,862100,690
4213,2025-04-01,47,150,1502700,1001500,1928
4214,2025-04-01,21,307,5162100,2857300,3594
4215,2025-04-01,64,194,1590600,926400,867
4216,2025-04-01,23,491,6225900,3946900,8329
4217,2025-04-01,32,221,2355900,1586200,224
4218,2025-04-01,34,322,3061900,1887800,447
4219,2025-04-01,75,141,1335700,932100,141
4220,2025-04-01,14,230,4621700,2985000,3970
4221,2025-04-01,60,181,1021300,673300,1413
4222,2025-04-01,49,119,1169500,749100,837
4223,2025-04-01,15,613,10628000,6401200,8206
4224,2025-04-01,12,626,8239900,5283100,13124
4225,2025-04-01,57,151,2108700,1457500,1434
4226,2025-04-01,17,534,8759400,5609400,7460
4227,2025-04-01,68,147,1392200,782800,1853
4228,2025-04-01,30,542,4158700,2799500,1621
4229,2025-04-01,79,10,86900,59400,0
4230,2025-04-01,55,128,1779500,1251600,212
4231,2025-04-01,6,1006,16718700,10798600,8659
4232,2025-04-01,44,337,3970700,2458900,5270
4233,2025-04-01,24,393,3466500,2313700,1135
4234,2025-04-01,51,179,1709400,1200500,70
4235,2025-04-01,86,3,5300,4500,0
4236,2025-04-01,83,27,392500,260400,224
4237,2025-04-01,45,217,2200700,1526100,917
4238,2025-04-01,54,177,1756500,988100,800
4239,2025-04-01,20,316,3718700,2416800,1299
4240,2025-04-01,50,209,1822600,1185300,1179
4241,2025-04-01,10,477,9230300,5664100,12677
4242,2025-04-01,28,390,4520600,3029800,1525
4243,2025-04-01,36,241,2191200,1499200,1135
4244,2025-04-01,8,2069,17706500,10170900,32562
4245,2025-04-01,25,632,3869500,2713800,2246
4246,2025-04-01,52,116,1797300,1118000,2001
4247,2025-04-01,19,585,7375600,4645400,7052
4248,2025-04-01,46,313,2212900,1617700,997
4249,2025-04-01,65,236,1474000,962400,653
4250,2025-04-01,18,620,7546300,5147100,2511
4251,2025-04-01,35,286,5092900,3217100,5884
4252,2025-04-01,78,208,460600,291500,0
4253,2025-04-01,1,1853,75430400,45194200,236184
4254,2025-04-01,39,233,2902900,1850200,3914
4255,2025-04-01,40,274,2500300,1650800,1706
4256,2025-04-01,27,395,5488200,3660000,3187
4257,2025-04-01,11,1152,14373800,8872300,29287
4258,2025-04-01,53,137,1151500,794300,70
4259,2025-04-01,81,22,341700,206300,212
4260,2025-04-01,38,495,4750000,2863300,5263
4261,2025-04-01,13,962,15058000,9399300,28569
4262,2025-04-01,7,1039,20030800,12622600,28722
4263,2025-04-01,22,352,2936300,1975600,2367
4264,2025-04-01,56,217,2068600,1359500,1332
4265,2025-04-01,80,2,23400,16600,0
4266,2025-04-01,37,319,2838200,1908300,1645
4267,2025-04-01,69,55,1327600,781100,305
4268,2025-04-01,29,619,9036200,5385400,22608
4269,2025-04-01,26,244,2845200,1867400,1569
4270,2025-04-01,3,2493,49073100,31157100,47263
4271,2025-04-01,42,367,2616900,1674600,785
4272,2025-04-01,71,100,876100,584200,0
4273,2025-04-01,48,223,1830300,1184500,609
4274,2025-04-01,4,2553,33675400,22127100,21411
4275,2025-04-01,74,92,838600,523000,56
4276,2025-04-01,5,1076,12744500,8347400,16631
4277,2025-04-01,82,9,116300,72800,0
4278,2025-04-01,73,11,202100,114500,382
4279,2025-04-01,77,37,201000,146300,18
4280,2025-04-01,84,7,30100,19600,0
4281,2025-04-01,72,99,1047100,688800,382
4282,2025-04-01,66,157,1152600,709500,2237
4283,2025-04-01,62,223,891200,621300,133
4284,2025-04-01,2,1434,43760700,25447400,80288
4285,2025-04-01,85,24,273300,165600,194
4286,2025-04-01,9,972,16374600,10178500,20897
4287,2025-04-01,43,404,2440800,1628700,2281
4288,2025-04-01,61,101,1716800,1037000,1564
4289,2025-05-01,42,394,2688700,1728600,785
4290,2025-05-01,82,9,116300,72800,0
4291,2025-05-01,60,213,1161500,766800,1444
4292,2025-05-01,20,376,4609300,2995800,1548
4293,2025-05-01,22,398,3253100,2195200,2457
4294,2025-05-01,75,162,1466700,1030000,142
4295,2025-05-01,27,481,6453100,4279800,3984
4296,2025-05-01,30,609,4727300,3164100,1959
4297,2025-05-01,19,657,8222200,5189400,7456
4298,2025-05-01,3,2844,54142100,34516900,53834
4299,2025-05-01,84,8,36100,23900,0
4300,2025-05-01,51,188,1759900,1239600,70
4301,2025-05-01,45,261,2606500,1808100,1381
4302,2025-05-01,70,141,1364300,846600,503
4303,2025-05-01,49,155,1370200,893500,918
4304,2025-05-01,26,300,3248200,2157600,1806
4305,2025-05-01,44,381,4390400,2728500,5570
4306,2025-05-01,53,162,1355200,933300,178
4307,2025-05-01,21,351,5802600,3292800,3773
4308,2025-05-01,31,463,3260900,2236000,362
4309,2025-05-01,23,688,7462400,4837800,9514
4310,2025-05-01,46,319,2246700,1641400,1029
4311,2025-05-01,78,208,460600,292300,0
4312,2025-05-01,83,32,464500,300500,413
4313,2025-05-01,58,114,965400,654600,695
4314,2025-05-01,63,81,1048700,683300,123
4315,2025-05-01,48,267,2122300,1391800,643
4316,2025-05-01,24,481,4062300,2739300,1162
4317,2025-05-01,33,445,5074900,3414200,4681
4318,2025-05-01,11,1290,16104500,9922200,32962
4319,2025-05-01,16,947,8432100,5335000,8252
4320,2025-05-01,50,214,1867000,1215100,1224
4321,2025-05-01,1,2026,83072400,49454700,265882
4322,2025-05-01,57,159,2194300,1523900,1520
4323,2025-05-01,10,575,10989100,6784000,14747
4324,2025-05-01,29,662,9795600,5720100,24150
4325,2025-05-01,7,1208,23108500,14542700,33689
4326,2025-05-01,79,11,100500,68800,0
4327,2025-05-01,55,134,1822700,1281300,212
4328,2025-05-01,37,326,2891600,1934500,1771
4329,2025-05-01,62,279,1099400,768000,270
4330,2025-05-01,5,1255,14059900,9306100,16989
4331,2025-05-01,61,110,1845900,1130200,1706
4332,2025-05-01,38,529,5165900,3127600,5533
4333,2025-05-01,67,167,1557100,926000,690
4334,2025-05-01,8,2245,20217400,11650400,37232
4335,2025-05-01,64,206,1702400,1000800,1222
4336,2025-05-01,9,1147,18295800,11452800,24032
4337,2025-05-01,13,1071,16367200,10203100,30031
4338,2025-05-01,47,171,1766200,1144700,2285
4339,2025-05-01,56,234,2185400,1428100,1481
4340,2025-05-01,69,59,1232100,772500,318
4341,2025-05-01,12,693,9287600,5975700,13431
4342,2025-05-01,73,13,218500,130700,412
4343,2025-05-01,6,1113,18559800,11989100,8793
4344,2025-05-01,74,107,988600,631000,81
4345,2025-05-01,52,132,2033600,1269800,2040
4346,2025-05-01,28,447,4943400,3320700,1884
4347,2025-05-01,14,260,5315900,3335900,4423
4348,2025-05-01,25,754,4695600,3178800,3432
4349,2025-05-01,54,199,1913400,1096400,855
4350,2025-05-01,86,3,5300,4500,0
4351,2025-05-01,85,27,303500,183900,216
4352,2025-05-01,88,1,13500,9300,0
4353,2025-05-01,65,276,1728600,1123400,707
4354,2025-05-01,36,295,2530200,1729300,1352
4355,2025-05-01,72,107,1112200,733600,382
4356,2025-05-01,81,22,341700,206300,212
4357,2025-05-01,71,136,1106800,746300,23
4358,2025-05-01,41,447,3936400,2570500,575
4359,2025-05-01,59,135,1491200,994900,704
4360,2025-05-01,80,12,35700,24600,0
4361,2025-05-01,77,42,216200,157300,18
4362,2025-05-01,66,171,1320500,818600,2366
4363,2025-05-01,43,411,2460500,1642700,2281
4364,2025-05-01,17,545,8887300,5691200,7620
4365,2025-05-01,15,670,11794100,7161200,9130
4366,2025-05-01,39,287,4161300,2192900,4425
4367,2025-05-01,76,35,219100,133100,112
4368,2025-05-01,68,151,1488000,816200,1883
4369,2025-05-01,34,389,3589500,2244000,625
4370,2025-05-01,87,9,119100,68800,213
4371,2025-05-01,4,2884,38042400,25118100,23899
4372,2025-05-01,32,259,2721100,1843500,242
4373,2025-05-01,40,305,2669100,1767700,1858
4374,2025-05-01,18,744,8834500,6020400,2722
4375,2025-05-01,35,322,5715700,3610500,6387
4376,2025-05-01,2,1564,48103600,27896200,90509
4377,2025-06-01,9,1148,18314900,11464800,24032
4378,2025-06-01,17,551,8992500,5753100,7822
4379,2025-06-01,46,322,2253500,1643500,1029
4380,2025-06-01,77,42,216200,157300,18
4381,2025-06-01,10,579,11102600,6843000,15056
4382,2025-06-01,40,308,2686200,1780200,1858
4383,2025-06-01,72,110,1161600,760800,382
4384,2025-06-01,8,2249,20402300,11738700,37591
4385,2025-06-01,54,203,1942100,1116500,855
4386,2025-06-01,13,1079,16604800,10327600,31459
4387,2025-06-01,4,2880,38002100,25086500,23955
4388,2025-06-01,34,389,3589500,2244000,625
4389,2025-06-01,68,152,1496100,821300,1883
4390,2025-06-01,79,12,147600,100200,0
4391,2025-06-01,71,138,1125200,757700,23
4392,2025-06-01,88,2,21400,14900,0
4393,2025-06-01,1,2018,83552200,49678200,268198
4394,2025-06-01,86,4,7700,6700,0
4395,2025-06-01,43,459,2481200,1658300,2281
4396,2025-06-01,41,455,3973000,2593100,653
4397,2025-06-01,42,395,2690400,1730100,785
4398,2025-06-01,60,215,1189000,784200,1444
4399,2025-06-01,80,12,35700,24600,0
4400,2025-06-01,83,32,464500,300500,413
4401,2025-06-01,58,114,965400,654600,695
4402,2025-06-01,76,35,219100,133100,112
4403,2025-06-01,69,61,1282000,802800,318
4404,2025-06-01,53,165,1370400,944500,178
4405,2025-06-01,30,618,4775300,3198100,1959
4406,2025-06-01,24,486,4097500,2762900,1162
4407,2025-06-01,27,481,6455500,4279800,3984
4408,2025-06-01,12,698,9411900,6040000,14053
4409,2025-06-01,87,9,119100,68800,213
4410,2025-06-01,63,81,1048700,683300,123
4411,2025-06-01,20,377,4610700,2996800,1548
4412,2025-06-01,70,143,1400700,863300,503
4413,2025-06-01,84,8,36100,23900,0
4414,2025-06-01,38,531,5368300,3227300,6392
4415,2025-06-01,6,1170,18559800,11989100,8793
4416,2025-06-01,36,299,2558700,1748000,1352
4417,2025-06-01,75,162,1466700,1030000,142
4418,2025-06-01,52,134,2074900,1295100,2083
4419,2025-06-01,32,258,2703900,1834900,242
4420,2025-06-01,14,261,5337200,3350600,4423
4421,2025-06-01,33,446,5085300,3419700,4681
4422,2025-06-01,37,329,2930200,1956900,1879
4423,2025-06-01,39,290,4206100,2219200,4547
4424,2025-06-01,66,171,1337800,836700,2476
4425,2025-06-01,73,13,218500,130700,412
4426,2025-06-01,48,270,2159100,1411900,690
4427,2025-06-01,56,234,2185400,1429200,1481
4428,2025-06-01,2,1576,48494600,28091100,91857
4429,2025-06-01,21,351,5814400,3300100,3801
4430,2025-06-01,5,1262,14170600,9376800,17130
4431,2025-06-01,82,9,116300,72800,0
4432,2025-06-01,74,108,996000,637900,81
4433,2025-06-01,62,282,1113700,777400,270
4434,2025-06-01,3,2921,54277400,34612100,53897
4435,2025-06-01,18,753,8913100,6068800,2808
4436,2025-06-01,78,208,460600,292300,0
4437,2025-06-01,28,447,4943400,3320500,1884
4438,2025-06-01,23,697,7716900,5004900,9659
4439,2025-06-01,7,1220,23452300,14671700,34390
4440,2025-06-01,55,134,1822700,1281300,212
4441,2025-06-01,57,162,2256700,1568200,1531
4442,2025-06-01,45,263,2625700,1822100,1381
4443,2025-06-01,61,111,1853300,1134900,1706
4444,2025-06-01,47,171,1767600,1146700,2284
4445,2025-06-01,85,32,333800,197900,216
4446,2025-06-01,50,223,2021900,1319700,1224
4447,2025-06-01,16,955,8461700,5347700,8372
4448,2025-06-01,64,207,1728900,1013800,1350
4449,2025-06-01,15,671,11843900,7194900,9118
4450,2025-06-01,22,398,3251200,2193800,2457
4451,2025-06-01,19,669,8378200,5287200,7635
4452,2025-06-01,44,383,4444100,2765600,5678
4453,2025-06-01,11,1294,16306400,10041500,33857
4454,2025-06-01,59,136,1498200,1000300,704
4455,2025-06-01,25,759,4753100,3214200,3473
4456,2025-06-01,65,280,1738400,1130700,707
4457,2025-06-01,31,463,3261100,2236200,362
4458,2025-06-01,67,167,1557100,926000,690
4459,2025-06-01,49,156,1376400,896400,941
4460,2025-06-01,51,188,1759900,1239600,70
4461,2025-06-01,29,665,9870600,5748100,24732
4462,2025-06-01,81,22,341700,206300,212
4463,2025-06-01,26,302,3276700,2176800,1905
4464,2025-06-01,35,323,5724900,3618400,6387
4465,2025-07-01,42,396,2693100,1731800,785
4466,2025-07-01,60,215,1189000,784200,1444
4467,2025-07-01,44,384,4476100,2782700,5685
4468,2025-07-01,8,2263,20630000,11873400,38246
4469,2025-07-01,46,323,2260600,1647800,1029
4470,2025-07-01,70,143,1401300,857500,503
4471,2025-07-01,40,310,2710800,1797500,1858
4472,2025-07-01,43,461,2500000,1670100,2281
4473,2025-07-01,17,562,9133000,5842700,7857
4474,2025-07-01,33,452,5150300,3453900,4681
4475,2025-07-01,71,139,1134000,763000,23
4476,2025-07-01,29,670,9912800,5780500,24732
4477,2025-07-01,78,208,460600,292300,0
4478,2025-07-01,72,110,1159600,762000,382
4479,2025-07-01,22,399,3263900,2201400,2457
4480,2025-07-01,34,400,3614600,2260800,645
4481,2025-07-01,16,959,8587200,5419800,8664
4482,2025-07-01,64,210,1760200,1032800,1350
4483,2025-07-01,82,9,116300,72800,0
4484,2025-07-01,39,295,4265200,2259000,4612
4485,2025-07-01,51,188,1746500,1239600,70
4486,2025-07-01,76,35,219100,133100,112
4487,2025-07-01,58,115,977800,663000,695
4488,2025-07-01,86,4,7700,6700,0
4489,2025-07-01,26,302,3276700,2176800,1905
4490,2025-07-01,63,82,1057900,690300,123
4491,2025-07-01,45,264,2636000,1828900,1405
4492,2025-07-01,21,352,5818800,3303600,3801
4493,2025-07-01,30,626,4797900,3208800,2026
4494,2025-07-01,1,2027,84303900,50052500,271475
4495,2025-07-01,6,1178,18656300,12056800,8825
4496,2025-07-01,19,675,8501600,5363800,7794
4497,2025-07-01,87,9,119100,68800,190
4498,2025-07-01,73,13,218500,130700,412
4499,2025-07-01,88,6,77100,50600,0
4500,2025-07-01,69,43,877500,562100,318
4501,2025-07-01,10,580,11134300,6858800,15150
4502,2025-07-01,47,172,1772700,1149900,2284
4503,2025-07-01,54,203,1942100,1116500,855
4504,2025-07-01,12,701,9446100,6060700,14196
4505,2025-07-01,68,151,1474000,810500,1888
4506,2025-07-01,31,468,3316700,2268100,360
4507,2025-07-01,66,171,1337800,837000,2476
4508,2025-07-01,61,113,1893700,1163600,1716
4509,2025-07-01,49,157,1383100,901300,941
4510,2025-07-01,67,170,1583800,942700,690
4511,2025-07-01,62,284,1120000,781000,270
4512,2025-07-01,4,2893,38182600,25259300,24136
4513,2025-07-01,20,379,4659500,3022600,1778
4514,2025-07-01,37,330,2981900,1983000,2044
4515,2025-07-01,3,2924,54471600,34726800,54656
4516,2025-07-01,28,451,5014600,3360700,2168
4517,2025-07-01,13,1084,16708400,10385800,31630
4518,2025-07-01,41,462,4017200,2617700,664
4519,2025-07-01,24,488,4106200,2769500,1162
4520,2025-07-01,83,32,464500,300500,413
4521,2025-07-01,18,757,9018000,6155100,2808
4522,2025-07-01,81,22,341700,206300,212
4523,2025-07-01,23,701,7756900,5031500,9682
4524,2025-07-01,38,545,5540800,3337500,6509
4525,2025-07-01,57,166,2320700,1609600,1531
4526,2025-07-01,50,225,2049100,1335600,1224
4527,2025-07-01,80,12,35700,24600,0
4528,2025-07-01,74,108,996000,637900,81
4529,2025-07-01,48,271,2170800,1418700,690
4530,2025-07-01,85,38,396500,240000,219
4531,2025-07-01,5,1263,14164100,9371600,17210
4532,2025-07-01,32,260,2718800,1844200,242
4533,2025-07-01,36,299,2558700,1748000,1352
4534,2025-07-01,35,323,5724900,3618400,6388
4535,2025-07-01,14,261,5318600,3337600,4423
4536,2025-07-01,11,1302,16463500,10132100,34390
4537,2025-07-01,79,12,147600,100200,0
4538,2025-07-01,77,43,224700,163000,18
4539,2025-07-01,56,239,2223100,1453800,1481
4540,2025-07-01,7,1223,23479500,14702600,34704
4541,2025-07-01,53,166,1374700,947100,178
4542,2025-07-01,84,8,36100,23900,0
4543,2025-07-01,9,1153,18418200,11535600,24286
4544,2025-07-01,27,487,6552800,4335700,4204
4545,2025-07-01,55,134,1822700,1281300,212
4546,2025-07-01,59,137,1504100,1005000,704
4547,2025-07-01,2,1577,48563500,28118100,92183
4548,2025-07-01,25,764,4832200,3265800,3563
4549,2025-07-01,15,677,12054700,7291300,9168
4550,2025-07-01,75,164,1488600,1043400,142
4551,2025-07-01,52,137,2143800,1337200,2288
4552,2025-07-01,65,285,1756100,1143900,707
4553,2025-08-01,17,569,9269600,5924300,8060
4554,2025-08-01,32,261,2735400,1853300,242
4555,2025-08-01,12,708,9458300,6068200,14196
4556,2025-08-01,49,157,1383100,901300,941
4557,2025-08-01,40,314,2780800,1843400,1948
4558,2025-08-01,35,326,5778300,3657600,6388
4559,2025-08-01,1,2025,84700300,50219900,274578
4560,2025-08-01,41,464,4023100,2621600,664
4561,2025-08-01,82,9,116300,72800,0
4562,2025-08-01,38,550,5582600,3362000,6613
4563,2025-08-01,44,390,4565000,2841000,5759
4564,2025-08-01,42,397,2721200,1733400,785
4565,2025-08-01,55,134,1822700,1281300,212
4566,2025-08-01,2,1579,48643700,28165900,92383
4567,2025-08-01,56,240,2222300,1455800,1481
4568,2025-08-01,65,287,1778500,1158000,707
4569,2025-08-01,81,22,341700,206300,212
4570,2025-08-01,36,306,2614400,1777300,1386
4571,2025-08-01,64,212,1824700,1071100,1597
4572,2025-08-01,27,487,6552800,4335800,4204
4573,2025-08-01,84,9,36600,24400,0
4574,2025-08-01,16,978,8731300,5511300,8831
4575,2025-08-01,50,229,2085700,1361600,1224
4576,2025-08-01,52,138,2166800,1351600,2369
4577,2025-08-01,20,381,4819100,3136600,1778
4578,2025-08-01,88,6,77100,50600,0
4579,2025-08-01,33,455,5178200,3472600,4634
4580,2025-08-01,25,764,4843700,3270900,3615
4581,2025-08-01,74,108,995900,637900,81
4582,2025-08-01,54,204,1948700,1121300,855
4583,2025-08-01,87,15,403400,99200,190
4584,2025-08-01,10,585,11403700,7006800,15917
4585,2025-08-01,61,115,1931900,1185200,1814
4586,2025-08-01,47,172,1772700,1149800,2198
4587,2025-08-01,66,171,1363000,850900,2668
4588,2025-08-01,6,1206,18855800,12190000,8908
4589,2025-08-01,26,304,3295600,2189200,1805
4590,2025-08-01,85,43,461500,281000,219
4591,2025-08-01,28,455,5125600,3430900,2969
4592,2025-08-01,59,139,1545600,1032600,777
4593,2025-08-01,83,32,464500,300500,442
4594,2025-08-01,86,4,7700,6700,0
4595,2025-08-01,15,686,12222000,7397400,9726
4596,2025-08-01,79,12,147600,100200,0
4597,2025-08-01,76,35,219100,133100,112
4598,2025-08-01,22,401,3283000,2213900,2457
4599,2025-08-01,67,172,1589500,946200,690
4600,2025-08-01,57,166,2321500,1609600,1531
4601,2025-08-01,24,495,4183300,2816200,1235
4602,2025-08-01,14,264,5385500,3377900,4740
4603,2025-08-01,19,685,8665800,5466800,7863
4604,2025-08-01,80,12,35700,24600,0
4605,2025-08-01,29,671,10087000,5783900,24764
4606,2025-08-01,9,1154,18613700,11728600,24602
4607,2025-08-01,46,323,2260600,1647800,1029
4608,2025-08-01,31,469,3333800,2280000,360
4609,2025-08-01,75,164,1488600,1043500,142
4610,2025-08-01,77,43,224700,163000,18
4611,2025-08-01,48,274,2192700,1423800,690
4612,2025-08-01,30,629,4867100,3250100,2251
4613,2025-08-01,60,215,1189000,784700,1444
4614,2025-08-01,34,401,3619800,2264300,645
4615,2025-08-01,53,166,1374700,947100,178
4616,2025-08-01,70,146,1446000,886600,634
4617,2025-08-01,71,139,1134000,763000,23
4618,2025-08-01,23,704,7848100,5081200,9905
4619,2025-08-01,13,1097,16901800,10495500,33004
4620,2025-08-01,7,1232,23874100,14971600,36316
4621,2025-08-01,62,287,1129000,787000,270
4622,2025-08-01,18,758,9100800,6198800,3075
4623,2025-08-01,63,85,1187400,722200,123
4624,2025-08-01,4,2910,38421000,25394600,24136
4625,2025-08-01,8,2278,20791700,11990400,38331
4626,2025-08-01,73,13,218500,131400,412
4627,2025-08-01,5,1267,14278800,9435200,17445
4628,2025-08-01,39,295,4264700,2258900,4671
4629,2025-08-01,11,1307,16694700,10247900,35911
4630,2025-08-01,37,331,3010600,1994300,2413
4631,2025-08-01,78,211,475700,302100,0
4632,2025-08-01,68,150,1429300,782000,1888
4633,2025-08-01,72,115,1206700,791500,382
4634,2025-08-01,3,2926,54546400,34754500,54656
4635,2025-08-01,51,192,1775600,1259400,70
4636,2025-08-01,69,43,877500,562100,318
4637,2025-08-01,58,115,977900,663000,695
4638,2025-08-01,45,268,2697900,1868400,1456
4639,2025-08-01,21,357,5856700,3328200,3833
4640,2025-08-01,43,487,2530400,1692700,2281
4641,2025-09-01,8,2298,20878400,12029300,38601
4642,2025-09-01,73,13,218500,131400,412
4643,2025-09-01,63,85,1187400,722200,123
4644,2025-09-01,37,334,3021800,2001300,2413
4645,2025-09-01,11,1313,16830800,10327700,36376
4646,2025-09-01,29,672,9900100,5801900,25263
4647,2025-09-01,52,139,2194000,1368800,2463
4648,2025-09-01,2,1586,48833400,28272100,92654
4649,2025-09-01,80,12,35700,24600,0
4650,2025-09-01,51,195,1792900,1271700,70
4651,2025-09-01,75,165,1490800,1045300,142
4652,2025-09-01,34,405,3683700,2306300,645
4653,2025-09-01,79,12,147600,100200,0
4654,2025-09-01,84,8,36100,23900,0
4655,2025-09-01,21,361,5901900,3356600,3923
4656,2025-09-01,43,487,2530600,1692700,2281
4657,2025-09-01,32,262,2772300,1877000,242
4658,2025-09-01,23,717,8002300,5183600,9998
4659,2025-09-01,62,293,1158500,808700,270
4660,2025-09-01,67,172,1589500,946200,690
4661,2025-09-01,31,475,3419300,2334500,361
4662,2025-09-01,82,10,120000,74600,12
4663,2025-09-01,42,397,2721200,1733400,785
4664,2025-09-01,76,39,242000,147800,112
4665,2025-09-01,74,110,1010200,645100,81
4666,2025-09-01,81,22,341700,206300,212
4667,2025-09-01,20,382,4821200,3138200,1792
4668,2025-09-01,41,472,4063700,2650400,664
4669,2025-09-01,88,6,77100,50600,0
4670,2025-09-01,66,176,1466100,911300,2816
4671,2025-09-01,18,762,9187200,6246800,3242
4672,2025-09-01,54,207,1960900,1129600,855
4673,2025-09-01,69,46,925400,592900,318
4674,2025-09-01,64,212,1824700,1071100,1597
4675,2025-09-01,46,326,2276400,1658400,1029
4676,2025-09-01,68,150,1429300,782000,1888
4677,2025-09-01,25,771,4903200,3309200,3720
4678,2025-09-01,47,175,1800700,1167700,2216
4679,2025-09-01,40,321,2852800,1894600,1948
4680,2025-09-01,17,572,9335600,5946300,8064
4681,2025-09-01,30,634,4922600,3289200,2251
4682,2025-09-01,14,265,5427200,3404500,4809
4683,2025-09-01,59,140,1560400,1042600,777
4684,2025-09-01,53,169,1400600,964700,178
4685,2025-09-01,55,135,1836300,1290800,212
4686,2025-09-01,9,1161,18747100,11841800,24602
4687,2025-09-01,5,1306,14349900,9479400,17619
4688,2025-09-01,72,119,1251700,820900,382
4689,2025-09-01,16,985,8774100,5543700,8831
4690,2025-09-01,44,399,4676000,2913300,5759
4691,2025-09-01,61,123,1938300,1267400,2750
4692,2025-09-01,87,22,493000,161700,190
4693,2025-09-01,26,304,3295600,2189200,1805
4694,2025-09-01,38,568,5673100,3408200,6582
4695,2025-09-01,22,403,3290200,2216400,2457
4696,2025-09-01,35,330,5840600,3700000,6464
4697,2025-09-01,1,2037,85483700,50679300,277084
4698,2025-09-01,85,58,519500,318400,219
4699,2025-09-01,83,33,491400,319000,442
4700,2025-09-01,50,229,2085700,1361600,1224
4701,2025-09-01,6,1216,19113100,12364200,8825
4702,2025-09-01,71,139,1134000,763000,23
4703,2025-09-01,28,455,5118300,3431300,2969
4704,2025-09-01,33,459,5217600,3499400,4798
4705,2025-09-01,77,44,228600,165600,18
4706,2025-09-01,49,159,1405700,914700,941
4707,2025-09-01,60,215,1189000,784700,1444
4708,2025-09-01,19,688,8797000,5556400,7954
4709,2025-09-01,36,308,2644200,1796400,1433
4710,2025-09-01,70,147,1466500,896300,670
4711,2025-09-01,15,695,12457300,7542700,10279
4712,2025-09-01,86,4,7700,6700,0
4713,2025-09-01,45,273,2750800,1905500,1505
4714,2025-09-01,27,492,6635000,4392400,4187
4715,2025-09-01,4,2914,38641100,25520200,24136
4716,2025-09-01,57,167,2343000,1624800,1531
4717,2025-09-01,13,1102,17024000,10570600,33148
4718,2025-09-01,78,219,537300,337900,0
4719,2025-09-01,65,289,1812200,1178100,707
4720,2025-09-01,12,708,9511800,6101700,14225
4721,2025-09-01,39,295,4276000,2258900,4671
4722,2025-09-01,3,2957,54687200,34818900,54793
4723,2025-09-01,56,245,2284900,1493800,1561
4724,2025-09-01,48,280,2307100,1475200,915
4725,2025-09-01,7,1244,24445900,15266400,38109
4726,2025-09-01,24,506,4254400,2860600,1260
4727,2025-09-01,58,117,993500,673800,695
4728,2025-09-01,10,590,11483500,7048600,16167
4729,2025-10-01,66,184,1509000,945400,2880
4730,2025-10-01,31,478,3842800,2346200,361
4731,2025-10-01,36,311,2667900,1812200,1433
4732,2025-10-01,33,462,5255700,3524300,4823
4733,2025-10-01,47,177,1828600,1184800,2216
4734,2025-10-01,5,1315,14600000,9611900,18732
4735,2025-10-01,59,143,1667200,1111500,975
4736,2025-10-01,77,44,228600,165600,18
4737,2025-10-01,68,151,1478700,813800,1888
4738,2025-10-01,7,1251,24693800,15405900,38850
4739,2025-10-01,82,10,120000,74900,12
4740,2025-10-01,24,509,4282500,2875400,1260
4741,2025-10-01,85,58,537500,335600,219
4742,2025-10-01,75,165,1490800,1045300,142
4743,2025-10-01,56,245,2284000,1488600,1561
4744,2025-10-01,14,269,5539500,3472200,5063
4745,2025-10-01,13,1108,17191700,10683000,33141
4746,2025-10-01,19,706,8955600,5628400,8167
4747,2025-10-01,2,1597,48881700,28306400,92300
4748,2025-10-01,63,85,1187400,722200,123
4749,2025-10-01,23,723,8062900,5218200,10152
4750,2025-10-01,11,1315,17234700,10355200,36695
4751,2025-10-01,9,1176,19103900,12077500,24916
4752,2025-10-01,32,262,2772300,1877000,242
4753,2025-10-01,74,110,1010200,645100,81
4754,2025-10-01,65,303,1867700,1214500,730
4755,2025-10-01,20,386,4888700,3183100,1900
4756,2025-10-01,29,681,10073300,5886800,26279
4757,2025-10-01,26,305,3311600,2200400,1805
4758,2025-10-01,4,2955,39599700,26136200,24136
4759,2025-10-01,22,404,3294600,2219000,2457
4760,2025-10-01,37,338,3099700,2049100,2474
4761,2025-10-01,58,117,993500,673600,695
4762,2025-10-01,3,3005,55004000,35006400,55742
4763,2025-10-01,40,326,2886800,1916700,1951
4764,2025-10-01,76,40,238200,153400,171
4765,2025-10-01,18,770,9267600,6294800,3242
4766,2025-10-01,21,361,5906600,3360000,3923
4767,2025-10-01,83,34,503000,327200,442
4768,2025-10-01,15,694,12591100,7537700,10277
4769,2025-10-01,64,212,1824700,1071100,1597
4770,2025-10-01,51,198,1815900,1288700,70
4771,2025-10-01,79,12,149000,100200,0
4772,2025-10-01,87,24,503200,168800,190
4773,2025-10-01,6,1232,19408700,12559200,8886
4774,2025-10-01,38,586,5816900,3505100,6836
4775,2025-10-01,78,103,498200,322000,0
4776,2025-10-01,35,334,5931600,3757800,6670
4777,2025-10-01,44,412,4716300,2941700,5729
4778,2025-10-01,16,996,8839700,5580400,8912
4779,2025-10-01,61,123,1938300,1273900,2750
4780,2025-10-01,86,4,7700,6700,0
4781,2025-10-01,8,2350,20940700,12064800,38746
4782,2025-10-01,48,284,2362300,1511700,915
4783,2025-10-01,53,172,1417900,975200,178
4784,2025-10-01,45,273,2748100,1904200,1505
4785,2025-10-01,1,2045,85918900,50896300,279386
4786,2025-10-01,52,145,2227900,1388900,2461
4787,2025-10-01,57,168,2362700,1637600,1542
4788,2025-10-01,49,160,1423500,926300,941
4789,2025-10-01,34,407,3689300,2310600,645
4790,2025-10-01,30,638,4968400,3311400,2290
4791,2025-10-01,73,13,218500,131400,412
4792,2025-10-01,55,137,1865400,1310000,212
4793,2025-10-01,81,22,341900,206300,212
4794,2025-10-01,71,140,1145800,770500,23
4795,2025-10-01,43,489,2527900,1689800,2281
4796,2025-10-01,17,577,9412700,5995600,8166
4797,2025-10-01,42,398,2724700,1736000,785
4798,2025-10-01,60,217,1200100,792800,1444
4799,2025-10-01,70,147,1491500,904500,787
4800,2025-10-01,25,778,5021400,3384200,3905
4801,2025-10-01,41,475,4139500,2701400,760
4802,2025-10-01,46,327,2284500,1664800,1029
4803,2025-10-01,27,493,6666100,4410600,4243
4804,2025-10-01,12,727,9565500,6132700,14254
4805,2025-10-01,39,295,4277400,2262500,4777
4806,2025-10-01,69,65,1242100,765700,526
4807,2025-10-01,10,595,11530400,7084000,16167
4808,2025-10-01,72,122,1288500,843700,382
4809,2025-10-01,80,12,35700,24600,0
4810,2025-10-01,28,457,5124600,3434200,2997
4811,2025-10-01,50,233,2159100,1408600,1224
4812,2025-10-01,54,209,1984800,1145700,905
4813,2025-10-01,88,6,77100,50600,0
4814,2025-10-01,84,8,36100,23900,0
4815,2025-10-01,67,172,1589500,946200,690
4816,2025-10-01,62,295,1159500,809500,270
4817,2025-11-01,69,66,1269500,777900,938
4818,2025-11-01,42,398,2724700,1736000,785
4819,2025-11-01,5,1145,14650700,9633800,19050
4820,2025-11-01,77,45,231800,167800,18
4821,2025-11-01,26,308,3322300,2208000,1821
4822,2025-11-01,58,120,1023400,691700,695
4823,2025-11-01,4,3013,40702600,26760300,24473
4824,2025-11-01,14,270,5551900,3478700,5082
4825,2025-11-01,31,484,3892900,2379900,361
4826,2025-11-01,35,338,6010000,3810500,6692
4827,2025-11-01,34,408,3697500,2315700,645
4828,2025-11-01,64,212,1824700,1071100,1597
4829,2025-11-01,48,287,2413400,1544200,906
4830,2025-11-01,43,490,2537700,1697000,2281
4831,2025-11-01,27,496,6729600,4448600,4304
4832,2025-11-01,50,244,2356600,1538400,1224
4833,2025-11-01,79,12,149000,100000,0
4834,2025-11-01,88,8,115400,74200,0
4835,2025-11-01,10,603,11645100,7163600,16072
4836,2025-11-01,40,335,2993200,1994500,1951
4837,2025-11-01,85,64,608100,379100,219
4838,2025-11-01,16,1014,8960200,5656600,8912
4839,2025-11-01,20,394,4923700,3204900,1938
4840,2025-11-01,72,122,1288500,843700,382
4841,2025-11-01,32,271,2790300,1888400,242
4842,2025-11-01,47,181,1916600,1234900,2341
4843,2025-11-01,19,712,9100100,5706100,8357
4844,2025-11-01,22,405,3299000,2221700,2457
4845,2025-11-01,3,3026,55311800,35222200,56394
4846,2025-11-01,70,149,1525600,925300,967
4847,2025-11-01,36,321,2760100,1876000,1433
4848,2025-11-01,44,416,4782400,2983800,5730
4849,2025-11-01,63,86,1219800,745300,123
4850,2025-11-01,66,193,1601200,1003500,3010
4851,2025-11-01,13,1117,17262200,10753800,33069
4852,2025-11-01,73,13,218500,131400,412
4853,2025-11-01,12,732,9621800,6171300,14253
4854,2025-11-01,6,1243,19508100,12621600,8865
4855,2025-11-01,24,517,4344700,2917900,1294
4856,2025-11-01,7,1276,25271200,15749500,40532
4857,2025-11-01,55,139,1896000,1331500,212
4858,2025-11-01,17,588,9685200,6157200,9189
4859,2025-11-01,82,10,120000,74900,12
4860,2025-11-01,49,161,1423300,928000,941
4861,2025-11-01,67,172,1606300,946200,690
4862,2025-11-01,56,249,2293600,1497800,1630
4863,2025-11-01,71,144,1198800,806300,23
4864,2025-11-01,62,300,1179300,822400,269
4865,2025-11-01,59,151,1601600,1142300,975
4866,2025-11-01,30,650,5083600,3389400,2290
4867,2025-11-01,57,170,2380900,1650500,1542
4868,2025-11-01,86,4,7700,6700,0
4869,2025-11-01,18,782,9424300,6381700,3625
4870,2025-11-01,37,344,3149300,2074000,2673
4871,2025-11-01,9,1199,19554100,12346100,25556
4872,2025-11-01,61,124,1973800,1296700,2811
4873,2025-11-01,1,2044,86788500,51288300,281760
4874,2025-11-01,78,103,498200,322000,0
4875,2025-11-01,80,12,35700,24600,0
4876,2025-11-01,45,273,2748100,1904200,1505
4877,2025-11-01,87,27,528600,186400,190
4878,2025-11-01,29,691,10129100,5940700,26351
4879,2025-11-01,75,167,1499900,1050700,142
4880,2025-11-01,65,307,1877700,1222300,730
4881,2025-11-01,2,1606,49216800,28488200,93656
4882,2025-11-01,60,219,1208100,798300,1444
4883,2025-11-01,28,463,5181400,3477500,3062
4884,2025-11-01,15,701,12717600,7614400,10269
4885,2025-11-01,23,731,8171100,5288400,10235
4886,2025-11-01,21,364,5948000,3384800,4119
4887,2025-11-01,51,198,1815900,1288700,70
4888,2025-11-01,54,210,2002900,1156700,957
4889,2025-11-01,84,8,36100,23900,0
4890,2025-11-01,46,327,2284900,1664900,1029
4891,2025-11-01,39,297,4292900,2276000,4778
4892,2025-11-01,76,41,252000,161900,171
4893,2025-11-01,83,34,503000,327200,442
4894,2025-11-01,25,785,5109800,3442600,4041
4895,2025-11-01,74,112,1030000,659000,81
4896,2025-11-01,8,2357,21256000,12172900,38567
4897,2025-11-01,52,149,2324500,1446500,2603
4898,2025-11-01,41,484,4167500,2720200,760
4899,2025-11-01,81,22,341900,206300,212
4900,2025-11-01,38,585,5873100,3539700,6896
4901,2025-11-01,53,177,1464400,1008400,178
4902,2025-11-01,33,467,5317200,3563700,4823
4903,2025-11-01,11,1321,17317600,10403400,36831
4904,2025-11-01,68,153,1532700,846600,1940
4905,2025-12-01,39,299,4312100,2286700,4863
4906,2025-12-01,47,185,1956200,1261300,2385
4907,2025-12-01,82,10,120000,74900,12
4908,2025-12-01,83,34,503000,327200,442
4909,2025-12-01,64,212,1824700,1071100,1597
4910,2025-12-01,42,398,2724700,1736000,785
4911,2025-12-01,60,220,1217800,803400,1445
4912,2025-12-01,38,625,6000100,3623600,6896
4913,2025-12-01,9,1208,19768400,12476600,25798
4914,2025-12-01,5,1151,14815100,9731500,19521
4915,2025-12-01,69,70,1305000,802700,1392
4916,2025-12-01,67,173,1619300,954100,690
4917,2025-12-01,45,274,2787600,1924300,1604
4918,2025-12-01,52,149,2324500,1445500,2603
4919,2025-12-01,88,8,115400,74200,0
4920,2025-12-01,51,202,1877100,1312500,70
4921,2025-12-01,72,122,1288500,843700,378
4922,2025-12-01,57,174,2467200,1716600,1728
4923,2025-12-01,70,150,1534300,929400,967
4924,2025-12-01,74,113,1035700,662500,81
4925,2025-12-01,15,702,12725800,7619900,10592
4926,2025-12-01,68,154,1563100,866600,1980
4927,2025-12-01,78,103,498200,322000,0
4928,2025-12-01,30,655,5124600,3416800,2290
4929,2025-12-01,59,151,1601600,1142300,975
4930,2025-12-01,87,35,372200,236500,190
4931,2025-12-01,35,339,6039500,3828700,6692
4932,2025-12-01,48,288,2423800,1549700,906
4933,2025-12-01,80,13,38900,26800,0
4934,2025-12-01,21,373,6026800,3441400,4229
4935,2025-12-01,65,311,1922000,1243100,863
4936,2025-12-01,85,71,678400,422900,219
4937,2025-12-01,36,324,2794000,1899100,1433
4938,2025-12-01,20,394,4923700,3204900,1938
4939,2025-12-01,17,588,9701400,6158200,9271
4940,2025-12-01,33,472,5398300,3619600,4877
4941,2025-12-01,46,330,2305500,1677200,1029
4942,2025-12-01,12,737,9653100,6203700,14512
4943,2025-12-01,28,466,5258800,3526700,3145
4944,2025-12-01,1,2052,87340900,51568400,282965
4945,2025-12-01,14,270,5543300,3478700,5109
4946,2025-12-01,84,8,36100,23900,0
4947,2025-12-01,34,411,3727500,2334900,645
4948,2025-12-01,18,791,9532600,6441800,3648
4949,2025-12-01,73,18,291300,170500,412
4950,2025-12-01,27,508,6880400,4555100,4446
4951,2025-12-01,41,491,4240400,2764300,760
4952,2025-12-01,24,526,4465700,2974100,1221
4953,2025-12-01,32,280,2805900,1899200,242
4954,2025-12-01,26,318,3383600,2256400,1725
4955,2025-12-01,75,169,1527200,1070900,142
4956,2025-12-01,31,487,3809700,2384600,361
4957,2025-12-01,22,406,3331100,2240700,2457
4958,2025-12-01,86,4,7700,6700,0
4959,2025-12-01,63,87,1232900,755700,123
4960,2025-12-01,40,341,3033400,2019900,2034
4961,2025-12-01,11,1322,17469100,10481100,37467
4962,2025-12-01,10,606,11674900,7181100,16073
4963,2025-12-01,79,15,194100,129400,0
4964,2025-12-01,16,1027,9080200,5726800,9068
4965,2025-12-01,50,246,2386000,1555400,1224
4966,2025-12-01,13,1121,17418300,10839700,33260
4967,2025-12-01,77,45,231000,167800,18
4968,2025-12-01,55,139,1896000,1331500,212
4969,2025-12-01,62,303,1217900,846800,269
4970,2025-12-01,2,1611,49476500,28614600,95056
4971,2025-12-01,54,212,2013400,1162800,957
4972,2025-12-01,4,3010,40689800,26739200,24473
4973,2025-12-01,6,1246,19579500,12672200,8865
4974,2025-12-01,71,147,1223000,821900,23
4975,2025-12-01,25,791,5175300,3484100,4173
4976,2025-12-01,61,132,2014400,1314300,2857
4977,2025-12-01,66,199,1783300,1102700,3418
4978,2025-12-01,23,739,8288400,5354500,10727
4979,2025-12-01,58,121,1003400,671300,695
4980,2025-12-01,29,693,10258800,5974300,26599
4981,2025-12-01,56,250,2311100,1508200,1701
4982,2025-12-01,43,509,2683200,1799400,2289
4983,2025-12-01,3,3029,55441000,35311200,56394
4984,2025-12-01,8,2363,21507500,12275400,39283
4985,2025-12-01,19,725,9291000,5785600,8469
4986,2025-12-01,37,345,3155900,2078200,2673
4987,2025-12-01,76,42,262900,169300,171
4988,2025-12-01,44,417,4791900,2990100,5725
4989,2025-12-01,7,1284,25428300,15857000,40403
4990,2025-12-01,53,181,1491700,1026200,178
4991,2025-12-01,49,167,1481200,963900,994
4992,2025-12-01,81,22,341900,206300,212
4993,2026-01-01,39,300,4332300,2280600,4898
4994,2026-01-01,10,610,11726700,7222900,16017
4995,2026-01-01,47,186,1989800,1284300,2395
4996,2026-01-01,30,670,5199100,3461300,2315
4997,2026-01-01,58,123,1021700,677600,695
4998,2026-01-01,81,23,355600,214800,212
4999,2026-01-01,29,703,10328100,6009800,26819
5000,2026-01-01,80,13,38900,26800,0
5001,2026-01-01,1,2069,87794900,51750200,283473
5002,2026-01-01,51,203,1883900,1317200,70
5003,2026-01-01,55,140,1907000,1339300,212
5004,2026-01-01,87,38,410400,259800,190
5005,2026-01-01,60,223,1247900,815200,1528
5006,2026-01-01,54,215,2060600,1189000,1147
5007,2026-01-01,43,519,2702400,1816000,2276
5008,2026-01-01,65,315,1931500,1250300,863
5009,2026-01-01,27,510,6915800,4579900,4468
5010,2026-01-01,4,3026,41075800,26972900,24541
5011,2026-01-01,24,532,4486900,2991600,1318
5012,2026-01-01,20,396,4928800,3208800,1938
5013,2026-01-01,66,204,1845500,1143800,3530
5014,2026-01-01,44,417,4793600,2989000,5725
5015,2026-01-01,64,212,1826400,1072400,1598
5016,2026-01-01,16,1034,9162600,5779400,9501
5017,2026-01-01,25,789,5185800,3488200,4337
5018,2026-01-01,32,286,2885500,1945800,242
5019,2026-01-01,72,123,1294900,847800,378
5020,2026-01-01,86,8,24800,20500,0
5021,2026-01-01,76,52,328200,209100,171
5022,2026-01-01,61,137,2119400,1346100,3013
5023,2026-01-01,34,413,3755900,2351900,645
5024,2026-01-01,33,476,5395400,3614400,4941
5025,2026-01-01,9,1224,19990900,12608900,26005
5026,2026-01-01,37,348,3226900,2115100,2838
5027,2026-01-01,79,15,194100,129400,0
5028,2026-01-01,5,1163,15070600,9868900,20147
5029,2026-01-01,78,103,498200,322000,0
5030,2026-01-01,62,305,1229200,853700,269
5031,2026-01-01,52,151,2356700,1463900,2656
5032,2026-01-01,68,156,1604200,890200,2102
5033,2026-01-01,77,45,231000,167800,18
5034,2026-01-01,3,3073,56138300,35765100,56362
5035,2026-01-01,14,270,5554700,3478700,5141
5036,2026-01-01,74,120,1122200,707000,81
5037,2026-01-01,42,398,2724700,1736000,813
5038,2026-01-01,31,493,3860500,2419600,361
5039,2026-01-01,57,179,2565800,1784700,1877
5040,2026-01-01,69,103,2085200,1161600,4671
5041,2026-01-01,41,489,4242100,2763400,759
5042,2026-01-01,88,9,131800,84500,0
5043,2026-01-01,18,800,9724000,6558900,4378
5044,2026-01-01,83,38,523800,342300,442
5045,2026-01-01,28,466,5258400,3526300,3145
5046,2026-01-01,67,175,1658500,976200,785
5047,2026-01-01,84,8,36100,23900,0
5048,2026-01-01,17,591,9840200,6241700,9555
5049,2026-01-01,50,276,2765100,1835500,1224
5050,2026-01-01,46,333,2317700,1688000,1029
5051,2026-01-01,2,1623,49800200,28788400,95865
5052,2026-01-01,75,174,1581000,1107700,142
5053,2026-01-01,71,148,1234600,829200,23
5054,2026-01-01,56,253,2357500,1535700,1795
5055,2026-01-01,13,1135,17687700,10974100,34348
5056,2026-01-01,53,187,1541300,1054100,178
5057,2026-01-01,6,1255,19771900,12795300,8975
5058,2026-01-01,85,75,730000,454000,219
5059,2026-01-01,21,375,6069800,3460700,4229
5060,2026-01-01,26,324,3563900,2355200,1725
5061,2026-01-01,70,151,1540000,932400,978
5062,2026-01-01,45,281,2832900,1953600,1624
5063,2026-01-01,48,294,2471000,1579400,927
5064,2026-01-01,36,326,2823600,1917400,1433
5065,2026-01-01,59,152,1593200,1142800,830
5066,2026-01-01,63,87,1146600,755700,123
5067,2026-01-01,11,1332,17634600,10562400,37974
5068,2026-01-01,23,748,8467700,5462000,11193
5069,2026-01-01,12,739,9713200,6236200,14778
5070,2026-01-01,15,711,12902600,7667100,10592
5071,2026-01-01,8,2382,21921300,12430400,39364
5072,2026-01-01,38,634,6067900,3665800,6691
5073,2026-01-01,40,343,3045500,2029800,2050
5074,2026-01-01,89,5,75500,46500,0
5075,2026-01-01,49,173,1559100,1006100,1049
5076,2026-01-01,82,10,120000,74900,12
5077,2026-01-01,35,344,6140900,3886900,6705
5078,2026-01-01,73,19,307900,182400,412
5079,2026-01-01,22,410,3355200,2257700,2458
5080,2026-01-01,19,729,9414400,5817700,8469
5081,2026-01-01,7,1304,26143800,16255900,42289
5082,2026-02-01,75,175,1592200,1115900,142
5083,2026-02-01,20,398,4936300,3212000,1938
5084,2026-02-01,4,3025,41048600,26966900,24503
5085,2026-02-01,82,10,120000,74900,12
5086,2026-02-01,61,137,2119800,1345200,3013
5087,2026-02-01,27,514,6963500,4607500,4557
5088,2026-02-01,34,414,3782500,2371200,637
5089,2026-02-01,71,148,1234600,829200,23
5090,2026-02-01,41,494,4254700,2772600,759
5091,2026-02-01,12,739,9713200,6236200,14870
5092,2026-02-01,14,272,5601100,3512300,5141
5093,2026-02-01,89,5,75500,46500,0
5094,2026-02-01,42,396,2727900,1730600,864
5095,2026-02-01,58,129,1080700,713100,695
5096,2026-02-01,33,475,5392900,3612000,4941
5097,2026-02-01,23,748,8467500,5461800,11191
5098,2026-02-01,36,329,2837300,1926700,1433
5099,2026-02-01,47,187,2006200,1293100,2395
5100,2026-02-01,29,712,10327700,6060200,26823
5101,2026-02-01,21,375,6051000,3460700,4229
5102,2026-02-01,51,214,1891800,1321400,70
5103,2026-02-01,39,301,4331000,2280600,4898
5104,2026-02-01,13,1144,17915000,11099500,35289
5105,2026-02-01,72,123,1300900,847800,370
5106,2026-02-01,59,152,1593200,1142800,830
5107,2026-02-01,1,2078,88600000,52163300,286523
5108,2026-02-01,3,3108,56854300,36165400,58950
5109,2026-02-01,70,155,1589400,965800,978
5110,2026-02-01,73,19,307900,182400,412
5111,2026-02-01,46,331,2308000,1681100,1029
5112,2026-02-01,26,327,3593100,2388200,1868
5113,2026-02-01,24,540,4526700,3017900,1318
5114,2026-02-01,45,278,2816500,1943900,1643
5115,2026-02-01,64,212,1826400,1072400,1598
5116,2026-02-01,69,103,2085200,1161600,4671
5117,2026-02-01,77,45,231000,167800,18
5118,2026-02-01,49,175,1578100,1016300,1118
5119,2026-02-01,18,806,9798700,6613100,4378
5120,2026-02-01,9,1232,20126700,12685600,26245
5121,2026-02-01,10,610,11726700,7222900,16238
5122,2026-02-01,84,8,36100,23900,0
5123,2026-02-01,38,638,6131800,3705900,6691
5124,2026-02-01,86,8,24800,20500,0
5125,2026-02-01,35,345,6162500,3900300,6705
5126,2026-02-01,56,259,2416100,1570200,1863
5127,2026-02-01,63,87,1146600,755700,123
5128,2026-02-01,68,157,1603900,890500,2102
5129,2026-02-01,2,1630,50014800,28903700,96625
5130,2026-02-01,83,37,517300,337900,442
5131,2026-02-01,17,595,9912100,6287900,9581
5132,2026-02-01,87,46,443500,280700,190
5133,2026-02-01,8,2386,22045300,12465000,39537
5134,2026-02-01,30,674,5222200,3476200,2315
5135,2026-02-01,19,739,9668300,5958500,9015
5136,2026-02-01,15,712,12934900,7686100,10592
5137,2026-02-01,11,1337,17679400,10593200,38009
5138,2026-02-01,6,1355,19931600,12925600,8974
5139,2026-02-01,88,11,131800,84500,0
5140,2026-02-01,55,141,1926300,1351800,212
5141,2026-02-01,43,520,2704800,1817400,2276
5142,2026-02-01,79,15,194100,129400,0
5143,2026-02-01,37,349,3246400,2125500,2838
5144,2026-02-01,80,13,38900,26800,0
5145,2026-02-01,78,103,498200,322000,0
5146,2026-02-01,60,222,1242200,811100,1528
5147,2026-02-01,32,289,2921300,1970200,242
5148,2026-02-01,74,120,1122700,707300,81
5149,2026-02-01,62,309,1240700,862100,269
5150,2026-02-01,31,493,3862000,2419900,361
5151,2026-02-01,52,155,2432900,1512400,2656
5152,2026-02-01,44,421,4918800,3069400,5833
5153,2026-02-01,16,1054,9330500,5875700,9501
5154,2026-02-01,28,466,5267500,3526500,3145
5155,2026-02-01,85,85,954600,589900,405
5156,2026-02-01,54,216,2069100,1195100,1161
5157,2026-02-01,53,187,1541300,1054100,178
5158,2026-02-01,65,322,1953100,1265100,863
5159,2026-02-01,5,1165,15089500,9879800,20213
5160,2026-02-01,50,276,2765100,1835500,1224
5161,2026-02-01,25,790,5209600,3501100,4451
5162,2026-02-01,81,23,355600,214800,212
5163,2026-02-01,48,295,2478700,1582800,927
5164,2026-02-01,67,179,1706600,1008500,785
5165,2026-02-01,57,180,2584800,1798400,1939
5166,2026-02-01,22,410,3355200,2257700,2458
5167,2026-02-01,76,52,328100,209100,171
5168,2026-02-01,40,345,3056300,2037400,2050
5169,2026-02-01,66,206,1881000,1162200,3618
5170,2026-02-01,7,1313,26393600,16408800,42590
5171,2026-03-01,77,45,231000,167800,18
5172,2026-03-01,10,613,11854100,7290900,16575
5173,2026-03-01,3,3127,57042200,36297300,58601
5174,2026-03-01,33,477,5410100,3622200,4941
5175,2026-03-01,38,643,6214600,3746900,6743
5176,2026-03-01,7,1320,26604000,16515000,43642
5177,2026-03-01,24,546,4589400,3045600,1318
5178,2026-03-01,31,493,3862000,2419900,361
5179,2026-03-01,46,331,2308200,1682100,1031
5180,2026-03-01,35,350,6276000,3975500,6816
5181,2026-03-01,74,120,1122700,707300,81
5182,2026-03-01,66,213,2072600,1275900,4105
5183,2026-03-01,1,2090,89062400,52409200,287960
5184,2026-03-01,4,3050,41637900,27271300,24001
5185,2026-03-01,34,419,3874700,2428000,637
5186,2026-03-01,75,176,1604400,1123300,142
5187,2026-03-01,67,179,1706600,1008500,785
5188,2026-03-01,28,477,5424700,3627500,3145
5189,2026-03-01,53,187,1541300,1054100,178
5190,2026-03-01,79,15,194100,129400,0
5191,2026-03-01,12,743,9758600,6273600,15252
5192,2026-03-01,19,746,9820200,6012800,9073
5193,2026-03-01,8,2395,22333300,12620100,40745
5194,2026-03-01,30,681,5279900,3507200,2315
5195,2026-03-01,78,109,513000,333800,0
5196,2026-03-01,52,159,2555100,1568900,2964
5197,2026-03-01,51,215,1902200,1329700,70
5198,2026-03-01,62,309,1240700,862100,269
5199,2026-03-01,82,10,120000,74900,12
5200,2026-03-01,37,351,3289600,2154800,2934
5201,2026-03-01,89,5,75500,46500,0
5202,2026-03-01,55,142,1931900,1355600,212
5203,2026-03-01,80,13,38900,26800,0
5204,2026-03-01,43,521,2727900,1829900,2276
5205,2026-03-01,44,424,4951900,3088900,5905
5206,2026-03-01,25,790,5209600,3501100,4451
5207,2026-03-01,56,261,2422700,1575000,1863
5208,2026-03-01,6,1373,20523200,13238800,10325
5209,2026-03-01,72,125,1313500,855300,392
5210,2026-03-01,87,67,698200,384700,190
5211,2026-03-01,68,157,1608100,890400,2102
5212,2026-03-01,57,182,2620800,1822800,2016
5213,2026-03-01,40,351,3156400,2100900,1984
5214,2026-03-01,14,273,5633400,3534400,5189
5215,2026-03-01,50,276,2765100,1835500,1224
5216,2026-03-01,22,410,3355200,2257800,2458
5217,2026-03-01,15,714,12986700,7718400,10521
5218,2026-03-01,59,180,1602700,1150200,831
5219,2026-03-01,27,516,6984200,4618800,4611
5220,2026-03-01,39,302,4373100,2289500,4898
5221,2026-03-01,13,1153,18036400,11176800,35676
5222,2026-03-01,11,1337,17693100,10600300,37969
5223,2026-03-01,20,400,4949800,3219700,1938
5224,2026-03-01,71,149,1261100,845300,23
5225,2026-03-01,45,281,2844800,1963300,1726
5226,2026-03-01,69,103,2085200,1161300,4671
5227,2026-03-01,36,335,2909100,1959600,1495
5228,2026-03-01,64,212,1826400,1072400,1598
5229,2026-03-01,83,37,517300,337900,442
5230,2026-03-01,2,1640,50323100,29059400,97489
5231,2026-03-01,61,141,2238400,1413900,3391
5232,2026-03-01,88,15,191700,120600,0
5233,2026-03-01,81,23,355600,214800,212
5234,2026-03-01,18,807,9817500,6628900,4378
5235,2026-03-01,76,52,342100,209100,171
5236,2026-03-01,48,295,2478700,1582800,927
5237,2026-03-01,32,290,2945900,1974600,242
5238,2026-03-01,17,602,10012300,6350800,9695
5239,2026-03-01,41,506,4450600,2899900,759
5240,2026-03-01,47,189,2029200,1307300,2441
5241,2026-03-01,60,251,1268900,829300,1605
5242,2026-03-01,16,1054,9331100,5875900,9501
5243,2026-03-01,5,1185,15484000,10125400,20787
5244,2026-03-01,65,324,1961800,1270500,863
5245,2026-03-01,86,8,24800,20500,0
5246,2026-03-01,21,384,6205600,3550200,4610
5247,2026-03-01,54,218,2077500,1201000,1163
5248,2026-03-01,73,19,307900,182400,412
5249,2026-03-01,63,88,1153900,761900,123
5250,2026-03-01,23,754,8622500,5549500,11670
5251,2026-03-01,85,88,987400,609900,405
5252,2026-03-01,42,397,2734200,1733700,864
5253,2026-03-01,49,175,1578200,1016400,1118
5254,2026-03-01,29,718,10424000,6110800,27143
5255,2026-03-01,58,131,1091400,720600,695
5256,2026-03-01,9,1245,20400800,12855000,26321
5257,2026-03-01,84,9,43700,28400,0
5258,2026-03-01,70,158,1670000,972300,978
5259,2026-03-01,26,329,3599800,2393600,2005
5260,2026-04-01,76,52,342100,209100,171
5261,2026-04-01,9,1256,20612100,12996700,26332
5262,2026-04-01,2,1644,50669300,29215900,98947
5263,2026-04-01,50,280,2879100,1905600,1239
5264,2026-04-01,21,390,6302000,3599600,4950
5265,2026-04-01,19,757,10172700,6192600,9888
5266,2026-04-01,13,1157,18122700,11232300,35636
5267,2026-04-01,77,45,231000,167800,18
5268,2026-04-01,48,297,2526300,1594500,927
5269,2026-04-01,43,524,2771400,1859000,2276
5270,2026-04-01,24,551,4665600,3074600,1318
5271,2026-04-01,78,114,539600,350100,0
5272,2026-04-01,85,90,1094800,632200,405
5273,2026-04-01,63,89,1160800,767800,123
5274,2026-04-01,61,146,2295300,1451300,3509
5275,2026-04-01,20,403,4971500,3233000,1938
5276,2026-04-01,14,276,5677700,3561700,5338
5277,2026-04-01,33,482,5472600,3660300,4998
5278,2026-04-01,23,756,8666500,5567400,12027
5279,2026-04-01,30,688,5320500,3535100,2310
5280,2026-04-01,80,13,38900,26800,0
5281,2026-04-01,22,412,3375600,2271400,2458
5282,2026-04-01,72,127,1330800,864700,392
5283,2026-04-01,15,717,13030700,7748300,10521
5284,2026-04-01,70,158,1706500,984200,1395
5285,2026-04-01,40,356,3253400,2156500,2097
5286,2026-04-01,54,220,2096600,1213700,1163
5287,2026-04-01,5,1198,15702200,10260400,20977
5288,2026-04-01,81,23,355600,214800,212
5289,2026-04-01,53,191,1584000,1084000,178
5290,2026-04-01,27,517,7002600,4631100,4628
5291,2026-04-01,64,212,1826400,1072400,1598
5292,2026-04-01,57,193,2778700,1931800,2051
5293,2026-04-01,26,332,3624900,2410500,2005
5294,2026-04-01,88,15,191700,120600,0
5295,2026-04-01,47,191,2070600,1322600,2441
5296,2026-04-01,55,143,1944300,1363500,212
5297,2026-04-01,32,293,2967200,1988400,242
5298,2026-04-01,16,1059,9400400,5921300,9482
5299,2026-04-01,29,726,10530000,6159200,27206
5300,2026-04-01,56,264,2454400,1596600,1863
5301,2026-04-01,28,484,5513800,3686400,3145
5302,2026-04-01,60,259,1270500,830300,1636
5303,2026-04-01,73,19,307900,182400,412
5304,2026-04-01,7,1327,26842000,16645800,44743
5305,2026-04-01,67,180,1709300,1011100,785
5306,2026-04-01,12,745,9787400,6288700,15436
5307,2026-04-01,82,10,120000,74900,12
5308,2026-04-01,25,790,5254200,3493300,4367
5309,2026-04-01,69,103,2085200,1161300,4671
5310,2026-04-01,31,499,4047400,2448300,361
5311,2026-04-01,71,148,1255300,842300,23
5312,2026-04-01,39,298,4338600,2267200,4898
5313,2026-04-01,4,3057,41851900,27416800,24035
5314,2026-04-01,37,351,3289600,2154800,2934
5315,2026-04-01,68,161,1737900,945800,2483
5316,2026-04-01,83,39,561200,359100,490
5317,2026-04-01,41,512,4513200,2939600,859
5318,2026-04-01,38,651,6320900,3808300,6836
5319,2026-04-01,87,77,2550100,473400,190
5320,2026-04-01,34,425,3943500,2476800,637
5321,2026-04-01,18,808,9787900,6624000,4374
5322,2026-04-01,66,219,2150500,1324000,4320
5323,2026-04-01,6,1402,20886800,13463400,10325
5324,2026-04-01,11,1348,17953700,10749000,38457
5325,2026-04-01,74,122,1140400,713200,81
5326,2026-04-01,84,9,43700,28400,0
5327,2026-04-01,35,352,6336500,4011400,7061
5328,2026-04-01,79,15,194100,129400,0
5329,2026-04-01,75,178,1631000,1138000,142
5330,2026-04-01,59,181,1638600,1174300,831
5331,2026-04-01,44,426,4965400,3096000,5877
5332,2026-04-01,36,336,2919900,1967300,1512
5333,2026-04-01,8,2407,22575300,12761300,41807
5334,2026-04-01,51,218,1940500,1355000,70
5335,2026-04-01,52,163,2617100,1610300,2964
5336,2026-04-01,89,5,75500,46500,0
5337,2026-04-01,58,131,1091400,720600,695
5338,2026-04-01,62,314,1264400,877500,269
5339,2026-04-01,46,337,2365500,1724800,1031
5340,2026-04-01,45,283,2862900,1975900,1701
5341,2026-04-01,1,2102,89411300,52632600,288655
5342,2026-04-01,17,606,10076800,6387800,9829
5343,2026-04-01,3,3134,57392800,36507300,59537
5344,2026-04-01,65,326,1972900,1278700,863
5345,2026-04-01,10,617,11891100,7320900,16575
5346,2026-04-01,42,399,2747000,1742600,864
5347,2026-04-01,49,178,1621100,1040900,1204
5348,2026-04-01,86,8,24800,20500,0
5349,2026-05-01,48,298,2536500,1600700,927
5350,2026-05-01,64,213,1848500,1085800,1598
5351,2026-05-01,15,719,13074600,7770400,10734
5352,2026-05-01,49,180,1620100,1048600,1204
5353,2026-05-01,18,824,9956800,6724300,4693
5354,2026-05-01,42,405,2779900,1765200,864
5355,2026-05-01,82,10,120000,74900,12
5356,2026-05-01,62,315,1269300,881100,269
5357,2026-05-01,52,167,2682300,1654500,2964
5358,2026-05-01,28,492,5562800,3717100,3145
5359,2026-05-01,25,794,5291300,3518900,4367
5360,2026-05-01,19,761,10336300,6257800,9973
5361,2026-05-01,68,161,1772400,972200,2479
5362,2026-05-01,44,431,5041800,3145800,5877
5363,2026-05-01,23,763,8728600,5604900,12206
5364,2026-05-01,87,78,871700,480700,248
5365,2026-05-01,6,1409,21034000,13562600,10325
5366,2026-05-01,74,129,1183200,748100,81
5367,2026-05-01,35,356,6402600,4057700,7136
5368,2026-05-01,63,89,1160800,767700,123
5369,2026-05-01,73,19,307900,182400,412
5370,2026-05-01,37,352,3300100,2160300,2986
5371,2026-05-01,43,523,2770000,1858200,2460
5372,2026-05-01,86,8,24800,20500,0
5373,2026-05-01,22,412,3388800,2280600,2458
5374,2026-05-01,55,146,1971300,1383300,212
5375,2026-05-01,4,3067,42030000,27518300,24035
5376,2026-05-01,81,24,358000,216400,212
5377,2026-05-01,45,286,2904100,1999600,1747
5378,2026-05-01,8,2418,22922800,12934000,42695
5379,2026-05-01,26,334,3693100,2450200,2129
5380,2026-05-01,54,219,2099000,1212600,1163
5381,2026-05-01,2,1647,50821700,29274600,99037
5382,2026-05-01,71,148,1255300,842300,23
5383,2026-05-01,67,181,1709400,1010400,785
5384,2026-05-01,78,114,539600,350100,0
5385,2026-05-01,3,3171,57689300,36694400,59869
5386,2026-05-01,7,1332,26989800,16738300,44930
5387,2026-05-01,46,340,2388100,1741800,1031
5388,2026-05-01,70,159,1712200,988700,1395
5389,2026-05-01,50,280,2881500,1907100,1239
5390,2026-05-01,34,428,3978900,2499600,637
5391,2026-05-01,14,279,5730600,3599600,5349
5392,2026-05-01,33,493,5552500,3711200,5136
5393,2026-05-01,57,193,2778800,1931900,2078
5394,2026-05-01,60,267,1275900,833400,1636
5395,2026-05-01,80,13,38900,26800,0
5396,2026-05-01,65,326,1972800,1278800,863
5397,2026-05-01,17,615,10218700,6436900,9871
5398,2026-05-01,51,218,1940600,1355400,70
5399,2026-05-01,16,1061,9449100,5950900,9497
5400,2026-05-01,58,131,1091400,720600,695
5401,2026-05-01,77,45,231000,167800,18
5402,2026-05-01,11,1356,18139900,10856500,39180
5403,2026-05-01,41,514,4569900,2965100,977
5404,2026-05-01,69,103,2085200,1161300,4671
5405,2026-05-01,27,522,7137100,4711200,4732
5406,2026-05-01,56,270,2499200,1623100,2019
5407,2026-05-01,29,731,10617400,6191200,27141
5408,2026-05-01,83,38,554900,354800,490
5409,2026-05-01,9,1258,20645800,13014100,26439
5410,2026-05-01,40,359,3280300,2174900,2097
5411,2026-05-01,84,9,43700,28400,0
5412,2026-05-01,85,92,1044100,646300,405
5413,2026-05-01,88,18,279700,169400,0
5414,2026-05-01,13,1161,18227400,11311600,35890
5415,2026-05-01,20,403,4965000,3227100,1938
5416,2026-05-01,39,300,4308800,2275300,4898
5417,2026-05-01,32,295,2986700,2002000,242
5418,2026-05-01,89,5,75500,46500,0
5419,2026-05-01,36,345,3028600,2036600,1833
5420,2026-05-01,24,564,4842100,3181300,1662
5421,2026-05-01,31,503,4172900,2480300,361
5422,2026-05-01,61,150,2382200,1511000,3674
5423,2026-05-01,30,690,5358500,3558000,2421
5424,2026-05-01,66,229,2285900,1412700,4681
5425,2026-05-01,59,183,1706600,1219400,831
5426,2026-05-01,12,747,9868000,6330000,15024
5427,2026-05-01,75,179,1643200,1146000,142
5428,2026-05-01,5,1203,15842000,10348900,21287
5429,2026-05-01,1,2111,89725500,52790600,289897
5430,2026-05-01,10,624,12010600,7384500,16773
5431,2026-05-01,79,15,194100,129400,0
5432,2026-05-01,38,666,6474400,3906800,7002
5433,2026-05-01,47,193,2113400,1336000,2491
5434,2026-05-01,76,52,343700,209000,171
5435,2026-05-01,53,192,1614300,1104200,178
5436,2026-05-01,72,129,1368000,888500,464
5437,2026-05-01,21,395,6372100,3643500,4991
5438,2026-06-01,37,353,3332600,2175700,3186
5439,2026-06-01,17,620,10337500,6502900,10119
5440,2026-06-01,12,750,9957100,6388500,15008
5441,2026-06-01,29,735,10680200,6213500,27287
5442,2026-06-01,53,195,1637200,1120800,178
5443,2026-06-01,74,131,1204100,758500,81
5444,2026-06-01,85,97,1101400,679600,405
5445,2026-06-01,49,182,1635900,1058100,1240
5446,2026-06-01,56,278,2572200,1668400,2115
5447,2026-06-01,78,114,539600,350100,0
5448,2026-06-01,68,167,1905800,1027100,2842
5449,2026-06-01,43,536,2771200,1859500,2460
5450,2026-06-01,14,279,5730600,3599600,5338
5451,2026-06-01,87,89,1062500,585700,287
5452,2026-06-01,45,285,2916500,2007800,1747
5453,2026-06-01,71,150,1270500,851300,23
5454,2026-06-01,24,569,4927800,3213100,1662
5455,2026-06-01,41,515,4584800,2975200,977
5456,2026-06-01,82,10,120000,74900,12
5457,2026-06-01,23,768,8821500,5654500,12564
5458,2026-06-01,16,1079,9544600,6010500,9525
5459,2026-06-01,15,724,13099000,7784500,10762
5460,2026-06-01,81,24,358000,216400,212
5461,2026-06-01,77,45,231000,167800,18
5462,2026-06-01,46,344,2415700,1761000,1051
5463,2026-06-01,83,41,569200,363500,490
5464,2026-06-01,20,403,4965000,3227100,1938
5465,2026-06-01,60,268,1280500,835500,1636
5466,2026-06-01,21,398,6426100,3676700,5105
5467,2026-06-01,73,19,307900,182400,412
5468,2026-06-01,34,428,3978800,2499600,637
5469,2026-06-01,11,1359,18318300,10949300,39941
5470,2026-06-01,52,164,2772800,1668200,3105
5471,2026-06-01,35,364,6514400,4135300,7138
5472,2026-06-01,61,158,2525100,1549700,3674
5473,2026-06-01,5,1202,15861000,10355300,21626
5474,2026-06-01,54,221,2129100,1229700,1233
5475,2026-06-01,9,1260,20705500,13055400,26594
5476,2026-06-01,2,1648,50831300,29284100,99132
5477,2026-06-01,75,180,1656400,1154000,142
5478,2026-06-01,66,230,2292600,1417700,4681
5479,2026-06-01,18,826,9992500,6743100,4777
5480,2026-06-01,27,525,7165800,4724300,4728
5481,2026-06-01,55,145,1966400,1379200,212
5482,2026-06-01,44,435,5050200,3150000,5914
5483,2026-06-01,80,13,38900,26800,0
5484,2026-06-01,63,89,1160800,767700,123
5485,2026-06-01,33,494,5570900,3717900,5136
5486,2026-06-01,88,18,279700,169400,0
5487,2026-06-01,51,224,1999000,1395800,139
5488,2026-06-01,3,3162,57798700,36731900,60798
5489,2026-06-01,32,297,3011700,2020900,242
5490,2026-06-01,40,360,3303300,2188800,2136
5491,2026-06-01,70,160,1722100,994500,1432
5492,2026-06-01,8,2431,23113200,13007600,42987
5493,2026-06-01,69,103,2081900,1162800,4671
5494,2026-06-01,39,301,4323400,2283200,4939
5495,2026-06-01,79,15,194100,129400,0
5496,2026-06-01,58,132,1125500,740200,695
5497,2026-06-01,47,200,2214900,1386800,2631
5498,2026-06-01,67,182,1719900,1017600,785
5499,2026-06-01,42,407,2785900,1769500,874
5500,2026-06-01,13,1161,18227400,11310500,35890
5501,2026-06-01,57,194,2823300,1941200,2074
5502,2026-06-01,59,184,1716900,1226900,831
5503,2026-06-01,1,2114,89948700,52889700,290783
5504,2026-06-01,19,770,10365100,6373300,10356
5505,2026-06-01,76,54,362100,221000,171
5506,2026-06-01,86,8,24800,20500,0
5507,2026-06-01,50,280,2881500,1907100,1239
5508,2026-06-01,6,1427,21522900,13834600,10325
5509,2026-06-01,62,315,1269300,881100,269
5510,2026-06-01,38,656,6581000,3959000,7291
5511,2026-06-01,30,699,5426200,3601300,2421
5512,2026-06-01,36,346,3040400,2045000,1833
5513,2026-06-01,25,800,5399800,3580700,4646
5514,2026-06-01,31,510,4225100,2514000,361
5515,2026-06-01,26,337,3715500,2465700,2129
5516,2026-06-01,10,624,12008800,7384500,16773
5517,2026-06-01,48,298,2536500,1600700,927
5518,2026-06-01,72,133,1425400,926100,464
5519,2026-06-01,89,5,75500,46500,0
5520,2026-06-01,22,412,3388800,2280600,2458
5521,2026-06-01,4,3068,42068600,27535000,24237
5522,2026-06-01,64,213,1849800,1086400,1701
5523,2026-06-01,65,327,1988900,1289400,863
5524,2026-06-01,7,1354,27245600,16848600,45440
5525,2026-06-01,28,495,5641600,3763700,3353
5526,2026-06-01,84,9,43700,28400,0
5527,2026-07-01,82,10,120000,74900,12
5528,2026-07-01,42,418,2839900,1804500,886
5529,2026-07-01,23,775,8991800,5744500,12802
5530,2026-07-01,6,1441,21856900,14019300,10942
5531,2026-07-01,89,5,75500,46500,0
5532,2026-07-01,3,3203,58114200,36926700,61411
5533,2026-07-01,39,304,4352500,2302900,4939
5534,2026-07-01,59,185,1719600,1228400,831
5535,2026-07-01,49,181,1632100,1055700,1240
5536,2026-07-01,44,443,5210600,3226300,5857
5537,2026-07-01,34,433,4010400,2520600,637
5538,2026-07-01,50,286,3005100,1978400,1362
5539,2026-07-01,37,353,3334900,2175600,3185
5540,2026-07-01,33,497,5594800,3734500,5136
5541,2026-07-01,16,1104,9710300,6112600,9589
5542,2026-07-01,86,8,24800,20500,0
5543,2026-07-01,21,400,6443700,3688100,5136
5544,2026-07-01,1,2121,90491900,53151900,293050
5545,2026-07-01,58,132,1125500,740200,695
5546,2026-07-01,62,315,1269300,881100,269
5547,2026-07-01,54,224,2165900,1252700,1272
5548,2026-07-01,8,2453,23109600,13030200,42948
5549,2026-07-01,40,363,3321000,2199400,2136
5550,2026-07-01,75,177,1634300,1139200,142
5551,2026-07-01,67,183,1741500,1031900,785
5552,2026-07-01,2,1650,50915300,29327400,99670
5553,2026-07-01,88,18,279700,169400,0
5554,2026-07-01,10,629,12061700,7424300,16773
5555,2026-07-01,56,288,2605400,1689800,2115
5556,2026-07-01,81,24,358000,216400,212
5557,2026-07-01,7,1365,27658800,17094000,46325
5558,2026-07-01,68,166,1884900,1017500,2720
5559,2026-07-01,51,226,2011700,1405100,139
5560,2026-07-01,18,838,10075800,6803600,5027
5561,2026-07-01,13,1164,18290200,11349900,36229
5562,2026-07-01,46,345,2428900,1770700,1051
5563,2026-07-01,61,158,2525100,1549700,3741
5564,2026-07-01,43,569,2810400,1887500,2460
5565,2026-07-01,31,525,4240800,2526400,361
5566,2026-07-01,48,300,2560700,1616200,927
5567,2026-07-01,87,92,1078700,606800,287
5568,2026-07-01,25,803,5471000,3622400,4867
5569,2026-07-01,53,198,1650800,1130800,178
5570,2026-07-01,71,152,1301400,869800,23
5571,2026-07-01,70,161,1731700,999900,1432
5572,2026-07-01,63,89,1160800,767700,123
5573,2026-07-01,30,719,5558900,3690100,2421
5574,2026-07-01,47,200,2214800,1387000,2658
5575,2026-07-01,38,672,6729800,4042800,7530
5576,2026-07-01,26,342,3755400,2486900,2228
5577,2026-07-01,41,521,4546000,2947500,977
5578,2026-07-01,5,1225,15943100,10405000,21692
5579,2026-07-01,57,199,2862900,1977600,2150
5580,2026-07-01,36,351,3107100,2082200,1945
5581,2026-07-01,64,214,1886000,1105500,1838
5582,2026-07-01,45,289,2934900,2021300,1747
5583,2026-07-01,65,327,1989300,1289700,863
5584,2026-07-01,15,730,13164000,7827600,10788
5585,2026-07-01,79,16,209500,139500,0
5586,2026-07-01,35,367,6569600,4170900,7008
5587,2026-07-01,28,500,5746700,3830300,3599
5588,2026-07-01,19,775,10440800,6422800,10417
5589,2026-07-01,11,1359,18404700,10992400,40511
5590,2026-07-01,27,528,7213700,4756500,4728
5591,2026-07-01,76,55,372400,224800,171
5592,2026-07-01,52,164,2774800,1668100,3105
5593,2026-07-01,22,424,3413000,2296900,2458
5594,2026-07-01,84,10,61700,38400,61
5595,2026-07-01,72,133,1425400,926100,464
5596,2026-07-01,32,296,3005200,2013700,242
5597,2026-07-01,77,45,231000,167800,18
5598,2026-07-01,14,281,5782900,3631300,5294
5599,2026-07-01,24,577,5063800,3266800,1714
5600,2026-07-01,73,19,307900,182400,412
5601,2026-07-01,12,763,10161700,6520000,15114
5602,2026-07-01,60,268,1285100,838000,1636
5603,2026-07-01,83,41,566200,363500,490
5604,2026-07-01,4,3076,42481500,27702400,24448
5605,2026-07-01,29,741,10762200,6269800,27684
5606,2026-07-01,85,97,1101400,681500,405
5607,2026-07-01,20,409,5005200,3252900,1938
5608,2026-07-01,78,117,560500,363400,0
5609,2026-07-01,17,627,10507000,6599200,10266
5610,2026-07-01,9,1261,20725500,13055200,26604
5611,2026-07-01,69,104,2099100,1172100,4671
5612,2026-07-01,74,131,1204100,758500,81
5613,2026-07-01,66,234,2319400,1444500,4626
5614,2026-07-01,55,147,1974000,1383800,212
5615,2026-07-01,80,13,38900,26800,0
