object_id,status,valid_from,valid_to,is_current
1,запланирован,2025-09-01,2026-07-01,False
1,строится,2026-07-01,,True
2,запланирован,2018-01-01,2018-11-01,False
2,строится,2018-11-01,2021-01-01,False
2,введён,2021-01-01,,True
3,запланирован,2018-05-01,2018-10-01,False
3,строится,2018-10-01,2020-08-01,False
3,введён,2020-08-01,,True
4,запланирован,2022-11-01,2023-02-01,False
4,строится,2023-02-01,2025-01-01,False
4,введён,2025-01-01,,True
5,запланирован,2024-03-01,2024-07-01,False
5,строится,2024-07-01,2025-06-01,False
5,введён,2025-06-01,,True
6,запланирован,2026-01-01,2026-06-01,False
6,строится,2026-06-01,,True
7,запланирован,2024-05-01,2025-07-01,False
7,строится,2025-07-01,,True
8,запланирован,2016-11-01,2018-04-01,False
8,строится,2018-04-01,2019-07-01,False
8,введён,2019-07-01,,True
9,запланирован,2022-05-01,2023-10-01,False
9,строится,2023-10-01,2025-08-01,False
9,введён,2025-08-01,,True
10,запланирован,2020-05-01,2020-12-01,False
10,строится,2020-12-01,2023-02-01,False
10,введён,2023-02-01,,True
11,запланирован,2025-04-01,2025-10-01,False
11,строится,2025-10-01,,True
12,запланирован,2016-11-01,2018-01-01,False
12,строится,2018-01-01,2020-02-01,False
12,введён,2020-02-01,,True
13,запланирован,2024-05-01,2025-06-01,False
13,строится,2025-06-01,,True
14,запланирован,2020-03-01,2021-08-01,False
14,строится,2021-08-01,2024-02-01,False
14,введён,2024-02-01,,True
15,запланирован,2019-03-01,2020-05-01,False
15,строится,2020-05-01,2023-04-01,False
15,введён,2023-04-01,,True
16,запланирован,2023-06-01,2024-08-01,False
16,строится,2024-08-01,2026-03-01,False
16,введён,2026-03-01,,True
17,запланирован,2019-06-01,2020-10-01,False
17,строится,2020-10-01,2021-08-01,False
17,введён,2021-08-01,,True
18,запланирован,2026-04-01,,True
19,запланирован,2015-01-01,2016-02-01,False
19,строится,2016-02-01,2019-07-01,False
19,введён,2019-07-01,,True
20,запланирован,2025-11-01,,True
21,запланирован,2027-05-01,,True
22,запланирован,2024-04-01,2024-07-01,False
22,строится,2024-07-01,,True
23,запланирован,2027-05-01,,True
24,запланирован,2024-10-01,2025-01-01,False
24,строится,2025-01-01,2026-07-01,False
24,введён,2026-07-01,,True
25,запланирован,2017-12-01,2018-05-01,False
25,строится,2018-05-01,2022-04-01,False
25,введён,2022-04-01,,True
26,запланирован,2019-02-01,2020-06-01,False
26,строится,2020-06-01,2022-11-01,False
26,введён,2022-11-01,,True
27,запланирован,2018-03-01,2018-08-01,False
27,строится,2018-08-01,2019-12-01,False
27,введён,2019-12-01,,True
28,запланирован,2026-08-01,,True
29,запланирован,2026-08-01,,True
30,запланирован,2024-04-01,2025-02-01,False
30,строится,2025-02-01,,True
31,запланирован,2021-06-01,2021-10-01,False
31,строится,2021-10-01,2024-08-01,False
31,введён,2024-08-01,,True
32,запланирован,2027-09-01,,True
33,запланирован,2028-09-01,,True
34,запланирован,2022-07-01,2023-06-01,False
34,строится,2023-06-01,2025-01-01,False
34,введён,2025-01-01,,True
35,запланирован,2020-05-01,2021-04-01,False
35,строится,2021-04-01,2023-01-01,False
35,введён,2023-01-01,,True
36,запланирован,2023-10-01,2024-08-01,False
36,строится,2024-08-01,2026-08-01,False
36,введён,2026-08-01,,True
37,запланирован,2026-07-01,,True
38,запланирован,2020-04-01,2020-11-01,False
38,строится,2020-11-01,2021-05-01,False
38,введён,2021-05-01,,True
39,запланирован,2020-12-01,2021-09-01,False
39,строится,2021-09-01,2024-05-01,False
39,введён,2024-05-01,,True
40,запланирован,2027-12-01,,True
41,запланирован,2023-08-01,2024-10-01,False
41,строится,2024-10-01,,True
42,запланирован,2020-02-01,2020-05-01,False
42,строится,2020-05-01,2021-11-01,False
42,введён,2021-11-01,,True
43,запланирован,2019-01-01,2020-04-01,False
43,строится,2020-04-01,2023-10-01,False
43,введён,2023-10-01,,True
44,запланирован,2023-01-01,2024-04-01,False
44,строится,2024-04-01,2026-05-01,False
44,введён,2026-05-01,,True
45,запланирован,2026-05-01,,True
46,запланирован,2022-12-01,2023-08-01,False
46,строится,2023-08-01,,True
47,запланирован,2025-09-01,2026-08-01,False
47,строится,2026-08-01,,True
48,запланирован,2018-03-01,2018-12-01,False
48,строится,2018-12-01,2021-01-01,False
48,введён,2021-01-01,,True
49,запланирован,2022-02-01,2022-12-01,False
49,строится,2022-12-01,2025-07-01,False
49,введён,2025-07-01,,True
50,запланирован,2018-03-01,2019-04-01,False
50,строится,2019-04-01,2022-10-01,False
50,введён,2022-10-01,,True
51,запланирован,2024-11-01,2026-02-01,False
51,строится,2026-02-01,,True
52,запланирован,2019-02-01,2020-02-01,False
52,строится,2020-02-01,2023-11-01,False
52,введён,2023-11-01,,True
53,запланирован,2025-11-01,,True
54,запланирован,2025-05-01,2026-06-01,False
54,строится,2026-06-01,,True
55,запланирован,2022-07-01,2023-12-01,False
55,строится,2023-12-01,,True
56,запланирован,2021-04-01,2021-12-01,False
56,строится,2021-12-01,2025-09-01,False
56,введён,2025-09-01,,True
57,запланирован,2023-10-01,2024-01-01,False
57,строится,2024-01-01,,True
58,запланирован,2018-04-01,2019-07-01,False
58,строится,2019-07-01,2022-12-01,False
58,введён,2022-12-01,,True
59,запланирован,2017-11-01,2018-05-01,False
59,строится,2018-05-01,2019-09-01,False
59,введён,2019-09-01,,True
60,запланирован,2020-12-01,2021-05-01,False
60,строится,2021-05-01,2022-12-01,False
60,введён,2022-12-01,,True
61,запланирован,2022-01-01,2022-09-01,False
61,строится,2022-09-01,2023-05-01,False
61,введён,2023-05-01,,True
62,запланирован,2021-05-01,2021-09-01,False
62,строится,2021-09-01,2024-02-01,False
62,введён,2024-02-01,,True
63,запланирован,2017-10-01,2019-03-01,False
63,строится,2019-03-01,2020-06-01,False
63,введён,2020-06-01,,True
64,запланирован,2023-11-01,2024-09-01,False
64,строится,2024-09-01,2025-09-01,False
64,введён,2025-09-01,,True
65,запланирован,2021-03-01,2022-02-01,False
65,строится,2022-02-01,2023-11-01,False
65,введён,2023-11-01,,True
66,запланирован,2018-06-01,2018-12-01,False
66,строится,2018-12-01,2022-09-01,False
66,введён,2022-09-01,,True
67,запланирован,2019-08-01,2020-03-01,False
67,строится,2020-03-01,2023-01-01,False
67,введён,2023-01-01,,True
68,запланирован,2020-06-01,2021-05-01,False
68,строится,2021-05-01,2022-04-01,False
68,введён,2022-04-01,,True
69,запланирован,2024-05-01,2025-01-01,False
69,строится,2025-01-01,2026-07-01,False
69,введён,2026-07-01,,True
70,запланирован,2022-07-01,2023-10-01,False
70,строится,2023-10-01,2024-09-01,False
70,введён,2024-09-01,,True
71,запланирован,2023-09-01,2023-12-01,False
71,строится,2023-12-01,,True
72,запланирован,2024-08-01,2025-06-01,False
72,строится,2025-06-01,2026-04-01,False
72,введён,2026-04-01,,True
73,запланирован,2027-04-01,,True
74,запланирован,2019-11-01,2020-04-01,False
74,строится,2020-04-01,2023-11-01,False
74,введён,2023-11-01,,True
75,запланирован,2016-02-01,2016-09-01,False
75,строится,2016-09-01,2020-03-01,False
75,введён,2020-03-01,,True
76,запланирован,2028-01-01,,True
77,запланирован,2025-09-01,2026-07-01,False
77,строится,2026-07-01,,True
78,запланирован,2018-11-01,2019-11-01,False
78,строится,2019-11-01,2022-08-01,False
78,введён,2022-08-01,,True
79,запланирован,2022-03-01,2023-07-01,False
79,строится,2023-07-01,2024-01-01,False
79,введён,2024-01-01,,True
80,запланирован,2015-03-01,2016-03-01,False
80,строится,2016-03-01,2020-01-01,False
80,введён,2020-01-01,,True
81,запланирован,2017-10-01,2018-12-01,False
81,строится,2018-12-01,2021-06-01,False
81,введён,2021-06-01,,True
82,запланирован,2025-07-01,2025-11-01,False
82,строится,2025-11-01,,True
83,запланирован,2018-02-01,2018-12-01,False
83,строится,2018-12-01,2019-10-01,False
83,введён,2019-10-01,,True
84,запланирован,2018-09-01,2020-01-01,False
84,строится,2020-01-01,2023-05-01,False
84,введён,2023-05-01,,True
85,запланирован,2020-03-01,2020-11-01,False
85,строится,2020-11-01,2021-06-01,False
85,введён,2021-06-01,,True
86,запланирован,2022-10-01,2023-11-01,False
86,строится,2023-11-01,2025-09-01,False
86,введён,2025-09-01,,True
87,запланирован,2024-06-01,2024-09-01,False
87,строится,2024-09-01,,True
88,запланирован,2025-05-01,2025-09-01,False
88,строится,2025-09-01,,True
89,запланирован,2022-07-01,2023-06-01,False
89,строится,2023-06-01,2026-03-01,False
89,введён,2026-03-01,,True
90,запланирован,2020-09-01,2021-12-01,False
90,строится,2021-12-01,2024-10-01,False
90,введён,2024-10-01,,True
91,запланирован,2027-09-01,,True
92,запланирован,2017-11-01,2019-04-01,False
92,строится,2019-04-01,2020-05-01,False
92,введён,2020-05-01,,True
93,запланирован,2017-12-01,2019-02-01,False
93,строится,2019-02-01,2022-08-01,False
93,введён,2022-08-01,,True
94,запланирован,2017-06-01,2017-11-01,False
94,строится,2017-11-01,2020-06-01,False
94,введён,2020-06-01,,True
95,запланирован,2025-06-01,2026-04-01,False
95,строится,2026-04-01,,True
96,запланирован,2022-11-01,2024-02-01,False
96,строится,2024-02-01,2026-04-01,False
96,введён,2026-04-01,,True
97,запланирован,2020-12-01,2021-05-01,False
97,строится,2021-05-01,2024-06-01,False
97,введён,2024-06-01,,True
98,запланирован,2025-12-01,,True
99,запланирован,2025-12-01,2026-07-01,False
99,строится,2026-07-01,,True
100,запланирован,2022-10-01,2023-02-01,False
100,строится,2023-02-01,2024-03-01,False
100,введён,2024-03-01,,True
101,запланирован,2025-09-01,,True
102,запланирован,2024-02-01,2025-07-01,False
102,строится,2025-07-01,,True
103,запланирован,2026-11-01,,True
104,запланирован,2020-11-01,2022-01-01,False
104,строится,2022-01-01,2023-02-01,False
104,введён,2023-02-01,,True
105,запланирован,2024-10-01,2025-06-01,False
105,строится,2025-06-01,,True
106,запланирован,2024-07-01,2024-10-01,False
106,строится,2024-10-01,,True
107,запланирован,2018-05-01,2018-11-01,False
107,строится,2018-11-01,2019-07-01,False
107,введён,2019-07-01,,True
108,запланирован,2019-03-01,2019-09-01,False
108,строится,2019-09-01,2020-05-01,False
108,введён,2020-05-01,,True
109,запланирован,2017-10-01,2018-05-01,False
109,строится,2018-05-01,2020-03-01,False
109,введён,2020-03-01,,True
110,запланирован,2020-12-01,2022-02-01,False
110,строится,2022-02-01,2024-06-01,False
110,введён,2024-06-01,,True
111,запланирован,2025-09-01,,True
112,запланирован,2026-01-01,,True
113,запланирован,2018-10-01,2020-02-01,False
113,строится,2020-02-01,2023-09-01,False
113,введён,2023-09-01,,True
114,запланирован,2023-12-01,2025-02-01,False
114,строится,2025-02-01,,True
115,запланирован,2027-04-01,,True
116,запланирован,2025-01-01,2025-10-01,False
116,строится,2025-10-01,,True
117,запланирован,2024-04-01,2024-10-01,False
117,строится,2024-10-01,2026-04-01,False
117,введён,2026-04-01,,True
118,запланирован,2026-06-01,,True
119,запланирован,2023-02-01,2024-07-01,False
119,строится,2024-07-01,2025-04-01,False
119,введён,2025-04-01,,True
120,запланирован,2029-03-01,,True
121,запланирован,2022-05-01,2022-08-01,False
121,строится,2022-08-01,2026-04-01,False
121,введён,2026-04-01,,True
122,запланирован,2024-04-01,2025-04-01,False
122,строится,2025-04-01,,True
123,запланирован,2023-06-01,2024-09-01,False
123,строится,2024-09-01,,True
124,запланирован,2024-07-01,2025-12-01,False
124,строится,2025-12-01,,True
125,запланирован,2022-12-01,2024-02-01,False
125,строится,2024-02-01,,True
126,запланирован,2022-10-01,2023-07-01,False
126,строится,2023-07-01,,True
127,запланирован,2024-06-01,2025-04-01,False
127,строится,2025-04-01,,True
128,запланирован,2023-05-01,2024-09-01,False
128,строится,2024-09-01,2026-06-01,False
128,введён,2026-06-01,,True
129,запланирован,2021-06-01,2021-12-01,False
129,строится,2021-12-01,2022-11-01,False
129,введён,2022-11-01,,True
130,запланирован,2018-11-01,2019-05-01,False
130,строится,2019-05-01,2021-01-01,False
130,введён,2021-01-01,,True
131,запланирован,2024-05-01,2025-08-01,False
131,строится,2025-08-01,,True
132,запланирован,2021-04-01,2021-09-01,False
132,строится,2021-09-01,2023-03-01,False
132,введён,2023-03-01,,True
133,запланирован,2024-06-01,2025-02-01,False
133,строится,2025-02-01,2026-03-01,False
133,введён,2026-03-01,,True
134,запланирован,2023-02-01,2023-09-01,False
134,строится,2023-09-01,,True
135,запланирован,2022-06-01,2022-09-01,False
135,строится,2022-09-01,2025-07-01,False
135,введён,2025-07-01,,True
136,запланирован,2017-07-01,2018-07-01,False
136,строится,2018-07-01,2020-08-01,False
136,введён,2020-08-01,,True
137,запланирован,2024-02-01,2025-01-01,False
137,строится,2025-01-01,,True
138,запланирован,2017-05-01,2018-10-01,False
138,строится,2018-10-01,2020-05-01,False
138,введён,2020-05-01,,True
139,запланирован,2026-07-01,,True
140,запланирован,2023-02-01,2024-07-01,False
140,строится,2024-07-01,2025-12-01,False
140,введён,2025-12-01,,True
141,запланирован,2023-12-01,2025-04-01,False
141,строится,2025-04-01,,True
142,запланирован,2024-06-01,2025-11-01,False
142,строится,2025-11-01,2026-06-01,False
142,введён,2026-06-01,,True
143,запланирован,2023-07-01,2024-07-01,False
143,строится,2024-07-01,2026-04-01,False
143,введён,2026-04-01,,True
144,запланирован,2025-02-01,2026-05-01,False
144,строится,2026-05-01,,True
145,запланирован,2016-06-01,2017-11-01,False
145,строится,2017-11-01,2021-01-01,False
145,введён,2021-01-01,,True
146,запланирован,2024-07-01,2025-10-01,False
146,строится,2025-10-01,,True
147,запланирован,2026-12-01,,True
148,запланирован,2018-01-01,2019-04-01,False
148,строится,2019-04-01,2020-01-01,False
148,введён,2020-01-01,,True
149,запланирован,2026-06-01,,True
150,запланирован,2021-12-01,2022-05-01,False
150,строится,2022-05-01,2025-03-01,False
150,введён,2025-03-01,,True
151,запланирован,2025-10-01,,True
152,запланирован,2027-10-01,,True
153,запланирован,2016-02-01,2016-07-01,False
153,строится,2016-07-01,2020-03-01,False
153,введён,2020-03-01,,True
154,запланирован,2024-10-01,2025-01-01,False
154,строится,2025-01-01,,True
155,запланирован,2027-07-01,,True
156,запланирован,2023-12-01,2025-05-01,False
156,строится,2025-05-01,2026-02-01,False
156,введён,2026-02-01,,True
157,запланирован,2024-05-01,2025-02-01,False
157,строится,2025-02-01,,True
158,запланирован,2027-06-01,,True
159,запланирован,2022-02-01,2023-01-01,False
159,строится,2023-01-01,2026-01-01,False
159,введён,2026-01-01,,True
160,запланирован,2020-03-01,2020-07-01,False
160,строится,2020-07-01,2022-04-01,False
160,введён,2022-04-01,,True
161,запланирован,2019-11-01,2021-04-01,False
161,строится,2021-04-01,2024-11-01,False
161,введён,2024-11-01,,True
162,запланирован,2027-06-01,,True
163,запланирован,2028-08-01,,True
164,запланирован,2021-06-01,2022-07-01,False
164,строится,2022-07-01,2023-05-01,False
164,введён,2023-05-01,,True
165,запланирован,2020-05-01,2020-08-01,False
165,строится,2020-08-01,2022-03-01,False
165,введён,2022-03-01,,True
166,запланирован,2026-03-01,,True
167,запланирован,2026-05-01,,True
168,запланирован,2019-09-01,2020-10-01,False
168,строится,2020-10-01,2024-08-01,False
168,введён,2024-08-01,,True
169,запланирован,2020-02-01,2020-08-01,False
169,строится,2020-08-01,2021-12-01,False
169,введён,2021-12-01,,True
170,запланирован,2023-09-01,2024-10-01,False
170,строится,2024-10-01,,True
171,запланирован,2021-10-01,2023-01-01,False
171,строится,2023-01-01,2023-07-01,False
171,введён,2023-07-01,,True
172,запланирован,2021-10-01,2023-02-01,False
172,строится,2023-02-01,,True
173,запланирован,2021-11-01,2022-08-01,False
173,строится,2022-08-01,2024-08-01,False
173,введён,2024-08-01,,True
174,запланирован,2021-11-01,2022-03-01,False
174,строится,2022-03-01,2023-04-01,False
174,введён,2023-04-01,,True
175,запланирован,2016-09-01,2018-02-01,False
175,строится,2018-02-01,2022-01-01,False
175,введён,2022-01-01,,True
176,запланирован,2021-01-01,2021-12-01,False
176,строится,2021-12-01,2024-01-01,False
176,введён,2024-01-01,,True
177,запланирован,2026-12-01,,True
178,запланирован,2028-05-01,,True
179,запланирован,2027-04-01,,True
180,запланирован,2023-03-01,2024-01-01,False
180,строится,2024-01-01,,True
181,запланирован,2022-04-01,2022-12-01,False
181,строится,2022-12-01,2024-10-01,False
181,введён,2024-10-01,,True
182,запланирован,2023-03-01,2023-12-01,False
182,строится,2023-12-01,2024-12-01,False
182,введён,2024-12-01,,True
183,запланирован,2025-04-01,2026-01-01,False
183,строится,2026-01-01,,True
184,запланирован,2025-08-01,2026-05-01,False
184,строится,2026-05-01,,True
185,запланирован,2020-10-01,2021-02-01,False
185,строится,2021-02-01,2024-05-01,False
185,введён,2024-05-01,,True
186,запланирован,2027-12-01,,True
187,запланирован,2028-10-01,,True
188,запланирован,2020-08-01,2021-02-01,False
188,строится,2021-02-01,2022-07-01,False
188,введён,2022-07-01,,True
189,запланирован,2015-09-01,2016-03-01,False
189,строится,2016-03-01,2019-10-01,False
189,введён,2019-10-01,,True
190,запланирован,2023-10-01,2024-07-01,False
190,строится,2024-07-01,2026-03-01,False
190,введён,2026-03-01,,True
191,запланирован,2027-07-01,,True
192,запланирован,2026-07-01,,True
193,запланирован,2019-01-01,2020-04-01,False
193,строится,2020-04-01,2022-07-01,False
193,введён,2022-07-01,,True
194,запланирован,2027-12-01,,True
195,запланирован,2017-12-01,2018-04-01,False
195,строится,2018-04-01,2018-11-01,False
195,введён,2018-11-01,,True
196,запланирован,2016-07-01,2017-06-01,False
196,строится,2017-06-01,2020-06-01,False
196,введён,2020-06-01,,True
197,запланирован,2016-08-01,2017-06-01,False
197,строится,2017-06-01,2021-01-01,False
197,введён,2021-01-01,,True
198,запланирован,2023-07-01,2024-09-01,False
198,строится,2024-09-01,2025-09-01,False
198,введён,2025-09-01,,True
199,запланирован,2029-04-01,,True
200,запланирован,2018-10-01,2019-04-01,False
200,строится,2019-04-01,2021-05-01,False
200,введён,2021-05-01,,True
201,запланирован,2023-04-01,2024-03-01,False
201,строится,2024-03-01,2024-11-01,False
201,введён,2024-11-01,,True
202,запланирован,2021-06-01,2022-04-01,False
202,строится,2022-04-01,2024-02-01,False
202,введён,2024-02-01,,True
203,запланирован,2017-05-01,2018-08-01,False
203,строится,2018-08-01,2021-08-01,False
203,введён,2021-08-01,,True
204,запланирован,2021-12-01,2023-01-01,False
204,строится,2023-01-01,,True
205,запланирован,2016-08-01,2018-01-01,False
205,строится,2018-01-01,2019-12-01,False
205,введён,2019-12-01,,True
206,запланирован,2023-09-01,2024-05-01,False
206,строится,2024-05-01,2025-05-01,False
206,введён,2025-05-01,,True
207,запланирован,2021-02-01,2021-06-01,False
207,строится,2021-06-01,2025-01-01,False
207,введён,2025-01-01,,True
208,запланирован,2022-04-01,2022-09-01,False
208,строится,2022-09-01,2026-01-01,False
208,введён,2026-01-01,,True
209,запланирован,2026-10-01,,True
210,запланирован,2020-12-01,2022-02-01,False
210,строится,2022-02-01,2024-03-01,False
210,введён,2024-03-01,,True
211,запланирован,2026-09-01,,True
212,запланирован,2027-03-01,,True
213,запланирован,2025-03-01,2025-12-01,False
213,строится,2025-12-01,,True
214,запланирован,2018-12-01,2020-02-01,False
214,строится,2020-02-01,2023-11-01,False
214,введён,2023-11-01,,True
215,запланирован,2025-01-01,2025-04-01,False
215,строится,2025-04-01,,True
216,запланирован,2019-10-01,2020-11-01,False
216,строится,2020-11-01,2021-11-01,False
216,введён,2021-11-01,,True
217,запланирован,2021-11-01,2022-04-01,False
217,строится,2022-04-01,2025-01-01,False
217,введён,2025-01-01,,True
218,запланирован,2024-10-01,2026-03-01,False
218,строится,2026-03-01,,True
219,запланирован,2025-12-01,2026-04-01,False
219,строится,2026-04-01,,True
220,запланирован,2027-04-01,,True
221,запланирован,2020-09-01,2020-12-01,False
221,строится,2020-12-01,2024-07-01,False
221,введён,2024-07-01,,True
222,запланирован,2018-12-01,2019-11-01,False
222,строится,2019-11-01,2021-02-01,False
222,введён,2021-02-01,,True
223,запланирован,2020-04-01,2021-03-01,False
223,строится,2021-03-01,2022-09-01,False
223,введён,2022-09-01,,True
224,запланирован,2029-06-01,,True
225,запланирован,2017-08-01,2018-01-01,False
225,строится,2018-01-01,2021-04-01,False
225,введён,2021-04-01,,True
226,запланирован,2016-11-01,2017-09-01,False
226,строится,2017-09-01,2021-04-01,False
226,введён,2021-04-01,,True
227,запланирован,2021-06-01,2022-03-01,False
227,строится,2022-03-01,2024-06-01,False
227,введён,2024-06-01,,True
228,запланирован,2020-05-01,2021-05-01,False
228,строится,2021-05-01,2024-06-01,False
228,введён,2024-06-01,,True
229,запланирован,2019-11-01,2020-03-01,False
229,строится,2020-03-01,2020-09-01,False
229,введён,2020-09-01,,True
230,запланирован,2019-03-01,2019-12-01,False
230,строится,2019-12-01,2020-09-01,False
230,введён,2020-09-01,,True
231,запланирован,2022-01-01,2022-11-01,False
231,строится,2022-11-01,2024-07-01,False
231,введён,2024-07-01,,True
232,запланирован,2024-09-01,2025-08-01,False
232,строится,2025-08-01,,True
233,запланирован,2026-01-01,2026-04-01,False
233,строится,2026-04-01,,True
234,запланирован,2019-05-01,2020-06-01,False
234,строится,2020-06-01,2022-05-01,False
234,введён,2022-05-01,,True
235,запланирован,2019-01-01,2020-01-01,False
235,строится,2020-01-01,2020-10-01,False
235,введён,2020-10-01,,True
236,запланирован,2020-05-01,2020-11-01,False
236,строится,2020-11-01,2022-07-01,False
236,введён,2022-07-01,,True
237,запланирован,2018-07-01,2019-10-01,False
237,строится,2019-10-01,2020-04-01,False
237,введён,2020-04-01,,True
238,запланирован,2027-09-01,,True
239,запланирован,2015-02-01,2016-02-01,False
239,строится,2016-02-01,2019-11-01,False
239,введён,2019-11-01,,True
240,запланирован,2024-02-01,2024-12-01,False
240,строится,2024-12-01,,True
241,запланирован,2020-07-01,2021-06-01,False
241,строится,2021-06-01,2023-06-01,False
241,введён,2023-06-01,,True
242,запланирован,2015-09-01,2016-12-01,False
242,строится,2016-12-01,2018-10-01,False
242,введён,2018-10-01,,True
243,запланирован,2018-10-01,2019-07-01,False
243,строится,2019-07-01,2020-04-01,False
243,введён,2020-04-01,,True
244,запланирован,2027-09-01,,True
245,запланирован,2023-04-01,2024-06-01,False
245,строится,2024-06-01,,True
246,запланирован,2024-10-01,2025-02-01,False
246,строится,2025-02-01,,True
247,запланирован,2025-09-01,2026-05-01,False
247,строится,2026-05-01,,True
248,запланирован,2015-06-01,2016-10-01,False
248,строится,2016-10-01,2020-04-01,False
248,введён,2020-04-01,,True
249,запланирован,2022-04-01,2023-01-01,False
249,строится,2023-01-01,2025-03-01,False
249,введён,2025-03-01,,True
250,запланирован,2026-11-01,,True
251,запланирован,2016-11-01,2017-05-01,False
251,строится,2017-05-01,2020-01-01,False
251,введён,2020-01-01,,True
252,запланирован,2022-09-01,2023-08-01,False
252,строится,2023-08-01,,True
253,запланирован,2023-03-01,2023-08-01,False
253,строится,2023-08-01,,True
254,запланирован,2021-07-01,2021-10-01,False
254,строится,2021-10-01,2024-06-01,False
254,введён,2024-06-01,,True
255,запланирован,2025-09-01,2026-07-01,False
255,строится,2026-07-01,,True
256,запланирован,2020-12-01,2021-10-01,False
256,строится,2021-10-01,2023-04-01,False
256,введён,2023-04-01,,True
257,запланирован,2023-07-01,2024-05-01,False
257,строится,2024-05-01,2024-12-01,False
257,введён,2024-12-01,,True
258,запланирован,2022-03-01,2022-07-01,False
258,строится,2022-07-01,2023-09-01,False
258,введён,2023-09-01,,True
259,запланирован,2024-11-01,2025-05-01,False
259,строится,2025-05-01,,True
260,запланирован,2023-10-01,2024-04-01,False
260,строится,2024-04-01,2026-02-01,False
260,введён,2026-02-01,,True
261,запланирован,2021-01-01,2022-03-01,False
261,строится,2022-03-01,2024-03-01,False
261,введён,2024-03-01,,True
262,запланирован,2030-11-01,,True
263,запланирован,2022-08-01,2023-04-01,False
263,строится,2023-04-01,,True
264,запланирован,2029-02-01,,True
265,запланирован,2021-02-01,2021-09-01,False
265,строится,2021-09-01,2023-02-01,False
265,введён,2023-02-01,,True
266,запланирован,2028-07-01,,True
267,запланирован,2025-07-01,,True
268,запланирован,2020-04-01,2021-01-01,False
268,строится,2021-01-01,2023-10-01,False
268,введён,2023-10-01,,True
269,запланирован,2026-01-01,2026-04-01,False
269,строится,2026-04-01,,True
270,запланирован,2016-10-01,2017-12-01,False
270,строится,2017-12-01,2019-12-01,False
270,введён,2019-12-01,,True
271,запланирован,2026-08-01,,True
272,запланирован,2023-08-01,2024-11-01,False
272,строится,2024-11-01,2025-12-01,False
272,введён,2025-12-01,,True
273,запланирован,2027-11-01,,True
274,запланирован,2016-02-01,2016-10-01,False
274,строится,2016-10-01,2020-07-01,False
274,введён,2020-07-01,,True
275,запланирован,2024-03-01,2025-02-01,False
275,строится,2025-02-01,2026-04-01,False
275,введён,2026-04-01,,True
276,запланирован,2025-09-01,2026-05-01,False
276,строится,2026-05-01,,True
277,запланирован,2018-08-01,2020-01-01,False
277,строится,2020-01-01,2020-10-01,False
277,введён,2020-10-01,,True
278,запланирован,2020-12-01,2022-04-01,False
278,строится,2022-04-01,2024-12-01,False
278,введён,2024-12-01,,True
279,запланирован,2018-04-01,2019-07-01,False
279,строится,2019-07-01,2022-11-01,False
279,введён,2022-11-01,,True
280,запланирован,2022-12-01,2024-04-01,False
280,строится,2024-04-01,2025-08-01,False
280,введён,2025-08-01,,True
281,запланирован,2019-03-01,2020-05-01,False
281,строится,2020-05-01,2022-03-01,False
281,введён,2022-03-01,,True
282,запланирован,2018-02-01,2019-07-01,False
282,строится,2019-07-01,2020-11-01,False
282,введён,2020-11-01,,True
283,запланирован,2027-03-01,,True
284,запланирован,2014-04-01,2015-06-01,False
284,строится,2015-06-01,2018-11-01,False
284,введён,2018-11-01,,True
285,запланирован,2025-12-01,2026-05-01,False
285,строится,2026-05-01,,True
286,запланирован,2022-07-01,2023-05-01,False
286,строится,2023-05-01,2025-08-01,False
286,введён,2025-08-01,,True
287,запланирован,2024-04-01,2025-02-01,False
287,строится,2025-02-01,,True
288,запланирован,2018-07-01,2019-11-01,False
288,строится,2019-11-01,2023-01-01,False
288,введён,2023-01-01,,True
289,запланирован,2021-12-01,2023-04-01,False
289,строится,2023-04-01,2024-12-01,False
289,введён,2024-12-01,,True
290,запланирован,2016-01-01,2017-02-01,False
290,строится,2017-02-01,2019-03-01,False
290,введён,2019-03-01,,True
291,запланирован,2025-12-01,,True
292,запланирован,2016-01-01,2017-05-01,False
292,строится,2017-05-01,2020-05-01,False
292,введён,2020-05-01,,True
293,запланирован,2017-09-01,2018-04-01,False
293,строится,2018-04-01,2021-06-01,False
293,введён,2021-06-01,,True
294,запланирован,2020-10-01,2022-01-01,False
294,строится,2022-01-01,2023-06-01,False
294,введён,2023-06-01,,True
295,запланирован,2021-10-01,2023-01-01,False
295,строится,2023-01-01,2024-04-01,False
295,введён,2024-04-01,,True
296,запланирован,2027-01-01,,True
297,запланирован,2024-10-01,2026-02-01,False
297,строится,2026-02-01,,True
298,запланирован,2021-11-01,2022-05-01,False
298,строится,2022-05-01,2022-11-01,False
298,введён,2022-11-01,,True
299,запланирован,2020-05-01,2021-02-01,False
299,строится,2021-02-01,2023-01-01,False
299,введён,2023-01-01,,True
300,запланирован,2026-07-01,,True
301,запланирован,2017-01-01,2018-06-01,False
301,строится,2018-06-01,2020-04-01,False
301,введён,2020-04-01,,True
302,запланирован,2024-02-01,2024-07-01,False
302,строится,2024-07-01,,True
303,запланирован,2018-07-01,2019-11-01,False
303,строится,2019-11-01,2021-02-01,False
303,введён,2021-02-01,,True
304,запланирован,2023-06-01,2023-12-01,False
304,строится,2023-12-01,,True
305,запланирован,2018-12-01,2020-05-01,False
305,строится,2020-05-01,2022-03-01,False
305,введён,2022-03-01,,True
306,запланирован,2021-08-01,2022-05-01,False
306,строится,2022-05-01,2024-12-01,False
306,введён,2024-12-01,,True
307,запланирован,2022-01-01,2022-04-01,False
307,строится,2022-04-01,2025-09-01,False
307,введён,2025-09-01,,True
308,запланирован,2015-12-01,2017-02-01,False
308,строится,2017-02-01,2019-09-01,False
308,введён,2019-09-01,,True
309,запланирован,2018-12-01,2019-11-01,False
309,строится,2019-11-01,2022-10-01,False
309,введён,2022-10-01,,True
310,запланирован,2023-04-01,2023-11-01,False
310,строится,2023-11-01,,True
311,запланирован,2030-01-01,,True
312,запланирован,2020-07-01,2021-11-01,False
312,строится,2021-11-01,2022-09-01,False
312,введён,2022-09-01,,True
313,запланирован,2021-12-01,2022-10-01,False
313,строится,2022-10-01,2024-07-01,False
313,введён,2024-07-01,,True
314,запланирован,2017-09-01,2018-12-01,False
314,строится,2018-12-01,2022-10-01,False
314,введён,2022-10-01,,True
315,запланирован,2024-06-01,2025-11-01,False
315,строится,2025-11-01,,True
316,запланирован,2024-12-01,2025-10-01,False
316,строится,2025-10-01,,True
317,запланирован,2020-05-01,2021-09-01,False
317,строится,2021-09-01,2023-07-01,False
317,введён,2023-07-01,,True
318,запланирован,2017-04-01,2018-03-01,False
318,строится,2018-03-01,2019-08-01,False
318,введён,2019-08-01,,True
319,запланирован,2027-06-01,,True
320,запланирован,2018-02-01,2019-04-01,False
320,строится,2019-04-01,2020-12-01,False
320,введён,2020-12-01,,True
321,запланирован,2022-06-01,2023-08-01,False
321,строится,2023-08-01,2026-05-01,False
321,введён,2026-05-01,,True
322,запланирован,2021-03-01,2022-07-01,False
322,строится,2022-07-01,2023-03-01,False
322,введён,2023-03-01,,True
323,запланирован,2021-01-01,2021-09-01,False
323,строится,2021-09-01,2023-04-01,False
323,введён,2023-04-01,,True
324,запланирован,2028-05-01,,True
325,запланирован,2026-05-01,,True
326,запланирован,2017-07-01,2017-11-01,False
326,строится,2017-11-01,2020-03-01,False
326,введён,2020-03-01,,True
327,запланирован,2025-02-01,2025-09-01,False
327,строится,2025-09-01,,True
328,запланирован,2017-03-01,2018-08-01,False
328,строится,2018-08-01,2022-02-01,False
328,введён,2022-02-01,,True
329,запланирован,2019-02-01,2020-01-01,False
329,строится,2020-01-01,2022-03-01,False
329,введён,2022-03-01,,True
330,запланирован,2020-07-01,2021-10-01,False
330,строится,2021-10-01,2024-03-01,False
330,введён,2024-03-01,,True
331,запланирован,2022-09-01,2023-07-01,False
331,строится,2023-07-01,2025-06-01,False
331,введён,2025-06-01,,True
332,запланирован,2024-09-01,2025-09-01,False
332,строится,2025-09-01,2026-08-01,False
332,введён,2026-08-01,,True
333,запланирован,2017-09-01,2018-05-01,False
333,строится,2018-05-01,2020-09-01,False
333,введён,2020-09-01,,True
334,запланирован,2018-05-01,2018-12-01,False
334,строится,2018-12-01,2022-11-01,False
334,введён,2022-11-01,,True
335,запланирован,2024-02-01,2025-01-01,False
335,строится,2025-01-01,,True
336,запланирован,2027-06-01,,True
337,запланирован,2020-06-01,2020-09-01,False
337,строится,2020-09-01,2024-05-01,False
337,введён,2024-05-01,,True
338,запланирован,2025-06-01,2026-06-01,False
338,строится,2026-06-01,,True
339,запланирован,2015-07-01,2016-09-01,False
339,строится,2016-09-01,2019-10-01,False
339,введён,2019-10-01,,True
340,запланирован,2015-06-01,2016-10-01,False
340,строится,2016-10-01,2019-08-01,False
340,введён,2019-08-01,,True
341,запланирован,2020-09-01,2020-12-01,False
341,строится,2020-12-01,2022-09-01,False
341,введён,2022-09-01,,True
342,запланирован,2024-12-01,2025-09-01,False
342,строится,2025-09-01,,True
343,запланирован,2016-02-01,2017-04-01,False
343,строится,2017-04-01,2019-01-01,False
343,введён,2019-01-01,,True
344,запланирован,2017-05-01,2018-03-01,False
344,строится,2018-03-01,2020-11-01,False
344,введён,2020-11-01,,True
345,запланирован,2015-06-01,2016-05-01,False
345,строится,2016-05-01,2020-01-01,False
345,введён,2020-01-01,,True
346,запланирован,2028-03-01,,True
347,запланирован,2021-09-01,2022-04-01,False
347,строится,2022-04-01,2023-09-01,False
347,введён,2023-09-01,,True
348,запланирован,2026-11-01,,True
349,запланирован,2016-03-01,2017-06-01,False
349,строится,2017-06-01,2020-08-01,False
349,введён,2020-08-01,,True
350,запланирован,2022-02-01,2023-04-01,False
350,строится,2023-04-01,2024-08-01,False
350,введён,2024-08-01,,True
351,запланирован,2023-06-01,2024-03-01,False
351,строится,2024-03-01,,True
352,запланирован,2020-08-01,2021-07-01,False
352,строится,2021-07-01,2022-11-01,False
352,введён,2022-11-01,,True
353,запланирован,2024-07-01,2024-10-01,False
353,строится,2024-10-01,,True
354,запланирован,2025-05-01,2025-10-01,False
354,строится,2025-10-01,,True
355,запланирован,2021-06-01,2022-10-01,False
355,строится,2022-10-01,,True
356,запланирован,2028-09-01,,True
357,запланирован,2019-03-01,2019-06-01,False
357,строится,2019-06-01,2021-09-01,False
357,введён,2021-09-01,,True
358,запланирован,2017-11-01,2018-05-01,False
358,строится,2018-05-01,2020-01-01,False
358,введён,2020-01-01,,True
359,запланирован,2023-06-01,2024-10-01,False
359,строится,2024-10-01,2025-10-01,False
359,введён,2025-10-01,,True
360,запланирован,2019-03-01,2019-10-01,False
360,строится,2019-10-01,2022-12-01,False
360,введён,2022-12-01,,True
361,запланирован,2024-10-01,2025-01-01,False
361,строится,2025-01-01,,True
362,запланирован,2019-11-01,2021-02-01,False
362,строится,2021-02-01,2023-07-01,False
362,введён,2023-07-01,,True
363,запланирован,2024-11-01,2025-08-01,False
363,строится,2025-08-01,,True
364,запланирован,2023-11-01,2024-07-01,False
364,строится,2024-07-01,2026-04-01,False
364,введён,2026-04-01,,True
365,запланирован,2021-11-01,2022-11-01,False
365,строится,2022-11-01,2024-07-01,False
365,введён,2024-07-01,,True
366,запланирован,2027-04-01,,True
367,запланирован,2017-09-01,2018-11-01,False
367,строится,2018-11-01,2021-09-01,False
367,введён,2021-09-01,,True
368,запланирован,2027-06-01,,True
369,запланирован,2024-01-01,2024-12-01,False
369,строится,2024-12-01,,True
370,запланирован,2020-01-01,2020-12-01,False
370,строится,2020-12-01,2024-11-01,False
370,введён,2024-11-01,,True
371,запланирован,2026-02-01,2026-08-01,False
371,строится,2026-08-01,,True
372,запланирован,2020-07-01,2021-11-01,False
372,строится,2021-11-01,2024-06-01,False
372,введён,2024-06-01,,True
373,запланирован,2024-11-01,2025-08-01,False
373,строится,2025-08-01,,True
374,запланирован,2021-06-01,2022-01-01,False
374,строится,2022-01-01,2022-09-01,False
374,введён,2022-09-01,,True
375,запланирован,2022-08-01,2024-01-01,False
375,строится,2024-01-01,2024-11-01,False
375,введён,2024-11-01,,True
376,запланирован,2019-06-01,2020-11-01,False
376,строится,2020-11-01,2023-10-01,False
376,введён,2023-10-01,,True
377,запланирован,2020-03-01,2021-06-01,False
377,строится,2021-06-01,2024-12-01,False
377,введён,2024-12-01,,True
378,запланирован,2028-09-01,,True
379,запланирован,2019-02-01,2020-02-01,False
379,строится,2020-02-01,2023-04-01,False
379,введён,2023-04-01,,True
380,запланирован,2022-09-01,2023-09-01,False
380,строится,2023-09-01,2026-02-01,False
380,введён,2026-02-01,,True
381,запланирован,2026-12-01,,True
382,запланирован,2029-08-01,,True
383,запланирован,2025-02-01,2026-02-01,False
383,строится,2026-02-01,,True
384,запланирован,2018-03-01,2018-11-01,False
384,строится,2018-11-01,2022-04-01,False
384,введён,2022-04-01,,True
385,запланирован,2019-07-01,2020-12-01,False
385,строится,2020-12-01,2024-05-01,False
385,введён,2024-05-01,,True
386,запланирован,2019-12-01,2020-10-01,False
386,строится,2020-10-01,2021-06-01,False
386,введён,2021-06-01,,True
387,запланирован,2023-06-01,2024-09-01,False
387,строится,2024-09-01,,True
388,запланирован,2017-07-01,2018-05-01,False
388,строится,2018-05-01,2022-03-01,False
388,введён,2022-03-01,,True
389,запланирован,2027-01-01,,True
390,запланирован,2021-05-01,2021-10-01,False
390,строится,2021-10-01,2025-06-01,False
390,введён,2025-06-01,,True
391,запланирован,2021-05-01,2022-02-01,False
391,строится,2022-02-01,2025-06-01,False
391,введён,2025-06-01,,True
392,запланирован,2017-01-01,2017-06-01,False
392,строится,2017-06-01,2018-10-01,False
392,введён,2018-10-01,,True
393,запланирован,2018-12-01,2019-12-01,False
393,строится,2019-12-01,2023-08-01,False
393,введён,2023-08-01,,True
394,запланирован,2023-06-01,2023-12-01,False
394,строится,2023-12-01,,True
395,запланирован,2024-06-01,2025-11-01,False
395,строится,2025-11-01,,True
396,запланирован,2017-08-01,2018-08-01,False
396,строится,2018-08-01,2019-06-01,False
396,введён,2019-06-01,,True
397,запланирован,2024-05-01,2025-03-01,False
397,строится,2025-03-01,2025-12-01,False
397,введён,2025-12-01,,True
398,запланирован,2014-10-01,2015-06-01,False
398,строится,2015-06-01,2019-02-01,False
398,введён,2019-02-01,,True
399,запланирован,2016-01-01,2016-09-01,False
399,строится,2016-09-01,2020-02-01,False
399,введён,2020-02-01,,True
400,запланирован,2025-06-01,,True
401,запланирован,2019-04-01,2019-08-01,False
401,строится,2019-08-01,2023-04-01,False
401,введён,2023-04-01,,True
402,запланирован,2017-02-01,2017-07-01,False
402,строится,2017-07-01,2020-09-01,False
402,введён,2020-09-01,,True
403,запланирован,2018-11-01,2019-11-01,False
403,строится,2019-11-01,2022-06-01,False
403,введён,2022-06-01,,True
404,запланирован,2024-06-01,2025-05-01,False
404,строится,2025-05-01,,True
405,запланирован,2027-06-01,,True
406,запланирован,2024-12-01,2025-06-01,False
406,строится,2025-06-01,,True
407,запланирован,2020-09-01,2021-03-01,False
407,строится,2021-03-01,2023-04-01,False
407,введён,2023-04-01,,True
408,запланирован,2020-07-01,2021-12-01,False
408,строится,2021-12-01,2025-08-01,False
408,введён,2025-08-01,,True
409,запланирован,2026-08-01,,True
410,запланирован,2021-06-01,2022-10-01,False
410,строится,2022-10-01,2023-04-01,False
410,введён,2023-04-01,,True
411,запланирован,2027-11-01,,True
412,запланирован,2024-01-01,2025-03-01,False
412,строится,2025-03-01,,True
413,запланирован,2023-09-01,2024-02-01,False
413,строится,2024-02-01,,True
414,запланирован,2017-10-01,2018-02-01,False
414,строится,2018-02-01,2021-01-01,False
414,введён,2021-01-01,,True
415,запланирован,2024-09-01,2025-09-01,False
415,строится,2025-09-01,,True
416,запланирован,2023-07-01,2023-10-01,False
416,строится,2023-10-01,2025-07-01,False
416,введён,2025-07-01,,True
417,запланирован,2020-08-01,2021-07-01,False
417,строится,2021-07-01,2025-02-01,False
417,введён,2025-02-01,,True
418,запланирован,2024-01-01,2025-01-01,False
418,строится,2025-01-01,,True
419,запланирован,2029-01-01,,True
420,запланирован,2025-02-01,2026-05-01,False
420,строится,2026-05-01,,True
421,запланирован,2022-10-01,2024-03-01,False
421,строится,2024-03-01,,True
422,запланирован,2021-05-01,2021-11-01,False
422,строится,2021-11-01,2024-05-01,False
422,введён,2024-05-01,,True
423,запланирован,2014-11-01,2016-03-01,False
423,строится,2016-03-01,2019-08-01,False
423,введён,2019-08-01,,True
424,запланирован,2019-05-01,2019-12-01,False
424,строится,2019-12-01,2021-02-01,False
424,введён,2021-02-01,,True
425,запланирован,2021-04-01,2021-10-01,False
425,строится,2021-10-01,2025-06-01,False
425,введён,2025-06-01,,True
426,запланирован,2024-01-01,2025-04-01,False
426,строится,2025-04-01,,True
427,запланирован,2022-02-01,2023-05-01,False
427,строится,2023-05-01,2024-11-01,False
427,введён,2024-11-01,,True
428,запланирован,2026-11-01,,True
429,запланирован,2023-04-01,2024-06-01,False
429,строится,2024-06-01,,True
430,запланирован,2023-01-01,2023-10-01,False
430,строится,2023-10-01,2025-03-01,False
430,введён,2025-03-01,,True
431,запланирован,2017-08-01,2018-03-01,False
431,строится,2018-03-01,2020-03-01,False
431,введён,2020-03-01,,True
432,запланирован,2024-11-01,2025-11-01,False
432,строится,2025-11-01,,True
433,запланирован,2026-04-01,,True
434,запланирован,2025-05-01,2026-02-01,False
434,строится,2026-02-01,,True
435,запланирован,2017-11-01,2019-01-01,False
435,строится,2019-01-01,2022-09-01,False
435,введён,2022-09-01,,True
436,запланирован,2018-01-01,2018-04-01,False
436,строится,2018-04-01,2020-07-01,False
436,введён,2020-07-01,,True
437,запланирован,2018-04-01,2018-12-01,False
437,строится,2018-12-01,2020-07-01,False
437,введён,2020-07-01,,True
438,запланирован,2020-10-01,2021-12-01,False
438,строится,2021-12-01,2023-08-01,False
438,введён,2023-08-01,,True
439,запланирован,2021-09-01,2022-10-01,False
439,строится,2022-10-01,2024-07-01,False
439,введён,2024-07-01,,True
440,запланирован,2015-08-01,2016-02-01,False
440,строится,2016-02-01,2019-08-01,False
440,введён,2019-08-01,,True
441,запланирован,2022-08-01,2023-08-01,False
441,строится,2023-08-01,2024-10-01,False
441,введён,2024-10-01,,True
442,запланирован,2030-01-01,,True
443,запланирован,2022-01-01,2023-05-01,False
443,строится,2023-05-01,2025-10-01,False
443,введён,2025-10-01,,True
444,запланирован,2028-08-01,,True
445,запланирован,2025-10-01,2026-01-01,False
445,строится,2026-01-01,,True
446,запланирован,2017-02-01,2018-05-01,False
446,строится,2018-05-01,2021-04-01,False
446,введён,2021-04-01,,True
447,запланирован,2022-03-01,2023-02-01,False
447,строится,2023-02-01,2023-09-01,False
447,введён,2023-09-01,,True
448,запланирован,2020-11-01,2021-04-01,False
448,строится,2021-04-01,2024-02-01,False
448,введён,2024-02-01,,True
449,запланирован,2019-04-01,2020-06-01,False
449,строится,2020-06-01,2021-08-01,False
449,введён,2021-08-01,,True
450,запланирован,2023-04-01,2024-01-01,False
450,строится,2024-01-01,2024-10-01,False
450,введён,2024-10-01,,True
451,запланирован,2015-01-01,2015-09-01,False
451,строится,2015-09-01,2019-06-01,False
451,введён,2019-06-01,,True
452,запланирован,2024-06-01,2025-01-01,False
452,строится,2025-01-01,,True
453,запланирован,2024-02-01,2024-12-01,False
453,строится,2024-12-01,,True
454,запланирован,2021-01-01,2022-04-01,False
454,строится,2022-04-01,2025-08-01,False
454,введён,2025-08-01,,True
455,запланирован,2020-08-01,2020-11-01,False
455,строится,2020-11-01,2022-10-01,False
455,введён,2022-10-01,,True
456,запланирован,2021-10-01,2023-03-01,False
456,строится,2023-03-01,2024-01-01,False
456,введён,2024-01-01,,True
457,запланирован,2018-06-01,2019-03-01,False
457,строится,2019-03-01,2021-06-01,False
457,введён,2021-06-01,,True
458,запланирован,2017-12-01,2018-12-01,False
458,строится,2018-12-01,2021-05-01,False
458,введён,2021-05-01,,True
459,запланирован,2026-01-01,,True
460,запланирован,2019-04-01,2020-07-01,False
460,строится,2020-07-01,2021-02-01,False
460,введён,2021-02-01,,True
461,запланирован,2017-06-01,2018-08-01,False
461,строится,2018-08-01,2020-10-01,False
461,введён,2020-10-01,,True
462,запланирован,2024-07-01,2024-12-01,False
462,строится,2024-12-01,,True
463,запланирован,2024-01-01,2025-04-01,False
463,строится,2025-04-01,,True
464,запланирован,2018-09-01,2019-06-01,False
464,строится,2019-06-01,2022-08-01,False
464,введён,2022-08-01,,True
465,запланирован,2022-10-01,2023-11-01,False
465,строится,2023-11-01,,True
466,запланирован,2024-02-01,2025-02-01,False
466,строится,2025-02-01,2026-04-01,False
466,введён,2026-04-01,,True
467,запланирован,2021-11-01,2023-01-01,False
467,строится,2023-01-01,2024-08-01,False
467,введён,2024-08-01,,True
468,запланирован,2023-05-01,2024-10-01,False
468,строится,2024-10-01,,True
469,запланирован,2021-05-01,2021-11-01,False
469,строится,2021-11-01,2023-01-01,False
469,введён,2023-01-01,,True
470,запланирован,2027-04-01,,True
471,запланирован,2025-02-01,2026-04-01,False
471,строится,2026-04-01,,True
472,запланирован,2027-06-01,,True
473,запланирован,2020-11-01,2021-11-01,False
473,строится,2021-11-01,2025-10-01,False
473,введён,2025-10-01,,True
474,запланирован,2018-01-01,2018-11-01,False
474,строится,2018-11-01,2020-10-01,False
474,введён,2020-10-01,,True
475,запланирован,2017-07-01,2018-02-01,False
475,строится,2018-02-01,2021-09-01,False
475,введён,2021-09-01,,True
476,запланирован,2024-05-01,2024-12-01,False
476,строится,2024-12-01,,True
477,запланирован,2019-10-01,2021-03-01,False
477,строится,2021-03-01,2022-05-01,False
477,введён,2022-05-01,,True
478,запланирован,2025-04-01,2025-09-01,False
478,строится,2025-09-01,,True
479,запланирован,2019-10-01,2020-02-01,False
479,строится,2020-02-01,2023-11-01,False
479,введён,2023-11-01,,True
480,запланирован,2018-01-01,2018-05-01,False
480,строится,2018-05-01,2020-10-01,False
480,введён,2020-10-01,,True
481,запланирован,2022-08-01,2023-07-01,False
481,строится,2023-07-01,,True
482,запланирован,2026-07-01,,True
483,запланирован,2026-06-01,,True
484,запланирован,2016-04-01,2016-10-01,False
484,строится,2016-10-01,2020-07-01,False
484,введён,2020-07-01,,True
485,запланирован,2024-02-01,2024-05-01,False
485,строится,2024-05-01,,True
486,запланирован,2020-10-01,2021-01-01,False
486,строится,2021-01-01,2022-11-01,False
486,введён,2022-11-01,,True
487,запланирован,2022-09-01,2023-12-01,False
487,строится,2023-12-01,2024-12-01,False
487,введён,2024-12-01,,True
488,запланирован,2015-05-01,2016-08-01,False
488,строится,2016-08-01,2019-09-01,False
488,введён,2019-09-01,,True
489,запланирован,2025-09-01,,True
490,запланирован,2024-09-01,2025-07-01,False
490,строится,2025-07-01,,True
491,запланирован,2025-09-01,2026-04-01,False
491,строится,2026-04-01,,True
492,запланирован,2026-12-01,,True
493,запланирован,2027-06-01,,True
494,запланирован,2025-05-01,2026-01-01,False
494,строится,2026-01-01,,True
495,запланирован,2026-10-01,,True
496,запланирован,2019-03-01,2020-02-01,False
496,строится,2020-02-01,2023-03-01,False
496,введён,2023-03-01,,True
497,запланирован,2015-08-01,2016-04-01,False
497,строится,2016-04-01,2019-11-01,False
497,введён,2019-11-01,,True
498,запланирован,2024-07-01,2025-03-01,False
498,строится,2025-03-01,,True
499,запланирован,2027-06-01,,True
500,запланирован,2018-04-01,2018-07-01,False
500,строится,2018-07-01,2019-10-01,False
500,введён,2019-10-01,,True
501,запланирован,2023-11-01,2024-10-01,False
501,строится,2024-10-01,,True
502,запланирован,2022-03-01,2022-12-01,False
502,строится,2022-12-01,2024-08-01,False
502,введён,2024-08-01,,True
503,запланирован,2017-09-01,2018-05-01,False
503,строится,2018-05-01,2021-10-01,False
503,введён,2021-10-01,,True
504,запланирован,2018-06-01,2019-02-01,False
504,строится,2019-02-01,2019-11-01,False
504,введён,2019-11-01,,True
505,запланирован,2020-07-01,2021-10-01,False
505,строится,2021-10-01,2025-06-01,False
505,введён,2025-06-01,,True
506,запланирован,2024-09-01,2025-11-01,False
506,строится,2025-11-01,,True
507,запланирован,2029-09-01,,True
508,запланирован,2014-06-01,2014-12-01,False
508,строится,2014-12-01,2018-08-01,False
508,введён,2018-08-01,,True
509,запланирован,2022-11-01,2023-10-01,False
509,строится,2023-10-01,,True
510,запланирован,2019-11-01,2020-06-01,False
510,строится,2020-06-01,2023-04-01,False
510,введён,2023-04-01,,True
511,запланирован,2024-06-01,2024-11-01,False
511,строится,2024-11-01,,True
512,запланирован,2022-06-01,2023-11-01,False
512,строится,2023-11-01,,True
513,запланирован,2025-03-01,2025-08-01,False
513,строится,2025-08-01,,True
514,запланирован,2015-08-01,2016-05-01,False
514,строится,2016-05-01,2019-08-01,False
514,введён,2019-08-01,,True
515,запланирован,2025-07-01,2026-04-01,False
515,строится,2026-04-01,,True
516,запланирован,2019-11-01,2020-03-01,False
516,строится,2020-03-01,2022-12-01,False
516,введён,2022-12-01,,True
517,запланирован,2025-08-01,2026-02-01,False
517,строится,2026-02-01,,True
518,запланирован,2024-01-01,2025-06-01,False
518,строится,2025-06-01,,True
519,запланирован,2025-05-01,2026-01-01,False
519,строится,2026-01-01,,True
520,запланирован,2027-03-01,,True
521,запланирован,2023-03-01,2024-05-01,False
521,строится,2024-05-01,,True
522,запланирован,2027-07-01,,True
523,запланирован,2015-06-01,2016-03-01,False
523,строится,2016-03-01,2019-01-01,False
523,введён,2019-01-01,,True
524,запланирован,2019-12-01,2020-10-01,False
524,строится,2020-10-01,2022-11-01,False
524,введён,2022-11-01,,True
525,запланирован,2018-12-01,2019-05-01,False
525,строится,2019-05-01,2022-01-01,False
525,введён,2022-01-01,,True
526,запланирован,2025-02-01,2026-03-01,False
526,строится,2026-03-01,,True
527,запланирован,2025-10-01,2026-03-01,False
527,строится,2026-03-01,,True
528,запланирован,2023-03-01,2023-06-01,False
528,строится,2023-06-01,2024-01-01,False
528,введён,2024-01-01,,True
529,запланирован,2025-12-01,,True
530,запланирован,2018-11-01,2019-08-01,False
530,строится,2019-08-01,2022-11-01,False
530,введён,2022-11-01,,True
531,запланирован,2026-11-01,,True
532,запланирован,2026-10-01,,True
533,запланирован,2023-12-01,2025-04-01,False
533,строится,2025-04-01,2026-08-01,False
533,введён,2026-08-01,,True
534,запланирован,2017-06-01,2018-08-01,False
534,строится,2018-08-01,2021-07-01,False
534,введён,2021-07-01,,True
535,запланирован,2017-01-01,2017-04-01,False
535,строится,2017-04-01,2019-02-01,False
535,введён,2019-02-01,,True
536,запланирован,2016-12-01,2018-01-01,False
536,строится,2018-01-01,2019-11-01,False
536,введён,2019-11-01,,True
537,запланирован,2022-04-01,2023-02-01,False
537,строится,2023-02-01,,True
538,запланирован,2020-10-01,2021-04-01,False
538,строится,2021-04-01,2024-04-01,False
538,введён,2024-04-01,,True
539,запланирован,2017-06-01,2017-12-01,False
539,строится,2017-12-01,2021-02-01,False
539,введён,2021-02-01,,True
540,запланирован,2016-03-01,2016-07-01,False
540,строится,2016-07-01,2019-09-01,False
540,введён,2019-09-01,,True
541,запланирован,2022-06-01,2023-01-01,False
541,строится,2023-01-01,2025-05-01,False
541,введён,2025-05-01,,True
542,запланирован,2025-08-01,2025-12-01,False
542,строится,2025-12-01,,True
543,запланирован,2022-12-01,2023-11-01,False
543,строится,2023-11-01,,True
544,запланирован,2020-01-01,2021-03-01,False
544,строится,2021-03-01,2023-09-01,False
544,введён,2023-09-01,,True
545,запланирован,2027-01-01,,True
546,запланирован,2027-11-01,,True
547,запланирован,2024-03-01,2024-12-01,False
547,строится,2024-12-01,,True
548,запланирован,2027-01-01,,True
549,запланирован,2016-01-01,2016-07-01,False
549,строится,2016-07-01,2019-02-01,False
549,введён,2019-02-01,,True
550,запланирован,2017-01-01,2018-03-01,False
550,строится,2018-03-01,2020-06-01,False
550,введён,2020-06-01,,True
551,запланирован,2025-04-01,2026-07-01,False
551,строится,2026-07-01,,True
552,запланирован,2025-09-01,2026-03-01,False
552,строится,2026-03-01,,True
553,запланирован,2017-09-01,2019-01-01,False
553,строится,2019-01-01,2021-08-01,False
553,введён,2021-08-01,,True
554,запланирован,2027-03-01,,True
555,запланирован,2018-11-01,2020-03-01,False
555,строится,2020-03-01,2021-09-01,False
555,введён,2021-09-01,,True
556,запланирован,2027-02-01,,True
557,запланирован,2016-02-01,2017-02-01,False
557,строится,2017-02-01,2019-04-01,False
557,введён,2019-04-01,,True
558,запланирован,2026-02-01,,True
559,запланирован,2023-02-01,2024-06-01,False
559,строится,2024-06-01,2025-10-01,False
559,введён,2025-10-01,,True
560,запланирован,2021-07-01,2022-06-01,False
560,строится,2022-06-01,2024-01-01,False
560,введён,2024-01-01,,True
561,запланирован,2020-04-01,2020-09-01,False
561,строится,2020-09-01,2023-05-01,False
561,введён,2023-05-01,,True
562,запланирован,2016-09-01,2017-11-01,False
562,строится,2017-11-01,2021-01-01,False
562,введён,2021-01-01,,True
563,запланирован,2026-07-01,,True
564,запланирован,2024-03-01,2025-07-01,False
564,строится,2025-07-01,2026-05-01,False
564,введён,2026-05-01,,True
565,запланирован,2019-02-01,2019-10-01,False
565,строится,2019-10-01,2022-07-01,False
565,введён,2022-07-01,,True
566,запланирован,2021-12-01,2022-07-01,False
566,строится,2022-07-01,2026-03-01,False
566,введён,2026-03-01,,True
567,запланирован,2027-01-01,,True
568,запланирован,2019-06-01,2019-10-01,False
568,строится,2019-10-01,2022-05-01,False
568,введён,2022-05-01,,True
569,запланирован,2023-04-01,2024-04-01,False
569,строится,2024-04-01,,True
570,запланирован,2023-02-01,2023-06-01,False
570,строится,2023-06-01,2025-05-01,False
570,введён,2025-05-01,,True
571,запланирован,2027-08-01,,True
572,запланирован,2020-07-01,2021-01-01,False
572,строится,2021-01-01,2023-08-01,False
572,введён,2023-08-01,,True
573,запланирован,2015-02-01,2015-11-01,False
573,строится,2015-11-01,2019-10-01,False
573,введён,2019-10-01,,True
574,запланирован,2016-08-01,2017-08-01,False
574,строится,2017-08-01,2021-01-01,False
574,введён,2021-01-01,,True
575,запланирован,2023-05-01,2024-08-01,False
575,строится,2024-08-01,2025-02-01,False
575,введён,2025-02-01,,True
576,запланирован,2024-02-01,2025-07-01,False
576,строится,2025-07-01,2026-01-01,False
576,введён,2026-01-01,,True
577,запланирован,2021-11-01,2023-01-01,False
577,строится,2023-01-01,2026-04-01,False
577,введён,2026-04-01,,True
578,запланирован,2016-04-01,2017-05-01,False
578,строится,2017-05-01,2020-04-01,False
578,введён,2020-04-01,,True
579,запланирован,2023-02-01,2024-03-01,False
579,строится,2024-03-01,,True
580,запланирован,2017-02-01,2018-01-01,False
580,строится,2018-01-01,2020-03-01,False
580,введён,2020-03-01,,True
581,запланирован,2026-06-01,,True
582,запланирован,2027-05-01,,True
583,запланирован,2022-07-01,2023-10-01,False
583,строится,2023-10-01,2026-01-01,False
583,введён,2026-01-01,,True
584,запланирован,2029-07-01,,True
585,запланирован,2027-02-01,,True
586,запланирован,2022-10-01,2023-09-01,False
586,строится,2023-09-01,2024-11-01,False
586,введён,2024-11-01,,True
587,запланирован,2023-12-01,2024-04-01,False
587,строится,2024-04-01,,True
588,запланирован,2019-02-01,2019-07-01,False
588,строится,2019-07-01,2021-01-01,False
588,введён,2021-01-01,,True
589,запланирован,2027-10-01,,True
590,запланирован,2023-04-01,2024-01-01,False
590,строится,2024-01-01,2025-09-01,False
590,введён,2025-09-01,,True
591,запланирован,2020-04-01,2020-12-01,False
591,строится,2020-12-01,2022-09-01,False
591,введён,2022-09-01,,True
592,запланирован,2014-07-01,2015-12-01,False
592,строится,2015-12-01,2019-04-01,False
592,введён,2019-04-01,,True
593,запланирован,2026-09-01,,True
594,запланирован,2016-07-01,2017-02-01,False
594,строится,2017-02-01,2020-05-01,False
594,введён,2020-05-01,,True
595,запланирован,2017-05-01,2018-06-01,False
595,строится,2018-06-01,2021-06-01,False
595,введён,2021-06-01,,True
596,запланирован,2018-12-01,2019-12-01,False
596,строится,2019-12-01,2022-11-01,False
596,введён,2022-11-01,,True
597,запланирован,2020-11-01,2022-03-01,False
597,строится,2022-03-01,2023-06-01,False
597,введён,2023-06-01,,True
598,запланирован,2020-12-01,2022-04-01,False
598,строится,2022-04-01,2023-11-01,False
598,введён,2023-11-01,,True
599,запланирован,2018-12-01,2019-06-01,False
599,строится,2019-06-01,2021-07-01,False
599,введён,2021-07-01,,True
600,запланирован,2029-09-01,,True
601,запланирован,2027-12-01,,True
602,запланирован,2022-09-01,2024-01-01,False
602,строится,2024-01-01,,True
603,запланирован,2017-05-01,2018-01-01,False
603,строится,2018-01-01,2021-07-01,False
603,введён,2021-07-01,,True
604,запланирован,2017-04-01,2018-04-01,False
604,строится,2018-04-01,2020-05-01,False
604,введён,2020-05-01,,True
605,запланирован,2026-05-01,,True
606,запланирован,2027-03-01,,True
607,запланирован,2023-05-01,2024-10-01,False
607,строится,2024-10-01,2025-08-01,False
607,введён,2025-08-01,,True
608,запланирован,2025-07-01,2026-04-01,False
608,строится,2026-04-01,,True
609,запланирован,2026-03-01,2026-06-01,False
609,строится,2026-06-01,,True
610,запланирован,2021-09-01,2022-03-01,False
610,строится,2022-03-01,2025-08-01,False
610,введён,2025-08-01,,True
611,запланирован,2025-07-01,,True
612,запланирован,2023-11-01,2024-05-01,False
612,строится,2024-05-01,,True
613,запланирован,2019-08-01,2020-10-01,False
613,строится,2020-10-01,2023-04-01,False
613,введён,2023-04-01,,True
614,запланирован,2020-03-01,2021-08-01,False
614,строится,2021-08-01,2023-01-01,False
614,введён,2023-01-01,,True
615,запланирован,2028-06-01,,True
616,запланирован,2025-12-01,,True
617,запланирован,2023-11-01,2025-04-01,False
617,строится,2025-04-01,2026-05-01,False
617,введён,2026-05-01,,True
618,запланирован,2021-07-01,2022-03-01,False
618,строится,2022-03-01,2023-12-01,False
618,введён,2023-12-01,,True
619,запланирован,2015-04-01,2016-05-01,False
619,строится,2016-05-01,2020-03-01,False
619,введён,2020-03-01,,True
620,запланирован,2026-12-01,,True
621,запланирован,2021-04-01,2022-08-01,False
621,строится,2022-08-01,2025-05-01,False
621,введён,2025-05-01,,True
622,запланирован,2025-12-01,,True
623,запланирован,2026-10-01,,True
624,запланирован,2022-01-01,2022-06-01,False
624,строится,2022-06-01,2024-09-01,False
624,введён,2024-09-01,,True
625,запланирован,2019-03-01,2020-08-01,False
625,строится,2020-08-01,2023-09-01,False
625,введён,2023-09-01,,True
626,запланирован,2021-12-01,2023-05-01,False
626,строится,2023-05-01,2024-07-01,False
626,введён,2024-07-01,,True
627,запланирован,2017-06-01,2018-08-01,False
627,строится,2018-08-01,2021-12-01,False
627,введён,2021-12-01,,True
628,запланирован,2022-05-01,2023-04-01,False
628,строится,2023-04-01,,True
629,запланирован,2022-01-01,2022-08-01,False
629,строится,2022-08-01,2025-11-01,False
629,введён,2025-11-01,,True
630,запланирован,2027-03-01,,True
631,запланирован,2017-01-01,2018-06-01,False
631,строится,2018-06-01,2021-01-01,False
631,введён,2021-01-01,,True
632,запланирован,2023-05-01,2023-08-01,False
632,строится,2023-08-01,2025-08-01,False
632,введён,2025-08-01,,True
633,запланирован,2022-09-01,2024-01-01,False
633,строится,2024-01-01,2024-12-01,False
633,введён,2024-12-01,,True
634,запланирован,2022-04-01,2023-07-01,False
634,строится,2023-07-01,2025-03-01,False
634,введён,2025-03-01,,True
635,запланирован,2018-06-01,2019-06-01,False
635,строится,2019-06-01,2021-12-01,False
635,введён,2021-12-01,,True
636,запланирован,2026-07-01,,True
637,запланирован,2017-06-01,2018-04-01,False
637,строится,2018-04-01,2021-08-01,False
637,введён,2021-08-01,,True
638,запланирован,2024-09-01,2025-10-01,False
638,строится,2025-10-01,,True
639,запланирован,2027-08-01,,True
640,запланирован,2025-06-01,,True
641,запланирован,2016-08-01,2017-10-01,False
641,строится,2017-10-01,2021-05-01,False
641,введён,2021-05-01,,True
642,запланирован,2027-03-01,,True
643,запланирован,2024-11-01,2025-12-01,False
643,строится,2025-12-01,,True
644,запланирован,2025-11-01,2026-02-01,False
644,строится,2026-02-01,,True
645,запланирован,2022-08-01,2023-09-01,False
645,строится,2023-09-01,2026-03-01,False
645,введён,2026-03-01,,True
646,запланирован,2025-10-01,2026-04-01,False
646,строится,2026-04-01,,True
647,запланирован,2022-09-01,2023-01-01,False
647,строится,2023-01-01,2026-08-01,False
647,введён,2026-08-01,,True
648,запланирован,2020-04-01,2020-08-01,False
648,строится,2020-08-01,2022-09-01,False
648,введён,2022-09-01,,True
649,запланирован,2029-09-01,,True
650,запланирован,2023-09-01,2024-08-01,False
650,строится,2024-08-01,2025-09-01,False
650,введён,2025-09-01,,True
651,запланирован,2025-12-01,2026-04-01,False
651,строится,2026-04-01,,True
652,запланирован,2022-12-01,2023-11-01,False
652,строится,2023-11-01,2025-12-01,False
652,введён,2025-12-01,,True
653,запланирован,2026-06-01,,True
654,запланирован,2021-06-01,2022-02-01,False
654,строится,2022-02-01,2024-03-01,False
654,введён,2024-03-01,,True
655,запланирован,2021-01-01,2022-03-01,False
655,строится,2022-03-01,2022-12-01,False
655,введён,2022-12-01,,True
656,запланирован,2025-01-01,2026-06-01,False
656,строится,2026-06-01,,True
657,запланирован,2018-08-01,2019-04-01,False
657,строится,2019-04-01,2020-06-01,False
657,введён,2020-06-01,,True
658,запланирован,2019-08-01,2020-03-01,False
658,строится,2020-03-01,2022-10-01,False
658,введён,2022-10-01,,True
659,запланирован,2028-07-01,,True
660,запланирован,2019-09-01,2020-10-01,False
660,строится,2020-10-01,2023-03-01,False
660,введён,2023-03-01,,True
661,запланирован,2021-08-01,2021-11-01,False
661,строится,2021-11-01,2025-02-01,False
661,введён,2025-02-01,,True
662,запланирован,2014-08-01,2015-10-01,False
662,строится,2015-10-01,2019-01-01,False
662,введён,2019-01-01,,True
663,запланирован,2019-02-01,2020-05-01,False
663,строится,2020-05-01,2023-02-01,False
663,введён,2023-02-01,,True
664,запланирован,2027-11-01,,True
665,запланирован,2017-08-01,2018-01-01,False
665,строится,2018-01-01,2019-10-01,False
665,введён,2019-10-01,,True
666,запланирован,2017-06-01,2018-01-01,False
666,строится,2018-01-01,2021-12-01,False
666,введён,2021-12-01,,True
667,запланирован,2017-10-01,2019-02-01,False
667,строится,2019-02-01,2020-09-01,False
667,введён,2020-09-01,,True
668,запланирован,2016-12-01,2017-11-01,False
668,строится,2017-11-01,2021-02-01,False
668,введён,2021-02-01,,True
669,запланирован,2022-08-01,2023-12-01,False
669,строится,2023-12-01,,True
670,запланирован,2026-06-01,,True
671,запланирован,2018-10-01,2019-01-01,False
671,строится,2019-01-01,2020-11-01,False
671,введён,2020-11-01,,True
672,запланирован,2020-01-01,2021-06-01,False
672,строится,2021-06-01,2022-05-01,False
672,введён,2022-05-01,,True
673,запланирован,2017-02-01,2018-07-01,False
673,строится,2018-07-01,2021-11-01,False
673,введён,2021-11-01,,True
674,запланирован,2025-12-01,,True
675,запланирован,2017-03-01,2017-07-01,False
675,строится,2017-07-01,2019-12-01,False
675,введён,2019-12-01,,True
676,запланирован,2017-05-01,2018-09-01,False
676,строится,2018-09-01,2021-06-01,False
676,введён,2021-06-01,,True
677,запланирован,2024-04-01,2024-09-01,False
677,строится,2024-09-01,,True
678,запланирован,2021-10-01,2022-07-01,False
678,строится,2022-07-01,2025-02-01,False
678,введён,2025-02-01,,True
679,запланирован,2026-04-01,,True
680,запланирован,2024-09-01,2025-07-01,False
680,строится,2025-07-01,,True
681,запланирован,2020-10-01,2021-08-01,False
681,строится,2021-08-01,2023-02-01,False
681,введён,2023-02-01,,True
682,запланирован,2023-01-01,2023-12-01,False
682,строится,2023-12-01,2026-08-01,False
682,введён,2026-08-01,,True
683,запланирован,2022-02-01,2022-08-01,False
683,строится,2022-08-01,2025-02-01,False
683,введён,2025-02-01,,True
684,запланирован,2015-08-01,2016-01-01,False
684,строится,2016-01-01,2019-06-01,False
684,введён,2019-06-01,,True
685,запланирован,2017-12-01,2018-11-01,False
685,строится,2018-11-01,2022-04-01,False
685,введён,2022-04-01,,True
686,запланирован,2014-11-01,2015-02-01,False
686,строится,2015-02-01,2019-01-01,False
686,введён,2019-01-01,,True
687,запланирован,2024-03-01,2024-12-01,False
687,строится,2024-12-01,2026-02-01,False
687,введён,2026-02-01,,True
688,запланирован,2024-07-01,2024-11-01,False
688,строится,2024-11-01,,True
689,запланирован,2023-01-01,2024-06-01,False
689,строится,2024-06-01,2026-02-01,False
689,введён,2026-02-01,,True
690,запланирован,2016-02-01,2017-06-01,False
690,строится,2017-06-01,2019-06-01,False
690,введён,2019-06-01,,True
691,запланирован,2019-02-01,2020-06-01,False
691,строится,2020-06-01,2021-02-01,False
691,введён,2021-02-01,,True
692,запланирован,2024-05-01,2025-03-01,False
692,строится,2025-03-01,2026-06-01,False
692,введён,2026-06-01,,True
693,запланирован,2017-12-01,2018-04-01,False
693,строится,2018-04-01,2021-08-01,False
693,введён,2021-08-01,,True
694,запланирован,2028-07-01,,True
695,запланирован,2025-04-01,2026-01-01,False
695,строится,2026-01-01,,True
696,запланирован,2018-01-01,2018-11-01,False
696,строится,2018-11-01,2020-01-01,False
696,введён,2020-01-01,,True
697,запланирован,2022-07-01,2023-05-01,False
697,строится,2023-05-01,2024-09-01,False
697,введён,2024-09-01,,True
698,запланирован,2026-01-01,,True
699,запланирован,2020-02-01,2020-08-01,False
699,строится,2020-08-01,2021-12-01,False
699,введён,2021-12-01,,True
700,запланирован,2016-12-01,2018-05-01,False
700,строится,2018-05-01,2021-06-01,False
700,введён,2021-06-01,,True
701,запланирован,2021-09-01,2022-01-01,False
701,строится,2022-01-01,2022-11-01,False
701,введён,2022-11-01,,True
702,запланирован,2018-09-01,2019-05-01,False
702,строится,2019-05-01,2020-12-01,False
702,введён,2020-12-01,,True
703,запланирован,2018-05-01,2019-09-01,False
703,строится,2019-09-01,2021-09-01,False
703,введён,2021-09-01,,True
704,запланирован,2019-02-01,2020-02-01,False
704,строится,2020-02-01,2021-07-01,False
704,введён,2021-07-01,,True
705,запланирован,2020-03-01,2020-09-01,False
705,строится,2020-09-01,2024-06-01,False
705,введён,2024-06-01,,True
706,запланирован,2015-04-01,2016-02-01,False
706,строится,2016-02-01,2019-08-01,False
706,введён,2019-08-01,,True
707,запланирован,2025-10-01,2026-08-01,False
707,строится,2026-08-01,,True
708,запланирован,2016-11-01,2018-02-01,False
708,строится,2018-02-01,2021-03-01,False
708,введён,2021-03-01,,True
709,запланирован,2022-01-01,2022-07-01,False
709,строится,2022-07-01,2025-12-01,False
709,введён,2025-12-01,,True
710,запланирован,2018-11-01,2019-06-01,False
710,строится,2019-06-01,2022-07-01,False
710,введён,2022-07-01,,True
711,запланирован,2020-02-01,2020-11-01,False
711,строится,2020-11-01,2021-09-01,False
711,введён,2021-09-01,,True
712,запланирован,2025-02-01,2026-03-01,False
712,строится,2026-03-01,,True
713,запланирован,2022-05-01,2023-06-01,False
713,строится,2023-06-01,2024-09-01,False
713,введён,2024-09-01,,True
714,запланирован,2025-02-01,2025-07-01,False
714,строится,2025-07-01,,True
715,запланирован,2025-04-01,2025-09-01,False
715,строится,2025-09-01,,True
716,запланирован,2016-10-01,2018-02-01,False
716,строится,2018-02-01,2021-07-01,False
716,введён,2021-07-01,,True
717,запланирован,2018-09-01,2020-02-01,False
717,строится,2020-02-01,2020-09-01,False
717,введён,2020-09-01,,True
718,запланирован,2019-10-01,2020-03-01,False
718,строится,2020-03-01,2023-12-01,False
718,введён,2023-12-01,,True
719,запланирован,2027-04-01,,True
720,запланирован,2025-10-01,2026-03-01,False
720,строится,2026-03-01,,True
721,запланирован,2020-05-01,2021-06-01,False
721,строится,2021-06-01,2023-01-01,False
721,введён,2023-01-01,,True
722,запланирован,2025-05-01,2026-03-01,False
722,строится,2026-03-01,,True
723,запланирован,2026-01-01,2026-08-01,False
723,строится,2026-08-01,,True
724,запланирован,2027-01-01,,True
725,запланирован,2018-11-01,2020-04-01,False
725,строится,2020-04-01,2022-06-01,False
725,введён,2022-06-01,,True
726,запланирован,2021-08-01,2023-01-01,False
726,строится,2023-01-01,2024-10-01,False
726,введён,2024-10-01,,True
727,запланирован,2024-01-01,2024-12-01,False
727,строится,2024-12-01,,True
728,запланирован,2026-07-01,,True
729,запланирован,2024-09-01,2025-07-01,False
729,строится,2025-07-01,,True
730,запланирован,2024-02-01,2025-03-01,False
730,строится,2025-03-01,2025-11-01,False
730,введён,2025-11-01,,True
731,запланирован,2020-01-01,2020-07-01,False
731,строится,2020-07-01,2023-03-01,False
731,введён,2023-03-01,,True
732,запланирован,2027-04-01,,True
733,запланирован,2025-09-01,,True
734,запланирован,2021-08-01,2022-05-01,False
734,строится,2022-05-01,2023-08-01,False
734,введён,2023-08-01,,True
735,запланирован,2026-10-01,,True
736,запланирован,2016-01-01,2017-06-01,False
736,строится,2017-06-01,2019-07-01,False
736,введён,2019-07-01,,True
737,запланирован,2025-06-01,2026-07-01,False
737,строится,2026-07-01,,True
738,запланирован,2024-05-01,2025-09-01,False
738,строится,2025-09-01,,True
739,запланирован,2018-08-01,2019-07-01,False
739,строится,2019-07-01,2022-01-01,False
739,введён,2022-01-01,,True
740,запланирован,2016-03-01,2017-08-01,False
740,строится,2017-08-01,2018-12-01,False
740,введён,2018-12-01,,True
741,запланирован,2026-12-01,,True
742,запланирован,2023-11-01,2024-02-01,False
742,строится,2024-02-01,,True
743,запланирован,2021-11-01,2022-07-01,False
743,строится,2022-07-01,2024-07-01,False
743,введён,2024-07-01,,True
744,запланирован,2019-10-01,2020-06-01,False
744,строится,2020-06-01,2022-01-01,False
744,введён,2022-01-01,,True
745,запланирован,2021-08-01,2022-09-01,False
745,строится,2022-09-01,2026-03-01,False
745,введён,2026-03-01,,True
746,запланирован,2018-09-01,2019-03-01,False
746,строится,2019-03-01,2020-08-01,False
746,введён,2020-08-01,,True
747,запланирован,2016-12-01,2017-03-01,False
747,строится,2017-03-01,2019-07-01,False
747,введён,2019-07-01,,True
748,запланирован,2023-09-01,2024-02-01,False
748,строится,2024-02-01,,True
749,запланирован,2017-02-01,2017-08-01,False
749,строится,2017-08-01,2021-03-01,False
749,введён,2021-03-01,,True
750,запланирован,2021-09-01,2022-10-01,False
750,строится,2022-10-01,2023-10-01,False
750,введён,2023-10-01,,True
751,запланирован,2025-09-01,2025-12-01,False
751,строится,2025-12-01,,True
752,запланирован,2023-10-01,2024-02-01,False
752,строится,2024-02-01,2025-10-01,False
752,введён,2025-10-01,,True
753,запланирован,2024-02-01,2024-10-01,False
753,строится,2024-10-01,2025-12-01,False
753,введён,2025-12-01,,True
754,запланирован,2022-09-01,2023-02-01,False
754,строится,2023-02-01,,True
755,запланирован,2020-03-01,2021-03-01,False
755,строится,2021-03-01,2022-08-01,False
755,введён,2022-08-01,,True
756,запланирован,2025-06-01,2025-12-01,False
756,строится,2025-12-01,,True
757,запланирован,2017-05-01,2018-03-01,False
757,строится,2018-03-01,2020-12-01,False
757,введён,2020-12-01,,True
758,запланирован,2023-05-01,2024-01-01,False
758,строится,2024-01-01,2025-02-01,False
758,введён,2025-02-01,,True
759,запланирован,2018-05-01,2018-12-01,False
759,строится,2018-12-01,2022-10-01,False
759,введён,2022-10-01,,True
760,запланирован,2022-05-01,2022-08-01,False
760,строится,2022-08-01,2026-02-01,False
760,введён,2026-02-01,,True
761,запланирован,2020-09-01,2021-06-01,False
761,строится,2021-06-01,2022-06-01,False
761,введён,2022-06-01,,True
762,запланирован,2027-08-01,,True
763,запланирован,2018-10-01,2020-03-01,False
763,строится,2020-03-01,2023-07-01,False
763,введён,2023-07-01,,True
764,запланирован,2020-11-01,2022-02-01,False
764,строится,2022-02-01,2023-10-01,False
764,введён,2023-10-01,,True
765,запланирован,2023-04-01,2024-01-01,False
765,строится,2024-01-01,,True
766,запланирован,2023-11-01,2024-06-01,False
766,строится,2024-06-01,2025-12-01,False
766,введён,2025-12-01,,True
767,запланирован,2024-07-01,2025-05-01,False
767,строится,2025-05-01,2025-11-01,False
767,введён,2025-11-01,,True
768,запланирован,2026-06-01,,True
769,запланирован,2023-01-01,2023-04-01,False
769,строится,2023-04-01,2024-06-01,False
769,введён,2024-06-01,,True
770,запланирован,2027-10-01,,True
771,запланирован,2020-06-01,2021-10-01,False
771,строится,2021-10-01,2023-01-01,False
771,введён,2023-01-01,,True
772,запланирован,2027-10-01,,True
773,запланирован,2017-05-01,2018-06-01,False
773,строится,2018-06-01,2020-09-01,False
773,введён,2020-09-01,,True
774,запланирован,2020-10-01,2022-03-01,False
774,строится,2022-03-01,2025-02-01,False
774,введён,2025-02-01,,True
775,запланирован,2017-08-01,2018-12-01,False
775,строится,2018-12-01,2021-04-01,False
775,введён,2021-04-01,,True
776,запланирован,2024-08-01,2025-12-01,False
776,строится,2025-12-01,,True
777,запланирован,2018-10-01,2019-12-01,False
777,строится,2019-12-01,2023-07-01,False
777,введён,2023-07-01,,True
778,запланирован,2021-07-01,2022-06-01,False
778,строится,2022-06-01,2023-07-01,False
778,введён,2023-07-01,,True
779,запланирован,2021-05-01,2022-07-01,False
779,строится,2022-07-01,2023-06-01,False
779,введён,2023-06-01,,True
780,запланирован,2026-12-01,,True
781,запланирован,2022-07-01,2023-12-01,False
781,строится,2023-12-01,2024-06-01,False
781,введён,2024-06-01,,True
782,запланирован,2025-03-01,2026-07-01,False
782,строится,2026-07-01,,True
783,запланирован,2026-08-01,,True
784,запланирован,2019-12-01,2020-09-01,False
784,строится,2020-09-01,2024-06-01,False
784,введён,2024-06-01,,True
785,запланирован,2027-08-01,,True
786,запланирован,2024-04-01,2024-09-01,False
786,строится,2024-09-01,,True
787,запланирован,2019-10-01,2020-11-01,False
787,строится,2020-11-01,2023-03-01,False
787,введён,2023-03-01,,True
788,запланирован,2019-11-01,2020-10-01,False
788,строится,2020-10-01,2022-10-01,False
788,введён,2022-10-01,,True
789,запланирован,2019-11-01,2020-04-01,False
789,строится,2020-04-01,2022-11-01,False
789,введён,2022-11-01,,True
790,запланирован,2023-09-01,2023-12-01,False
790,строится,2023-12-01,2025-04-01,False
790,введён,2025-04-01,,True
791,запланирован,2023-08-01,2024-11-01,False
791,строится,2024-11-01,,True
792,запланирован,2021-07-01,2021-11-01,False
792,строится,2021-11-01,2024-01-01,False
792,введён,2024-01-01,,True
793,запланирован,2026-04-01,,True
794,запланирован,2023-05-01,2024-03-01,False
794,строится,2024-03-01,,True
795,запланирован,2025-07-01,2026-08-01,False
795,строится,2026-08-01,,True
796,запланирован,2019-10-01,2020-04-01,False
796,строится,2020-04-01,2023-06-01,False
796,введён,2023-06-01,,True
797,запланирован,2027-12-01,,True
798,запланирован,2028-01-01,,True
799,запланирован,2016-11-01,2018-04-01,False
799,строится,2018-04-01,2021-04-01,False
799,введён,2021-04-01,,True
800,запланирован,2025-08-01,2026-07-01,False
800,строится,2026-07-01,,True
801,запланирован,2021-05-01,2022-07-01,False
801,строится,2022-07-01,2023-03-01,False
801,введён,2023-03-01,,True
802,запланирован,2027-05-01,,True
803,запланирован,2026-10-01,,True
804,запланирован,2023-09-01,2024-08-01,False
804,строится,2024-08-01,,True
805,запланирован,2027-10-01,,True
806,запланирован,2026-01-01,,True
807,запланирован,2023-09-01,2024-11-01,False
807,строится,2024-11-01,,True
808,запланирован,2019-04-01,2020-03-01,False
808,строится,2020-03-01,2021-08-01,False
808,введён,2021-08-01,,True
809,запланирован,2025-08-01,2026-04-01,False
809,строится,2026-04-01,,True
810,запланирован,2024-12-01,2026-02-01,False
810,строится,2026-02-01,,True
811,запланирован,2019-09-01,2020-09-01,False
811,строится,2020-09-01,2022-02-01,False
811,введён,2022-02-01,,True
812,запланирован,2021-03-01,2021-08-01,False
812,строится,2021-08-01,2023-02-01,False
812,введён,2023-02-01,,True
813,запланирован,2027-12-01,,True
814,запланирован,2022-01-01,2023-03-01,False
814,строится,2023-03-01,2026-01-01,False
814,введён,2026-01-01,,True
815,запланирован,2023-02-01,2024-07-01,False
815,строится,2024-07-01,,True
816,запланирован,2025-01-01,2026-01-01,False
816,строится,2026-01-01,,True
817,запланирован,2018-08-01,2019-12-01,False
817,строится,2019-12-01,2022-12-01,False
817,введён,2022-12-01,,True
818,запланирован,2017-07-01,2018-06-01,False
818,строится,2018-06-01,2019-11-01,False
818,введён,2019-11-01,,True
819,запланирован,2017-02-01,2017-05-01,False
819,строится,2017-05-01,2020-03-01,False
819,введён,2020-03-01,,True
820,запланирован,2024-12-01,2026-05-01,False
820,строится,2026-05-01,,True
821,запланирован,2017-11-01,2019-02-01,False
821,строится,2019-02-01,2021-07-01,False
821,введён,2021-07-01,,True
822,запланирован,2024-03-01,2025-03-01,False
822,строится,2025-03-01,2026-07-01,False
822,введён,2026-07-01,,True
823,запланирован,2019-08-01,2020-10-01,False
823,строится,2020-10-01,2022-09-01,False
823,введён,2022-09-01,,True
824,запланирован,2020-06-01,2021-06-01,False
824,строится,2021-06-01,2022-05-01,False
824,введён,2022-05-01,,True
825,запланирован,2029-04-01,,True
826,запланирован,2027-06-01,,True
827,запланирован,2016-03-01,2017-06-01,False
827,строится,2017-06-01,2020-02-01,False
827,введён,2020-02-01,,True
828,запланирован,2017-12-01,2018-08-01,False
828,строится,2018-08-01,2020-02-01,False
828,введён,2020-02-01,,True
829,запланирован,2018-01-01,2018-12-01,False
829,строится,2018-12-01,2020-07-01,False
829,введён,2020-07-01,,True
830,запланирован,2021-12-01,2022-06-01,False
830,строится,2022-06-01,2026-02-01,False
830,введён,2026-02-01,,True
831,запланирован,2029-01-01,,True
832,запланирован,2020-10-01,2021-12-01,False
832,строится,2021-12-01,2024-12-01,False
832,введён,2024-12-01,,True
833,запланирован,2017-11-01,2019-01-01,False
833,строится,2019-01-01,2021-01-01,False
833,введён,2021-01-01,,True
834,запланирован,2022-10-01,2023-07-01,False
834,строится,2023-07-01,2025-09-01,False
834,введён,2025-09-01,,True
835,запланирован,2015-12-01,2016-12-01,False
835,строится,2016-12-01,2020-06-01,False
835,введён,2020-06-01,,True
836,запланирован,2025-03-01,2025-12-01,False
836,строится,2025-12-01,,True
837,запланирован,2016-03-01,2017-03-01,False
837,строится,2017-03-01,2020-09-01,False
837,введён,2020-09-01,,True
838,запланирован,2022-09-01,2023-04-01,False
838,строится,2023-04-01,2024-12-01,False
838,введён,2024-12-01,,True
839,запланирован,2021-06-01,2021-10-01,False
839,строится,2021-10-01,2022-08-01,False
839,введён,2022-08-01,,True
840,запланирован,2017-04-01,2017-11-01,False
840,строится,2017-11-01,2021-10-01,False
840,введён,2021-10-01,,True
841,запланирован,2018-08-01,2019-05-01,False
841,строится,2019-05-01,2022-11-01,False
841,введён,2022-11-01,,True
842,запланирован,2016-05-01,2017-01-01,False
842,строится,2017-01-01,2020-04-01,False
842,введён,2020-04-01,,True
843,запланирован,2022-07-01,2022-10-01,False
843,строится,2022-10-01,2024-10-01,False
843,введён,2024-10-01,,True
844,запланирован,2018-04-01,2019-08-01,False
844,строится,2019-08-01,2022-05-01,False
844,введён,2022-05-01,,True
845,запланирован,2026-09-01,,True
846,запланирован,2018-09-01,2019-02-01,False
846,строится,2019-02-01,2021-12-01,False
846,введён,2021-12-01,,True
847,запланирован,2025-09-01,2026-04-01,False
847,строится,2026-04-01,,True
848,запланирован,2016-03-01,2017-08-01,False
848,строится,2017-08-01,2020-04-01,False
848,введён,2020-04-01,,True
849,запланирован,2030-03-01,,True
850,запланирован,2019-01-01,2019-12-01,False
850,строится,2019-12-01,2020-09-01,False
850,введён,2020-09-01,,True
851,запланирован,2027-03-01,,True
852,запланирован,2021-06-01,2022-02-01,False
852,строится,2022-02-01,2025-01-01,False
852,введён,2025-01-01,,True
853,запланирован,2018-02-01,2018-12-01,False
853,строится,2018-12-01,2022-09-01,False
853,введён,2022-09-01,,True
854,запланирован,2025-03-01,2026-03-01,False
854,строится,2026-03-01,,True
855,запланирован,2028-02-01,,True
856,запланирован,2022-11-01,2023-04-01,False
856,строится,2023-04-01,2024-02-01,False
856,введён,2024-02-01,,True
857,запланирован,2016-06-01,2017-08-01,False
857,строится,2017-08-01,2020-11-01,False
857,введён,2020-11-01,,True
858,запланирован,2020-02-01,2020-08-01,False
858,строится,2020-08-01,2023-09-01,False
858,введён,2023-09-01,,True
859,запланирован,2021-08-01,2021-11-01,False
859,строится,2021-11-01,2023-01-01,False
859,введён,2023-01-01,,True
860,запланирован,2024-06-01,2024-11-01,False
860,строится,2024-11-01,,True
861,запланирован,2022-02-01,2023-03-01,False
861,строится,2023-03-01,2025-07-01,False
861,введён,2025-07-01,,True
862,запланирован,2025-07-01,2026-02-01,False
862,строится,2026-02-01,,True
863,запланирован,2028-05-01,,True
864,запланирован,2026-01-01,,True
865,запланирован,2021-01-01,2021-07-01,False
865,строится,2021-07-01,2025-02-01,False
865,введён,2025-02-01,,True
866,запланирован,2026-08-01,,True
867,запланирован,2017-07-01,2018-06-01,False
867,строится,2018-06-01,2019-12-01,False
867,введён,2019-12-01,,True
868,запланирован,2023-12-01,2025-01-01,False
868,строится,2025-01-01,,True
869,запланирован,2016-02-01,2017-05-01,False
869,строится,2017-05-01,2020-09-01,False
869,введён,2020-09-01,,True
870,запланирован,2021-02-01,2021-10-01,False
870,строится,2021-10-01,2024-09-01,False
870,введён,2024-09-01,,True
871,запланирован,2023-05-01,2024-02-01,False
871,строится,2024-02-01,2024-10-01,False
871,введён,2024-10-01,,True
872,запланирован,2026-07-01,,True
873,запланирован,2022-10-01,2023-09-01,False
873,строится,2023-09-01,2026-03-01,False
873,введён,2026-03-01,,True
874,запланирован,2020-06-01,2021-10-01,False
874,строится,2021-10-01,2022-11-01,False
874,введён,2022-11-01,,True
875,запланирован,2019-07-01,2019-11-01,False
875,строится,2019-11-01,2022-10-01,False
875,введён,2022-10-01,,True
876,запланирован,2020-01-01,2021-01-01,False
876,строится,2021-01-01,2023-06-01,False
876,введён,2023-06-01,,True
877,запланирован,2023-05-01,2024-07-01,False
877,строится,2024-07-01,2026-02-01,False
877,введён,2026-02-01,,True
878,запланирован,2027-08-01,,True
879,запланирован,2021-08-01,2021-11-01,False
879,строится,2021-11-01,2025-01-01,False
879,введён,2025-01-01,,True
880,запланирован,2026-01-01,,True
881,запланирован,2019-02-01,2020-06-01,False
881,строится,2020-06-01,2021-07-01,False
881,введён,2021-07-01,,True
882,запланирован,2023-09-01,2024-07-01,False
882,строится,2024-07-01,2026-01-01,False
882,введён,2026-01-01,,True
883,запланирован,2022-10-01,2023-12-01,False
883,строится,2023-12-01,2026-06-01,False
883,введён,2026-06-01,,True
884,запланирован,2020-04-01,2021-08-01,False
884,строится,2021-08-01,2025-01-01,False
884,введён,2025-01-01,,True
885,запланирован,2017-03-01,2017-06-01,False
885,строится,2017-06-01,2020-11-01,False
885,введён,2020-11-01,,True
886,запланирован,2028-03-01,,True
887,запланирован,2022-02-01,2023-06-01,False
887,строится,2023-06-01,2025-03-01,False
887,введён,2025-03-01,,True
888,запланирован,2025-02-01,2026-04-01,False
888,строится,2026-04-01,,True
889,запланирован,2024-04-01,2025-09-01,False
889,строится,2025-09-01,2026-03-01,False
889,введён,2026-03-01,,True
890,запланирован,2023-01-01,2024-05-01,False
890,строится,2024-05-01,2025-01-01,False
890,введён,2025-01-01,,True
891,запланирован,2026-10-01,,True
892,запланирован,2017-11-01,2018-07-01,False
892,строится,2018-07-01,2019-11-01,False
892,введён,2019-11-01,,True
893,запланирован,2017-04-01,2017-07-01,False
893,строится,2017-07-01,2020-07-01,False
893,введён,2020-07-01,,True
894,запланирован,2017-01-01,2018-01-01,False
894,строится,2018-01-01,2020-11-01,False
894,введён,2020-11-01,,True
895,запланирован,2021-05-01,2022-08-01,False
895,строится,2022-08-01,2026-05-01,False
895,введён,2026-05-01,,True
896,запланирован,2023-05-01,2024-02-01,False
896,строится,2024-02-01,2025-11-01,False
896,введён,2025-11-01,,True
897,запланирован,2027-01-01,,True
898,запланирован,2027-10-01,,True
899,запланирован,2020-12-01,2021-08-01,False
899,строится,2021-08-01,2022-09-01,False
899,введён,2022-09-01,,True
900,запланирован,2021-06-01,2022-07-01,False
900,строится,2022-07-01,2024-04-01,False
900,введён,2024-04-01,,True
901,запланирован,2022-08-01,2023-10-01,False
901,строится,2023-10-01,,True
902,запланирован,2022-03-01,2023-03-01,False
902,строится,2023-03-01,2026-08-01,False
902,введён,2026-08-01,,True
903,запланирован,2021-06-01,2022-02-01,False
903,строится,2022-02-01,2025-06-01,False
903,введён,2025-06-01,,True
904,запланирован,2027-10-01,,True
905,запланирован,2023-03-01,2023-09-01,False
905,строится,2023-09-01,2025-03-01,False
905,введён,2025-03-01,,True
906,запланирован,2024-08-01,2025-02-01,False
906,строится,2025-02-01,,True
907,запланирован,2018-04-01,2018-08-01,False
907,строится,2018-08-01,2022-01-01,False
907,введён,2022-01-01,,True
908,запланирован,2027-09-01,,True
909,запланирован,2020-11-01,2021-05-01,False
909,строится,2021-05-01,2022-09-01,False
909,введён,2022-09-01,,True
910,запланирован,2023-01-01,2024-02-01,False
910,строится,2024-02-01,2026-03-01,False
910,введён,2026-03-01,,True
911,запланирован,2014-06-01,2015-03-01,False
911,строится,2015-03-01,2018-10-01,False
911,введён,2018-10-01,,True
912,запланирован,2017-12-01,2019-01-01,False
912,строится,2019-01-01,2022-07-01,False
912,введён,2022-07-01,,True
913,запланирован,2021-07-01,2022-09-01,False
913,строится,2022-09-01,2024-07-01,False
913,введён,2024-07-01,,True
914,запланирован,2020-03-01,2020-07-01,False
914,строится,2020-07-01,2021-08-01,False
914,введён,2021-08-01,,True
915,запланирован,2025-07-01,2026-01-01,False
915,строится,2026-01-01,,True
916,запланирован,2020-07-01,2020-11-01,False
916,строится,2020-11-01,2022-07-01,False
916,введён,2022-07-01,,True
917,запланирован,2023-05-01,2024-10-01,False
917,строится,2024-10-01,2026-01-01,False
917,введён,2026-01-01,,True
918,запланирован,2021-06-01,2022-03-01,False
918,строится,2022-03-01,2025-12-01,False
918,введён,2025-12-01,,True
919,запланирован,2028-04-01,,True
920,запланирован,2020-11-01,2022-04-01,False
920,строится,2022-04-01,2025-11-01,False
920,введён,2025-11-01,,True
921,запланирован,2018-04-01,2019-05-01,False
921,строится,2019-05-01,2021-03-01,False
921,введён,2021-03-01,,True
922,запланирован,2027-09-01,,True
923,запланирован,2016-04-01,2016-12-01,False
923,строится,2016-12-01,2020-09-01,False
923,введён,2020-09-01,,True
924,запланирован,2018-06-01,2018-10-01,False
924,строится,2018-10-01,2019-11-01,False
924,введён,2019-11-01,,True
925,запланирован,2020-11-01,2021-05-01,False
925,строится,2021-05-01,2024-04-01,False
925,введён,2024-04-01,,True
926,запланирован,2020-12-01,2021-08-01,False
926,строится,2021-08-01,2023-04-01,False
926,введён,2023-04-01,,True
927,запланирован,2019-06-01,2020-10-01,False
927,строится,2020-10-01,2023-07-01,False
927,введён,2023-07-01,,True
928,запланирован,2019-02-01,2020-01-01,False
928,строится,2020-01-01,2023-07-01,False
928,введён,2023-07-01,,True
929,запланирован,2016-11-01,2017-12-01,False
929,строится,2017-12-01,2020-03-01,False
929,введён,2020-03-01,,True
930,запланирован,2026-03-01,,True
931,запланирован,2020-07-01,2021-08-01,False
931,строится,2021-08-01,2023-03-01,False
931,введён,2023-03-01,,True
932,запланирован,2017-01-01,2017-10-01,False
932,строится,2017-10-01,2021-04-01,False
932,введён,2021-04-01,,True
933,запланирован,2023-05-01,2024-01-01,False
933,строится,2024-01-01,2025-03-01,False
933,введён,2025-03-01,,True
934,запланирован,2027-07-01,,True
935,запланирован,2021-08-01,2022-07-01,False
935,строится,2022-07-01,2026-05-01,False
935,введён,2026-05-01,,True
936,запланирован,2029-03-01,,True
937,запланирован,2027-02-01,,True
938,запланирован,2027-07-01,,True
939,запланирован,2023-07-01,2024-11-01,False
939,строится,2024-11-01,,True
940,запланирован,2017-04-01,2017-07-01,False
940,строится,2017-07-01,2019-12-01,False
940,введён,2019-12-01,,True
941,запланирован,2026-04-01,,True
942,запланирован,2024-04-01,2025-01-01,False
942,строится,2025-01-01,,True
943,запланирован,2017-02-01,2018-04-01,False
943,строится,2018-04-01,2019-09-01,False
943,введён,2019-09-01,,True
944,запланирован,2018-12-01,2019-03-01,False
944,строится,2019-03-01,2021-06-01,False
944,введён,2021-06-01,,True
945,запланирован,2023-04-01,2023-12-01,False
945,строится,2023-12-01,2025-10-01,False
945,введён,2025-10-01,,True
946,запланирован,2019-09-01,2020-03-01,False
946,строится,2020-03-01,2023-12-01,False
946,введён,2023-12-01,,True
947,запланирован,2028-02-01,,True
948,запланирован,2018-06-01,2019-06-01,False
948,строится,2019-06-01,2019-12-01,False
948,введён,2019-12-01,,True
949,запланирован,2023-02-01,2024-06-01,False
949,строится,2024-06-01,2024-12-01,False
949,введён,2024-12-01,,True
950,запланирован,2019-05-01,2019-09-01,False
950,строится,2019-09-01,2021-02-01,False
950,введён,2021-02-01,,True
951,запланирован,2027-02-01,,True
952,запланирован,2023-01-01,2023-08-01,False
952,строится,2023-08-01,,True
953,запланирован,2017-02-01,2017-09-01,False
953,строится,2017-09-01,2019-06-01,False
953,введён,2019-06-01,,True
954,запланирован,2023-10-01,2024-08-01,False
954,строится,2024-08-01,,True
955,запланирован,2017-09-01,2017-12-01,False
955,строится,2017-12-01,2020-12-01,False
955,введён,2020-12-01,,True
956,запланирован,2024-08-01,2025-01-01,False
956,строится,2025-01-01,,True
957,запланирован,2026-02-01,,True
958,запланирован,2024-01-01,2024-09-01,False
958,строится,2024-09-01,,True
959,запланирован,2026-06-01,,True
960,запланирован,2024-06-01,2025-03-01,False
960,строится,2025-03-01,,True
961,запланирован,2019-03-01,2020-06-01,False
961,строится,2020-06-01,2022-01-01,False
961,введён,2022-01-01,,True
962,запланирован,2022-05-01,2023-07-01,False
962,строится,2023-07-01,2024-02-01,False
962,введён,2024-02-01,,True
963,запланирован,2025-02-01,2025-12-01,False
963,строится,2025-12-01,,True
964,запланирован,2022-02-01,2023-05-01,False
964,строится,2023-05-01,2025-02-01,False
964,введён,2025-02-01,,True
965,запланирован,2022-11-01,2023-02-01,False
965,строится,2023-02-01,2025-06-01,False
965,введён,2025-06-01,,True
966,запланирован,2022-04-01,2022-10-01,False
966,строится,2022-10-01,2023-04-01,False
966,введён,2023-04-01,,True
967,запланирован,2026-08-01,,True
968,запланирован,2019-04-01,2020-03-01,False
968,строится,2020-03-01,2021-01-01,False
968,введён,2021-01-01,,True
969,запланирован,2017-09-01,2018-08-01,False
969,строится,2018-08-01,2022-07-01,False
969,введён,2022-07-01,,True
970,запланирован,2023-04-01,2024-01-01,False
970,строится,2024-01-01,2026-04-01,False
970,введён,2026-04-01,,True
971,запланирован,2016-01-01,2016-07-01,False
971,строится,2016-07-01,2019-02-01,False
971,введён,2019-02-01,,True
972,запланирован,2027-09-01,,True
973,запланирован,2025-03-01,2025-07-01,False
973,строится,2025-07-01,,True
974,запланирован,2020-02-01,2021-02-01,False
974,строится,2021-02-01,2023-06-01,False
974,введён,2023-06-01,,True
975,запланирован,2022-12-01,2024-03-01,False
975,строится,2024-03-01,2026-06-01,False
975,введён,2026-06-01,,True
976,запланирован,2021-05-01,2022-10-01,False
976,строится,2022-10-01,2025-02-01,False
976,введён,2025-02-01,,True
977,запланирован,2023-03-01,2023-12-01,False
977,строится,2023-12-01,2026-01-01,False
977,введён,2026-01-01,,True
978,запланирован,2023-03-01,2023-11-01,False
978,строится,2023-11-01,,True
979,запланирован,2018-04-01,2019-04-01,False
979,строится,2019-04-01,2021-03-01,False
979,введён,2021-03-01,,True
980,запланирован,2020-10-01,2022-01-01,False
980,строится,2022-01-01,2023-07-01,False
980,введён,2023-07-01,,True
981,запланирован,2021-08-01,2023-01-01,False
981,строится,2023-01-01,2024-10-01,False
981,введён,2024-10-01,,True
982,запланирован,2025-04-01,2026-04-01,False
982,строится,2026-04-01,,True
983,запланирован,2023-09-01,2024-03-01,False
983,строится,2024-03-01,,True
984,запланирован,2021-02-01,2021-08-01,False
984,строится,2021-08-01,2024-05-01,False
984,введён,2024-05-01,,True
985,запланирован,2022-03-01,2023-04-01,False
985,строится,2023-04-01,,True
986,запланирован,2025-06-01,2025-10-01,False
986,строится,2025-10-01,,True
987,запланирован,2024-02-01,2025-07-01,False
987,строится,2025-07-01,,True
988,запланирован,2024-05-01,2025-05-01,False
988,строится,2025-05-01,,True
989,запланирован,2020-07-01,2021-02-01,False
989,строится,2021-02-01,2022-10-01,False
989,введён,2022-10-01,,True
990,запланирован,2015-11-01,2017-01-01,False
990,строится,2017-01-01,2018-09-01,False
990,введён,2018-09-01,,True
991,запланирован,2017-12-01,2018-10-01,False
991,строится,2018-10-01,2020-08-01,False
991,введён,2020-08-01,,True
992,запланирован,2022-04-01,2023-07-01,False
992,строится,2023-07-01,,True
993,запланирован,2029-08-01,,True
994,запланирован,2022-11-01,2023-08-01,False
994,строится,2023-08-01,,True
995,запланирован,2015-03-01,2016-08-01,False
995,строится,2016-08-01,2020-05-01,False
995,введён,2020-05-01,,True
996,запланирован,2023-02-01,2024-01-01,False
996,строится,2024-01-01,2025-07-01,False
996,введён,2025-07-01,,True
997,запланирован,2025-08-01,2026-08-01,False
997,строится,2026-08-01,,True
998,запланирован,2022-06-01,2023-09-01,False
998,строится,2023-09-01,2024-11-01,False
998,введён,2024-11-01,,True
999,запланирован,2021-01-01,2021-05-01,False
999,строится,2021-05-01,2022-01-01,False
999,введён,2022-01-01,,True
1000,запланирован,2027-05-01,,True
1001,запланирован,2028-10-01,,True
1002,запланирован,2020-02-01,2020-08-01,False
1002,строится,2020-08-01,2021-03-01,False
1002,введён,2021-03-01,,True
1003,запланирован,2025-12-01,,True
1004,запланирован,2024-08-01,2024-11-01,False
1004,строится,2024-11-01,2026-03-01,False
1004,введён,2026-03-01,,True
1005,запланирован,2020-02-01,2020-07-01,False
1005,строится,2020-07-01,2022-03-01,False
1005,введён,2022-03-01,,True
1006,запланирован,2017-12-01,2018-12-01,False
1006,строится,2018-12-01,2020-07-01,False
1006,введён,2020-07-01,,True
1007,запланирован,2024-04-01,2025-04-01,False
1007,строится,2025-04-01,,True
1008,запланирован,2015-09-01,2016-12-01,False
1008,строится,2016-12-01,2019-09-01,False
1008,введён,2019-09-01,,True
1009,запланирован,2021-02-01,2021-08-01,False
1009,строится,2021-08-01,2024-06-01,False
1009,введён,2024-06-01,,True
1010,запланирован,2027-05-01,,True
1011,запланирован,2019-03-01,2020-02-01,False
1011,строится,2020-02-01,2023-03-01,False
1011,введён,2023-03-01,,True
1012,запланирован,2029-04-01,,True
1013,запланирован,2026-07-01,,True
1014,запланирован,2018-02-01,2018-06-01,False
1014,строится,2018-06-01,2021-06-01,False
1014,введён,2021-06-01,,True
1015,запланирован,2017-06-01,2017-10-01,False
1015,строится,2017-10-01,2019-08-01,False
1015,введён,2019-08-01,,True
1016,запланирован,2021-11-01,2023-01-01,False
1016,строится,2023-01-01,2025-08-01,False
1016,введён,2025-08-01,,True
1017,запланирован,2024-12-01,2025-05-01,False
1017,строится,2025-05-01,2026-01-01,False
1017,введён,2026-01-01,,True
1018,запланирован,2024-05-01,2025-01-01,False
1018,строится,2025-01-01,2025-09-01,False
1018,введён,2025-09-01,,True
1019,запланирован,2018-06-01,2019-04-01,False
1019,строится,2019-04-01,2021-08-01,False
1019,введён,2021-08-01,,True
1020,запланирован,2026-08-01,,True
1021,запланирован,2027-10-01,,True
1022,запланирован,2024-06-01,2025-02-01,False
1022,строится,2025-02-01,2026-01-01,False
1022,введён,2026-01-01,,True
1023,запланирован,2020-01-01,2020-04-01,False
1023,строится,2020-04-01,2021-03-01,False
1023,введён,2021-03-01,,True
1024,запланирован,2019-07-01,2020-05-01,False
1024,строится,2020-05-01,2021-04-01,False
1024,введён,2021-04-01,,True
1025,запланирован,2019-08-01,2020-04-01,False
1025,строится,2020-04-01,2021-04-01,False
1025,введён,2021-04-01,,True
1026,запланирован,2016-07-01,2016-10-01,False
1026,строится,2016-10-01,2020-07-01,False
1026,введён,2020-07-01,,True
1027,запланирован,2023-01-01,2024-06-01,False
1027,строится,2024-06-01,2025-02-01,False
1027,введён,2025-02-01,,True
1028,запланирован,2024-06-01,2025-01-01,False
1028,строится,2025-01-01,2026-06-01,False
1028,введён,2026-06-01,,True
1029,запланирован,2019-10-01,2021-01-01,False
1029,строится,2021-01-01,2022-05-01,False
1029,введён,2022-05-01,,True
1030,запланирован,2016-05-01,2017-03-01,False
1030,строится,2017-03-01,2020-08-01,False
1030,введён,2020-08-01,,True
1031,запланирован,2023-10-01,2024-04-01,False
1031,строится,2024-04-01,,True
1032,запланирован,2020-03-01,2021-05-01,False
1032,строится,2021-05-01,2024-12-01,False
1032,введён,2024-12-01,,True
1033,запланирован,2019-10-01,2021-02-01,False
1033,строится,2021-02-01,2021-10-01,False
1033,введён,2021-10-01,,True
1034,запланирован,2029-01-01,,True
1035,запланирован,2022-03-01,2022-06-01,False
1035,строится,2022-06-01,2024-02-01,False
1035,введён,2024-02-01,,True
1036,запланирован,2020-09-01,2021-01-01,False
1036,строится,2021-01-01,2021-08-01,False
1036,введён,2021-08-01,,True
1037,запланирован,2015-10-01,2016-03-01,False
1037,строится,2016-03-01,2019-09-01,False
1037,введён,2019-09-01,,True
1038,запланирован,2021-08-01,2022-10-01,False
1038,строится,2022-10-01,2024-09-01,False
1038,введён,2024-09-01,,True
1039,запланирован,2019-01-01,2019-11-01,False
1039,строится,2019-11-01,2020-08-01,False
1039,введён,2020-08-01,,True
1040,запланирован,2027-05-01,,True
1041,запланирован,2029-05-01,,True
1042,запланирован,2022-11-01,2024-01-01,False
1042,строится,2024-01-01,2024-12-01,False
1042,введён,2024-12-01,,True
1043,запланирован,2022-12-01,2024-05-01,False
1043,строится,2024-05-01,2026-07-01,False
1043,введён,2026-07-01,,True
1044,запланирован,2023-08-01,2025-01-01,False
1044,строится,2025-01-01,,True
1045,запланирован,2020-02-01,2020-08-01,False
1045,строится,2020-08-01,2023-07-01,False
1045,введён,2023-07-01,,True
1046,запланирован,2023-05-01,2024-07-01,False
1046,строится,2024-07-01,2026-01-01,False
1046,введён,2026-01-01,,True
1047,запланирован,2019-10-01,2020-07-01,False
1047,строится,2020-07-01,2022-05-01,False
1047,введён,2022-05-01,,True
1048,запланирован,2020-12-01,2021-11-01,False
1048,строится,2021-11-01,2023-10-01,False
1048,введён,2023-10-01,,True
1049,запланирован,2019-06-01,2019-11-01,False
1049,строится,2019-11-01,2022-05-01,False
1049,введён,2022-05-01,,True
1050,запланирован,2029-04-01,,True
1051,запланирован,2021-02-01,2021-11-01,False
1051,строится,2021-11-01,2023-09-01,False
1051,введён,2023-09-01,,True
1052,запланирован,2018-01-01,2019-04-01,False
1052,строится,2019-04-01,2021-08-01,False
1052,введён,2021-08-01,,True
1053,запланирован,2022-07-01,2023-08-01,False
1053,строится,2023-08-01,2026-02-01,False
1053,введён,2026-02-01,,True
1054,запланирован,2023-03-01,2024-07-01,False
1054,строится,2024-07-01,,True
1055,запланирован,2024-05-01,2025-02-01,False
1055,строится,2025-02-01,,True
1056,запланирован,2021-07-01,2022-01-01,False
1056,строится,2022-01-01,2025-01-01,False
1056,введён,2025-01-01,,True
1057,запланирован,2016-09-01,2017-02-01,False
1057,строится,2017-02-01,2020-10-01,False
1057,введён,2020-10-01,,True
1058,запланирован,2025-04-01,2026-04-01,False
1058,строится,2026-04-01,,True
1059,запланирован,2028-09-01,,True
1060,запланирован,2023-09-01,2024-10-01,False
1060,строится,2024-10-01,,True
1061,запланирован,2016-02-01,2016-10-01,False
1061,строится,2016-10-01,2020-01-01,False
1061,введён,2020-01-01,,True
1062,запланирован,2029-08-01,,True
1063,запланирован,2020-06-01,2021-07-01,False
1063,строится,2021-07-01,2024-08-01,False
1063,введён,2024-08-01,,True
1064,запланирован,2022-01-01,2022-10-01,False
1064,строится,2022-10-01,2024-03-01,False
1064,введён,2024-03-01,,True
1065,запланирован,2018-05-01,2018-10-01,False
1065,строится,2018-10-01,2019-04-01,False
1065,введён,2019-04-01,,True
1066,запланирован,2021-04-01,2022-02-01,False
1066,строится,2022-02-01,2024-01-01,False
1066,введён,2024-01-01,,True
1067,запланирован,2022-05-01,2023-05-01,False
1067,строится,2023-05-01,2025-01-01,False
1067,введён,2025-01-01,,True
1068,запланирован,2026-08-01,,True
1069,запланирован,2019-05-01,2020-01-01,False
1069,строится,2020-01-01,2022-08-01,False
1069,введён,2022-08-01,,True
1070,запланирован,2023-12-01,2024-03-01,False
1070,строится,2024-03-01,,True
1071,запланирован,2026-10-01,,True
1072,запланирован,2022-05-01,2022-11-01,False
1072,строится,2022-11-01,2024-04-01,False
1072,введён,2024-04-01,,True
1073,запланирован,2019-05-01,2020-07-01,False
1073,строится,2020-07-01,2022-07-01,False
1073,введён,2022-07-01,,True
1074,запланирован,2018-10-01,2020-02-01,False
1074,строится,2020-02-01,2021-10-01,False
1074,введён,2021-10-01,,True
1075,запланирован,2021-01-01,2022-02-01,False
1075,строится,2022-02-01,2025-09-01,False
1075,введён,2025-09-01,,True
1076,запланирован,2024-03-01,2024-07-01,False
1076,строится,2024-07-01,,True
1077,запланирован,2023-02-01,2023-06-01,False
1077,строится,2023-06-01,,True
1078,запланирован,2020-01-01,2020-11-01,False
1078,строится,2020-11-01,2024-06-01,False
1078,введён,2024-06-01,,True
1079,запланирован,2019-07-01,2019-10-01,False
1079,строится,2019-10-01,2022-08-01,False
1079,введён,2022-08-01,,True
1080,запланирован,2018-12-01,2020-04-01,False
1080,строится,2020-04-01,2021-12-01,False
1080,введён,2021-12-01,,True
1081,запланирован,2026-09-01,,True
1082,запланирован,2024-06-01,2025-05-01,False
1082,строится,2025-05-01,,True
1083,запланирован,2025-01-01,2025-10-01,False
1083,строится,2025-10-01,,True
1084,запланирован,2019-06-01,2020-08-01,False
1084,строится,2020-08-01,2023-06-01,False
1084,введён,2023-06-01,,True
1085,запланирован,2022-11-01,2024-02-01,False
1085,строится,2024-02-01,2026-02-01,False
1085,введён,2026-02-01,,True
1086,запланирован,2017-10-01,2018-04-01,False
1086,строится,2018-04-01,2021-04-01,False
1086,введён,2021-04-01,,True
1087,запланирован,2014-05-01,2015-10-01,False
1087,строится,2015-10-01,2019-05-01,False
1087,введён,2019-05-01,,True
1088,запланирован,2018-08-01,2019-08-01,False
1088,строится,2019-08-01,2021-06-01,False
1088,введён,2021-06-01,,True
1089,запланирован,2021-07-01,2022-04-01,False
1089,строится,2022-04-01,2023-12-01,False
1089,введён,2023-12-01,,True
1090,запланирован,2025-10-01,2026-01-01,False
1090,строится,2026-01-01,,True
1091,запланирован,2023-02-01,2023-08-01,False
1091,строится,2023-08-01,2025-06-01,False
1091,введён,2025-06-01,,True
1092,запланирован,2021-03-01,2021-08-01,False
1092,строится,2021-08-01,2023-10-01,False
1092,введён,2023-10-01,,True
1093,запланирован,2024-07-01,2024-11-01,False
1093,строится,2024-11-01,2026-06-01,False
1093,введён,2026-06-01,,True
1094,запланирован,2027-09-01,,True
1095,запланирован,2021-05-01,2022-06-01,False
1095,строится,2022-06-01,2025-12-01,False
1095,введён,2025-12-01,,True
1096,запланирован,2022-11-01,2023-04-01,False
1096,строится,2023-04-01,,True
1097,запланирован,2026-03-01,,True
1098,запланирован,2016-02-01,2017-01-01,False
1098,строится,2017-01-01,2020-05-01,False
1098,введён,2020-05-01,,True
1099,запланирован,2022-04-01,2023-08-01,False
1099,строится,2023-08-01,2025-06-01,False
1099,введён,2025-06-01,,True
1100,запланирован,2021-09-01,2022-02-01,False
1100,строится,2022-02-01,2025-02-01,False
1100,введён,2025-02-01,,True
1101,запланирован,2020-08-01,2021-08-01,False
1101,строится,2021-08-01,2023-06-01,False
1101,введён,2023-06-01,,True
1102,запланирован,2024-11-01,2025-07-01,False
1102,строится,2025-07-01,,True
1103,запланирован,2015-04-01,2016-04-01,False
1103,строится,2016-04-01,2018-11-01,False
1103,введён,2018-11-01,,True
1104,запланирован,2025-01-01,2026-01-01,False
1104,строится,2026-01-01,,True
1105,запланирован,2023-04-01,2024-02-01,False
1105,строится,2024-02-01,,True
1106,запланирован,2021-07-01,2021-12-01,False
1106,строится,2021-12-01,2024-12-01,False
1106,введён,2024-12-01,,True
1107,запланирован,2017-03-01,2017-11-01,False
1107,строится,2017-11-01,2021-08-01,False
1107,введён,2021-08-01,,True
1108,запланирован,2025-12-01,,True
1109,запланирован,2020-11-01,2021-04-01,False
1109,строится,2021-04-01,2022-06-01,False
1109,введён,2022-06-01,,True
1110,запланирован,2018-02-01,2019-01-01,False
1110,строится,2019-01-01,2022-12-01,False
1110,введён,2022-12-01,,True
1111,запланирован,2017-01-01,2017-07-01,False
1111,строится,2017-07-01,2021-06-01,False
1111,введён,2021-06-01,,True
1112,запланирован,2024-09-01,2025-04-01,False
1112,строится,2025-04-01,,True
1113,запланирован,2020-12-01,2021-12-01,False
1113,строится,2021-12-01,2024-03-01,False
1113,введён,2024-03-01,,True
1114,запланирован,2017-12-01,2018-05-01,False
1114,строится,2018-05-01,2021-11-01,False
1114,введён,2021-11-01,,True
1115,запланирован,2017-08-01,2019-01-01,False
1115,строится,2019-01-01,2020-03-01,False
1115,введён,2020-03-01,,True
1116,запланирован,2020-06-01,2021-05-01,False
1116,строится,2021-05-01,2022-06-01,False
1116,введён,2022-06-01,,True
1117,запланирован,2024-03-01,2025-04-01,False
1117,строится,2025-04-01,,True
1118,запланирован,2024-04-01,2024-08-01,False
1118,строится,2024-08-01,,True
1119,запланирован,2017-02-01,2018-03-01,False
1119,строится,2018-03-01,2022-02-01,False
1119,введён,2022-02-01,,True
1120,запланирован,2021-05-01,2022-10-01,False
1120,строится,2022-10-01,2024-03-01,False
1120,введён,2024-03-01,,True
1121,запланирован,2021-11-01,2023-01-01,False
1121,строится,2023-01-01,2024-04-01,False
1121,введён,2024-04-01,,True
1122,запланирован,2015-05-01,2015-08-01,False
1122,строится,2015-08-01,2019-06-01,False
1122,введён,2019-06-01,,True
1123,запланирован,2018-08-01,2019-07-01,False
1123,строится,2019-07-01,2023-04-01,False
1123,введён,2023-04-01,,True
1124,запланирован,2025-05-01,2026-04-01,False
1124,строится,2026-04-01,,True
1125,запланирован,2019-10-01,2021-03-01,False
1125,строится,2021-03-01,2024-04-01,False
1125,введён,2024-04-01,,True
1126,запланирован,2026-12-01,,True
1127,запланирован,2019-02-01,2019-09-01,False
1127,строится,2019-09-01,2020-06-01,False
1127,введён,2020-06-01,,True
1128,запланирован,2016-09-01,2017-03-01,False
1128,строится,2017-03-01,2019-03-01,False
1128,введён,2019-03-01,,True
1129,запланирован,2025-05-01,2026-05-01,False
1129,строится,2026-05-01,,True
1130,запланирован,2019-11-01,2020-02-01,False
1130,строится,2020-02-01,2023-01-01,False
1130,введён,2023-01-01,,True
1131,запланирован,2017-11-01,2018-03-01,False
1131,строится,2018-03-01,2022-01-01,False
1131,введён,2022-01-01,,True
1132,запланирован,2027-02-01,,True
1133,запланирован,2019-04-01,2020-06-01,False
1133,строится,2020-06-01,2023-12-01,False
1133,введён,2023-12-01,,True
1134,запланирован,2022-04-01,2022-11-01,False
1134,строится,2022-11-01,,True
1135,запланирован,2017-05-01,2017-10-01,False
1135,строится,2017-10-01,2019-09-01,False
1135,введён,2019-09-01,,True
1136,запланирован,2021-03-01,2022-07-01,False
1136,строится,2022-07-01,2025-11-01,False
1136,введён,2025-11-01,,True
1137,запланирован,2021-03-01,2021-09-01,False
1137,строится,2021-09-01,2022-03-01,False
1137,введён,2022-03-01,,True
1138,запланирован,2023-02-01,2023-07-01,False
1138,строится,2023-07-01,2026-03-01,False
1138,введён,2026-03-01,,True
1139,запланирован,2021-02-01,2021-12-01,False
1139,строится,2021-12-01,2024-10-01,False
1139,введён,2024-10-01,,True
1140,запланирован,2029-09-01,,True
1141,запланирован,2023-02-01,2023-07-01,False
1141,строится,2023-07-01,2024-08-01,False
1141,введён,2024-08-01,,True
1142,запланирован,2029-05-01,,True
1143,запланирован,2016-08-01,2017-10-01,False
1143,строится,2017-10-01,2019-10-01,False
1143,введён,2019-10-01,,True
1144,запланирован,2019-03-01,2020-05-01,False
1144,строится,2020-05-01,2022-05-01,False
1144,введён,2022-05-01,,True
1145,запланирован,2018-01-01,2018-06-01,False
1145,строится,2018-06-01,2019-07-01,False
1145,введён,2019-07-01,,True
1146,запланирован,2017-06-01,2018-06-01,False
1146,строится,2018-06-01,2022-05-01,False
1146,введён,2022-05-01,,True
1147,запланирован,2024-09-01,2025-08-01,False
1147,строится,2025-08-01,,True
1148,запланирован,2026-04-01,,True
1149,запланирован,2016-10-01,2017-07-01,False
1149,строится,2017-07-01,2019-08-01,False
1149,введён,2019-08-01,,True
1150,запланирован,2024-02-01,2024-09-01,False
1150,строится,2024-09-01,2026-02-01,False
1150,введён,2026-02-01,,True
1151,запланирован,2017-03-01,2018-02-01,False
1151,строится,2018-02-01,2021-10-01,False
1151,введён,2021-10-01,,True
1152,запланирован,2017-10-01,2019-01-01,False
1152,строится,2019-01-01,2021-05-01,False
1152,введён,2021-05-01,,True
1153,запланирован,2024-02-01,2025-04-01,False
1153,строится,2025-04-01,,True
1154,запланирован,2022-11-01,2024-01-01,False
1154,строится,2024-01-01,2024-10-01,False
1154,введён,2024-10-01,,True
1155,запланирован,2027-07-01,,True
1156,запланирован,2024-08-01,2025-02-01,False
1156,строится,2025-02-01,2026-07-01,False
1156,введён,2026-07-01,,True
1157,запланирован,2020-09-01,2021-08-01,False
1157,строится,2021-08-01,2023-02-01,False
1157,введён,2023-02-01,,True
1158,запланирован,2016-08-01,2017-02-01,False
1158,строится,2017-02-01,2020-02-01,False
1158,введён,2020-02-01,,True
1159,запланирован,2025-03-01,2026-06-01,False
1159,строится,2026-06-01,,True
1160,запланирован,2021-02-01,2022-07-01,False
1160,строится,2022-07-01,2023-08-01,False
1160,введён,2023-08-01,,True
1161,запланирован,2018-11-01,2020-03-01,False
1161,строится,2020-03-01,2023-05-01,False
1161,введён,2023-05-01,,True
1162,запланирован,2015-12-01,2017-02-01,False
1162,строится,2017-02-01,2021-01-01,False
1162,введён,2021-01-01,,True
1163,запланирован,2023-03-01,2023-09-01,False
1163,строится,2023-09-01,,True
1164,запланирован,2020-05-01,2020-09-01,False
1164,строится,2020-09-01,2024-06-01,False
1164,введён,2024-06-01,,True
1165,запланирован,2023-10-01,2024-10-01,False
1165,строится,2024-10-01,,True
1166,запланирован,2026-11-01,,True
1167,запланирован,2025-01-01,2026-04-01,False
1167,строится,2026-04-01,,True
1168,запланирован,2027-03-01,,True
1169,запланирован,2018-07-01,2019-06-01,False
1169,строится,2019-06-01,2022-10-01,False
1169,введён,2022-10-01,,True
1170,запланирован,2025-02-01,2026-01-01,False
1170,строится,2026-01-01,,True
1171,запланирован,2018-04-01,2019-03-01,False
1171,строится,2019-03-01,2019-09-01,False
1171,введён,2019-09-01,,True
1172,запланирован,2019-03-01,2020-02-01,False
1172,строится,2020-02-01,2022-05-01,False
1172,введён,2022-05-01,,True
1173,запланирован,2021-03-01,2021-12-01,False
1173,строится,2021-12-01,2023-08-01,False
1173,введён,2023-08-01,,True
1174,запланирован,2028-07-01,,True
1175,запланирован,2021-02-01,2021-11-01,False
1175,строится,2021-11-01,2025-06-01,False
1175,введён,2025-06-01,,True
1176,запланирован,2024-07-01,2025-04-01,False
1176,строится,2025-04-01,,True
1177,запланирован,2021-04-01,2022-04-01,False
1177,строится,2022-04-01,2026-02-01,False
1177,введён,2026-02-01,,True
1178,запланирован,2024-11-01,2025-09-01,False
1178,строится,2025-09-01,,True
1179,запланирован,2022-09-01,2023-11-01,False
1179,строится,2023-11-01,2025-07-01,False
1179,введён,2025-07-01,,True
1180,запланирован,2022-01-01,2022-10-01,False
1180,строится,2022-10-01,2023-10-01,False
1180,введён,2023-10-01,,True
1181,запланирован,2027-11-01,,True
1182,запланирован,2015-10-01,2016-12-01,False
1182,строится,2016-12-01,2020-06-01,False
1182,введён,2020-06-01,,True
1183,запланирован,2025-06-01,2025-10-01,False
1183,строится,2025-10-01,,True
1184,запланирован,2018-08-01,2018-11-01,False
1184,строится,2018-11-01,2020-03-01,False
1184,введён,2020-03-01,,True
1185,запланирован,2026-08-01,,True
1186,запланирован,2019-07-01,2020-06-01,False
1186,строится,2020-06-01,2023-11-01,False
1186,введён,2023-11-01,,True
1187,запланирован,2020-07-01,2020-10-01,False
1187,строится,2020-10-01,2024-02-01,False
1187,введён,2024-02-01,,True
1188,запланирован,2017-04-01,2018-08-01,False
1188,строится,2018-08-01,2022-03-01,False
1188,введён,2022-03-01,,True
1189,запланирован,2021-05-01,2022-03-01,False
1189,строится,2022-03-01,2023-10-01,False
1189,введён,2023-10-01,,True
1190,запланирован,2028-01-01,,True
1191,запланирован,2021-12-01,2023-04-01,False
1191,строится,2023-04-01,2025-11-01,False
1191,введён,2025-11-01,,True
1192,запланирован,2017-06-01,2017-12-01,False
1192,строится,2017-12-01,2019-04-01,False
1192,введён,2019-04-01,,True
1193,запланирован,2022-05-01,2023-07-01,False
1193,строится,2023-07-01,2024-04-01,False
1193,введён,2024-04-01,,True
1194,запланирован,2022-08-01,2023-01-01,False
1194,строится,2023-01-01,2024-04-01,False
1194,введён,2024-04-01,,True
1195,запланирован,2024-03-01,2025-08-01,False
1195,строится,2025-08-01,,True
1196,запланирован,2026-03-01,,True
1197,запланирован,2017-02-01,2018-06-01,False
1197,строится,2018-06-01,2019-09-01,False
1197,введён,2019-09-01,,True
1198,запланирован,2022-08-01,2023-05-01,False
1198,строится,2023-05-01,2024-01-01,False
1198,введён,2024-01-01,,True
1199,запланирован,2022-11-01,2024-02-01,False
1199,строится,2024-02-01,2026-07-01,False
1199,введён,2026-07-01,,True
1200,запланирован,2027-11-01,,True
1201,запланирован,2020-01-01,2021-05-01,False
1201,строится,2021-05-01,2023-09-01,False
1201,введён,2023-09-01,,True
1202,запланирован,2018-10-01,2019-08-01,False
1202,строится,2019-08-01,2020-05-01,False
1202,введён,2020-05-01,,True
1203,запланирован,2020-06-01,2021-11-01,False
1203,строится,2021-11-01,2022-09-01,False
1203,введён,2022-09-01,,True
1204,запланирован,2021-10-01,2022-06-01,False
1204,строится,2022-06-01,2025-07-01,False
1204,введён,2025-07-01,,True
1205,запланирован,2019-06-01,2019-11-01,False
1205,строится,2019-11-01,2022-07-01,False
1205,введён,2022-07-01,,True
1206,запланирован,2019-02-01,2019-12-01,False
1206,строится,2019-12-01,2023-03-01,False
1206,введён,2023-03-01,,True
1207,запланирован,2017-06-01,2018-05-01,False
1207,строится,2018-05-01,2020-05-01,False
1207,введён,2020-05-01,,True
1208,запланирован,2025-06-01,2026-07-01,False
1208,строится,2026-07-01,,True
1209,запланирован,2018-04-01,2019-03-01,False
1209,строится,2019-03-01,2022-07-01,False
1209,введён,2022-07-01,,True
1210,запланирован,2016-04-01,2017-01-01,False
1210,строится,2017-01-01,2020-01-01,False
1210,введён,2020-01-01,,True
1211,запланирован,2024-10-01,2026-02-01,False
1211,строится,2026-02-01,,True
1212,запланирован,2026-07-01,,True
1213,запланирован,2028-04-01,,True
1214,запланирован,2020-12-01,2022-03-01,False
1214,строится,2022-03-01,2024-06-01,False
1214,введён,2024-06-01,,True
1215,запланирован,2020-03-01,2021-01-01,False
1215,строится,2021-01-01,2021-09-01,False
1215,введён,2021-09-01,,True
1216,запланирован,2024-12-01,2025-06-01,False
1216,строится,2025-06-01,2026-02-01,False
1216,введён,2026-02-01,,True
1217,запланирован,2021-04-01,2021-07-01,False
1217,строится,2021-07-01,2023-07-01,False
1217,введён,2023-07-01,,True
1218,запланирован,2019-02-01,2020-05-01,False
1218,строится,2020-05-01,2024-02-01,False
1218,введён,2024-02-01,,True
1219,запланирован,2026-04-01,,True
1220,запланирован,2020-09-01,2021-03-01,False
1220,строится,2021-03-01,2021-12-01,False
1220,введён,2021-12-01,,True
1221,запланирован,2024-06-01,2025-10-01,False
1221,строится,2025-10-01,,True
1222,запланирован,2023-09-01,2024-08-01,False
1222,строится,2024-08-01,,True
1223,запланирован,2024-08-01,2025-05-01,False
1223,строится,2025-05-01,,True
1224,запланирован,2019-08-01,2019-12-01,False
1224,строится,2019-12-01,2022-09-01,False
1224,введён,2022-09-01,,True
1225,запланирован,2023-02-01,2023-10-01,False
1225,строится,2023-10-01,,True
1226,запланирован,2028-03-01,,True
1227,запланирован,2025-09-01,2026-01-01,False
1227,строится,2026-01-01,,True
1228,запланирован,2022-02-01,2023-07-01,False
1228,строится,2023-07-01,,True
1229,запланирован,2023-05-01,2024-05-01,False
1229,строится,2024-05-01,2026-04-01,False
1229,введён,2026-04-01,,True
1230,запланирован,2026-09-01,,True
1231,запланирован,2017-03-01,2017-11-01,False
1231,строится,2017-11-01,2021-03-01,False
1231,введён,2021-03-01,,True
1232,запланирован,2025-04-01,2026-05-01,False
1232,строится,2026-05-01,,True
1233,запланирован,2020-09-01,2022-02-01,False
1233,строится,2022-02-01,2025-12-01,False
1233,введён,2025-12-01,,True
1234,запланирован,2027-02-01,,True
1235,запланирован,2016-01-01,2017-04-01,False
1235,строится,2017-04-01,2020-04-01,False
1235,введён,2020-04-01,,True
1236,запланирован,2019-05-01,2020-05-01,False
1236,строится,2020-05-01,2021-09-01,False
1236,введён,2021-09-01,,True
1237,запланирован,2022-07-01,2023-10-01,False
1237,строится,2023-10-01,2024-05-01,False
1237,введён,2024-05-01,,True
1238,запланирован,2025-06-01,2026-03-01,False
1238,строится,2026-03-01,,True
1239,запланирован,2021-08-01,2022-03-01,False
1239,строится,2022-03-01,2024-07-01,False
1239,введён,2024-07-01,,True
1240,запланирован,2022-11-01,2023-10-01,False
1240,строится,2023-10-01,2026-07-01,False
1240,введён,2026-07-01,,True
1241,запланирован,2021-12-01,2022-04-01,False
1241,строится,2022-04-01,2023-06-01,False
1241,введён,2023-06-01,,True
1242,запланирован,2027-01-01,,True
1243,запланирован,2021-12-01,2022-11-01,False
1243,строится,2022-11-01,2025-11-01,False
1243,введён,2025-11-01,,True
1244,запланирован,2016-05-01,2016-08-01,False
1244,строится,2016-08-01,2020-07-01,False
1244,введён,2020-07-01,,True
1245,запланирован,2020-03-01,2021-06-01,False
1245,строится,2021-06-01,2024-02-01,False
1245,введён,2024-02-01,,True
1246,запланирован,2014-10-01,2015-11-01,False
1246,строится,2015-11-01,2019-01-01,False
1246,введён,2019-01-01,,True
1247,запланирован,2026-11-01,,True
1248,запланирован,2021-03-01,2022-04-01,False
1248,строится,2022-04-01,2023-01-01,False
1248,введён,2023-01-01,,True
1249,запланирован,2027-04-01,,True
1250,запланирован,2022-02-01,2023-06-01,False
1250,строится,2023-06-01,2025-12-01,False
1250,введён,2025-12-01,,True
1251,запланирован,2026-04-01,,True
1252,запланирован,2020-05-01,2021-08-01,False
1252,строится,2021-08-01,2025-01-01,False
1252,введён,2025-01-01,,True
1253,запланирован,2027-04-01,,True
1254,запланирован,2024-11-01,2025-12-01,False
1254,строится,2025-12-01,,True
1255,запланирован,2020-01-01,2020-06-01,False
1255,строится,2020-06-01,2023-03-01,False
1255,введён,2023-03-01,,True
1256,запланирован,2029-08-01,,True
1257,запланирован,2025-05-01,,True
1258,запланирован,2017-05-01,2018-04-01,False
1258,строится,2018-04-01,2020-07-01,False
1258,введён,2020-07-01,,True
1259,запланирован,2026-09-01,,True
1260,запланирован,2022-01-01,2022-12-01,False
1260,строится,2022-12-01,2026-07-01,False
1260,введён,2026-07-01,,True
1261,запланирован,2024-07-01,2025-11-01,False
1261,строится,2025-11-01,2026-06-01,False
1261,введён,2026-06-01,,True
1262,запланирован,2020-05-01,2021-03-01,False
1262,строится,2021-03-01,2023-04-01,False
1262,введён,2023-04-01,,True
1263,запланирован,2028-03-01,,True
1264,запланирован,2021-09-01,2022-03-01,False
1264,строится,2022-03-01,2025-01-01,False
1264,введён,2025-01-01,,True
1265,запланирован,2025-07-01,2025-11-01,False
1265,строится,2025-11-01,,True
1266,запланирован,2021-06-01,2022-02-01,False
1266,строится,2022-02-01,2024-07-01,False
1266,введён,2024-07-01,,True
1267,запланирован,2022-01-01,2023-02-01,False
1267,строится,2023-02-01,2024-03-01,False
1267,введён,2024-03-01,,True
1268,запланирован,2027-03-01,,True
1269,запланирован,2023-04-01,2024-05-01,False
1269,строится,2024-05-01,2024-11-01,False
1269,введён,2024-11-01,,True
1270,запланирован,2022-08-01,2023-11-01,False
1270,строится,2023-11-01,,True
1271,запланирован,2019-12-01,2020-03-01,False
1271,строится,2020-03-01,2023-11-01,False
1271,введён,2023-11-01,,True
1272,запланирован,2021-05-01,2022-02-01,False
1272,строится,2022-02-01,2023-10-01,False
1272,введён,2023-10-01,,True
1273,запланирован,2020-02-01,2021-06-01,False
1273,строится,2021-06-01,2022-07-01,False
1273,введён,2022-07-01,,True
1274,запланирован,2015-02-01,2015-11-01,False
1274,строится,2015-11-01,2019-05-01,False
1274,введён,2019-05-01,,True
1275,запланирован,2024-06-01,2025-05-01,False
1275,строится,2025-05-01,,True
1276,запланирован,2024-04-01,2024-10-01,False
1276,строится,2024-10-01,,True
1277,запланирован,2025-01-01,2025-07-01,False
1277,строится,2025-07-01,,True
1278,запланирован,2024-06-01,2025-05-01,False
1278,строится,2025-05-01,,True
1279,запланирован,2020-12-01,2021-03-01,False
1279,строится,2021-03-01,2024-02-01,False
1279,введён,2024-02-01,,True
1280,запланирован,2024-03-01,2024-11-01,False
1280,строится,2024-11-01,,True
1281,запланирован,2019-06-01,2020-04-01,False
1281,строится,2020-04-01,2023-11-01,False
1281,введён,2023-11-01,,True
1282,запланирован,2027-08-01,,True
1283,запланирован,2016-10-01,2017-04-01,False
1283,строится,2017-04-01,2020-06-01,False
1283,введён,2020-06-01,,True
1284,запланирован,2020-11-01,2022-04-01,False
1284,строится,2022-04-01,2024-12-01,False
1284,введён,2024-12-01,,True
1285,запланирован,2022-11-01,2023-05-01,False
1285,строится,2023-05-01,2026-06-01,False
1285,введён,2026-06-01,,True
1286,запланирован,2019-12-01,2020-03-01,False
1286,строится,2020-03-01,2022-02-01,False
1286,введён,2022-02-01,,True
1287,запланирован,2019-04-01,2020-06-01,False
1287,строится,2020-06-01,2022-01-01,False
1287,введён,2022-01-01,,True
1288,запланирован,2019-05-01,2020-09-01,False
1288,строится,2020-09-01,2024-01-01,False
1288,введён,2024-01-01,,True
1289,запланирован,2015-06-01,2016-05-01,False
1289,строится,2016-05-01,2019-08-01,False
1289,введён,2019-08-01,,True
1290,запланирован,2026-09-01,,True
1291,запланирован,2027-01-01,,True
1292,запланирован,2023-08-01,2024-03-01,False
1292,строится,2024-03-01,2025-05-01,False
1292,введён,2025-05-01,,True
1293,запланирован,2023-07-01,2024-01-01,False
1293,строится,2024-01-01,2025-12-01,False
1293,введён,2025-12-01,,True
1294,запланирован,2026-05-01,,True
1295,запланирован,2021-09-01,2022-03-01,False
1295,строится,2022-03-01,2023-10-01,False
1295,введён,2023-10-01,,True
1296,запланирован,2027-07-01,,True
1297,запланирован,2023-06-01,2024-02-01,False
1297,строится,2024-02-01,2025-01-01,False
1297,введён,2025-01-01,,True
1298,запланирован,2020-07-01,2020-11-01,False
1298,строится,2020-11-01,2022-05-01,False
1298,введён,2022-05-01,,True
1299,запланирован,2020-09-01,2022-01-01,False
1299,строится,2022-01-01,2025-08-01,False
1299,введён,2025-08-01,,True
1300,запланирован,2017-10-01,2018-10-01,False
1300,строится,2018-10-01,2022-03-01,False
1300,введён,2022-03-01,,True
1301,запланирован,2025-06-01,2026-03-01,False
1301,строится,2026-03-01,,True
1302,запланирован,2016-03-01,2017-03-01,False
1302,строится,2017-03-01,2020-05-01,False
1302,введён,2020-05-01,,True
1303,запланирован,2022-01-01,2023-03-01,False
1303,строится,2023-03-01,2025-01-01,False
1303,введён,2025-01-01,,True
1304,запланирован,2022-04-01,2023-04-01,False
1304,строится,2023-04-01,2025-05-01,False
1304,введён,2025-05-01,,True
1305,запланирован,2016-12-01,2017-11-01,False
1305,строится,2017-11-01,2020-10-01,False
1305,введён,2020-10-01,,True
1306,запланирован,2027-09-01,,True
1307,запланирован,2025-03-01,2026-03-01,False
1307,строится,2026-03-01,,True
1308,запланирован,2022-04-01,2023-03-01,False
1308,строится,2023-03-01,2025-09-01,False
1308,введён,2025-09-01,,True
1309,запланирован,2027-11-01,,True
1310,запланирован,2018-07-01,2019-07-01,False
1310,строится,2019-07-01,2022-09-01,False
1310,введён,2022-09-01,,True
1311,запланирован,2023-11-01,2024-02-01,False
1311,строится,2024-02-01,2025-04-01,False
1311,введён,2025-04-01,,True
1312,запланирован,2026-01-01,2026-04-01,False
1312,строится,2026-04-01,,True
1313,запланирован,2027-01-01,,True
1314,запланирован,2019-11-01,2021-01-01,False
1314,строится,2021-01-01,2023-12-01,False
1314,введён,2023-12-01,,True
1315,запланирован,2022-02-01,2022-06-01,False
1315,строится,2022-06-01,2023-11-01,False
1315,введён,2023-11-01,,True
1316,запланирован,2022-04-01,2023-02-01,False
1316,строится,2023-02-01,2025-08-01,False
1316,введён,2025-08-01,,True
1317,запланирован,2026-02-01,,True
1318,запланирован,2016-10-01,2018-01-01,False
1318,строится,2018-01-01,2020-07-01,False
1318,введён,2020-07-01,,True
1319,запланирован,2019-02-01,2019-07-01,False
1319,строится,2019-07-01,2023-03-01,False
1319,введён,2023-03-01,,True
1320,запланирован,2023-01-01,2023-10-01,False
1320,строится,2023-10-01,,True
1321,запланирован,2025-10-01,2026-04-01,False
1321,строится,2026-04-01,,True
1322,запланирован,2019-03-01,2020-01-01,False
1322,строится,2020-01-01,2020-10-01,False
1322,введён,2020-10-01,,True
1323,запланирован,2028-06-01,,True
1324,запланирован,2029-06-01,,True
1325,запланирован,2023-02-01,2024-07-01,False
1325,строится,2024-07-01,2025-10-01,False
1325,введён,2025-10-01,,True
1326,запланирован,2029-03-01,,True
1327,запланирован,2020-08-01,2021-10-01,False
1327,строится,2021-10-01,2022-07-01,False
1327,введён,2022-07-01,,True
1328,запланирован,2015-08-01,2016-07-01,False
1328,строится,2016-07-01,2020-06-01,False
1328,введён,2020-06-01,,True
1329,запланирован,2016-05-01,2016-10-01,False
1329,строится,2016-10-01,2020-03-01,False
1329,введён,2020-03-01,,True
1330,запланирован,2021-10-01,2022-07-01,False
1330,строится,2022-07-01,2024-03-01,False
1330,введён,2024-03-01,,True
1331,запланирован,2022-10-01,2023-01-01,False
1331,строится,2023-01-01,2023-08-01,False
1331,введён,2023-08-01,,True
1332,запланирован,2019-02-01,2019-06-01,False
1332,строится,2019-06-01,2021-09-01,False
1332,введён,2021-09-01,,True
1333,запланирован,2019-02-01,2020-06-01,False
1333,строится,2020-06-01,2023-06-01,False
1333,введён,2023-06-01,,True
1334,запланирован,2028-11-01,,True
1335,запланирован,2017-09-01,2018-01-01,False
1335,строится,2018-01-01,2020-12-01,False
1335,введён,2020-12-01,,True
1336,запланирован,2025-08-01,,True
1337,запланирован,2029-12-01,,True
1338,запланирован,2027-10-01,,True
1339,запланирован,2023-01-01,2024-02-01,False
1339,строится,2024-02-01,,True
1340,запланирован,2022-09-01,2023-04-01,False
1340,строится,2023-04-01,2024-05-01,False
1340,введён,2024-05-01,,True
1341,запланирован,2021-11-01,2022-03-01,False
1341,строится,2022-03-01,2024-10-01,False
1341,введён,2024-10-01,,True
1342,запланирован,2027-04-01,,True
1343,запланирован,2023-03-01,2024-08-01,False
1343,строится,2024-08-01,,True
1344,запланирован,2026-02-01,,True
1345,запланирован,2029-01-01,,True
1346,запланирован,2023-10-01,2024-02-01,False
1346,строится,2024-02-01,2025-12-01,False
1346,введён,2025-12-01,,True
1347,запланирован,2028-03-01,,True
1348,запланирован,2021-03-01,2022-07-01,False
1348,строится,2022-07-01,2023-06-01,False
1348,введён,2023-06-01,,True
1349,запланирован,2017-11-01,2019-02-01,False
1349,строится,2019-02-01,2022-11-01,False
1349,введён,2022-11-01,,True
1350,запланирован,2018-03-01,2019-06-01,False
1350,строится,2019-06-01,2020-11-01,False
1350,введён,2020-11-01,,True
1351,запланирован,2019-07-01,2020-04-01,False
1351,строится,2020-04-01,2021-03-01,False
1351,введён,2021-03-01,,True
1352,запланирован,2022-07-01,2023-10-01,False
1352,строится,2023-10-01,2024-09-01,False
1352,введён,2024-09-01,,True
1353,запланирован,2018-01-01,2019-01-01,False
1353,строится,2019-01-01,2020-06-01,False
1353,введён,2020-06-01,,True
1354,запланирован,2021-10-01,2022-08-01,False
1354,строится,2022-08-01,2024-10-01,False
1354,введён,2024-10-01,,True
1355,запланирован,2019-06-01,2020-06-01,False
1355,строится,2020-06-01,2023-05-01,False
1355,введён,2023-05-01,,True
1356,запланирован,2026-07-01,,True
1357,запланирован,2028-05-01,,True
1358,запланирован,2018-03-01,2018-09-01,False
1358,строится,2018-09-01,2019-10-01,False
1358,введён,2019-10-01,,True
1359,запланирован,2018-09-01,2019-02-01,False
1359,строится,2019-02-01,2023-01-01,False
1359,введён,2023-01-01,,True
1360,запланирован,2017-08-01,2018-10-01,False
1360,строится,2018-10-01,2019-10-01,False
1360,введён,2019-10-01,,True
1361,запланирован,2019-03-01,2020-05-01,False
1361,строится,2020-05-01,2022-03-01,False
1361,введён,2022-03-01,,True
1362,запланирован,2018-06-01,2018-12-01,False
1362,строится,2018-12-01,2020-01-01,False
1362,введён,2020-01-01,,True
1363,запланирован,2023-02-01,2024-06-01,False
1363,строится,2024-06-01,2025-07-01,False
1363,введён,2025-07-01,,True
1364,запланирован,2023-06-01,2024-03-01,False
1364,строится,2024-03-01,2024-12-01,False
1364,введён,2024-12-01,,True
1365,запланирован,2021-02-01,2022-02-01,False
1365,строится,2022-02-01,2023-10-01,False
1365,введён,2023-10-01,,True
1366,запланирован,2026-05-01,2026-08-01,False
1366,строится,2026-08-01,,True
1367,запланирован,2027-03-01,,True
1368,запланирован,2022-11-01,2023-05-01,False
1368,строится,2023-05-01,,True
1369,запланирован,2021-08-01,2023-01-01,False
1369,строится,2023-01-01,2024-09-01,False
1369,введён,2024-09-01,,True
1370,запланирован,2021-11-01,2022-08-01,False
1370,строится,2022-08-01,2025-01-01,False
1370,введён,2025-01-01,,True
1371,запланирован,2021-08-01,2022-08-01,False
1371,строится,2022-08-01,2023-06-01,False
1371,введён,2023-06-01,,True
1372,запланирован,2019-07-01,2020-09-01,False
1372,строится,2020-09-01,2024-03-01,False
1372,введён,2024-03-01,,True
1373,запланирован,2026-12-01,,True
1374,запланирован,2017-08-01,2018-04-01,False
1374,строится,2018-04-01,2021-08-01,False
1374,введён,2021-08-01,,True
1375,запланирован,2023-02-01,2024-07-01,False
1375,строится,2024-07-01,,True
1376,запланирован,2028-06-01,,True
1377,запланирован,2025-03-01,2025-08-01,False
1377,строится,2025-08-01,2026-04-01,False
1377,введён,2026-04-01,,True
1378,запланирован,2021-04-01,2022-09-01,False
1378,строится,2022-09-01,2025-01-01,False
1378,введён,2025-01-01,,True
1379,запланирован,2029-01-01,,True
1380,запланирован,2020-01-01,2021-06-01,False
1380,строится,2021-06-01,2023-02-01,False
1380,введён,2023-02-01,,True
1381,запланирован,2016-10-01,2017-12-01,False
1381,строится,2017-12-01,2018-08-01,False
1381,введён,2018-08-01,,True
1382,запланирован,2020-05-01,2021-01-01,False
1382,строится,2021-01-01,2024-08-01,False
1382,введён,2024-08-01,,True
1383,запланирован,2019-05-01,2020-01-01,False
1383,строится,2020-01-01,2022-06-01,False
1383,введён,2022-06-01,,True
1384,запланирован,2019-09-01,2020-04-01,False
1384,строится,2020-04-01,2021-01-01,False
1384,введён,2021-01-01,,True
1385,запланирован,2026-12-01,,True
1386,запланирован,2018-10-01,2019-11-01,False
1386,строится,2019-11-01,2022-08-01,False
1386,введён,2022-08-01,,True
1387,запланирован,2023-10-01,2024-07-01,False
1387,строится,2024-07-01,2026-01-01,False
1387,введён,2026-01-01,,True
1388,запланирован,2018-12-01,2020-03-01,False
1388,строится,2020-03-01,2023-05-01,False
1388,введён,2023-05-01,,True
1389,запланирован,2016-02-01,2017-03-01,False
1389,строится,2017-03-01,2020-06-01,False
1389,введён,2020-06-01,,True
1390,запланирован,2021-07-01,2022-03-01,False
1390,строится,2022-03-01,2024-10-01,False
1390,введён,2024-10-01,,True
1391,запланирован,2015-05-01,2016-08-01,False
1391,строится,2016-08-01,2020-04-01,False
1391,введён,2020-04-01,,True
1392,запланирован,2025-04-01,2025-08-01,False
1392,строится,2025-08-01,,True
1393,запланирован,2023-02-01,2023-12-01,False
1393,строится,2023-12-01,2026-02-01,False
1393,введён,2026-02-01,,True
1394,запланирован,2022-04-01,2023-04-01,False
1394,строится,2023-04-01,2024-09-01,False
1394,введён,2024-09-01,,True
1395,запланирован,2018-12-01,2019-03-01,False
1395,строится,2019-03-01,2021-09-01,False
1395,введён,2021-09-01,,True
1396,запланирован,2018-09-01,2019-11-01,False
1396,строится,2019-11-01,2021-06-01,False
1396,введён,2021-06-01,,True
1397,запланирован,2024-03-01,2025-01-01,False
1397,строится,2025-01-01,,True
1398,запланирован,2016-11-01,2017-09-01,False
1398,строится,2017-09-01,2021-06-01,False
1398,введён,2021-06-01,,True
1399,запланирован,2017-03-01,2018-07-01,False
1399,строится,2018-07-01,2019-01-01,False
1399,введён,2019-01-01,,True
1400,запланирован,2026-11-01,,True
1401,запланирован,2019-11-01,2021-03-01,False
1401,строится,2021-03-01,2022-11-01,False
1401,введён,2022-11-01,,True
1402,запланирован,2025-01-01,2026-06-01,False
1402,строится,2026-06-01,,True
1403,запланирован,2026-06-01,,True
1404,запланирован,2029-06-01,,True
1405,запланирован,2025-09-01,,True
1406,запланирован,2024-12-01,2025-10-01,False
1406,строится,2025-10-01,,True
1407,запланирован,2019-04-01,2019-11-01,False
1407,строится,2019-11-01,2023-05-01,False
1407,введён,2023-05-01,,True
1408,запланирован,2020-04-01,2020-11-01,False
1408,строится,2020-11-01,2022-01-01,False
1408,введён,2022-01-01,,True
1409,запланирован,2027-04-01,,True
1410,запланирован,2025-02-01,2025-08-01,False
1410,строится,2025-08-01,,True
1411,запланирован,2025-01-01,2025-10-01,False
1411,строится,2025-10-01,,True
1412,запланирован,2025-02-01,2026-06-01,False
1412,строится,2026-06-01,,True
1413,запланирован,2021-04-01,2022-01-01,False
1413,строится,2022-01-01,2023-12-01,False
1413,введён,2023-12-01,,True
1414,запланирован,2025-05-01,,True
1415,запланирован,2026-02-01,,True
1416,запланирован,2023-08-01,2024-02-01,False
1416,строится,2024-02-01,2026-05-01,False
1416,введён,2026-05-01,,True
1417,запланирован,2022-12-01,2023-08-01,False
1417,строится,2023-08-01,2026-03-01,False
1417,введён,2026-03-01,,True
1418,запланирован,2026-03-01,,True
1419,запланирован,2026-02-01,,True
1420,запланирован,2027-07-01,,True
1421,запланирован,2024-03-01,2024-08-01,False
1421,строится,2024-08-01,,True
1422,запланирован,2016-03-01,2017-02-01,False
1422,строится,2017-02-01,2018-12-01,False
1422,введён,2018-12-01,,True
1423,запланирован,2018-11-01,2019-06-01,False
1423,строится,2019-06-01,2023-03-01,False
1423,введён,2023-03-01,,True
1424,запланирован,2023-12-01,2024-07-01,False
1424,строится,2024-07-01,2025-08-01,False
1424,введён,2025-08-01,,True
1425,запланирован,2023-04-01,2024-02-01,False
1425,строится,2024-02-01,2026-01-01,False
1425,введён,2026-01-01,,True
1426,запланирован,2021-04-01,2021-10-01,False
1426,строится,2021-10-01,2025-02-01,False
1426,введён,2025-02-01,,True
1427,запланирован,2021-11-01,2022-04-01,False
1427,строится,2022-04-01,2023-04-01,False
1427,введён,2023-04-01,,True
1428,запланирован,2017-01-01,2018-05-01,False
1428,строится,2018-05-01,2019-03-01,False
1428,введён,2019-03-01,,True
1429,запланирован,2020-06-01,2021-01-01,False
1429,строится,2021-01-01,2022-08-01,False
1429,введён,2022-08-01,,True
1430,запланирован,2028-03-01,,True
1431,запланирован,2029-02-01,,True
1432,запланирован,2017-09-01,2019-01-01,False
1432,строится,2019-01-01,2020-02-01,False
1432,введён,2020-02-01,,True
1433,запланирован,2020-07-01,2021-03-01,False
1433,строится,2021-03-01,2024-01-01,False
1433,введён,2024-01-01,,True
1434,запланирован,2017-08-01,2018-01-01,False
1434,строится,2018-01-01,2020-04-01,False
1434,введён,2020-04-01,,True
1435,запланирован,2020-12-01,2021-04-01,False
1435,строится,2021-04-01,2023-01-01,False
1435,введён,2023-01-01,,True
1436,запланирован,2018-03-01,2019-02-01,False
1436,строится,2019-02-01,2021-10-01,False
1436,введён,2021-10-01,,True
1437,запланирован,2019-06-01,2020-06-01,False
1437,строится,2020-06-01,2021-04-01,False
1437,введён,2021-04-01,,True
1438,запланирован,2021-09-01,2022-07-01,False
1438,строится,2022-07-01,2023-07-01,False
1438,введён,2023-07-01,,True
1439,запланирован,2020-09-01,2021-12-01,False
1439,строится,2021-12-01,2023-07-01,False
1439,введён,2023-07-01,,True
1440,запланирован,2016-04-01,2017-09-01,False
1440,строится,2017-09-01,2020-11-01,False
1440,введён,2020-11-01,,True
1441,запланирован,2015-01-01,2015-12-01,False
1441,строится,2015-12-01,2019-10-01,False
1441,введён,2019-10-01,,True
1442,запланирован,2020-10-01,2021-01-01,False
1442,строится,2021-01-01,2022-11-01,False
1442,введён,2022-11-01,,True
1443,запланирован,2016-12-01,2017-09-01,False
1443,строится,2017-09-01,2019-07-01,False
1443,введён,2019-07-01,,True
1444,запланирован,2021-06-01,2021-10-01,False
1444,строится,2021-10-01,2022-05-01,False
1444,введён,2022-05-01,,True
1445,запланирован,2021-11-01,2022-02-01,False
1445,строится,2022-02-01,2025-10-01,False
1445,введён,2025-10-01,,True
1446,запланирован,2020-10-01,2021-10-01,False
1446,строится,2021-10-01,2024-02-01,False
1446,введён,2024-02-01,,True
1447,запланирован,2020-09-01,2021-02-01,False
1447,строится,2021-02-01,2024-03-01,False
1447,введён,2024-03-01,,True
1448,запланирован,2026-03-01,,True
1449,запланирован,2022-03-01,2022-10-01,False
1449,строится,2022-10-01,2026-08-01,False
1449,введён,2026-08-01,,True
1450,запланирован,2017-08-01,2018-08-01,False
1450,строится,2018-08-01,2021-02-01,False
1450,введён,2021-02-01,,True
1451,запланирован,2017-09-01,2018-04-01,False
1451,строится,2018-04-01,2019-12-01,False
1451,введён,2019-12-01,,True
1452,запланирован,2024-08-01,2025-06-01,False
1452,строится,2025-06-01,,True
1453,запланирован,2022-11-01,2023-09-01,False
1453,строится,2023-09-01,,True
1454,запланирован,2021-11-01,2022-10-01,False
1454,строится,2022-10-01,2025-06-01,False
1454,введён,2025-06-01,,True
1455,запланирован,2017-11-01,2019-02-01,False
1455,строится,2019-02-01,2021-06-01,False
1455,введён,2021-06-01,,True
1456,запланирован,2025-10-01,2026-08-01,False
1456,строится,2026-08-01,,True
1457,запланирован,2023-06-01,2023-12-01,False
1457,строится,2023-12-01,,True
1458,запланирован,2028-12-01,,True
1459,запланирован,2026-11-01,,True
1460,запланирован,2019-02-01,2019-06-01,False
1460,строится,2019-06-01,2020-03-01,False
1460,введён,2020-03-01,,True
1461,запланирован,2025-11-01,2026-04-01,False
1461,строится,2026-04-01,,True
1462,запланирован,2017-03-01,2017-11-01,False
1462,строится,2017-11-01,2020-07-01,False
1462,введён,2020-07-01,,True
1463,запланирован,2017-11-01,2018-06-01,False
1463,строится,2018-06-01,2022-01-01,False
1463,введён,2022-01-01,,True
1464,запланирован,2020-08-01,2020-11-01,False
1464,строится,2020-11-01,2023-03-01,False
1464,введён,2023-03-01,,True
1465,запланирован,2016-03-01,2016-10-01,False
1465,строится,2016-10-01,2020-08-01,False
1465,введён,2020-08-01,,True
1466,запланирован,2020-07-01,2021-03-01,False
1466,строится,2021-03-01,2024-02-01,False
1466,введён,2024-02-01,,True
1467,запланирован,2021-08-01,2022-02-01,False
1467,строится,2022-02-01,2023-04-01,False
1467,введён,2023-04-01,,True
1468,запланирован,2019-05-01,2020-02-01,False
1468,строится,2020-02-01,2021-08-01,False
1468,введён,2021-08-01,,True
1469,запланирован,2026-11-01,,True
1470,запланирован,2021-03-01,2022-05-01,False
1470,строится,2022-05-01,2023-05-01,False
1470,введён,2023-05-01,,True
1471,запланирован,2023-02-01,2024-06-01,False
1471,строится,2024-06-01,,True
1472,запланирован,2026-12-01,,True
1473,запланирован,2024-01-01,2024-04-01,False
1473,строится,2024-04-01,,True
1474,запланирован,2027-10-01,,True
1475,запланирован,2024-12-01,2025-08-01,False
1475,строится,2025-08-01,,True
1476,запланирован,2027-06-01,,True
1477,запланирован,2022-08-01,2022-11-01,False
1477,строится,2022-11-01,2025-07-01,False
1477,введён,2025-07-01,,True
1478,запланирован,2025-08-01,2026-06-01,False
1478,строится,2026-06-01,,True
1479,запланирован,2023-06-01,2023-09-01,False
1479,строится,2023-09-01,2026-03-01,False
1479,введён,2026-03-01,,True
1480,запланирован,2021-02-01,2021-09-01,False
1480,строится,2021-09-01,2023-10-01,False
1480,введён,2023-10-01,,True
1481,запланирован,2020-09-01,2021-04-01,False
1481,строится,2021-04-01,2024-06-01,False
1481,введён,2024-06-01,,True
1482,запланирован,2024-10-01,2026-01-01,False
1482,строится,2026-01-01,,True
1483,запланирован,2023-08-01,2024-03-01,False
1483,строится,2024-03-01,2025-11-01,False
1483,введён,2025-11-01,,True
1484,запланирован,2025-09-01,2025-12-01,False
1484,строится,2025-12-01,,True
1485,запланирован,2018-04-01,2018-09-01,False
1485,строится,2018-09-01,2022-08-01,False
1485,введён,2022-08-01,,True
1486,запланирован,2017-07-01,2017-12-01,False
1486,строится,2017-12-01,2021-05-01,False
1486,введён,2021-05-01,,True
1487,запланирован,2026-06-01,,True
1488,запланирован,2021-12-01,2023-03-01,False
1488,строится,2023-03-01,2023-12-01,False
1488,введён,2023-12-01,,True
1489,запланирован,2022-08-01,2023-05-01,False
1489,строится,2023-05-01,2026-07-01,False
1489,введён,2026-07-01,,True
1490,запланирован,2022-12-01,2023-03-01,False
1490,строится,2023-03-01,2026-08-01,False
1490,введён,2026-08-01,,True
1491,запланирован,2026-12-01,,True
1492,запланирован,2022-09-01,2023-08-01,False
1492,строится,2023-08-01,2026-02-01,False
1492,введён,2026-02-01,,True
1493,запланирован,2018-05-01,2019-05-01,False
1493,строится,2019-05-01,2022-05-01,False
1493,введён,2022-05-01,,True
1494,запланирован,2021-04-01,2021-10-01,False
1494,строится,2021-10-01,2022-07-01,False
1494,введён,2022-07-01,,True
1495,запланирован,2025-07-01,2026-08-01,False
1495,строится,2026-08-01,,True
1496,запланирован,2022-09-01,2023-09-01,False
1496,строится,2023-09-01,2025-08-01,False
1496,введён,2025-08-01,,True
1497,запланирован,2020-05-01,2021-05-01,False
1497,строится,2021-05-01,2022-09-01,False
1497,введён,2022-09-01,,True
1498,запланирован,2017-01-01,2017-07-01,False
1498,строится,2017-07-01,2019-11-01,False
1498,введён,2019-11-01,,True
1499,запланирован,2022-05-01,2022-08-01,False
1499,строится,2022-08-01,2024-01-01,False
1499,введён,2024-01-01,,True
1500,запланирован,2017-05-01,2018-10-01,False
1500,строится,2018-10-01,2021-07-01,False
1500,введён,2021-07-01,,True
1501,запланирован,2026-01-01,,True
1502,запланирован,2027-02-01,,True
1503,запланирован,2021-01-01,2021-05-01,False
1503,строится,2021-05-01,2022-11-01,False
1503,введён,2022-11-01,,True
1504,запланирован,2025-05-01,2026-04-01,False
1504,строится,2026-04-01,,True
1505,запланирован,2026-05-01,,True
1506,запланирован,2019-10-01,2020-04-01,False
1506,строится,2020-04-01,2024-01-01,False
1506,введён,2024-01-01,,True
1507,запланирован,2018-05-01,2018-09-01,False
1507,строится,2018-09-01,2020-05-01,False
1507,введён,2020-05-01,,True
1508,запланирован,2022-11-01,2023-10-01,False
1508,строится,2023-10-01,2026-08-01,False
1508,введён,2026-08-01,,True
1509,запланирован,2026-08-01,,True
1510,запланирован,2018-07-01,2018-12-01,False
1510,строится,2018-12-01,2020-02-01,False
1510,введён,2020-02-01,,True
1511,запланирован,2020-07-01,2021-03-01,False
1511,строится,2021-03-01,2023-07-01,False
1511,введён,2023-07-01,,True
1512,запланирован,2018-09-01,2019-07-01,False
1512,строится,2019-07-01,2023-04-01,False
1512,введён,2023-04-01,,True
1513,запланирован,2022-07-01,2023-02-01,False
1513,строится,2023-02-01,,True
1514,запланирован,2018-07-01,2019-03-01,False
1514,строится,2019-03-01,2020-08-01,False
1514,введён,2020-08-01,,True
1515,запланирован,2023-03-01,2024-01-01,False
1515,строится,2024-01-01,,True
1516,запланирован,2018-12-01,2020-03-01,False
1516,строится,2020-03-01,2024-01-01,False
1516,введён,2024-01-01,,True
1517,запланирован,2019-07-01,2020-08-01,False
1517,строится,2020-08-01,2024-03-01,False
1517,введён,2024-03-01,,True
1518,запланирован,2026-02-01,,True
1519,запланирован,2019-11-01,2020-11-01,False
1519,строится,2020-11-01,2022-05-01,False
1519,введён,2022-05-01,,True
1520,запланирован,2021-09-01,2023-02-01,False
1520,строится,2023-02-01,2024-12-01,False
1520,введён,2024-12-01,,True
1521,запланирован,2020-09-01,2021-03-01,False
1521,строится,2021-03-01,2023-02-01,False
1521,введён,2023-02-01,,True
1522,запланирован,2027-08-01,,True
1523,запланирован,2026-10-01,,True
1524,запланирован,2023-09-01,2025-02-01,False
1524,строится,2025-02-01,,True
1525,запланирован,2025-05-01,2025-08-01,False
1525,строится,2025-08-01,,True
1526,запланирован,2021-12-01,2022-03-01,False
1526,строится,2022-03-01,2023-02-01,False
1526,введён,2023-02-01,,True
1527,запланирован,2028-07-01,,True
1528,запланирован,2015-02-01,2016-07-01,False
1528,строится,2016-07-01,2020-03-01,False
1528,введён,2020-03-01,,True
1529,запланирован,2017-11-01,2019-01-01,False
1529,строится,2019-01-01,2022-06-01,False
1529,введён,2022-06-01,,True
1530,запланирован,2018-03-01,2018-12-01,False
1530,строится,2018-12-01,2020-11-01,False
1530,введён,2020-11-01,,True
1531,запланирован,2017-07-01,2018-06-01,False
1531,строится,2018-06-01,2021-10-01,False
1531,введён,2021-10-01,,True
1532,запланирован,2028-07-01,,True
1533,запланирован,2015-07-01,2016-01-01,False
1533,строится,2016-01-01,2019-11-01,False
1533,введён,2019-11-01,,True
1534,запланирован,2017-07-01,2018-11-01,False
1534,строится,2018-11-01,2020-07-01,False
1534,введён,2020-07-01,,True
1535,запланирован,2020-07-01,2021-02-01,False
1535,строится,2021-02-01,2022-11-01,False
1535,введён,2022-11-01,,True
1536,запланирован,2024-07-01,2025-03-01,False
1536,строится,2025-03-01,2026-05-01,False
1536,введён,2026-05-01,,True
1537,запланирован,2018-08-01,2019-10-01,False
1537,строится,2019-10-01,2020-11-01,False
1537,введён,2020-11-01,,True
1538,запланирован,2026-07-01,,True
1539,запланирован,2019-09-01,2020-02-01,False
1539,строится,2020-02-01,2020-10-01,False
1539,введён,2020-10-01,,True
1540,запланирован,2024-09-01,2026-01-01,False
1540,строится,2026-01-01,,True
1541,запланирован,2017-11-01,2018-07-01,False
1541,строится,2018-07-01,2019-01-01,False
1541,введён,2019-01-01,,True
1542,запланирован,2019-06-01,2020-05-01,False
1542,строится,2020-05-01,2023-03-01,False
1542,введён,2023-03-01,,True
1543,запланирован,2021-02-01,2021-12-01,False
1543,строится,2021-12-01,2023-01-01,False
1543,введён,2023-01-01,,True
1544,запланирован,2025-08-01,2026-07-01,False
1544,строится,2026-07-01,,True
1545,запланирован,2024-08-01,2025-02-01,False
1545,строится,2025-02-01,2025-08-01,False
1545,введён,2025-08-01,,True
1546,запланирован,2018-11-01,2019-08-01,False
1546,строится,2019-08-01,2020-05-01,False
1546,введён,2020-05-01,,True
1547,запланирован,2026-02-01,2026-05-01,False
1547,строится,2026-05-01,,True
1548,запланирован,2023-01-01,2024-06-01,False
1548,строится,2024-06-01,,True
1549,запланирован,2020-07-01,2021-04-01,False
1549,строится,2021-04-01,2022-03-01,False
1549,введён,2022-03-01,,True
1550,запланирован,2022-03-01,2023-06-01,False
1550,строится,2023-06-01,2025-06-01,False
1550,введён,2025-06-01,,True
1551,запланирован,2023-06-01,2024-06-01,False
1551,строится,2024-06-01,,True
1552,запланирован,2026-08-01,,True
1553,запланирован,2019-12-01,2020-03-01,False
1553,строится,2020-03-01,2022-12-01,False
1553,введён,2022-12-01,,True
1554,запланирован,2020-07-01,2021-01-01,False
1554,строится,2021-01-01,2024-05-01,False
1554,введён,2024-05-01,,True
1555,запланирован,2022-07-01,2023-05-01,False
1555,строится,2023-05-01,2024-10-01,False
1555,введён,2024-10-01,,True
1556,запланирован,2020-01-01,2021-03-01,False
1556,строится,2021-03-01,2024-03-01,False
1556,введён,2024-03-01,,True
1557,запланирован,2020-04-01,2020-11-01,False
1557,строится,2020-11-01,2022-01-01,False
1557,введён,2022-01-01,,True
1558,запланирован,2015-11-01,2017-02-01,False
1558,строится,2017-02-01,2020-11-01,False
1558,введён,2020-11-01,,True
1559,запланирован,2026-10-01,,True
1560,запланирован,2017-04-01,2017-09-01,False
1560,строится,2017-09-01,2021-04-01,False
1560,введён,2021-04-01,,True
1561,запланирован,2027-04-01,,True
1562,запланирован,2022-01-01,2023-04-01,False
1562,строится,2023-04-01,2026-06-01,False
1562,введён,2026-06-01,,True
1563,запланирован,2024-02-01,2024-08-01,False
1563,строится,2024-08-01,,True
1564,запланирован,2017-05-01,2017-10-01,False
1564,строится,2017-10-01,2020-11-01,False
1564,введён,2020-11-01,,True
1565,запланирован,2027-10-01,,True
1566,запланирован,2017-10-01,2018-05-01,False
1566,строится,2018-05-01,2020-11-01,False
1566,введён,2020-11-01,,True
1567,запланирован,2022-03-01,2022-10-01,False
1567,строится,2022-10-01,2023-11-01,False
1567,введён,2023-11-01,,True
1568,запланирован,2021-05-01,2022-10-01,False
1568,строится,2022-10-01,2024-08-01,False
1568,введён,2024-08-01,,True
1569,запланирован,2017-09-01,2018-07-01,False
1569,строится,2018-07-01,2020-09-01,False
1569,введён,2020-09-01,,True
1570,запланирован,2017-02-01,2018-01-01,False
1570,строится,2018-01-01,2020-08-01,False
1570,введён,2020-08-01,,True
1571,запланирован,2029-06-01,,True
1572,запланирован,2022-01-01,2023-03-01,False
1572,строится,2023-03-01,,True
1573,запланирован,2022-07-01,2023-05-01,False
1573,строится,2023-05-01,2025-01-01,False
1573,введён,2025-01-01,,True
1574,запланирован,2018-09-01,2019-05-01,False
1574,строится,2019-05-01,2021-01-01,False
1574,введён,2021-01-01,,True
1575,запланирован,2023-09-01,2024-12-01,False
1575,строится,2024-12-01,,True
1576,запланирован,2019-10-01,2021-01-01,False
1576,строится,2021-01-01,2021-07-01,False
1576,введён,2021-07-01,,True
1577,запланирован,2020-05-01,2020-09-01,False
1577,строится,2020-09-01,2021-12-01,False
1577,введён,2021-12-01,,True
1578,запланирован,2020-09-01,2021-06-01,False
1578,строится,2021-06-01,2022-10-01,False
1578,введён,2022-10-01,,True
1579,запланирован,2019-02-01,2020-01-01,False
1579,строится,2020-01-01,2020-12-01,False
1579,введён,2020-12-01,,True
1580,запланирован,2023-02-01,2023-10-01,False
1580,строится,2023-10-01,,True
1581,запланирован,2028-07-01,,True
1582,запланирован,2029-04-01,,True
1583,запланирован,2029-02-01,,True
1584,запланирован,2022-01-01,2022-04-01,False
1584,строится,2022-04-01,2025-04-01,False
1584,введён,2025-04-01,,True
1585,запланирован,2025-02-01,2025-11-01,False
1585,строится,2025-11-01,,True
1586,запланирован,2026-06-01,,True
1587,запланирован,2024-05-01,2024-10-01,False
1587,строится,2024-10-01,2026-04-01,False
1587,введён,2026-04-01,,True
1588,запланирован,2020-08-01,2021-03-01,False
1588,строится,2021-03-01,2022-02-01,False
1588,введён,2022-02-01,,True
1589,запланирован,2025-11-01,,True
1590,запланирован,2022-07-01,2023-11-01,False
1590,строится,2023-11-01,2026-05-01,False
1590,введён,2026-05-01,,True
1591,запланирован,2027-12-01,,True
1592,запланирован,2022-09-01,2023-09-01,False
1592,строится,2023-09-01,2026-05-01,False
1592,введён,2026-05-01,,True
1593,запланирован,2023-11-01,2024-05-01,False
1593,строится,2024-05-01,,True
1594,запланирован,2020-03-01,2020-11-01,False
1594,строится,2020-11-01,2022-08-01,False
1594,введён,2022-08-01,,True
1595,запланирован,2020-09-01,2021-04-01,False
1595,строится,2021-04-01,2024-02-01,False
1595,введён,2024-02-01,,True
1596,запланирован,2021-04-01,2021-11-01,False
1596,строится,2021-11-01,2023-07-01,False
1596,введён,2023-07-01,,True
1597,запланирован,2017-11-01,2019-03-01,False
1597,строится,2019-03-01,2022-01-01,False
1597,введён,2022-01-01,,True
1598,запланирован,2027-06-01,,True
1599,запланирован,2025-06-01,2026-08-01,False
1599,строится,2026-08-01,,True
1600,запланирован,2020-06-01,2021-07-01,False
1600,строится,2021-07-01,2025-03-01,False
1600,введён,2025-03-01,,True
1601,запланирован,2025-02-01,2026-03-01,False
1601,строится,2026-03-01,,True
1602,запланирован,2026-01-01,2026-07-01,False
1602,строится,2026-07-01,,True
1603,запланирован,2017-07-01,2018-06-01,False
1603,строится,2018-06-01,2019-02-01,False
1603,введён,2019-02-01,,True
1604,запланирован,2027-04-01,,True
1605,запланирован,2019-10-01,2020-12-01,False
1605,строится,2020-12-01,2023-09-01,False
1605,введён,2023-09-01,,True
1606,запланирован,2026-10-01,,True
1607,запланирован,2026-06-01,,True
1608,запланирован,2024-01-01,2024-12-01,False
1608,строится,2024-12-01,,True
1609,запланирован,2024-04-01,2025-06-01,False
1609,строится,2025-06-01,,True
1610,запланирован,2023-06-01,2023-10-01,False
1610,строится,2023-10-01,,True
1611,запланирован,2021-09-01,2022-06-01,False
1611,строится,2022-06-01,2024-07-01,False
1611,введён,2024-07-01,,True
1612,запланирован,2021-05-01,2022-10-01,False
1612,строится,2022-10-01,2024-12-01,False
1612,введён,2024-12-01,,True
1613,запланирован,2018-07-01,2019-04-01,False
1613,строится,2019-04-01,2020-02-01,False
1613,введён,2020-02-01,,True
1614,запланирован,2026-03-01,,True
1615,запланирован,2023-12-01,2024-03-01,False
1615,строится,2024-03-01,,True
1616,запланирован,2029-11-01,,True
1617,запланирован,2024-04-01,2025-06-01,False
1617,строится,2025-06-01,2026-02-01,False
1617,введён,2026-02-01,,True
1618,запланирован,2022-02-01,2023-04-01,False
1618,строится,2023-04-01,2025-04-01,False
1618,введён,2025-04-01,,True
1619,запланирован,2024-12-01,2026-05-01,False
1619,строится,2026-05-01,,True
1620,запланирован,2020-04-01,2020-08-01,False
1620,строится,2020-08-01,2023-11-01,False
1620,введён,2023-11-01,,True
1621,запланирован,2026-10-01,,True
1622,запланирован,2020-03-01,2021-02-01,False
1622,строится,2021-02-01,2024-03-01,False
1622,введён,2024-03-01,,True
1623,запланирован,2027-12-01,,True
1624,запланирован,2021-07-01,2022-11-01,False
1624,строится,2022-11-01,2024-04-01,False
1624,введён,2024-04-01,,True
1625,запланирован,2027-05-01,,True
1626,запланирован,2024-06-01,2024-12-01,False
1626,строится,2024-12-01,2026-04-01,False
1626,введён,2026-04-01,,True
1627,запланирован,2025-02-01,2026-02-01,False
1627,строится,2026-02-01,,True
1628,запланирован,2018-12-01,2019-03-01,False
1628,строится,2019-03-01,2022-12-01,False
1628,введён,2022-12-01,,True
1629,запланирован,2026-11-01,,True
1630,запланирован,2015-06-01,2016-06-01,False
1630,строится,2016-06-01,2020-01-01,False
1630,введён,2020-01-01,,True
1631,запланирован,2018-01-01,2018-05-01,False
1631,строится,2018-05-01,2019-11-01,False
1631,введён,2019-11-01,,True
1632,запланирован,2024-12-01,2025-03-01,False
1632,строится,2025-03-01,,True
1633,запланирован,2026-03-01,,True
1634,запланирован,2018-04-01,2018-07-01,False
1634,строится,2018-07-01,2019-08-01,False
1634,введён,2019-08-01,,True
1635,запланирован,2021-12-01,2023-04-01,False
1635,строится,2023-04-01,2025-12-01,False
1635,введён,2025-12-01,,True
1636,запланирован,2021-06-01,2022-02-01,False
1636,строится,2022-02-01,2023-02-01,False
1636,введён,2023-02-01,,True
1637,запланирован,2018-07-01,2019-04-01,False
1637,строится,2019-04-01,2022-05-01,False
1637,введён,2022-05-01,,True
1638,запланирован,2023-05-01,2024-08-01,False
1638,строится,2024-08-01,,True
1639,запланирован,2017-08-01,2019-01-01,False
1639,строится,2019-01-01,2020-08-01,False
1639,введён,2020-08-01,,True
1640,запланирован,2019-03-01,2020-02-01,False
1640,строится,2020-02-01,2023-09-01,False
1640,введён,2023-09-01,,True
1641,запланирован,2023-12-01,2024-12-01,False
1641,строится,2024-12-01,2026-01-01,False
1641,введён,2026-01-01,,True
1642,запланирован,2024-11-01,2025-12-01,False
1642,строится,2025-12-01,,True
1643,запланирован,2014-11-01,2015-05-01,False
1643,строится,2015-05-01,2019-01-01,False
1643,введён,2019-01-01,,True
1644,запланирован,2024-04-01,2025-06-01,False
1644,строится,2025-06-01,2026-04-01,False
1644,введён,2026-04-01,,True
1645,запланирован,2024-08-01,2025-03-01,False
1645,строится,2025-03-01,,True
1646,запланирован,2022-07-01,2023-02-01,False
1646,строится,2023-02-01,,True
1647,запланирован,2028-04-01,,True
1648,запланирован,2018-06-01,2018-10-01,False
1648,строится,2018-10-01,2020-08-01,False
1648,введён,2020-08-01,,True
1649,запланирован,2023-04-01,2024-01-01,False
1649,строится,2024-01-01,2025-09-01,False
1649,введён,2025-09-01,,True
1650,запланирован,2015-03-01,2016-04-01,False
1650,строится,2016-04-01,2019-10-01,False
1650,введён,2019-10-01,,True
1651,запланирован,2017-05-01,2017-12-01,False
1651,строится,2017-12-01,2020-06-01,False
1651,введён,2020-06-01,,True
1652,запланирован,2025-01-01,2026-02-01,False
1652,строится,2026-02-01,,True
1653,запланирован,2017-08-01,2018-12-01,False
1653,строится,2018-12-01,2019-09-01,False
1653,введён,2019-09-01,,True
1654,запланирован,2018-12-01,2020-04-01,False
1654,строится,2020-04-01,2023-07-01,False
1654,введён,2023-07-01,,True
1655,запланирован,2026-04-01,,True
1656,запланирован,2026-06-01,,True
1657,запланирован,2021-04-01,2022-02-01,False
1657,строится,2022-02-01,2023-06-01,False
1657,введён,2023-06-01,,True
1658,запланирован,2023-06-01,2024-02-01,False
1658,строится,2024-02-01,,True
1659,запланирован,2023-03-01,2024-08-01,False
1659,строится,2024-08-01,2025-07-01,False
1659,введён,2025-07-01,,True
1660,запланирован,2015-06-01,2015-11-01,False
1660,строится,2015-11-01,2019-05-01,False
1660,введён,2019-05-01,,True
1661,запланирован,2027-04-01,,True
1662,запланирован,2026-05-01,,True
1663,запланирован,2026-10-01,,True
1664,запланирован,2016-06-01,2016-10-01,False
1664,строится,2016-10-01,2020-04-01,False
1664,введён,2020-04-01,,True
1665,запланирован,2021-02-01,2022-04-01,False
1665,строится,2022-04-01,2024-02-01,False
1665,введён,2024-02-01,,True
1666,запланирован,2025-03-01,2026-01-01,False
1666,строится,2026-01-01,,True
1667,запланирован,2027-04-01,,True
1668,запланирован,2021-04-01,2022-09-01,False
1668,строится,2022-09-01,2025-09-01,False
1668,введён,2025-09-01,,True
1669,запланирован,2025-08-01,2026-07-01,False
1669,строится,2026-07-01,,True
1670,запланирован,2018-07-01,2019-03-01,False
1670,строится,2019-03-01,2021-03-01,False
1670,введён,2021-03-01,,True
1671,запланирован,2027-06-01,,True
1672,запланирован,2023-02-01,2024-01-01,False
1672,строится,2024-01-01,2024-09-01,False
1672,введён,2024-09-01,,True
1673,запланирован,2026-02-01,,True
1674,запланирован,2016-04-01,2017-06-01,False
1674,строится,2017-06-01,2020-01-01,False
1674,введён,2020-01-01,,True
1675,запланирован,2021-11-01,2022-05-01,False
1675,строится,2022-05-01,2024-05-01,False
1675,введён,2024-05-01,,True
1676,запланирован,2025-04-01,2026-01-01,False
1676,строится,2026-01-01,,True
1677,запланирован,2024-01-01,2025-06-01,False
1677,строится,2025-06-01,2026-01-01,False
1677,введён,2026-01-01,,True
1678,запланирован,2018-05-01,2018-10-01,False
1678,строится,2018-10-01,2021-03-01,False
1678,введён,2021-03-01,,True
1679,запланирован,2025-01-01,2025-10-01,False
1679,строится,2025-10-01,,True
1680,запланирован,2026-02-01,,True
1681,запланирован,2024-04-01,2024-09-01,False
1681,строится,2024-09-01,2026-03-01,False
1681,введён,2026-03-01,,True
1682,запланирован,2022-07-01,2023-07-01,False
1682,строится,2023-07-01,2026-07-01,False
1682,введён,2026-07-01,,True
1683,запланирован,2017-06-01,2018-06-01,False
1683,строится,2018-06-01,2021-12-01,False
1683,введён,2021-12-01,,True
1684,запланирован,2023-11-01,2024-10-01,False
1684,строится,2024-10-01,2026-06-01,False
1684,введён,2026-06-01,,True
1685,запланирован,2020-11-01,2022-02-01,False
1685,строится,2022-02-01,2026-01-01,False
1685,введён,2026-01-01,,True
1686,запланирован,2025-04-01,2026-02-01,False
1686,строится,2026-02-01,,True
1687,запланирован,2023-01-01,2024-02-01,False
1687,строится,2024-02-01,,True
1688,запланирован,2017-04-01,2017-12-01,False
1688,строится,2017-12-01,2019-09-01,False
1688,введён,2019-09-01,,True
1689,запланирован,2020-11-01,2021-08-01,False
1689,строится,2021-08-01,2022-09-01,False
1689,введён,2022-09-01,,True
1690,запланирован,2022-08-01,2024-01-01,False
1690,строится,2024-01-01,2024-10-01,False
1690,введён,2024-10-01,,True
1691,запланирован,2026-04-01,,True
1692,запланирован,2018-08-01,2018-12-01,False
1692,строится,2018-12-01,2022-04-01,False
1692,введён,2022-04-01,,True
1693,запланирован,2024-12-01,2025-05-01,False
1693,строится,2025-05-01,,True
1694,запланирован,2026-03-01,,True
1695,запланирован,2023-08-01,2024-11-01,False
1695,строится,2024-11-01,2026-01-01,False
1695,введён,2026-01-01,,True
1696,запланирован,2020-09-01,2021-01-01,False
1696,строится,2021-01-01,2022-08-01,False
1696,введён,2022-08-01,,True
1697,запланирован,2016-07-01,2017-12-01,False
1697,строится,2017-12-01,2020-04-01,False
1697,введён,2020-04-01,,True
1698,запланирован,2015-11-01,2016-09-01,False
1698,строится,2016-09-01,2020-04-01,False
1698,введён,2020-04-01,,True
1699,запланирован,2026-07-01,,True
1700,запланирован,2020-03-01,2020-06-01,False
1700,строится,2020-06-01,2021-10-01,False
1700,введён,2021-10-01,,True
1701,запланирован,2020-09-01,2021-07-01,False
1701,строится,2021-07-01,2022-02-01,False
1701,введён,2022-02-01,,True
1702,запланирован,2015-10-01,2016-09-01,False
1702,строится,2016-09-01,2019-07-01,False
1702,введён,2019-07-01,,True
1703,запланирован,2016-03-01,2017-02-01,False
1703,строится,2017-02-01,2019-11-01,False
1703,введён,2019-11-01,,True
1704,запланирован,2029-01-01,,True
1705,запланирован,2019-09-01,2020-01-01,False
1705,строится,2020-01-01,2020-11-01,False
1705,введён,2020-11-01,,True
1706,запланирован,2016-03-01,2016-12-01,False
1706,строится,2016-12-01,2018-07-01,False
1706,введён,2018-07-01,,True
1707,запланирован,2019-03-01,2020-05-01,False
1707,строится,2020-05-01,2021-06-01,False
1707,введён,2021-06-01,,True
1708,запланирован,2020-02-01,2021-07-01,False
1708,строится,2021-07-01,2022-10-01,False
1708,введён,2022-10-01,,True
1709,запланирован,2022-07-01,2023-12-01,False
1709,строится,2023-12-01,2024-06-01,False
1709,введён,2024-06-01,,True
1710,запланирован,2016-06-01,2017-09-01,False
1710,строится,2017-09-01,2020-05-01,False
1710,введён,2020-05-01,,True
1711,запланирован,2018-10-01,2019-12-01,False
1711,строится,2019-12-01,2022-05-01,False
1711,введён,2022-05-01,,True
1712,запланирован,2018-02-01,2018-11-01,False
1712,строится,2018-11-01,2020-05-01,False
1712,введён,2020-05-01,,True
1713,запланирован,2020-06-01,2021-06-01,False
1713,строится,2021-06-01,2024-01-01,False
1713,введён,2024-01-01,,True
1714,запланирован,2023-01-01,2023-04-01,False
1714,строится,2023-04-01,2026-06-01,False
1714,введён,2026-06-01,,True
1715,запланирован,2017-12-01,2019-02-01,False
1715,строится,2019-02-01,2020-06-01,False
1715,введён,2020-06-01,,True
1716,запланирован,2026-03-01,,True
1717,запланирован,2029-09-01,,True
1718,запланирован,2028-12-01,,True
1719,запланирован,2022-05-01,2023-08-01,False
1719,строится,2023-08-01,2025-01-01,False
1719,введён,2025-01-01,,True
1720,запланирован,2022-01-01,2023-02-01,False
1720,строится,2023-02-01,2026-06-01,False
1720,введён,2026-06-01,,True
1721,запланирован,2020-04-01,2021-03-01,False
1721,строится,2021-03-01,2023-11-01,False
1721,введён,2023-11-01,,True
1722,запланирован,2028-11-01,,True
1723,запланирован,2021-04-01,2022-06-01,False
1723,строится,2022-06-01,2024-09-01,False
1723,введён,2024-09-01,,True
1724,запланирован,2015-10-01,2016-06-01,False
1724,строится,2016-06-01,2019-11-01,False
1724,введён,2019-11-01,,True
1725,запланирован,2016-08-01,2017-10-01,False
1725,строится,2017-10-01,2020-11-01,False
1725,введён,2020-11-01,,True
1726,запланирован,2028-06-01,,True
1727,запланирован,2019-12-01,2021-03-01,False
1727,строится,2021-03-01,2023-05-01,False
1727,введён,2023-05-01,,True
1728,запланирован,2022-04-01,2022-11-01,False
1728,строится,2022-11-01,2025-02-01,False
1728,введён,2025-02-01,,True
1729,запланирован,2025-06-01,2026-04-01,False
1729,строится,2026-04-01,,True
1730,запланирован,2025-12-01,,True
1731,запланирован,2015-10-01,2016-08-01,False
1731,строится,2016-08-01,2020-03-01,False
1731,введён,2020-03-01,,True
1732,запланирован,2020-06-01,2021-10-01,False
1732,строится,2021-10-01,2025-02-01,False
1732,введён,2025-02-01,,True
1733,запланирован,2018-01-01,2019-03-01,False
1733,строится,2019-03-01,2020-05-01,False
1733,введён,2020-05-01,,True
1734,запланирован,2023-07-01,2024-05-01,False
1734,строится,2024-05-01,,True
1735,запланирован,2023-01-01,2024-03-01,False
1735,строится,2024-03-01,2024-12-01,False
1735,введён,2024-12-01,,True
1736,запланирован,2023-02-01,2024-06-01,False
1736,строится,2024-06-01,,True
1737,запланирован,2020-04-01,2021-04-01,False
1737,строится,2021-04-01,2022-11-01,False
1737,введён,2022-11-01,,True
1738,запланирован,2026-03-01,2026-08-01,False
1738,строится,2026-08-01,,True
1739,запланирован,2026-12-01,,True
1740,запланирован,2027-02-01,,True
1741,запланирован,2020-08-01,2021-12-01,False
1741,строится,2021-12-01,2024-05-01,False
1741,введён,2024-05-01,,True
1742,запланирован,2020-03-01,2020-08-01,False
1742,строится,2020-08-01,2023-02-01,False
1742,введён,2023-02-01,,True
1743,запланирован,2024-10-01,2025-10-01,False
1743,строится,2025-10-01,,True
1744,запланирован,2026-05-01,,True
1745,запланирован,2026-11-01,,True
1746,запланирован,2025-09-01,2026-08-01,False
1746,строится,2026-08-01,,True
1747,запланирован,2030-04-01,,True
1748,запланирован,2027-11-01,,True
1749,запланирован,2023-05-01,2024-05-01,False
1749,строится,2024-05-01,2026-03-01,False
1749,введён,2026-03-01,,True
1750,запланирован,2027-09-01,,True
1751,запланирован,2019-05-01,2019-09-01,False
1751,строится,2019-09-01,2022-03-01,False
1751,введён,2022-03-01,,True
1752,запланирован,2026-12-01,,True
1753,запланирован,2025-12-01,,True
1754,запланирован,2017-09-01,2018-01-01,False
1754,строится,2018-01-01,2021-03-01,False
1754,введён,2021-03-01,,True
1755,запланирован,2024-09-01,2025-12-01,False
1755,строится,2025-12-01,,True
1756,запланирован,2014-01-01,2015-06-01,False
1756,строится,2015-06-01,2019-04-01,False
1756,введён,2019-04-01,,True
1757,запланирован,2020-01-01,2021-05-01,False
1757,строится,2021-05-01,2022-10-01,False
1757,введён,2022-10-01,,True
1758,запланирован,2020-03-01,2021-02-01,False
1758,строится,2021-02-01,2024-04-01,False
1758,введён,2024-04-01,,True
1759,запланирован,2023-03-01,2023-07-01,False
1759,строится,2023-07-01,,True
1760,запланирован,2023-01-01,2023-08-01,False
1760,строится,2023-08-01,2025-12-01,False
1760,введён,2025-12-01,,True
1761,запланирован,2025-11-01,2026-08-01,False
1761,строится,2026-08-01,,True
1762,запланирован,2020-09-01,2021-09-01,False
1762,строится,2021-09-01,2025-03-01,False
1762,введён,2025-03-01,,True
1763,запланирован,2026-08-01,,True
1764,запланирован,2018-11-01,2019-03-01,False
1764,строится,2019-03-01,2019-09-01,False
1764,введён,2019-09-01,,True
1765,запланирован,2028-04-01,,True
1766,запланирован,2024-02-01,2024-09-01,False
1766,строится,2024-09-01,2026-04-01,False
1766,введён,2026-04-01,,True
1767,запланирован,2026-02-01,,True
1768,запланирован,2018-07-01,2019-09-01,False
1768,строится,2019-09-01,2022-04-01,False
1768,введён,2022-04-01,,True
1769,запланирован,2022-07-01,2023-09-01,False
1769,строится,2023-09-01,2024-12-01,False
1769,введён,2024-12-01,,True
1770,запланирован,2020-09-01,2021-08-01,False
1770,строится,2021-08-01,2024-05-01,False
1770,введён,2024-05-01,,True
1771,запланирован,2024-08-01,2026-01-01,False
1771,строится,2026-01-01,,True
1772,запланирован,2020-02-01,2020-08-01,False
1772,строится,2020-08-01,2022-09-01,False
1772,введён,2022-09-01,,True
1773,запланирован,2026-10-01,,True
1774,запланирован,2020-05-01,2020-10-01,False
1774,строится,2020-10-01,2022-08-01,False
1774,введён,2022-08-01,,True
1775,запланирован,2027-02-01,,True
1776,запланирован,2024-10-01,2025-07-01,False
1776,строится,2025-07-01,,True
1777,запланирован,2025-03-01,2025-12-01,False
1777,строится,2025-12-01,,True
1778,запланирован,2027-10-01,,True
1779,запланирован,2025-11-01,,True
1780,запланирован,2028-01-01,,True
1781,запланирован,2018-04-01,2019-08-01,False
1781,строится,2019-08-01,2022-02-01,False
1781,введён,2022-02-01,,True
1782,запланирован,2020-04-01,2021-05-01,False
1782,строится,2021-05-01,2022-04-01,False
1782,введён,2022-04-01,,True
1783,запланирован,2015-12-01,2016-05-01,False
1783,строится,2016-05-01,2020-04-01,False
1783,введён,2020-04-01,,True
1784,запланирован,2025-07-01,2026-02-01,False
1784,строится,2026-02-01,,True
1785,запланирован,2029-03-01,,True
1786,запланирован,2027-05-01,,True
1787,запланирован,2018-12-01,2019-04-01,False
1787,строится,2019-04-01,2020-01-01,False
1787,введён,2020-01-01,,True
1788,запланирован,2025-02-01,2026-04-01,False
1788,строится,2026-04-01,,True
1789,запланирован,2025-09-01,,True
1790,запланирован,2020-10-01,2022-01-01,False
1790,строится,2022-01-01,2024-05-01,False
1790,введён,2024-05-01,,True
1791,запланирован,2025-03-01,2026-06-01,False
1791,строится,2026-06-01,,True
1792,запланирован,2022-10-01,2023-11-01,False
1792,строится,2023-11-01,,True
1793,запланирован,2016-01-01,2017-06-01,False
1793,строится,2017-06-01,2020-02-01,False
1793,введён,2020-02-01,,True
1794,запланирован,2019-12-01,2020-12-01,False
1794,строится,2020-12-01,2024-08-01,False
1794,введён,2024-08-01,,True
1795,запланирован,2015-06-01,2016-06-01,False
1795,строится,2016-06-01,2019-11-01,False
1795,введён,2019-11-01,,True
1796,запланирован,2025-04-01,2026-03-01,False
1796,строится,2026-03-01,,True
1797,запланирован,2023-07-01,2023-12-01,False
1797,строится,2023-12-01,2026-04-01,False
1797,введён,2026-04-01,,True
1798,запланирован,2017-05-01,2018-09-01,False
1798,строится,2018-09-01,2020-07-01,False
1798,введён,2020-07-01,,True
1799,запланирован,2024-08-01,2025-09-01,False
1799,строится,2025-09-01,,True
1800,запланирован,2019-01-01,2019-12-01,False
1800,строится,2019-12-01,2023-08-01,False
1800,введён,2023-08-01,,True
1801,запланирован,2024-08-01,2026-01-01,False
1801,строится,2026-01-01,,True
1802,запланирован,2023-08-01,2024-06-01,False
1802,строится,2024-06-01,,True
1803,запланирован,2017-01-01,2017-09-01,False
1803,строится,2017-09-01,2019-10-01,False
1803,введён,2019-10-01,,True
1804,запланирован,2018-08-01,2019-02-01,False
1804,строится,2019-02-01,2019-09-01,False
1804,введён,2019-09-01,,True
1805,запланирован,2028-01-01,,True
1806,запланирован,2019-08-01,2020-11-01,False
1806,строится,2020-11-01,2024-05-01,False
1806,введён,2024-05-01,,True
1807,запланирован,2022-02-01,2022-06-01,False
1807,строится,2022-06-01,2025-11-01,False
1807,введён,2025-11-01,,True
1808,запланирован,2021-05-01,2021-08-01,False
1808,строится,2021-08-01,2024-06-01,False
1808,введён,2024-06-01,,True
1809,запланирован,2025-02-01,2025-06-01,False
1809,строится,2025-06-01,2026-05-01,False
1809,введён,2026-05-01,,True
1810,запланирован,2025-04-01,2026-01-01,False
1810,строится,2026-01-01,,True
1811,запланирован,2017-02-01,2018-06-01,False
1811,строится,2018-06-01,2019-11-01,False
1811,введён,2019-11-01,,True
1812,запланирован,2024-01-01,2025-03-01,False
1812,строится,2025-03-01,,True
1813,запланирован,2027-05-01,,True
1814,запланирован,2017-10-01,2019-03-01,False
1814,строится,2019-03-01,2021-10-01,False
1814,введён,2021-10-01,,True
1815,запланирован,2017-04-01,2018-07-01,False
1815,строится,2018-07-01,2022-01-01,False
1815,введён,2022-01-01,,True
1816,запланирован,2021-01-01,2021-12-01,False
1816,строится,2021-12-01,2025-11-01,False
1816,введён,2025-11-01,,True
1817,запланирован,2022-04-01,2023-02-01,False
1817,строится,2023-02-01,,True
1818,запланирован,2025-04-01,2025-07-01,False
1818,строится,2025-07-01,,True
1819,запланирован,2026-05-01,,True
1820,запланирован,2026-04-01,,True
1821,запланирован,2021-10-01,2022-05-01,False
1821,строится,2022-05-01,2025-04-01,False
1821,введён,2025-04-01,,True
1822,запланирован,2018-05-01,2019-03-01,False
1822,строится,2019-03-01,2019-10-01,False
1822,введён,2019-10-01,,True
1823,запланирован,2025-01-01,2025-12-01,False
1823,строится,2025-12-01,,True
1824,запланирован,2017-08-01,2018-11-01,False
1824,строится,2018-11-01,2022-03-01,False
1824,введён,2022-03-01,,True
1825,запланирован,2024-01-01,2025-02-01,False
1825,строится,2025-02-01,,True
1826,запланирован,2023-05-01,2024-07-01,False
1826,строится,2024-07-01,2026-03-01,False
1826,введён,2026-03-01,,True
1827,запланирован,2028-09-01,,True
1828,запланирован,2018-06-01,2018-11-01,False
1828,строится,2018-11-01,2020-12-01,False
1828,введён,2020-12-01,,True
1829,запланирован,2025-06-01,2025-12-01,False
1829,строится,2025-12-01,,True
1830,запланирован,2022-08-01,2023-11-01,False
1830,строится,2023-11-01,2026-04-01,False
1830,введён,2026-04-01,,True
1831,запланирован,2016-08-01,2017-11-01,False
1831,строится,2017-11-01,2019-06-01,False
1831,введён,2019-06-01,,True
1832,запланирован,2021-08-01,2022-05-01,False
1832,строится,2022-05-01,2023-05-01,False
1832,введён,2023-05-01,,True
1833,запланирован,2021-11-01,2022-04-01,False
1833,строится,2022-04-01,2023-12-01,False
1833,введён,2023-12-01,,True
1834,запланирован,2027-01-01,,True
1835,запланирован,2024-04-01,2024-08-01,False
1835,строится,2024-08-01,,True
1836,запланирован,2015-12-01,2017-02-01,False
1836,строится,2017-02-01,2020-11-01,False
1836,введён,2020-11-01,,True
1837,запланирован,2015-10-01,2017-02-01,False
1837,строится,2017-02-01,2018-09-01,False
1837,введён,2018-09-01,,True
1838,запланирован,2018-12-01,2019-07-01,False
1838,строится,2019-07-01,2021-08-01,False
1838,введён,2021-08-01,,True
1839,запланирован,2019-04-01,2020-02-01,False
1839,строится,2020-02-01,2020-08-01,False
1839,введён,2020-08-01,,True
1840,запланирован,2016-12-01,2017-09-01,False
1840,строится,2017-09-01,2021-03-01,False
1840,введён,2021-03-01,,True
1841,запланирован,2025-03-01,2025-08-01,False
1841,строится,2025-08-01,2026-07-01,False
1841,введён,2026-07-01,,True
1842,запланирован,2026-08-01,,True
1843,запланирован,2020-08-01,2021-09-01,False
1843,строится,2021-09-01,2022-12-01,False
1843,введён,2022-12-01,,True
1844,запланирован,2016-04-01,2017-08-01,False
1844,строится,2017-08-01,2020-05-01,False
1844,введён,2020-05-01,,True
1845,запланирован,2025-03-01,2025-09-01,False
1845,строится,2025-09-01,,True
1846,запланирован,2026-08-01,,True
1847,запланирован,2027-06-01,,True
1848,запланирован,2026-02-01,,True
1849,запланирован,2022-06-01,2022-10-01,False
1849,строится,2022-10-01,2023-08-01,False
1849,введён,2023-08-01,,True
1850,запланирован,2025-12-01,,True
1851,запланирован,2022-02-01,2022-06-01,False
1851,строится,2022-06-01,2025-05-01,False
1851,введён,2025-05-01,,True
1852,запланирован,2026-08-01,,True
1853,запланирован,2023-03-01,2024-02-01,False
1853,строится,2024-02-01,2026-05-01,False
1853,введён,2026-05-01,,True
1854,запланирован,2027-09-01,,True
1855,запланирован,2018-06-01,2018-12-01,False
1855,строится,2018-12-01,2021-11-01,False
1855,введён,2021-11-01,,True
1856,запланирован,2024-01-01,2024-12-01,False
1856,строится,2024-12-01,,True
1857,запланирован,2024-02-01,2024-11-01,False
1857,строится,2024-11-01,,True
1858,запланирован,2026-12-01,,True
1859,запланирован,2019-07-01,2020-03-01,False
1859,строится,2020-03-01,2022-01-01,False
1859,введён,2022-01-01,,True
1860,запланирован,2019-07-01,2020-06-01,False
1860,строится,2020-06-01,2023-02-01,False
1860,введён,2023-02-01,,True
1861,запланирован,2018-04-01,2018-08-01,False
1861,строится,2018-08-01,2021-03-01,False
1861,введён,2021-03-01,,True
1862,запланирован,2021-12-01,2023-02-01,False
1862,строится,2023-02-01,,True
1863,запланирован,2019-04-01,2020-08-01,False
1863,строится,2020-08-01,2022-12-01,False
1863,введён,2022-12-01,,True
1864,запланирован,2014-06-01,2015-10-01,False
1864,строится,2015-10-01,2019-04-01,False
1864,введён,2019-04-01,,True
1865,запланирован,2026-05-01,,True
1866,запланирован,2027-10-01,,True
1867,запланирован,2023-08-01,2024-04-01,False
1867,строится,2024-04-01,,True
1868,запланирован,2021-07-01,2022-08-01,False
1868,строится,2022-08-01,2024-11-01,False
1868,введён,2024-11-01,,True
1869,запланирован,2028-02-01,,True
1870,запланирован,2021-11-01,2023-04-01,False
1870,строится,2023-04-01,,True
1871,запланирован,2024-03-01,2025-08-01,False
1871,строится,2025-08-01,2026-04-01,False
1871,введён,2026-04-01,,True
1872,запланирован,2024-03-01,2025-03-01,False
1872,строится,2025-03-01,2025-09-01,False
1872,введён,2025-09-01,,True
1873,запланирован,2025-03-01,2026-05-01,False
1873,строится,2026-05-01,,True
1874,запланирован,2018-04-01,2018-08-01,False
1874,строится,2018-08-01,2020-09-01,False
1874,введён,2020-09-01,,True
1875,запланирован,2025-03-01,2025-07-01,False
1875,строится,2025-07-01,,True
1876,запланирован,2026-03-01,2026-08-01,False
1876,строится,2026-08-01,,True
1877,запланирован,2025-03-01,2025-11-01,False
1877,строится,2025-11-01,,True
1878,запланирован,2020-07-01,2021-11-01,False
1878,строится,2021-11-01,2025-08-01,False
1878,введён,2025-08-01,,True
1879,запланирован,2022-03-01,2023-08-01,False
1879,строится,2023-08-01,2025-12-01,False
1879,введён,2025-12-01,,True
1880,запланирован,2027-01-01,,True
1881,запланирован,2021-09-01,2022-11-01,False
1881,строится,2022-11-01,2023-07-01,False
1881,введён,2023-07-01,,True
1882,запланирован,2017-06-01,2018-05-01,False
1882,строится,2018-05-01,2021-12-01,False
1882,введён,2021-12-01,,True
1883,запланирован,2018-05-01,2019-09-01,False
1883,строится,2019-09-01,2020-08-01,False
1883,введён,2020-08-01,,True
1884,запланирован,2017-03-01,2018-07-01,False
1884,строится,2018-07-01,2021-03-01,False
1884,введён,2021-03-01,,True
1885,запланирован,2026-05-01,,True
1886,запланирован,2028-05-01,,True
1887,запланирован,2027-09-01,,True
1888,запланирован,2018-03-01,2019-05-01,False
1888,строится,2019-05-01,2022-10-01,False
1888,введён,2022-10-01,,True
1889,запланирован,2023-01-01,2023-10-01,False
1889,строится,2023-10-01,2024-12-01,False
1889,введён,2024-12-01,,True
1890,запланирован,2027-03-01,,True
1891,запланирован,2026-12-01,,True
1892,запланирован,2015-10-01,2016-10-01,False
1892,строится,2016-10-01,2019-10-01,False
1892,введён,2019-10-01,,True
1893,запланирован,2023-03-01,2024-05-01,False
1893,строится,2024-05-01,,True
1894,запланирован,2022-09-01,2023-07-01,False
1894,строится,2023-07-01,2024-11-01,False
1894,введён,2024-11-01,,True
1895,запланирован,2018-02-01,2019-07-01,False
1895,строится,2019-07-01,2021-03-01,False
1895,введён,2021-03-01,,True
1896,запланирован,2015-11-01,2016-04-01,False
1896,строится,2016-04-01,2019-12-01,False
1896,введён,2019-12-01,,True
1897,запланирован,2026-05-01,,True
1898,запланирован,2020-03-01,2021-02-01,False
1898,строится,2021-02-01,2025-01-01,False
1898,введён,2025-01-01,,True
1899,запланирован,2020-12-01,2021-04-01,False
1899,строится,2021-04-01,2024-12-01,False
1899,введён,2024-12-01,,True
1900,запланирован,2020-06-01,2021-08-01,False
1900,строится,2021-08-01,2023-09-01,False
1900,введён,2023-09-01,,True
1901,запланирован,2020-08-01,2021-03-01,False
1901,строится,2021-03-01,2021-12-01,False
1901,введён,2021-12-01,,True
1902,запланирован,2017-08-01,2018-02-01,False
1902,строится,2018-02-01,2021-01-01,False
1902,введён,2021-01-01,,True
1903,запланирован,2019-08-01,2019-12-01,False
1903,строится,2019-12-01,2022-02-01,False
1903,введён,2022-02-01,,True
1904,запланирован,2022-04-01,2022-10-01,False
1904,строится,2022-10-01,2025-04-01,False
1904,введён,2025-04-01,,True
1905,запланирован,2028-09-01,,True
1906,запланирован,2018-07-01,2019-10-01,False
1906,строится,2019-10-01,2023-09-01,False
1906,введён,2023-09-01,,True
1907,запланирован,2016-12-01,2017-09-01,False
1907,строится,2017-09-01,2021-08-01,False
1907,введён,2021-08-01,,True
1908,запланирован,2024-04-01,2025-02-01,False
1908,строится,2025-02-01,2026-02-01,False
1908,введён,2026-02-01,,True
1909,запланирован,2021-09-01,2022-12-01,False
1909,строится,2022-12-01,2023-07-01,False
1909,введён,2023-07-01,,True
1910,запланирован,2028-02-01,,True
1911,запланирован,2022-04-01,2023-02-01,False
1911,строится,2023-02-01,,True
1912,запланирован,2025-06-01,2026-03-01,False
1912,строится,2026-03-01,,True
1913,запланирован,2019-04-01,2020-08-01,False
1913,строится,2020-08-01,2022-04-01,False
1913,введён,2022-04-01,,True
1914,запланирован,2022-08-01,2023-08-01,False
1914,строится,2023-08-01,2025-04-01,False
1914,введён,2025-04-01,,True
1915,запланирован,2025-05-01,2026-06-01,False
1915,строится,2026-06-01,,True
1916,запланирован,2025-04-01,2025-08-01,False
1916,строится,2025-08-01,,True
1917,запланирован,2018-01-01,2018-07-01,False
1917,строится,2018-07-01,2022-02-01,False
1917,введён,2022-02-01,,True
1918,запланирован,2018-09-01,2019-08-01,False
1918,строится,2019-08-01,2020-08-01,False
1918,введён,2020-08-01,,True
1919,запланирован,2017-05-01,2018-06-01,False
1919,строится,2018-06-01,2022-03-01,False
1919,введён,2022-03-01,,True
1920,запланирован,2025-08-01,2025-12-01,False
1920,строится,2025-12-01,,True
1921,запланирован,2020-01-01,2020-04-01,False
1921,строится,2020-04-01,2023-06-01,False
1921,введён,2023-06-01,,True
1922,запланирован,2018-03-01,2019-05-01,False
1922,строится,2019-05-01,2021-05-01,False
1922,введён,2021-05-01,,True
1923,запланирован,2025-04-01,2026-03-01,False
1923,строится,2026-03-01,,True
1924,запланирован,2018-01-01,2019-06-01,False
1924,строится,2019-06-01,2020-07-01,False
1924,введён,2020-07-01,,True
1925,запланирован,2022-04-01,2023-04-01,False
1925,строится,2023-04-01,2026-04-01,False
1925,введён,2026-04-01,,True
1926,запланирован,2018-05-01,2018-12-01,False
1926,строится,2018-12-01,2022-07-01,False
1926,введён,2022-07-01,,True
1927,запланирован,2021-05-01,2022-08-01,False
1927,строится,2022-08-01,2024-02-01,False
1927,введён,2024-02-01,,True
1928,запланирован,2026-11-01,,True
1929,запланирован,2022-03-01,2023-06-01,False
1929,строится,2023-06-01,2026-05-01,False
1929,введён,2026-05-01,,True
1930,запланирован,2028-12-01,,True
1931,запланирован,2021-05-01,2022-04-01,False
1931,строится,2022-04-01,2025-03-01,False
1931,введён,2025-03-01,,True
1932,запланирован,2016-04-01,2017-02-01,False
1932,строится,2017-02-01,2020-09-01,False
1932,введён,2020-09-01,,True
1933,запланирован,2028-04-01,,True
1934,запланирован,2027-09-01,,True
1935,запланирован,2019-07-01,2020-03-01,False
1935,строится,2020-03-01,2021-03-01,False
1935,введён,2021-03-01,,True
1936,запланирован,2020-08-01,2022-01-01,False
1936,строится,2022-01-01,2025-10-01,False
1936,введён,2025-10-01,,True
1937,запланирован,2015-06-01,2016-11-01,False
1937,строится,2016-11-01,2020-04-01,False
1937,введён,2020-04-01,,True
1938,запланирован,2018-03-01,2019-05-01,False
1938,строится,2019-05-01,2020-12-01,False
1938,введён,2020-12-01,,True
1939,запланирован,2025-08-01,2025-12-01,False
1939,строится,2025-12-01,,True
1940,запланирован,2024-10-01,2026-03-01,False
1940,строится,2026-03-01,,True
1941,запланирован,2020-06-01,2020-10-01,False
1941,строится,2020-10-01,2022-10-01,False
1941,введён,2022-10-01,,True
1942,запланирован,2024-02-01,2024-06-01,False
1942,строится,2024-06-01,,True
1943,запланирован,2025-02-01,2026-01-01,False
1943,строится,2026-01-01,,True
1944,запланирован,2022-03-01,2022-12-01,False
1944,строится,2022-12-01,2024-06-01,False
1944,введён,2024-06-01,,True
1945,запланирован,2021-10-01,2022-12-01,False
1945,строится,2022-12-01,2026-05-01,False
1945,введён,2026-05-01,,True
1946,запланирован,2026-01-01,,True
1947,запланирован,2027-09-01,,True
1948,запланирован,2026-01-01,2026-08-01,False
1948,строится,2026-08-01,,True
1949,запланирован,2019-08-01,2020-06-01,False
1949,строится,2020-06-01,2021-01-01,False
1949,введён,2021-01-01,,True
1950,запланирован,2015-10-01,2016-03-01,False
1950,строится,2016-03-01,2019-09-01,False
1950,введён,2019-09-01,,True
1951,запланирован,2024-01-01,2025-05-01,False
1951,строится,2025-05-01,,True
1952,запланирован,2024-05-01,2025-10-01,False
1952,строится,2025-10-01,,True
1953,запланирован,2020-07-01,2021-08-01,False
1953,строится,2021-08-01,2025-06-01,False
1953,введён,2025-06-01,,True
1954,запланирован,2021-10-01,2023-02-01,False
1954,строится,2023-02-01,2026-01-01,False
1954,введён,2026-01-01,,True
1955,запланирован,2017-01-01,2017-10-01,False
1955,строится,2017-10-01,2020-04-01,False
1955,введён,2020-04-01,,True
1956,запланирован,2022-03-01,2022-08-01,False
1956,строится,2022-08-01,2025-09-01,False
1956,введён,2025-09-01,,True
1957,запланирован,2024-04-01,2025-06-01,False
1957,строится,2025-06-01,,True
1958,запланирован,2021-12-01,2023-05-01,False
1958,строится,2023-05-01,2026-04-01,False
1958,введён,2026-04-01,,True
1959,запланирован,2023-07-01,2023-11-01,False
1959,строится,2023-11-01,,True
1960,запланирован,2022-07-01,2023-10-01,False
1960,строится,2023-10-01,,True
1961,запланирован,2024-12-01,2026-04-01,False
1961,строится,2026-04-01,,True
1962,запланирован,2026-02-01,,True
1963,запланирован,2026-10-01,,True
1964,запланирован,2018-10-01,2019-11-01,False
1964,строится,2019-11-01,2020-08-01,False
1964,введён,2020-08-01,,True
1965,запланирован,2024-02-01,2025-05-01,False
1965,строится,2025-05-01,,True
1966,запланирован,2016-07-01,2017-04-01,False
1966,строится,2017-04-01,2019-10-01,False
1966,введён,2019-10-01,,True
1967,запланирован,2021-08-01,2022-08-01,False
1967,строится,2022-08-01,2024-08-01,False
1967,введён,2024-08-01,,True
1968,запланирован,2021-11-01,2022-12-01,False
1968,строится,2022-12-01,2025-01-01,False
1968,введён,2025-01-01,,True
1969,запланирован,2017-07-01,2018-01-01,False
1969,строится,2018-01-01,2021-02-01,False
1969,введён,2021-02-01,,True
1970,запланирован,2022-03-01,2023-06-01,False
1970,строится,2023-06-01,2025-04-01,False
1970,введён,2025-04-01,,True
1971,запланирован,2020-10-01,2022-02-01,False
1971,строится,2022-02-01,2024-01-01,False
1971,введён,2024-01-01,,True
1972,запланирован,2017-01-01,2018-03-01,False
1972,строится,2018-03-01,2018-09-01,False
1972,введён,2018-09-01,,True
1973,запланирован,2021-01-01,2022-04-01,False
1973,строится,2022-04-01,2023-09-01,False
1973,введён,2023-09-01,,True
1974,запланирован,2026-05-01,,True
1975,запланирован,2026-10-01,,True
1976,запланирован,2021-03-01,2022-04-01,False
1976,строится,2022-04-01,2024-02-01,False
1976,введён,2024-02-01,,True
1977,запланирован,2021-07-01,2021-12-01,False
1977,строится,2021-12-01,2023-01-01,False
1977,введён,2023-01-01,,True
1978,запланирован,2016-04-01,2016-10-01,False
1978,строится,2016-10-01,2019-10-01,False
1978,введён,2019-10-01,,True
1979,запланирован,2022-09-01,2023-05-01,False
1979,строится,2023-05-01,,True
1980,запланирован,2022-05-01,2022-11-01,False
1980,строится,2022-11-01,,True
1981,запланирован,2025-10-01,,True
1982,запланирован,2024-06-01,2024-09-01,False
1982,строится,2024-09-01,,True
1983,запланирован,2025-12-01,,True
1984,запланирован,2023-08-01,2024-10-01,False
1984,строится,2024-10-01,,True
1985,запланирован,2022-02-01,2023-04-01,False
1985,строится,2023-04-01,,True
1986,запланирован,2025-09-01,2025-12-01,False
1986,строится,2025-12-01,,True
1987,запланирован,2021-06-01,2021-12-01,False
1987,строится,2021-12-01,2022-11-01,False
1987,введён,2022-11-01,,True
1988,запланирован,2019-01-01,2019-08-01,False
1988,строится,2019-08-01,2020-02-01,False
1988,введён,2020-02-01,,True
1989,запланирован,2017-08-01,2018-02-01,False
1989,строится,2018-02-01,2019-12-01,False
1989,введён,2019-12-01,,True
1990,запланирован,2027-02-01,,True
1991,запланирован,2021-02-01,2022-03-01,False
1991,строится,2022-03-01,2023-08-01,False
1991,введён,2023-08-01,,True
1992,запланирован,2023-05-01,2023-09-01,False
1992,строится,2023-09-01,2026-07-01,False
1992,введён,2026-07-01,,True
1993,запланирован,2023-08-01,2025-01-01,False
1993,строится,2025-01-01,,True
1994,запланирован,2024-09-01,2025-04-01,False
1994,строится,2025-04-01,2025-11-01,False
1994,введён,2025-11-01,,True
1995,запланирован,2026-10-01,,True
1996,запланирован,2027-08-01,,True
1997,запланирован,2023-04-01,2024-02-01,False
1997,строится,2024-02-01,,True
1998,запланирован,2024-12-01,2025-09-01,False
1998,строится,2025-09-01,,True
1999,запланирован,2017-05-01,2018-07-01,False
1999,строится,2018-07-01,2021-04-01,False
1999,введён,2021-04-01,,True
2000,запланирован,2022-10-01,2024-03-01,False
2000,строится,2024-03-01,2024-10-01,False
2000,введён,2024-10-01,,True
2001,запланирован,2015-10-01,2016-11-01,False
2001,строится,2016-11-01,2019-12-01,False
2001,введён,2019-12-01,,True
2002,запланирован,2019-04-01,2019-08-01,False
2002,строится,2019-08-01,2023-01-01,False
2002,введён,2023-01-01,,True
2003,запланирован,2021-02-01,2022-05-01,False
2003,строится,2022-05-01,2026-03-01,False
2003,введён,2026-03-01,,True
2004,запланирован,2022-09-01,2023-11-01,False
2004,строится,2023-11-01,2026-06-01,False
2004,введён,2026-06-01,,True
2005,запланирован,2019-07-01,2020-05-01,False
2005,строится,2020-05-01,2022-06-01,False
2005,введён,2022-06-01,,True
2006,запланирован,2020-06-01,2021-08-01,False
2006,строится,2021-08-01,2022-10-01,False
2006,введён,2022-10-01,,True
2007,запланирован,2024-11-01,2025-06-01,False
2007,строится,2025-06-01,,True
2008,запланирован,2023-04-01,2023-11-01,False
2008,строится,2023-11-01,2024-08-01,False
2008,введён,2024-08-01,,True
2009,запланирован,2022-02-01,2022-08-01,False
2009,строится,2022-08-01,2025-10-01,False
2009,введён,2025-10-01,,True
2010,запланирован,2019-04-01,2019-09-01,False
2010,строится,2019-09-01,2020-12-01,False
2010,введён,2020-12-01,,True
2011,запланирован,2023-03-01,2023-12-01,False
2011,строится,2023-12-01,2026-03-01,False
2011,введён,2026-03-01,,True
2012,запланирован,2025-08-01,,True
2013,запланирован,2019-02-01,2020-07-01,False
2013,строится,2020-07-01,2022-05-01,False
2013,введён,2022-05-01,,True
2014,запланирован,2022-01-01,2022-10-01,False
2014,строится,2022-10-01,2026-06-01,False
2014,введён,2026-06-01,,True
2015,запланирован,2022-09-01,2023-03-01,False
2015,строится,2023-03-01,2026-01-01,False
2015,введён,2026-01-01,,True
2016,запланирован,2021-08-01,2022-11-01,False
2016,строится,2022-11-01,2025-03-01,False
2016,введён,2025-03-01,,True
2017,запланирован,2016-10-01,2017-12-01,False
2017,строится,2017-12-01,2020-10-01,False
2017,введён,2020-10-01,,True
2018,запланирован,2019-02-01,2019-07-01,False
2018,строится,2019-07-01,2021-11-01,False
2018,введён,2021-11-01,,True
2019,запланирован,2021-06-01,2022-10-01,False
2019,строится,2022-10-01,2023-06-01,False
2019,введён,2023-06-01,,True
2020,запланирован,2016-11-01,2017-09-01,False
2020,строится,2017-09-01,2021-06-01,False
2020,введён,2021-06-01,,True
2021,запланирован,2027-09-01,,True
2022,запланирован,2023-10-01,2024-12-01,False
2022,строится,2024-12-01,,True
2023,запланирован,2026-04-01,,True
2024,запланирован,2025-05-01,2026-08-01,False
2024,строится,2026-08-01,,True
2025,запланирован,2018-04-01,2018-08-01,False
2025,строится,2018-08-01,2021-08-01,False
2025,введён,2021-08-01,,True
2026,запланирован,2022-06-01,2023-11-01,False
2026,строится,2023-11-01,2026-01-01,False
2026,введён,2026-01-01,,True
2027,запланирован,2028-03-01,,True
2028,запланирован,2024-03-01,2024-08-01,False
2028,строится,2024-08-01,,True
2029,запланирован,2022-04-01,2023-05-01,False
2029,строится,2023-05-01,2024-09-01,False
2029,введён,2024-09-01,,True
2030,запланирован,2026-01-01,2026-07-01,False
2030,строится,2026-07-01,,True
2031,запланирован,2025-08-01,2026-08-01,False
2031,строится,2026-08-01,,True
2032,запланирован,2018-09-01,2019-06-01,False
2032,строится,2019-06-01,2023-03-01,False
2032,введён,2023-03-01,,True
2033,запланирован,2017-03-01,2017-11-01,False
2033,строится,2017-11-01,2021-03-01,False
2033,введён,2021-03-01,,True
2034,запланирован,2018-05-01,2019-07-01,False
2034,строится,2019-07-01,2020-09-01,False
2034,введён,2020-09-01,,True
2035,запланирован,2023-04-01,2024-01-01,False
2035,строится,2024-01-01,,True
2036,запланирован,2027-08-01,,True
2037,запланирован,2021-02-01,2021-06-01,False
2037,строится,2021-06-01,2023-01-01,False
2037,введён,2023-01-01,,True
2038,запланирован,2021-08-01,2022-10-01,False
2038,строится,2022-10-01,2024-06-01,False
2038,введён,2024-06-01,,True
2039,запланирован,2026-05-01,,True
2040,запланирован,2016-10-01,2017-06-01,False
2040,строится,2017-06-01,2020-10-01,False
2040,введён,2020-10-01,,True
2041,запланирован,2020-09-01,2021-06-01,False
2041,строится,2021-06-01,2022-12-01,False
2041,введён,2022-12-01,,True
2042,запланирован,2026-12-01,,True
2043,запланирован,2019-11-01,2021-01-01,False
2043,строится,2021-01-01,2022-06-01,False
2043,введён,2022-06-01,,True
2044,запланирован,2024-08-01,2024-12-01,False
2044,строится,2024-12-01,,True
2045,запланирован,2016-10-01,2017-01-01,False
2045,строится,2017-01-01,2019-12-01,False
2045,введён,2019-12-01,,True
2046,запланирован,2026-08-01,,True
2047,запланирован,2027-03-01,,True
2048,запланирован,2025-07-01,,True
2049,запланирован,2020-09-01,2021-08-01,False
2049,строится,2021-08-01,2023-10-01,False
2049,введён,2023-10-01,,True
2050,запланирован,2024-08-01,2025-02-01,False
2050,строится,2025-02-01,,True
2051,запланирован,2023-01-01,2024-06-01,False
2051,строится,2024-06-01,2025-09-01,False
2051,введён,2025-09-01,,True
2052,запланирован,2022-02-01,2023-07-01,False
2052,строится,2023-07-01,2024-12-01,False
2052,введён,2024-12-01,,True
2053,запланирован,2027-05-01,,True
2054,запланирован,2019-11-01,2021-04-01,False
2054,строится,2021-04-01,2023-05-01,False
2054,введён,2023-05-01,,True
2055,запланирован,2018-11-01,2019-02-01,False
2055,строится,2019-02-01,2020-04-01,False
2055,введён,2020-04-01,,True
2056,запланирован,2026-04-01,,True
2057,запланирован,2026-09-01,,True
2058,запланирован,2019-03-01,2019-12-01,False
2058,строится,2019-12-01,2020-06-01,False
2058,введён,2020-06-01,,True
2059,запланирован,2017-11-01,2018-05-01,False
2059,строится,2018-05-01,2021-04-01,False
2059,введён,2021-04-01,,True
2060,запланирован,2023-04-01,2023-07-01,False
2060,строится,2023-07-01,2026-07-01,False
2060,введён,2026-07-01,,True
2061,запланирован,2025-11-01,2026-04-01,False
2061,строится,2026-04-01,,True
2062,запланирован,2021-11-01,2022-08-01,False
2062,строится,2022-08-01,2024-10-01,False
2062,введён,2024-10-01,,True
2063,запланирован,2016-08-01,2017-12-01,False
2063,строится,2017-12-01,2020-10-01,False
2063,введён,2020-10-01,,True
2064,запланирован,2026-09-01,,True
2065,запланирован,2018-02-01,2019-07-01,False
2065,строится,2019-07-01,2023-04-01,False
2065,введён,2023-04-01,,True
2066,запланирован,2028-08-01,,True
2067,запланирован,2022-11-01,2023-04-01,False
2067,строится,2023-04-01,2025-07-01,False
2067,введён,2025-07-01,,True
2068,запланирован,2027-02-01,,True
2069,запланирован,2018-06-01,2019-10-01,False
2069,строится,2019-10-01,2020-09-01,False
2069,введён,2020-09-01,,True
2070,запланирован,2019-10-01,2020-08-01,False
2070,строится,2020-08-01,2023-06-01,False
2070,введён,2023-06-01,,True
2071,запланирован,2021-06-01,2022-04-01,False
2071,строится,2022-04-01,2022-12-01,False
2071,введён,2022-12-01,,True
2072,запланирован,2023-11-01,2024-04-01,False
2072,строится,2024-04-01,2026-03-01,False
2072,введён,2026-03-01,,True
2073,запланирован,2024-11-01,2025-12-01,False
2073,строится,2025-12-01,2026-08-01,False
2073,введён,2026-08-01,,True
2074,запланирован,2021-01-01,2022-04-01,False
2074,строится,2022-04-01,2025-11-01,False
2074,введён,2025-11-01,,True
2075,запланирован,2016-12-01,2017-08-01,False
2075,строится,2017-08-01,2019-11-01,False
2075,введён,2019-11-01,,True
2076,запланирован,2019-05-01,2019-11-01,False
2076,строится,2019-11-01,2023-03-01,False
2076,введён,2023-03-01,,True
2077,запланирован,2024-10-01,2026-01-01,False
2077,строится,2026-01-01,,True
2078,запланирован,2022-03-01,2022-07-01,False
2078,строится,2022-07-01,2023-10-01,False
2078,введён,2023-10-01,,True
2079,запланирован,2021-12-01,2022-05-01,False
2079,строится,2022-05-01,2024-03-01,False
2079,введён,2024-03-01,,True
2080,запланирован,2019-03-01,2019-11-01,False
2080,строится,2019-11-01,2023-07-01,False
2080,введён,2023-07-01,,True
2081,запланирован,2026-10-01,,True
2082,запланирован,2023-05-01,2024-07-01,False
2082,строится,2024-07-01,2026-02-01,False
2082,введён,2026-02-01,,True
2083,запланирован,2023-11-01,2024-07-01,False
2083,строится,2024-07-01,2026-02-01,False
2083,введён,2026-02-01,,True
2084,запланирован,2025-11-01,,True
2085,запланирован,2016-05-01,2017-06-01,False
2085,строится,2017-06-01,2020-07-01,False
2085,введён,2020-07-01,,True
2086,запланирован,2023-09-01,2024-05-01,False
2086,строится,2024-05-01,2025-08-01,False
2086,введён,2025-08-01,,True
2087,запланирован,2018-06-01,2018-09-01,False
2087,строится,2018-09-01,2019-04-01,False
2087,введён,2019-04-01,,True
2088,запланирован,2016-10-01,2017-10-01,False
2088,строится,2017-10-01,2019-11-01,False
2088,введён,2019-11-01,,True
2089,запланирован,2025-02-01,2025-11-01,False
2089,строится,2025-11-01,,True
2090,запланирован,2027-11-01,,True
2091,запланирован,2019-01-01,2019-07-01,False
2091,строится,2019-07-01,2021-08-01,False
2091,введён,2021-08-01,,True
2092,запланирован,2029-02-01,,True
2093,запланирован,2015-10-01,2016-12-01,False
2093,строится,2016-12-01,2020-06-01,False
2093,введён,2020-06-01,,True
2094,запланирован,2028-06-01,,True
2095,запланирован,2019-09-01,2020-12-01,False
2095,строится,2020-12-01,2021-07-01,False
2095,введён,2021-07-01,,True
2096,запланирован,2026-03-01,,True
2097,запланирован,2027-02-01,,True
2098,запланирован,2025-05-01,2026-01-01,False
2098,строится,2026-01-01,,True
2099,запланирован,2027-12-01,,True
2100,запланирован,2029-01-01,,True
2101,запланирован,2022-11-01,2023-07-01,False
2101,строится,2023-07-01,,True
2102,запланирован,2022-06-01,2023-04-01,False
2102,строится,2023-04-01,2024-05-01,False
2102,введён,2024-05-01,,True
2103,запланирован,2026-12-01,,True
2104,запланирован,2021-08-01,2022-01-01,False
2104,строится,2022-01-01,2023-02-01,False
2104,введён,2023-02-01,,True
2105,запланирован,2017-06-01,2018-06-01,False
2105,строится,2018-06-01,2020-03-01,False
2105,введён,2020-03-01,,True
2106,запланирован,2021-09-01,2022-04-01,False
2106,строится,2022-04-01,2023-03-01,False
2106,введён,2023-03-01,,True
2107,запланирован,2018-04-01,2019-02-01,False
2107,строится,2019-02-01,2020-02-01,False
2107,введён,2020-02-01,,True
2108,запланирован,2024-05-01,2025-08-01,False
2108,строится,2025-08-01,,True
2109,запланирован,2024-07-01,2024-11-01,False
2109,строится,2024-11-01,,True
2110,запланирован,2025-12-01,,True
2111,запланирован,2023-11-01,2025-01-01,False
2111,строится,2025-01-01,2026-04-01,False
2111,введён,2026-04-01,,True
2112,запланирован,2019-11-01,2020-09-01,False
2112,строится,2020-09-01,2021-08-01,False
2112,введён,2021-08-01,,True
2113,запланирован,2024-09-01,2025-05-01,False
2113,строится,2025-05-01,,True
2114,запланирован,2024-02-01,2024-10-01,False
2114,строится,2024-10-01,,True
2115,запланирован,2018-01-01,2018-07-01,False
2115,строится,2018-07-01,2022-04-01,False
2115,введён,2022-04-01,,True
2116,запланирован,2027-03-01,,True
2117,запланирован,2019-09-01,2021-01-01,False
2117,строится,2021-01-01,2023-09-01,False
2117,введён,2023-09-01,,True
2118,запланирован,2028-04-01,,True
2119,запланирован,2018-01-01,2018-09-01,False
2119,строится,2018-09-01,2020-09-01,False
2119,введён,2020-09-01,,True
2120,запланирован,2025-01-01,2025-06-01,False
2120,строится,2025-06-01,,True
2121,запланирован,2026-01-01,,True
2122,запланирован,2024-03-01,2024-06-01,False
2122,строится,2024-06-01,2025-03-01,False
2122,введён,2025-03-01,,True
2123,запланирован,2021-01-01,2021-10-01,False
2123,строится,2021-10-01,2024-04-01,False
2123,введён,2024-04-01,,True
2124,запланирован,2021-10-01,2023-02-01,False
2124,строится,2023-02-01,2026-03-01,False
2124,введён,2026-03-01,,True
2125,запланирован,2024-02-01,2024-09-01,False
2125,строится,2024-09-01,,True
2126,запланирован,2016-05-01,2016-11-01,False
2126,строится,2016-11-01,2020-06-01,False
2126,введён,2020-06-01,,True
2127,запланирован,2021-06-01,2022-05-01,False
2127,строится,2022-05-01,2024-04-01,False
2127,введён,2024-04-01,,True
2128,запланирован,2021-03-01,2022-05-01,False
2128,строится,2022-05-01,2024-06-01,False
2128,введён,2024-06-01,,True
2129,запланирован,2018-12-01,2019-11-01,False
2129,строится,2019-11-01,2022-03-01,False
2129,введён,2022-03-01,,True
2130,запланирован,2021-02-01,2022-07-01,False
2130,строится,2022-07-01,2023-10-01,False
2130,введён,2023-10-01,,True
2131,запланирован,2024-09-01,2025-06-01,False
2131,строится,2025-06-01,2026-06-01,False
2131,введён,2026-06-01,,True
2132,запланирован,2024-04-01,2025-05-01,False
2132,строится,2025-05-01,,True
2133,запланирован,2026-11-01,,True
2134,запланирован,2018-02-01,2019-07-01,False
2134,строится,2019-07-01,2022-03-01,False
2134,введён,2022-03-01,,True
2135,запланирован,2022-06-01,2023-09-01,False
2135,строится,2023-09-01,2026-08-01,False
2135,введён,2026-08-01,,True
2136,запланирован,2019-09-01,2020-06-01,False
2136,строится,2020-06-01,2023-07-01,False
2136,введён,2023-07-01,,True
2137,запланирован,2020-11-01,2021-02-01,False
2137,строится,2021-02-01,2021-10-01,False
2137,введён,2021-10-01,,True
2138,запланирован,2017-04-01,2018-09-01,False
2138,строится,2018-09-01,2020-06-01,False
2138,введён,2020-06-01,,True
2139,запланирован,2022-02-01,2022-06-01,False
2139,строится,2022-06-01,2025-11-01,False
2139,введён,2025-11-01,,True
2140,запланирован,2021-07-01,2022-11-01,False
2140,строится,2022-11-01,2025-04-01,False
2140,введён,2025-04-01,,True
2141,запланирован,2022-04-01,2022-11-01,False
2141,строится,2022-11-01,2023-11-01,False
2141,введён,2023-11-01,,True
2142,запланирован,2019-05-01,2020-06-01,False
2142,строится,2020-06-01,2023-11-01,False
2142,введён,2023-11-01,,True
2143,запланирован,2019-01-01,2019-08-01,False
2143,строится,2019-08-01,2021-11-01,False
2143,введён,2021-11-01,,True
2144,запланирован,2019-06-01,2020-11-01,False
2144,строится,2020-11-01,2023-07-01,False
2144,введён,2023-07-01,,True
2145,запланирован,2019-10-01,2020-12-01,False
2145,строится,2020-12-01,2021-11-01,False
2145,введён,2021-11-01,,True
2146,запланирован,2016-03-01,2017-02-01,False
2146,строится,2017-02-01,2021-01-01,False
2146,введён,2021-01-01,,True
2147,запланирован,2027-11-01,,True
2148,запланирован,2021-07-01,2022-05-01,False
2148,строится,2022-05-01,2023-09-01,False
2148,введён,2023-09-01,,True
2149,запланирован,2020-03-01,2020-12-01,False
2149,строится,2020-12-01,2021-12-01,False
2149,введён,2021-12-01,,True
2150,запланирован,2015-05-01,2016-04-01,False
2150,строится,2016-04-01,2019-08-01,False
2150,введён,2019-08-01,,True
2151,запланирован,2021-12-01,2022-04-01,False
2151,строится,2022-04-01,2024-03-01,False
2151,введён,2024-03-01,,True
2152,запланирован,2014-08-01,2015-12-01,False
2152,строится,2015-12-01,2019-06-01,False
2152,введён,2019-06-01,,True
2153,запланирован,2021-05-01,2021-08-01,False
2153,строится,2021-08-01,2025-01-01,False
2153,введён,2025-01-01,,True
2154,запланирован,2028-04-01,,True
2155,запланирован,2023-06-01,2024-07-01,False
2155,строится,2024-07-01,,True
2156,запланирован,2026-05-01,,True
2157,запланирован,2022-01-01,2023-01-01,False
2157,строится,2023-01-01,2026-01-01,False
2157,введён,2026-01-01,,True
2158,запланирован,2023-07-01,2024-11-01,False
2158,строится,2024-11-01,,True
2159,запланирован,2016-09-01,2017-11-01,False
2159,строится,2017-11-01,2021-09-01,False
2159,введён,2021-09-01,,True
2160,запланирован,2020-12-01,2022-02-01,False
2160,строится,2022-02-01,2025-10-01,False
2160,введён,2025-10-01,,True
2161,запланирован,2026-12-01,,True
2162,запланирован,2021-01-01,2021-07-01,False
2162,строится,2021-07-01,2022-04-01,False
2162,введён,2022-04-01,,True
2163,запланирован,2020-08-01,2022-01-01,False
2163,строится,2022-01-01,2023-07-01,False
2163,введён,2023-07-01,,True
2164,запланирован,2025-05-01,,True
2165,запланирован,2029-07-01,,True
2166,запланирован,2018-04-01,2019-07-01,False
2166,строится,2019-07-01,2022-04-01,False
2166,введён,2022-04-01,,True
2167,запланирован,2026-05-01,,True
2168,запланирован,2021-08-01,2023-01-01,False
2168,строится,2023-01-01,2023-12-01,False
2168,введён,2023-12-01,,True
2169,запланирован,2019-10-01,2020-11-01,False
2169,строится,2020-11-01,2022-06-01,False
2169,введён,2022-06-01,,True
2170,запланирован,2022-08-01,2023-11-01,False
2170,строится,2023-11-01,2024-05-01,False
2170,введён,2024-05-01,,True
2171,запланирован,2020-08-01,2020-12-01,False
2171,строится,2020-12-01,2022-06-01,False
2171,введён,2022-06-01,,True
2172,запланирован,2017-06-01,2017-11-01,False
2172,строится,2017-11-01,2020-09-01,False
2172,введён,2020-09-01,,True
2173,запланирован,2022-10-01,2024-02-01,False
2173,строится,2024-02-01,2026-08-01,False
2173,введён,2026-08-01,,True
2174,запланирован,2025-09-01,,True
2175,запланирован,2021-10-01,2022-07-01,False
2175,строится,2022-07-01,2026-04-01,False
2175,введён,2026-04-01,,True
2176,запланирован,2023-10-01,2024-02-01,False
2176,строится,2024-02-01,2025-06-01,False
2176,введён,2025-06-01,,True
2177,запланирован,2014-12-01,2016-03-01,False
2177,строится,2016-03-01,2019-09-01,False
2177,введён,2019-09-01,,True
2178,запланирован,2026-05-01,,True
2179,запланирован,2019-09-01,2020-11-01,False
2179,строится,2020-11-01,2021-07-01,False
2179,введён,2021-07-01,,True
2180,запланирован,2027-11-01,,True
2181,запланирован,2026-09-01,,True
2182,запланирован,2019-08-01,2019-11-01,False
2182,строится,2019-11-01,2021-03-01,False
2182,введён,2021-03-01,,True
2183,запланирован,2022-04-01,2023-02-01,False
2183,строится,2023-02-01,,True
2184,запланирован,2021-09-01,2022-08-01,False
2184,строится,2022-08-01,2024-06-01,False
2184,введён,2024-06-01,,True
2185,запланирован,2019-06-01,2020-04-01,False
2185,строится,2020-04-01,2021-06-01,False
2185,введён,2021-06-01,,True
2186,запланирован,2026-01-01,,True
2187,запланирован,2023-10-01,2025-03-01,False
2187,строится,2025-03-01,2026-03-01,False
2187,введён,2026-03-01,,True
2188,запланирован,2026-12-01,,True
2189,запланирован,2023-10-01,2024-03-01,False
2189,строится,2024-03-01,2026-02-01,False
2189,введён,2026-02-01,,True
2190,запланирован,2025-03-01,2025-10-01,False
2190,строится,2025-10-01,,True
2191,запланирован,2017-03-01,2017-10-01,False
2191,строится,2017-10-01,2020-11-01,False
2191,введён,2020-11-01,,True
2192,запланирован,2029-10-01,,True
2193,запланирован,2023-10-01,2024-11-01,False
2193,строится,2024-11-01,2025-07-01,False
2193,введён,2025-07-01,,True
2194,запланирован,2022-10-01,2023-03-01,False
2194,строится,2023-03-01,2026-04-01,False
2194,введён,2026-04-01,,True
2195,запланирован,2019-12-01,2021-03-01,False
2195,строится,2021-03-01,2024-11-01,False
2195,введён,2024-11-01,,True
2196,запланирован,2022-10-01,2023-02-01,False
2196,строится,2023-02-01,2025-08-01,False
2196,введён,2025-08-01,,True
2197,запланирован,2020-05-01,2020-10-01,False
2197,строится,2020-10-01,2022-02-01,False
2197,введён,2022-02-01,,True
2198,запланирован,2022-02-01,2023-04-01,False
2198,строится,2023-04-01,,True
2199,запланирован,2018-03-01,2018-08-01,False
2199,строится,2018-08-01,2019-11-01,False
2199,введён,2019-11-01,,True
2200,запланирован,2023-03-01,2024-03-01,False
2200,строится,2024-03-01,,True
2201,запланирован,2020-09-01,2021-07-01,False
2201,строится,2021-07-01,2023-10-01,False
2201,введён,2023-10-01,,True
2202,запланирован,2017-05-01,2018-05-01,False
2202,строится,2018-05-01,2021-09-01,False
2202,введён,2021-09-01,,True
2203,запланирован,2018-03-01,2018-12-01,False
2203,строится,2018-12-01,2021-02-01,False
2203,введён,2021-02-01,,True
2204,запланирован,2021-11-01,2022-12-01,False
2204,строится,2022-12-01,2024-02-01,False
2204,введён,2024-02-01,,True
2205,запланирован,2019-05-01,2020-02-01,False
2205,строится,2020-02-01,2021-08-01,False
2205,введён,2021-08-01,,True
2206,запланирован,2021-12-01,2023-03-01,False
2206,строится,2023-03-01,,True
2207,запланирован,2018-06-01,2018-09-01,False
2207,строится,2018-09-01,2019-05-01,False
2207,введён,2019-05-01,,True
2208,запланирован,2022-09-01,2023-11-01,False
2208,строится,2023-11-01,2025-07-01,False
2208,введён,2025-07-01,,True
2209,запланирован,2017-09-01,2019-02-01,False
2209,строится,2019-02-01,2021-10-01,False
2209,введён,2021-10-01,,True
2210,запланирован,2020-10-01,2021-09-01,False
2210,строится,2021-09-01,2023-08-01,False
2210,введён,2023-08-01,,True
2211,запланирован,2023-02-01,2024-03-01,False
2211,строится,2024-03-01,,True
2212,запланирован,2027-12-01,,True
2213,запланирован,2024-06-01,2024-09-01,False
2213,строится,2024-09-01,,True
2214,запланирован,2026-08-01,,True
2215,запланирован,2024-06-01,2025-08-01,False
2215,строится,2025-08-01,,True
2216,запланирован,2026-09-01,,True
2217,запланирован,2026-01-01,2026-06-01,False
2217,строится,2026-06-01,,True
2218,запланирован,2017-03-01,2017-06-01,False
2218,строится,2017-06-01,2019-02-01,False
2218,введён,2019-02-01,,True
2219,запланирован,2028-06-01,,True
2220,запланирован,2019-05-01,2019-09-01,False
2220,строится,2019-09-01,2021-08-01,False
2220,введён,2021-08-01,,True
2221,запланирован,2016-08-01,2017-11-01,False
2221,строится,2017-11-01,2021-05-01,False
2221,введён,2021-05-01,,True
2222,запланирован,2018-12-01,2019-11-01,False
2222,строится,2019-11-01,2020-12-01,False
2222,введён,2020-12-01,,True
2223,запланирован,2018-12-01,2019-08-01,False
2223,строится,2019-08-01,2021-09-01,False
2223,введён,2021-09-01,,True
2224,запланирован,2020-08-01,2021-02-01,False
2224,строится,2021-02-01,2024-08-01,False
2224,введён,2024-08-01,,True
2225,запланирован,2017-10-01,2018-05-01,False
2225,строится,2018-05-01,2020-10-01,False
2225,введён,2020-10-01,,True
2226,запланирован,2018-06-01,2019-07-01,False
2226,строится,2019-07-01,2021-06-01,False
2226,введён,2021-06-01,,True
2227,запланирован,2027-12-01,,True
2228,запланирован,2017-12-01,2019-04-01,False
2228,строится,2019-04-01,2020-04-01,False
2228,введён,2020-04-01,,True
2229,запланирован,2029-08-01,,True
2230,запланирован,2021-11-01,2022-06-01,False
2230,строится,2022-06-01,2023-05-01,False
2230,введён,2023-05-01,,True
2231,запланирован,2023-04-01,2024-05-01,False
2231,строится,2024-05-01,,True
2232,запланирован,2017-11-01,2018-12-01,False
2232,строится,2018-12-01,2022-03-01,False
2232,введён,2022-03-01,,True
2233,запланирован,2022-05-01,2023-09-01,False
2233,строится,2023-09-01,2025-06-01,False
2233,введён,2025-06-01,,True
2234,запланирован,2024-05-01,2025-10-01,False
2234,строится,2025-10-01,,True
2235,запланирован,2020-11-01,2022-01-01,False
2235,строится,2022-01-01,2023-05-01,False
2235,введён,2023-05-01,,True
2236,запланирован,2022-06-01,2023-06-01,False
2236,строится,2023-06-01,,True
2237,запланирован,2026-09-01,,True
2238,запланирован,2015-09-01,2016-04-01,False
2238,строится,2016-04-01,2019-07-01,False
2238,введён,2019-07-01,,True
2239,запланирован,2028-12-01,,True
2240,запланирован,2024-05-01,2025-04-01,False
2240,строится,2025-04-01,2026-06-01,False
2240,введён,2026-06-01,,True
2241,запланирован,2024-01-01,2025-02-01,False
2241,строится,2025-02-01,,True
2242,запланирован,2018-05-01,2018-12-01,False
2242,строится,2018-12-01,2021-06-01,False
2242,введён,2021-06-01,,True
2243,запланирован,2020-01-01,2020-04-01,False
2243,строится,2020-04-01,2022-07-01,False
2243,введён,2022-07-01,,True
2244,запланирован,2017-07-01,2017-11-01,False
2244,строится,2017-11-01,2020-05-01,False
2244,введён,2020-05-01,,True
2245,запланирован,2027-11-01,,True
2246,запланирован,2017-08-01,2018-04-01,False
2246,строится,2018-04-01,2020-05-01,False
2246,введён,2020-05-01,,True
2247,запланирован,2025-04-01,2025-12-01,False
2247,строится,2025-12-01,,True
2248,запланирован,2027-01-01,,True
2249,запланирован,2024-06-01,2024-10-01,False
2249,строится,2024-10-01,,True
2250,запланирован,2022-03-01,2022-11-01,False
2250,строится,2022-11-01,2026-01-01,False
2250,введён,2026-01-01,,True
2251,запланирован,2025-01-01,2026-02-01,False
2251,строится,2026-02-01,,True
2252,запланирован,2028-10-01,,True
2253,запланирован,2026-10-01,,True
2254,запланирован,2027-02-01,,True
2255,запланирован,2028-04-01,,True
2256,запланирован,2015-06-01,2016-06-01,False
2256,строится,2016-06-01,2020-02-01,False
2256,введён,2020-02-01,,True
2257,запланирован,2023-03-01,2023-09-01,False
2257,строится,2023-09-01,2024-07-01,False
2257,введён,2024-07-01,,True
2258,запланирован,2025-08-01,2026-02-01,False
2258,строится,2026-02-01,,True
2259,запланирован,2029-07-01,,True
2260,запланирован,2017-11-01,2018-10-01,False
2260,строится,2018-10-01,2022-08-01,False
2260,введён,2022-08-01,,True
2261,запланирован,2017-02-01,2017-10-01,False
2261,строится,2017-10-01,2021-04-01,False
2261,введён,2021-04-01,,True
2262,запланирован,2016-07-01,2017-10-01,False
2262,строится,2017-10-01,2020-12-01,False
2262,введён,2020-12-01,,True
2263,запланирован,2029-06-01,,True
2264,запланирован,2027-09-01,,True
2265,запланирован,2021-12-01,2022-05-01,False
2265,строится,2022-05-01,2025-08-01,False
2265,введён,2025-08-01,,True
2266,запланирован,2024-09-01,2025-04-01,False
2266,строится,2025-04-01,,True
2267,запланирован,2021-01-01,2022-04-01,False
2267,строится,2022-04-01,2024-03-01,False
2267,введён,2024-03-01,,True
2268,запланирован,2014-06-01,2015-11-01,False
2268,строится,2015-11-01,2019-03-01,False
2268,введён,2019-03-01,,True
2269,запланирован,2017-09-01,2018-05-01,False
2269,строится,2018-05-01,2021-09-01,False
2269,введён,2021-09-01,,True
2270,запланирован,2027-05-01,,True
2271,запланирован,2019-02-01,2020-02-01,False
2271,строится,2020-02-01,2023-01-01,False
2271,введён,2023-01-01,,True
2272,запланирован,2020-02-01,2020-12-01,False
2272,строится,2020-12-01,2023-03-01,False
2272,введён,2023-03-01,,True
2273,запланирован,2024-10-01,2026-03-01,False
2273,строится,2026-03-01,,True
2274,запланирован,2023-09-01,2024-10-01,False
2274,строится,2024-10-01,2026-01-01,False
2274,введён,2026-01-01,,True
2275,запланирован,2016-12-01,2018-03-01,False
2275,строится,2018-03-01,2021-06-01,False
2275,введён,2021-06-01,,True
2276,запланирован,2015-11-01,2016-03-01,False
2276,строится,2016-03-01,2019-02-01,False
2276,введён,2019-02-01,,True
2277,запланирован,2028-05-01,,True
2278,запланирован,2018-12-01,2019-08-01,False
2278,строится,2019-08-01,2022-07-01,False
2278,введён,2022-07-01,,True
2279,запланирован,2019-05-01,2020-05-01,False
2279,строится,2020-05-01,2023-08-01,False
2279,введён,2023-08-01,,True
2280,запланирован,2028-06-01,,True
2281,запланирован,2028-05-01,,True
2282,запланирован,2021-05-01,2021-10-01,False
2282,строится,2021-10-01,2022-10-01,False
2282,введён,2022-10-01,,True
2283,запланирован,2015-11-01,2017-03-01,False
2283,строится,2017-03-01,2020-09-01,False
2283,введён,2020-09-01,,True
2284,запланирован,2015-06-01,2016-04-01,False
2284,строится,2016-04-01,2020-02-01,False
2284,введён,2020-02-01,,True
2285,запланирован,2026-11-01,,True
2286,запланирован,2021-08-01,2022-10-01,False
2286,строится,2022-10-01,2025-02-01,False
2286,введён,2025-02-01,,True
2287,запланирован,2024-01-01,2024-10-01,False
2287,строится,2024-10-01,,True
2288,запланирован,2021-02-01,2022-07-01,False
2288,строится,2022-07-01,2026-03-01,False
2288,введён,2026-03-01,,True
2289,запланирован,2020-02-01,2021-05-01,False
2289,строится,2021-05-01,2022-02-01,False
2289,введён,2022-02-01,,True
2290,запланирован,2015-06-01,2016-07-01,False
2290,строится,2016-07-01,2019-09-01,False
2290,введён,2019-09-01,,True
2291,запланирован,2023-04-01,2023-07-01,False
2291,строится,2023-07-01,,True
2292,запланирован,2017-02-01,2017-11-01,False
2292,строится,2017-11-01,2021-09-01,False
2292,введён,2021-09-01,,True
2293,запланирован,2023-05-01,2024-06-01,False
2293,строится,2024-06-01,2025-12-01,False
2293,введён,2025-12-01,,True
2294,запланирован,2017-05-01,2018-03-01,False
2294,строится,2018-03-01,2018-11-01,False
2294,введён,2018-11-01,,True
2295,запланирован,2022-07-01,2023-07-01,False
2295,строится,2023-07-01,,True
2296,запланирован,2020-02-01,2021-07-01,False
2296,строится,2021-07-01,2022-04-01,False
2296,введён,2022-04-01,,True
2297,запланирован,2028-12-01,,True
2298,запланирован,2017-10-01,2019-03-01,False
2298,строится,2019-03-01,2021-03-01,False
2298,введён,2021-03-01,,True
2299,запланирован,2016-11-01,2018-02-01,False
2299,строится,2018-02-01,2020-10-01,False
2299,введён,2020-10-01,,True
2300,запланирован,2022-03-01,2023-03-01,False
2300,строится,2023-03-01,2026-01-01,False
2300,введён,2026-01-01,,True
2301,запланирован,2025-01-01,2025-05-01,False
2301,строится,2025-05-01,,True
2302,запланирован,2030-02-01,,True
2303,запланирован,2020-12-01,2022-02-01,False
2303,строится,2022-02-01,2024-05-01,False
2303,введён,2024-05-01,,True
2304,запланирован,2017-10-01,2018-12-01,False
2304,строится,2018-12-01,2020-10-01,False
2304,введён,2020-10-01,,True
2305,запланирован,2025-12-01,,True
2306,запланирован,2017-12-01,2018-11-01,False
2306,строится,2018-11-01,2021-12-01,False
2306,введён,2021-12-01,,True
2307,запланирован,2025-02-01,2026-03-01,False
2307,строится,2026-03-01,,True
2308,запланирован,2015-10-01,2016-07-01,False
2308,строится,2016-07-01,2019-01-01,False
2308,введён,2019-01-01,,True
2309,запланирован,2019-02-01,2019-05-01,False
2309,строится,2019-05-01,2022-09-01,False
2309,введён,2022-09-01,,True
2310,запланирован,2022-01-01,2022-04-01,False
2310,строится,2022-04-01,2024-01-01,False
2310,введён,2024-01-01,,True
2311,запланирован,2018-05-01,2019-08-01,False
2311,строится,2019-08-01,2022-08-01,False
2311,введён,2022-08-01,,True
2312,запланирован,2020-03-01,2021-08-01,False
2312,строится,2021-08-01,2025-03-01,False
2312,введён,2025-03-01,,True
2313,запланирован,2017-09-01,2018-12-01,False
2313,строится,2018-12-01,2020-03-01,False
2313,введён,2020-03-01,,True
2314,запланирован,2024-01-01,2024-12-01,False
2314,строится,2024-12-01,2025-12-01,False
2314,введён,2025-12-01,,True
2315,запланирован,2024-12-01,2025-12-01,False
2315,строится,2025-12-01,,True
2316,запланирован,2027-04-01,,True
2317,запланирован,2015-05-01,2016-02-01,False
2317,строится,2016-02-01,2019-12-01,False
2317,введён,2019-12-01,,True
2318,запланирован,2023-02-01,2023-11-01,False
2318,строится,2023-11-01,2025-08-01,False
2318,введён,2025-08-01,,True
2319,запланирован,2022-02-01,2023-01-01,False
2319,строится,2023-01-01,2026-01-01,False
2319,введён,2026-01-01,,True
2320,запланирован,2024-10-01,2025-06-01,False
2320,строится,2025-06-01,,True
2321,запланирован,2023-08-01,2024-08-01,False
2321,строится,2024-08-01,2025-03-01,False
2321,введён,2025-03-01,,True
2322,запланирован,2025-12-01,,True
2323,запланирован,2028-10-01,,True
2324,запланирован,2028-04-01,,True
2325,запланирован,2023-05-01,2024-03-01,False
2325,строится,2024-03-01,2025-02-01,False
2325,введён,2025-02-01,,True
2326,запланирован,2018-09-01,2020-02-01,False
2326,строится,2020-02-01,2021-04-01,False
2326,введён,2021-04-01,,True
2327,запланирован,2022-12-01,2023-05-01,False
2327,строится,2023-05-01,2024-11-01,False
2327,введён,2024-11-01,,True
2328,запланирован,2017-01-01,2018-05-01,False
2328,строится,2018-05-01,2021-10-01,False
2328,введён,2021-10-01,,True
2329,запланирован,2025-05-01,2025-12-01,False
2329,строится,2025-12-01,,True
2330,запланирован,2020-11-01,2021-04-01,False
2330,строится,2021-04-01,2024-10-01,False
2330,введён,2024-10-01,,True
2331,запланирован,2018-04-01,2018-11-01,False
2331,строится,2018-11-01,2021-03-01,False
2331,введён,2021-03-01,,True
2332,запланирован,2019-06-01,2020-03-01,False
2332,строится,2020-03-01,2021-11-01,False
2332,введён,2021-11-01,,True
2333,запланирован,2020-05-01,2021-07-01,False
2333,строится,2021-07-01,2022-07-01,False
2333,введён,2022-07-01,,True
2334,запланирован,2020-01-01,2020-07-01,False
2334,строится,2020-07-01,2021-11-01,False
2334,введён,2021-11-01,,True
2335,запланирован,2017-11-01,2019-03-01,False
2335,строится,2019-03-01,2020-11-01,False
2335,введён,2020-11-01,,True
2336,запланирован,2021-11-01,2022-11-01,False
2336,строится,2022-11-01,2023-06-01,False
2336,введён,2023-06-01,,True
2337,запланирован,2018-03-01,2018-12-01,False
2337,строится,2018-12-01,2021-05-01,False
2337,введён,2021-05-01,,True
2338,запланирован,2020-11-01,2021-11-01,False
2338,строится,2021-11-01,2022-07-01,False
2338,введён,2022-07-01,,True
2339,запланирован,2024-09-01,2024-12-01,False
2339,строится,2024-12-01,2025-08-01,False
2339,введён,2025-08-01,,True
2340,запланирован,2022-02-01,2022-12-01,False
2340,строится,2022-12-01,2026-03-01,False
2340,введён,2026-03-01,,True
2341,запланирован,2020-07-01,2021-12-01,False
2341,строится,2021-12-01,2024-03-01,False
2341,введён,2024-03-01,,True
2342,запланирован,2024-01-01,2025-02-01,False
2342,строится,2025-02-01,2026-06-01,False
2342,введён,2026-06-01,,True
2343,запланирован,2016-09-01,2018-01-01,False
2343,строится,2018-01-01,2020-09-01,False
2343,введён,2020-09-01,,True
2344,запланирован,2026-05-01,,True
2345,запланирован,2023-01-01,2024-03-01,False
2345,строится,2024-03-01,2025-03-01,False
2345,введён,2025-03-01,,True
2346,запланирован,2019-11-01,2021-02-01,False
2346,строится,2021-02-01,2023-06-01,False
2346,введён,2023-06-01,,True
2347,запланирован,2027-04-01,,True
2348,запланирован,2026-03-01,,True
2349,запланирован,2017-03-01,2018-04-01,False
2349,строится,2018-04-01,2020-10-01,False
2349,введён,2020-10-01,,True
2350,запланирован,2024-01-01,2025-02-01,False
2350,строится,2025-02-01,2026-07-01,False
2350,введён,2026-07-01,,True
2351,запланирован,2018-03-01,2019-04-01,False
2351,строится,2019-04-01,2022-04-01,False
2351,введён,2022-04-01,,True
2352,запланирован,2024-06-01,2024-11-01,False
2352,строится,2024-11-01,,True
2353,запланирован,2021-09-01,2021-12-01,False
2353,строится,2021-12-01,2025-03-01,False
2353,введён,2025-03-01,,True
2354,запланирован,2019-12-01,2021-03-01,False
2354,строится,2021-03-01,2024-02-01,False
2354,введён,2024-02-01,,True
2355,запланирован,2022-11-01,2023-12-01,False
2355,строится,2023-12-01,,True
2356,запланирован,2016-10-01,2017-08-01,False
2356,строится,2017-08-01,2020-07-01,False
2356,введён,2020-07-01,,True
2357,запланирован,2027-09-01,,True
2358,запланирован,2023-11-01,2024-08-01,False
2358,строится,2024-08-01,2025-04-01,False
2358,введён,2025-04-01,,True
2359,запланирован,2026-04-01,,True
2360,запланирован,2020-06-01,2021-03-01,False
2360,строится,2021-03-01,2024-09-01,False
2360,введён,2024-09-01,,True
2361,запланирован,2024-05-01,2024-09-01,False
2361,строится,2024-09-01,,True
2362,запланирован,2020-04-01,2021-05-01,False
2362,строится,2021-05-01,2022-10-01,False
2362,введён,2022-10-01,,True
2363,запланирован,2018-05-01,2018-11-01,False
2363,строится,2018-11-01,2021-08-01,False
2363,введён,2021-08-01,,True
2364,запланирован,2024-06-01,2025-09-01,False
2364,строится,2025-09-01,,True
2365,запланирован,2024-09-01,2025-02-01,False
2365,строится,2025-02-01,,True
2366,запланирован,2025-04-01,2026-06-01,False
2366,строится,2026-06-01,,True
2367,запланирован,2026-02-01,,True
2368,запланирован,2024-09-01,2025-10-01,False
2368,строится,2025-10-01,,True
2369,запланирован,2022-10-01,2023-06-01,False
2369,строится,2023-06-01,2026-03-01,False
2369,введён,2026-03-01,,True
2370,запланирован,2023-06-01,2024-02-01,False
2370,строится,2024-02-01,,True
2371,запланирован,2016-10-01,2017-09-01,False
2371,строится,2017-09-01,2019-07-01,False
2371,введён,2019-07-01,,True
2372,запланирован,2018-03-01,2019-08-01,False
2372,строится,2019-08-01,2020-02-01,False
2372,введён,2020-02-01,,True
2373,запланирован,2027-04-01,,True
2374,запланирован,2023-06-01,2023-12-01,False
2374,строится,2023-12-01,2026-01-01,False
2374,введён,2026-01-01,,True
2375,запланирован,2016-08-01,2017-09-01,False
2375,строится,2017-09-01,2019-10-01,False
2375,введён,2019-10-01,,True
2376,запланирован,2025-03-01,2026-05-01,False
2376,строится,2026-05-01,,True
2377,запланирован,2023-03-01,2023-10-01,False
2377,строится,2023-10-01,2026-04-01,False
2377,введён,2026-04-01,,True
2378,запланирован,2019-10-01,2020-08-01,False
2378,строится,2020-08-01,2022-11-01,False
2378,введён,2022-11-01,,True
2379,запланирован,2018-07-01,2019-10-01,False
2379,строится,2019-10-01,2022-09-01,False
2379,введён,2022-09-01,,True
2380,запланирован,2025-11-01,2026-07-01,False
2380,строится,2026-07-01,,True
2381,запланирован,2022-01-01,2022-10-01,False
2381,строится,2022-10-01,2025-12-01,False
2381,введён,2025-12-01,,True
2382,запланирован,2022-09-01,2022-12-01,False
2382,строится,2022-12-01,2024-03-01,False
2382,введён,2024-03-01,,True
2383,запланирован,2024-05-01,2025-06-01,False
2383,строится,2025-06-01,2026-01-01,False
2383,введён,2026-01-01,,True
2384,запланирован,2022-06-01,2023-08-01,False
2384,строится,2023-08-01,2024-06-01,False
2384,введён,2024-06-01,,True
2385,запланирован,2025-12-01,,True
2386,запланирован,2023-08-01,2024-09-01,False
2386,строится,2024-09-01,2025-08-01,False
2386,введён,2025-08-01,,True
2387,запланирован,2022-12-01,2024-03-01,False
2387,строится,2024-03-01,,True
2388,запланирован,2026-05-01,,True
2389,запланирован,2023-09-01,2023-12-01,False
2389,строится,2023-12-01,2026-08-01,False
2389,введён,2026-08-01,,True
2390,запланирован,2023-06-01,2024-11-01,False
2390,строится,2024-11-01,,True
2391,запланирован,2024-02-01,2025-07-01,False
2391,строится,2025-07-01,,True
2392,запланирован,2026-03-01,,True
2393,запланирован,2028-03-01,,True
2394,запланирован,2020-07-01,2021-07-01,False
2394,строится,2021-07-01,2023-07-01,False
2394,введён,2023-07-01,,True
2395,запланирован,2024-12-01,2025-11-01,False
2395,строится,2025-11-01,,True
2396,запланирован,2022-11-01,2024-04-01,False
2396,строится,2024-04-01,2025-04-01,False
2396,введён,2025-04-01,,True
2397,запланирован,2023-04-01,2023-08-01,False
2397,строится,2023-08-01,2025-07-01,False
2397,введён,2025-07-01,,True
2398,запланирован,2019-08-01,2020-01-01,False
2398,строится,2020-01-01,2023-11-01,False
2398,введён,2023-11-01,,True
2399,запланирован,2024-09-01,2025-02-01,False
2399,строится,2025-02-01,2026-06-01,False
2399,введён,2026-06-01,,True
2400,запланирован,2028-11-01,,True
2401,запланирован,2023-09-01,2024-08-01,False
2401,строится,2024-08-01,,True
2402,запланирован,2023-03-01,2024-02-01,False
2402,строится,2024-02-01,2025-04-01,False
2402,введён,2025-04-01,,True
2403,запланирован,2026-05-01,,True
2404,запланирован,2022-09-01,2022-12-01,False
2404,строится,2022-12-01,2026-07-01,False
2404,введён,2026-07-01,,True
2405,запланирован,2021-07-01,2022-08-01,False
2405,строится,2022-08-01,2024-07-01,False
2405,введён,2024-07-01,,True
2406,запланирован,2022-10-01,2023-01-01,False
2406,строится,2023-01-01,,True
2407,запланирован,2026-08-01,,True
2408,запланирован,2022-03-01,2023-08-01,False
2408,строится,2023-08-01,2026-08-01,False
2408,введён,2026-08-01,,True
2409,запланирован,2018-08-01,2019-11-01,False
2409,строится,2019-11-01,2023-03-01,False
2409,введён,2023-03-01,,True
2410,запланирован,2019-09-01,2020-11-01,False
2410,строится,2020-11-01,2023-09-01,False
2410,введён,2023-09-01,,True
2411,запланирован,2022-08-01,2023-01-01,False
2411,строится,2023-01-01,2024-07-01,False
2411,введён,2024-07-01,,True
2412,запланирован,2017-01-01,2018-01-01,False
2412,строится,2018-01-01,2021-10-01,False
2412,введён,2021-10-01,,True
2413,запланирован,2016-08-01,2017-02-01,False
2413,строится,2017-02-01,2019-12-01,False
2413,введён,2019-12-01,,True
2414,запланирован,2025-01-01,2026-04-01,False
2414,строится,2026-04-01,,True
2415,запланирован,2017-12-01,2018-08-01,False
2415,строится,2018-08-01,2022-06-01,False
2415,введён,2022-06-01,,True
2416,запланирован,2024-02-01,2024-05-01,False
2416,строится,2024-05-01,2026-01-01,False
2416,введён,2026-01-01,,True
2417,запланирован,2025-10-01,2026-05-01,False
2417,строится,2026-05-01,,True
2418,запланирован,2019-12-01,2021-04-01,False
2418,строится,2021-04-01,2021-10-01,False
2418,введён,2021-10-01,,True
2419,запланирован,2019-10-01,2020-03-01,False
2419,строится,2020-03-01,2021-11-01,False
2419,введён,2021-11-01,,True
2420,запланирован,2015-10-01,2016-10-01,False
2420,строится,2016-10-01,2019-02-01,False
2420,введён,2019-02-01,,True
2421,запланирован,2021-07-01,2021-11-01,False
2421,строится,2021-11-01,2022-09-01,False
2421,введён,2022-09-01,,True
2422,запланирован,2025-11-01,,True
2423,запланирован,2025-02-01,2025-10-01,False
2423,строится,2025-10-01,,True
2424,запланирован,2018-09-01,2019-03-01,False
2424,строится,2019-03-01,2022-11-01,False
2424,введён,2022-11-01,,True
2425,запланирован,2021-09-01,2023-01-01,False
2425,строится,2023-01-01,2024-08-01,False
2425,введён,2024-08-01,,True
2426,запланирован,2029-02-01,,True
2427,запланирован,2019-07-01,2020-04-01,False
2427,строится,2020-04-01,2021-09-01,False
2427,введён,2021-09-01,,True
2428,запланирован,2015-07-01,2016-08-01,False
2428,строится,2016-08-01,2020-06-01,False
2428,введён,2020-06-01,,True
2429,запланирован,2019-12-01,2021-02-01,False
2429,строится,2021-02-01,2021-08-01,False
2429,введён,2021-08-01,,True
2430,запланирован,2019-10-01,2020-07-01,False
2430,строится,2020-07-01,2023-09-01,False
2430,введён,2023-09-01,,True
2431,запланирован,2026-01-01,2026-07-01,False
2431,строится,2026-07-01,,True
2432,запланирован,2017-06-01,2018-05-01,False
2432,строится,2018-05-01,2019-11-01,False
2432,введён,2019-11-01,,True
2433,запланирован,2020-10-01,2021-05-01,False
2433,строится,2021-05-01,2023-12-01,False
2433,введён,2023-12-01,,True
2434,запланирован,2017-05-01,2017-10-01,False
2434,строится,2017-10-01,2021-01-01,False
2434,введён,2021-01-01,,True
2435,запланирован,2024-06-01,2025-07-01,False
2435,строится,2025-07-01,,True
2436,запланирован,2017-05-01,2018-07-01,False
2436,строится,2018-07-01,2020-03-01,False
2436,введён,2020-03-01,,True
2437,запланирован,2021-10-01,2022-01-01,False
2437,строится,2022-01-01,2025-01-01,False
2437,введён,2025-01-01,,True
2438,запланирован,2021-12-01,2023-04-01,False
2438,строится,2023-04-01,2025-05-01,False
2438,введён,2025-05-01,,True
2439,запланирован,2026-08-01,,True
2440,запланирован,2020-03-01,2020-10-01,False
2440,строится,2020-10-01,2024-05-01,False
2440,введён,2024-05-01,,True
2441,запланирован,2027-04-01,,True
2442,запланирован,2020-07-01,2021-10-01,False
2442,строится,2021-10-01,2024-01-01,False
2442,введён,2024-01-01,,True
2443,запланирован,2023-08-01,2024-11-01,False
2443,строится,2024-11-01,2025-05-01,False
2443,введён,2025-05-01,,True
2444,запланирован,2023-07-01,2024-04-01,False
2444,строится,2024-04-01,2026-06-01,False
2444,введён,2026-06-01,,True
2445,запланирован,2025-12-01,,True
2446,запланирован,2025-06-01,2026-08-01,False
2446,строится,2026-08-01,,True
2447,запланирован,2021-04-01,2022-05-01,False
2447,строится,2022-05-01,2026-04-01,False
2447,введён,2026-04-01,,True
2448,запланирован,2027-11-01,,True
2449,запланирован,2027-07-01,,True
2450,запланирован,2023-10-01,2024-03-01,False
2450,строится,2024-03-01,,True
2451,запланирован,2028-08-01,,True
2452,запланирован,2023-10-01,2024-12-01,False
2452,строится,2024-12-01,2026-07-01,False
2452,введён,2026-07-01,,True
2453,запланирован,2016-09-01,2017-09-01,False
2453,строится,2017-09-01,2021-01-01,False
2453,введён,2021-01-01,,True
2454,запланирован,2019-12-01,2020-10-01,False
2454,строится,2020-10-01,2021-09-01,False
2454,введён,2021-09-01,,True
2455,запланирован,2018-07-01,2019-02-01,False
2455,строится,2019-02-01,2020-09-01,False
2455,введён,2020-09-01,,True
2456,запланирован,2017-01-01,2018-06-01,False
2456,строится,2018-06-01,2022-03-01,False
2456,введён,2022-03-01,,True
2457,запланирован,2023-08-01,2024-12-01,False
2457,строится,2024-12-01,2026-07-01,False
2457,введён,2026-07-01,,True
2458,запланирован,2025-07-01,2025-11-01,False
2458,строится,2025-11-01,,True
2459,запланирован,2018-04-01,2018-08-01,False
2459,строится,2018-08-01,2020-10-01,False
2459,введён,2020-10-01,,True
2460,запланирован,2023-08-01,2024-07-01,False
2460,строится,2024-07-01,2025-02-01,False
2460,введён,2025-02-01,,True
2461,запланирован,2020-06-01,2021-10-01,False
2461,строится,2021-10-01,2024-02-01,False
2461,введён,2024-02-01,,True
2462,запланирован,2023-09-01,2024-01-01,False
2462,строится,2024-01-01,,True
2463,запланирован,2021-04-01,2022-01-01,False
2463,строится,2022-01-01,2024-11-01,False
2463,введён,2024-11-01,,True
2464,запланирован,2018-05-01,2018-10-01,False
2464,строится,2018-10-01,2021-07-01,False
2464,введён,2021-07-01,,True
2465,запланирован,2018-07-01,2019-06-01,False
2465,строится,2019-06-01,2021-06-01,False
2465,введён,2021-06-01,,True
2466,запланирован,2025-12-01,2026-06-01,False
2466,строится,2026-06-01,,True
2467,запланирован,2016-04-01,2016-10-01,False
2467,строится,2016-10-01,2019-12-01,False
2467,введён,2019-12-01,,True
2468,запланирован,2026-07-01,,True
2469,запланирован,2022-01-01,2023-01-01,False
2469,строится,2023-01-01,2026-07-01,False
2469,введён,2026-07-01,,True
2470,запланирован,2018-05-01,2019-02-01,False
2470,строится,2019-02-01,2022-04-01,False
2470,введён,2022-04-01,,True
2471,запланирован,2020-05-01,2020-09-01,False
2471,строится,2020-09-01,2021-05-01,False
2471,введён,2021-05-01,,True
2472,запланирован,2023-08-01,2024-06-01,False
2472,строится,2024-06-01,,True
2473,запланирован,2020-01-01,2021-04-01,False
2473,строится,2021-04-01,2023-11-01,False
2473,введён,2023-11-01,,True
2474,запланирован,2019-05-01,2019-09-01,False
2474,строится,2019-09-01,2020-03-01,False
2474,введён,2020-03-01,,True
2475,запланирован,2017-09-01,2018-03-01,False
2475,строится,2018-03-01,2022-01-01,False
2475,введён,2022-01-01,,True
2476,запланирован,2017-09-01,2018-09-01,False
2476,строится,2018-09-01,2022-05-01,False
2476,введён,2022-05-01,,True
2477,запланирован,2025-12-01,2026-06-01,False
2477,строится,2026-06-01,,True
2478,запланирован,2020-05-01,2021-10-01,False
2478,строится,2021-10-01,2023-08-01,False
2478,введён,2023-08-01,,True
2479,запланирован,2021-09-01,2021-12-01,False
2479,строится,2021-12-01,2023-06-01,False
2479,введён,2023-06-01,,True
2480,запланирован,2016-07-01,2017-04-01,False
2480,строится,2017-04-01,2019-04-01,False
2480,введён,2019-04-01,,True
2481,запланирован,2020-01-01,2021-04-01,False
2481,строится,2021-04-01,2024-12-01,False
2481,введён,2024-12-01,,True
2482,запланирован,2018-01-01,2018-08-01,False
2482,строится,2018-08-01,2021-09-01,False
2482,введён,2021-09-01,,True
2483,запланирован,2025-01-01,2025-11-01,False
2483,строится,2025-11-01,,True
2484,запланирован,2021-10-01,2023-02-01,False
2484,строится,2023-02-01,2025-07-01,False
2484,введён,2025-07-01,,True
2485,запланирован,2024-05-01,2025-08-01,False
2485,строится,2025-08-01,,True
2486,запланирован,2026-04-01,,True
2487,запланирован,2021-10-01,2022-12-01,False
2487,строится,2022-12-01,2025-12-01,False
2487,введён,2025-12-01,,True
2488,запланирован,2018-07-01,2019-02-01,False
2488,строится,2019-02-01,2022-03-01,False
2488,введён,2022-03-01,,True
2489,запланирован,2029-07-01,,True
2490,запланирован,2021-01-01,2022-05-01,False
2490,строится,2022-05-01,2023-06-01,False
2490,введён,2023-06-01,,True
2491,запланирован,2019-12-01,2020-08-01,False
2491,строится,2020-08-01,2022-12-01,False
2491,введён,2022-12-01,,True
2492,запланирован,2021-01-01,2022-03-01,False
2492,строится,2022-03-01,2024-07-01,False
2492,введён,2024-07-01,,True
2493,запланирован,2021-12-01,2022-08-01,False
2493,строится,2022-08-01,2026-03-01,False
2493,введён,2026-03-01,,True
2494,запланирован,2016-09-01,2017-12-01,False
2494,строится,2017-12-01,2018-09-01,False
2494,введён,2018-09-01,,True
2495,запланирован,2024-01-01,2025-04-01,False
2495,строится,2025-04-01,2026-01-01,False
2495,введён,2026-01-01,,True
2496,запланирован,2014-10-01,2015-10-01,False
2496,строится,2015-10-01,2019-07-01,False
2496,введён,2019-07-01,,True
2497,запланирован,2029-02-01,,True
2498,запланирован,2023-02-01,2024-07-01,False
2498,строится,2024-07-01,,True
2499,запланирован,2024-02-01,2025-03-01,False
2499,строится,2025-03-01,,True
2500,запланирован,2014-09-01,2015-09-01,False
2500,строится,2015-09-01,2019-06-01,False
2500,введён,2019-06-01,,True
2501,запланирован,2021-02-01,2022-01-01,False
2501,строится,2022-01-01,2025-09-01,False
2501,введён,2025-09-01,,True
2502,запланирован,2023-05-01,2024-01-01,False
2502,строится,2024-01-01,,True
2503,запланирован,2023-06-01,2023-09-01,False
2503,строится,2023-09-01,2026-04-01,False
2503,введён,2026-04-01,,True
2504,запланирован,2024-04-01,2024-07-01,False
2504,строится,2024-07-01,,True
2505,запланирован,2016-12-01,2018-01-01,False
2505,строится,2018-01-01,2018-09-01,False
2505,введён,2018-09-01,,True
2506,запланирован,2018-10-01,2020-01-01,False
2506,строится,2020-01-01,2021-08-01,False
2506,введён,2021-08-01,,True
2507,запланирован,2023-11-01,2025-02-01,False
2507,строится,2025-02-01,,True
2508,запланирован,2017-04-01,2018-08-01,False
2508,строится,2018-08-01,2022-06-01,False
2508,введён,2022-06-01,,True
2509,запланирован,2027-04-01,,True
2510,запланирован,2025-05-01,2025-11-01,False
2510,строится,2025-11-01,,True
2511,запланирован,2021-12-01,2022-04-01,False
2511,строится,2022-04-01,2024-02-01,False
2511,введён,2024-02-01,,True
2512,запланирован,2021-04-01,2021-08-01,False
2512,строится,2021-08-01,2023-06-01,False
2512,введён,2023-06-01,,True
2513,запланирован,2027-03-01,,True
2514,запланирован,2023-09-01,2024-09-01,False
2514,строится,2024-09-01,2025-11-01,False
2514,введён,2025-11-01,,True
2515,запланирован,2017-08-01,2018-11-01,False
2515,строится,2018-11-01,2021-08-01,False
2515,введён,2021-08-01,,True
2516,запланирован,2026-03-01,,True
2517,запланирован,2018-02-01,2019-02-01,False
2517,строится,2019-02-01,2022-05-01,False
2517,введён,2022-05-01,,True
2518,запланирован,2023-08-01,2024-02-01,False
2518,строится,2024-02-01,2025-01-01,False
2518,введён,2025-01-01,,True
2519,запланирован,2016-01-01,2017-01-01,False
2519,строится,2017-01-01,2019-01-01,False
2519,введён,2019-01-01,,True
2520,запланирован,2020-02-01,2021-05-01,False
2520,строится,2021-05-01,2023-10-01,False
2520,введён,2023-10-01,,True
2521,запланирован,2020-02-01,2020-06-01,False
2521,строится,2020-06-01,2021-11-01,False
2521,введён,2021-11-01,,True
2522,запланирован,2018-12-01,2019-09-01,False
2522,строится,2019-09-01,2022-01-01,False
2522,введён,2022-01-01,,True
2523,запланирован,2019-02-01,2019-10-01,False
2523,строится,2019-10-01,2022-02-01,False
2523,введён,2022-02-01,,True
2524,запланирован,2021-12-01,2022-04-01,False
2524,строится,2022-04-01,2022-11-01,False
2524,введён,2022-11-01,,True
2525,запланирован,2025-05-01,2026-07-01,False
2525,строится,2026-07-01,,True
2526,запланирован,2019-08-01,2020-05-01,False
2526,строится,2020-05-01,2023-11-01,False
2526,введён,2023-11-01,,True
2527,запланирован,2014-08-01,2015-07-01,False
2527,строится,2015-07-01,2019-06-01,False
2527,введён,2019-06-01,,True
2528,запланирован,2021-06-01,2022-03-01,False
2528,строится,2022-03-01,2023-01-01,False
2528,введён,2023-01-01,,True
2529,запланирован,2019-05-01,2020-03-01,False
2529,строится,2020-03-01,2021-05-01,False
2529,введён,2021-05-01,,True
2530,запланирован,2025-02-01,2025-08-01,False
2530,строится,2025-08-01,,True
2531,запланирован,2022-11-01,2024-03-01,False
2531,строится,2024-03-01,2026-02-01,False
2531,введён,2026-02-01,,True
2532,запланирован,2026-02-01,,True
2533,запланирован,2017-09-01,2018-06-01,False
2533,строится,2018-06-01,2022-01-01,False
2533,введён,2022-01-01,,True
2534,запланирован,2022-12-01,2024-03-01,False
2534,строится,2024-03-01,,True
2535,запланирован,2016-04-01,2017-09-01,False
2535,строится,2017-09-01,2020-12-01,False
2535,введён,2020-12-01,,True
2536,запланирован,2024-11-01,2025-05-01,False
2536,строится,2025-05-01,,True
2537,запланирован,2016-05-01,2017-08-01,False
2537,строится,2017-08-01,2021-07-01,False
2537,введён,2021-07-01,,True
2538,запланирован,2021-10-01,2022-10-01,False
2538,строится,2022-10-01,2025-02-01,False
2538,введён,2025-02-01,,True
2539,запланирован,2023-06-01,2024-10-01,False
2539,строится,2024-10-01,,True
2540,запланирован,2025-05-01,2025-09-01,False
2540,строится,2025-09-01,,True
2541,запланирован,2026-01-01,,True
2542,запланирован,2023-01-01,2024-06-01,False
2542,строится,2024-06-01,,True
2543,запланирован,2017-09-01,2018-11-01,False
2543,строится,2018-11-01,2021-03-01,False
2543,введён,2021-03-01,,True
2544,запланирован,2018-09-01,2019-07-01,False
2544,строится,2019-07-01,2020-12-01,False
2544,введён,2020-12-01,,True
2545,запланирован,2026-05-01,,True
2546,запланирован,2027-04-01,,True
2547,запланирован,2022-05-01,2023-07-01,False
2547,строится,2023-07-01,2024-01-01,False
2547,введён,2024-01-01,,True
2548,запланирован,2029-10-01,,True
2549,запланирован,2018-05-01,2018-11-01,False
2549,строится,2018-11-01,2020-07-01,False
2549,введён,2020-07-01,,True
2550,запланирован,2024-08-01,2024-12-01,False
2550,строится,2024-12-01,2025-08-01,False
2550,введён,2025-08-01,,True
2551,запланирован,2021-05-01,2022-04-01,False
2551,строится,2022-04-01,2023-03-01,False
2551,введён,2023-03-01,,True
2552,запланирован,2021-08-01,2021-12-01,False
2552,строится,2021-12-01,2023-06-01,False
2552,введён,2023-06-01,,True
2553,запланирован,2021-07-01,2022-04-01,False
2553,строится,2022-04-01,2023-01-01,False
2553,введён,2023-01-01,,True
2554,запланирован,2025-09-01,2026-01-01,False
2554,строится,2026-01-01,,True
2555,запланирован,2022-02-01,2022-05-01,False
2555,строится,2022-05-01,2024-05-01,False
2555,введён,2024-05-01,,True
2556,запланирован,2017-03-01,2017-07-01,False
2556,строится,2017-07-01,2020-09-01,False
2556,введён,2020-09-01,,True
2557,запланирован,2024-05-01,2024-11-01,False
2557,строится,2024-11-01,,True
2558,запланирован,2015-01-01,2016-05-01,False
2558,строится,2016-05-01,2019-11-01,False
2558,введён,2019-11-01,,True
2559,запланирован,2019-09-01,2020-06-01,False
2559,строится,2020-06-01,2020-12-01,False
2559,введён,2020-12-01,,True
2560,запланирован,2025-02-01,2025-11-01,False
2560,строится,2025-11-01,,True
2561,запланирован,2023-10-01,2025-03-01,False
2561,строится,2025-03-01,,True
2562,запланирован,2018-10-01,2020-02-01,False
2562,строится,2020-02-01,2020-08-01,False
2562,введён,2020-08-01,,True
2563,запланирован,2025-07-01,2026-06-01,False
2563,строится,2026-06-01,,True
2564,запланирован,2019-08-01,2020-02-01,False
2564,строится,2020-02-01,2023-11-01,False
2564,введён,2023-11-01,,True
2565,запланирован,2021-12-01,2022-05-01,False
2565,строится,2022-05-01,2026-03-01,False
2565,введён,2026-03-01,,True
2566,запланирован,2025-04-01,2026-05-01,False
2566,строится,2026-05-01,,True
2567,запланирован,2024-11-01,2025-10-01,False
2567,строится,2025-10-01,,True
2568,запланирован,2028-03-01,,True
2569,запланирован,2023-03-01,2024-07-01,False
2569,строится,2024-07-01,,True
2570,запланирован,2022-07-01,2023-04-01,False
2570,строится,2023-04-01,2025-11-01,False
2570,введён,2025-11-01,,True
2571,запланирован,2021-04-01,2022-08-01,False
2571,строится,2022-08-01,2025-11-01,False
2571,введён,2025-11-01,,True
2572,запланирован,2027-11-01,,True
2573,запланирован,2026-12-01,,True
2574,запланирован,2026-06-01,,True
2575,запланирован,2022-09-01,2023-05-01,False
2575,строится,2023-05-01,2026-05-01,False
2575,введён,2026-05-01,,True
2576,запланирован,2021-03-01,2021-06-01,False
2576,строится,2021-06-01,2022-08-01,False
2576,введён,2022-08-01,,True
2577,запланирован,2016-03-01,2016-08-01,False
2577,строится,2016-08-01,2019-10-01,False
2577,введён,2019-10-01,,True
2578,запланирован,2027-04-01,,True
2579,запланирован,2018-05-01,2018-09-01,False
2579,строится,2018-09-01,2022-05-01,False
2579,введён,2022-05-01,,True
2580,запланирован,2027-08-01,,True
2581,запланирован,2024-09-01,2026-02-01,False
2581,строится,2026-02-01,,True
2582,запланирован,2024-06-01,2025-09-01,False
2582,строится,2025-09-01,,True
2583,запланирован,2024-09-01,2026-02-01,False
2583,строится,2026-02-01,,True
2584,запланирован,2025-08-01,2025-12-01,False
2584,строится,2025-12-01,,True
2585,запланирован,2027-06-01,,True
2586,запланирован,2017-10-01,2019-03-01,False
2586,строится,2019-03-01,2021-04-01,False
2586,введён,2021-04-01,,True
2587,запланирован,2019-02-01,2019-07-01,False
2587,строится,2019-07-01,2023-04-01,False
2587,введён,2023-04-01,,True
2588,запланирован,2025-09-01,,True
2589,запланирован,2019-11-01,2020-07-01,False
2589,строится,2020-07-01,2021-09-01,False
2589,введён,2021-09-01,,True
2590,запланирован,2025-03-01,2025-08-01,False
2590,строится,2025-08-01,,True
2591,запланирован,2018-12-01,2019-06-01,False
2591,строится,2019-06-01,2023-05-01,False
2591,введён,2023-05-01,,True
2592,запланирован,2024-12-01,2025-11-01,False
2592,строится,2025-11-01,,True
2593,запланирован,2022-08-01,2023-12-01,False
2593,строится,2023-12-01,2025-05-01,False
2593,введён,2025-05-01,,True
2594,запланирован,2027-04-01,,True
2595,запланирован,2017-04-01,2017-12-01,False
2595,строится,2017-12-01,2021-08-01,False
2595,введён,2021-08-01,,True
2596,запланирован,2030-01-01,,True
2597,запланирован,2018-12-01,2019-10-01,False
2597,строится,2019-10-01,2023-06-01,False
2597,введён,2023-06-01,,True
2598,запланирован,2020-03-01,2021-06-01,False
2598,строится,2021-06-01,2023-07-01,False
2598,введён,2023-07-01,,True
2599,запланирован,2028-09-01,,True
2600,запланирован,2020-10-01,2021-05-01,False
2600,строится,2021-05-01,2022-07-01,False
2600,введён,2022-07-01,,True
2601,запланирован,2023-03-01,2024-08-01,False
2601,строится,2024-08-01,,True
2602,запланирован,2019-12-01,2020-11-01,False
2602,строится,2020-11-01,2022-01-01,False
2602,введён,2022-01-01,,True
2603,запланирован,2022-05-01,2023-03-01,False
2603,строится,2023-03-01,2024-02-01,False
2603,введён,2024-02-01,,True
2604,запланирован,2025-02-01,2025-09-01,False
2604,строится,2025-09-01,,True
2605,запланирован,2025-08-01,2026-08-01,False
2605,строится,2026-08-01,,True
2606,запланирован,2017-08-01,2018-10-01,False
2606,строится,2018-10-01,2021-10-01,False
2606,введён,2021-10-01,,True
2607,запланирован,2023-03-01,2023-07-01,False
2607,строится,2023-07-01,2024-02-01,False
2607,введён,2024-02-01,,True
2608,запланирован,2017-07-01,2018-08-01,False
2608,строится,2018-08-01,2021-12-01,False
2608,введён,2021-12-01,,True
2609,запланирован,2020-08-01,2021-11-01,False
2609,строится,2021-11-01,2025-02-01,False
2609,введён,2025-02-01,,True
2610,запланирован,2019-07-01,2019-11-01,False
2610,строится,2019-11-01,2022-06-01,False
2610,введён,2022-06-01,,True
2611,запланирован,2016-04-01,2016-08-01,False
2611,строится,2016-08-01,2019-08-01,False
2611,введён,2019-08-01,,True
2612,запланирован,2017-09-01,2018-10-01,False
2612,строится,2018-10-01,2020-02-01,False
2612,введён,2020-02-01,,True
2613,запланирован,2023-04-01,2023-09-01,False
2613,строится,2023-09-01,,True
2614,запланирован,2022-11-01,2023-04-01,False
2614,строится,2023-04-01,2025-01-01,False
2614,введён,2025-01-01,,True
2615,запланирован,2018-09-01,2019-01-01,False
2615,строится,2019-01-01,2021-08-01,False
2615,введён,2021-08-01,,True
2616,запланирован,2027-04-01,,True
2617,запланирован,2018-12-01,2019-06-01,False
2617,строится,2019-06-01,2021-08-01,False
2617,введён,2021-08-01,,True
2618,запланирован,2022-03-01,2022-10-01,False
2618,строится,2022-10-01,2023-10-01,False
2618,введён,2023-10-01,,True
2619,запланирован,2018-12-01,2019-07-01,False
2619,строится,2019-07-01,2023-01-01,False
2619,введён,2023-01-01,,True
2620,запланирован,2018-02-01,2018-05-01,False
2620,строится,2018-05-01,2020-12-01,False
2620,введён,2020-12-01,,True
2621,запланирован,2015-04-01,2016-08-01,False
2621,строится,2016-08-01,2020-01-01,False
2621,введён,2020-01-01,,True
2622,запланирован,2020-12-01,2021-11-01,False
2622,строится,2021-11-01,2024-07-01,False
2622,введён,2024-07-01,,True
2623,запланирован,2020-07-01,2021-09-01,False
2623,строится,2021-09-01,2023-11-01,False
2623,введён,2023-11-01,,True
2624,запланирован,2019-05-01,2019-08-01,False
2624,строится,2019-08-01,2022-11-01,False
2624,введён,2022-11-01,,True
2625,запланирован,2022-07-01,2023-11-01,False
2625,строится,2023-11-01,,True
2626,запланирован,2025-12-01,2026-06-01,False
2626,строится,2026-06-01,,True
2627,запланирован,2025-01-01,2025-10-01,False
2627,строится,2025-10-01,,True
2628,запланирован,2025-02-01,2025-09-01,False
2628,строится,2025-09-01,2026-07-01,False
2628,введён,2026-07-01,,True
2629,запланирован,2022-05-01,2022-09-01,False
2629,строится,2022-09-01,2024-02-01,False
2629,введён,2024-02-01,,True
2630,запланирован,2028-08-01,,True
2631,запланирован,2022-05-01,2023-03-01,False
2631,строится,2023-03-01,2024-11-01,False
2631,введён,2024-11-01,,True
2632,запланирован,2016-12-01,2017-04-01,False
2632,строится,2017-04-01,2020-05-01,False
2632,введён,2020-05-01,,True
2633,запланирован,2021-03-01,2021-11-01,False
2633,строится,2021-11-01,2025-06-01,False
2633,введён,2025-06-01,,True
2634,запланирован,2029-02-01,,True
2635,запланирован,2017-07-01,2018-09-01,False
2635,строится,2018-09-01,2021-05-01,False
2635,введён,2021-05-01,,True
2636,запланирован,2021-10-01,2022-11-01,False
2636,строится,2022-11-01,2025-08-01,False
2636,введён,2025-08-01,,True
2637,запланирован,2025-06-01,2025-11-01,False
2637,строится,2025-11-01,,True
2638,запланирован,2025-11-01,2026-04-01,False
2638,строится,2026-04-01,,True
2639,запланирован,2026-02-01,,True
2640,запланирован,2021-01-01,2021-05-01,False
2640,строится,2021-05-01,2024-05-01,False
2640,введён,2024-05-01,,True
2641,запланирован,2020-09-01,2021-10-01,False
2641,строится,2021-10-01,2022-04-01,False
2641,введён,2022-04-01,,True
2642,запланирован,2026-12-01,,True
2643,запланирован,2019-12-01,2020-03-01,False
2643,строится,2020-03-01,2022-05-01,False
2643,введён,2022-05-01,,True
2644,запланирован,2023-07-01,2024-04-01,False
2644,строится,2024-04-01,2024-11-01,False
2644,введён,2024-11-01,,True
2645,запланирован,2019-06-01,2020-11-01,False
2645,строится,2020-11-01,2023-02-01,False
2645,введён,2023-02-01,,True
2646,запланирован,2021-10-01,2022-01-01,False
2646,строится,2022-01-01,2024-07-01,False
2646,введён,2024-07-01,,True
2647,запланирован,2027-09-01,,True
2648,запланирован,2022-05-01,2022-10-01,False
2648,строится,2022-10-01,2026-02-01,False
2648,введён,2026-02-01,,True
2649,запланирован,2020-05-01,2021-10-01,False
2649,строится,2021-10-01,2025-08-01,False
2649,введён,2025-08-01,,True
2650,запланирован,2018-09-01,2019-12-01,False
2650,строится,2019-12-01,2022-12-01,False
2650,введён,2022-12-01,,True
2651,запланирован,2020-04-01,2021-01-01,False
2651,строится,2021-01-01,2024-05-01,False
2651,введён,2024-05-01,,True
2652,запланирован,2015-12-01,2016-12-01,False
2652,строится,2016-12-01,2019-08-01,False
2652,введён,2019-08-01,,True
2653,запланирован,2025-12-01,,True
2654,запланирован,2022-09-01,2023-01-01,False
2654,строится,2023-01-01,2026-06-01,False
2654,введён,2026-06-01,,True
2655,запланирован,2023-07-01,2024-01-01,False
2655,строится,2024-01-01,2026-03-01,False
2655,введён,2026-03-01,,True
2656,запланирован,2017-09-01,2018-04-01,False
2656,строится,2018-04-01,2019-08-01,False
2656,введён,2019-08-01,,True
2657,запланирован,2022-12-01,2024-04-01,False
2657,строится,2024-04-01,,True
2658,запланирован,2025-11-01,,True
2659,запланирован,2022-12-01,2023-06-01,False
2659,строится,2023-06-01,,True
2660,запланирован,2027-01-01,,True
2661,запланирован,2016-08-01,2017-04-01,False
2661,строится,2017-04-01,2020-10-01,False
2661,введён,2020-10-01,,True
2662,запланирован,2016-05-01,2017-08-01,False
2662,строится,2017-08-01,2020-07-01,False
2662,введён,2020-07-01,,True
2663,запланирован,2021-11-01,2023-01-01,False
2663,строится,2023-01-01,2024-02-01,False
2663,введён,2024-02-01,,True
2664,запланирован,2026-08-01,,True
2665,запланирован,2020-04-01,2021-06-01,False
2665,строится,2021-06-01,2022-05-01,False
2665,введён,2022-05-01,,True
2666,запланирован,2016-09-01,2018-01-01,False
2666,строится,2018-01-01,2021-06-01,False
2666,введён,2021-06-01,,True
2667,запланирован,2024-04-01,2024-07-01,False
2667,строится,2024-07-01,2025-12-01,False
2667,введён,2025-12-01,,True
2668,запланирован,2018-07-01,2019-05-01,False
2668,строится,2019-05-01,2020-10-01,False
2668,введён,2020-10-01,,True
2669,запланирован,2022-08-01,2023-02-01,False
2669,строится,2023-02-01,,True
2670,запланирован,2021-03-01,2022-01-01,False
2670,строится,2022-01-01,2023-08-01,False
2670,введён,2023-08-01,,True
2671,запланирован,2023-08-01,2024-04-01,False
2671,строится,2024-04-01,2026-06-01,False
2671,введён,2026-06-01,,True
2672,запланирован,2016-08-01,2017-05-01,False
2672,строится,2017-05-01,2020-09-01,False
2672,введён,2020-09-01,,True
2673,запланирован,2025-10-01,,True
2674,запланирован,2026-07-01,,True
2675,запланирован,2017-01-01,2018-01-01,False
2675,строится,2018-01-01,2020-01-01,False
2675,введён,2020-01-01,,True
2676,запланирован,2020-07-01,2020-10-01,False
2676,строится,2020-10-01,2023-08-01,False
2676,введён,2023-08-01,,True
2677,запланирован,2023-01-01,2023-09-01,False
2677,строится,2023-09-01,,True
2678,запланирован,2022-12-01,2024-03-01,False
2678,строится,2024-03-01,2025-10-01,False
2678,введён,2025-10-01,,True
2679,запланирован,2023-04-01,2023-11-01,False
2679,строится,2023-11-01,2024-08-01,False
2679,введён,2024-08-01,,True
2680,запланирован,2023-04-01,2024-01-01,False
2680,строится,2024-01-01,2025-10-01,False
2680,введён,2025-10-01,,True
2681,запланирован,2022-05-01,2022-12-01,False
2681,строится,2022-12-01,2026-04-01,False
2681,введён,2026-04-01,,True
2682,запланирован,2025-02-01,2026-07-01,False
2682,строится,2026-07-01,,True
2683,запланирован,2021-01-01,2022-02-01,False
2683,строится,2022-02-01,2023-01-01,False
2683,введён,2023-01-01,,True
2684,запланирован,2018-11-01,2020-03-01,False
2684,строится,2020-03-01,2023-02-01,False
2684,введён,2023-02-01,,True
2685,запланирован,2025-04-01,2025-12-01,False
2685,строится,2025-12-01,,True
2686,запланирован,2017-02-01,2018-02-01,False
2686,строится,2018-02-01,2019-01-01,False
2686,введён,2019-01-01,,True
2687,запланирован,2022-01-01,2022-04-01,False
2687,строится,2022-04-01,2026-03-01,False
2687,введён,2026-03-01,,True
2688,запланирован,2020-05-01,2021-02-01,False
2688,строится,2021-02-01,2024-08-01,False
2688,введён,2024-08-01,,True
2689,запланирован,2025-09-01,2026-05-01,False
2689,строится,2026-05-01,,True
2690,запланирован,2019-07-01,2020-11-01,False
2690,строится,2020-11-01,2022-02-01,False
2690,введён,2022-02-01,,True
2691,запланирован,2021-11-01,2023-03-01,False
2691,строится,2023-03-01,2024-01-01,False
2691,введён,2024-01-01,,True
2692,запланирован,2024-07-01,2025-01-01,False
2692,строится,2025-01-01,,True
2693,запланирован,2028-12-01,,True
2694,запланирован,2017-03-01,2018-08-01,False
2694,строится,2018-08-01,2022-07-01,False
2694,введён,2022-07-01,,True
2695,запланирован,2019-06-01,2020-08-01,False
2695,строится,2020-08-01,2024-04-01,False
2695,введён,2024-04-01,,True
2696,запланирован,2022-05-01,2023-07-01,False
2696,строится,2023-07-01,2025-10-01,False
2696,введён,2025-10-01,,True
2697,запланирован,2028-04-01,,True
2698,запланирован,2019-03-01,2019-07-01,False
2698,строится,2019-07-01,2021-09-01,False
2698,введён,2021-09-01,,True
2699,запланирован,2025-05-01,,True
2700,запланирован,2024-12-01,2026-02-01,False
2700,строится,2026-02-01,,True
2701,запланирован,2026-09-01,,True
2702,запланирован,2020-11-01,2022-01-01,False
2702,строится,2022-01-01,2025-08-01,False
2702,введён,2025-08-01,,True
2703,запланирован,2027-12-01,,True
2704,запланирован,2022-12-01,2023-07-01,False
2704,строится,2023-07-01,2025-10-01,False
2704,введён,2025-10-01,,True
2705,запланирован,2019-06-01,2020-07-01,False
2705,строится,2020-07-01,2023-06-01,False
2705,введён,2023-06-01,,True
2706,запланирован,2021-03-01,2021-08-01,False
2706,строится,2021-08-01,2025-07-01,False
2706,введён,2025-07-01,,True
2707,запланирован,2023-01-01,2024-04-01,False
2707,строится,2024-04-01,,True
2708,запланирован,2026-03-01,,True
2709,запланирован,2017-06-01,2018-09-01,False
2709,строится,2018-09-01,2021-09-01,False
2709,введён,2021-09-01,,True
2710,запланирован,2021-07-01,2022-08-01,False
2710,строится,2022-08-01,2023-03-01,False
2710,введён,2023-03-01,,True
2711,запланирован,2020-11-01,2021-08-01,False
2711,строится,2021-08-01,2025-03-01,False
2711,введён,2025-03-01,,True
2712,запланирован,2025-05-01,2025-08-01,False
2712,строится,2025-08-01,,True
2713,запланирован,2027-10-01,,True
2714,запланирован,2023-12-01,2024-11-01,False
2714,строится,2024-11-01,,True
2715,запланирован,2023-06-01,2024-07-01,False
2715,строится,2024-07-01,,True
2716,запланирован,2021-01-01,2021-09-01,False
2716,строится,2021-09-01,2025-01-01,False
2716,введён,2025-01-01,,True
2717,запланирован,2028-01-01,,True
2718,запланирован,2025-04-01,2025-10-01,False
2718,строится,2025-10-01,2026-07-01,False
2718,введён,2026-07-01,,True
2719,запланирован,2021-05-01,2022-02-01,False
2719,строится,2022-02-01,2025-10-01,False
2719,введён,2025-10-01,,True
2720,запланирован,2021-08-01,2022-11-01,False
2720,строится,2022-11-01,2026-06-01,False
2720,введён,2026-06-01,,True
2721,запланирован,2020-01-01,2021-04-01,False
2721,строится,2021-04-01,2023-09-01,False
2721,введён,2023-09-01,,True
2722,запланирован,2029-11-01,,True
2723,запланирован,2020-09-01,2022-02-01,False
2723,строится,2022-02-01,2022-12-01,False
2723,введён,2022-12-01,,True
2724,запланирован,2022-10-01,2024-01-01,False
2724,строится,2024-01-01,2024-08-01,False
2724,введён,2024-08-01,,True
2725,запланирован,2028-05-01,,True
2726,запланирован,2024-05-01,2025-01-01,False
2726,строится,2025-01-01,,True
2727,запланирован,2015-10-01,2016-02-01,False
2727,строится,2016-02-01,2019-09-01,False
2727,введён,2019-09-01,,True
2728,запланирован,2022-01-01,2023-01-01,False
2728,строится,2023-01-01,2026-06-01,False
2728,введён,2026-06-01,,True
2729,запланирован,2026-05-01,,True
2730,запланирован,2018-04-01,2018-08-01,False
2730,строится,2018-08-01,2022-04-01,False
2730,введён,2022-04-01,,True
2731,запланирован,2022-06-01,2023-06-01,False
2731,строится,2023-06-01,2026-06-01,False
2731,введён,2026-06-01,,True
2732,запланирован,2028-06-01,,True
2733,запланирован,2016-05-01,2017-05-01,False
2733,строится,2017-05-01,2020-10-01,False
2733,введён,2020-10-01,,True
2734,запланирован,2019-02-01,2019-09-01,False
2734,строится,2019-09-01,2022-03-01,False
2734,введён,2022-03-01,,True
2735,запланирован,2021-05-01,2022-07-01,False
2735,строится,2022-07-01,2025-10-01,False
2735,введён,2025-10-01,,True
2736,запланирован,2023-04-01,2023-10-01,False
2736,строится,2023-10-01,,True
2737,запланирован,2023-08-01,2023-11-01,False
2737,строится,2023-11-01,2026-08-01,False
2737,введён,2026-08-01,,True
2738,запланирован,2026-03-01,,True
2739,запланирован,2019-02-01,2019-06-01,False
2739,строится,2019-06-01,2020-06-01,False
2739,введён,2020-06-01,,True
2740,запланирован,2026-05-01,,True
2741,запланирован,2027-03-01,,True
2742,запланирован,2024-10-01,2025-06-01,False
2742,строится,2025-06-01,,True
2743,запланирован,2027-01-01,,True
2744,запланирован,2022-05-01,2023-07-01,False
2744,строится,2023-07-01,,True
2745,запланирован,2017-10-01,2018-08-01,False
2745,строится,2018-08-01,2022-03-01,False
2745,введён,2022-03-01,,True
2746,запланирован,2026-03-01,2026-08-01,False
2746,строится,2026-08-01,,True
2747,запланирован,2019-09-01,2020-06-01,False
2747,строится,2020-06-01,2023-02-01,False
2747,введён,2023-02-01,,True
2748,запланирован,2020-06-01,2021-04-01,False
2748,строится,2021-04-01,2022-11-01,False
2748,введён,2022-11-01,,True
2749,запланирован,2026-04-01,2026-07-01,False
2749,строится,2026-07-01,,True
2750,запланирован,2021-07-01,2022-02-01,False
2750,строится,2022-02-01,2023-06-01,False
2750,введён,2023-06-01,,True
2751,запланирован,2026-10-01,,True
2752,запланирован,2016-06-01,2017-10-01,False
2752,строится,2017-10-01,2021-05-01,False
2752,введён,2021-05-01,,True
2753,запланирован,2022-02-01,2023-01-01,False
2753,строится,2023-01-01,2024-11-01,False
2753,введён,2024-11-01,,True
2754,запланирован,2026-11-01,,True
2755,запланирован,2019-06-01,2020-08-01,False
2755,строится,2020-08-01,2021-11-01,False
2755,введён,2021-11-01,,True
2756,запланирован,2024-04-01,2025-01-01,False
2756,строится,2025-01-01,2026-05-01,False
2756,введён,2026-05-01,,True
2757,запланирован,2021-11-01,2022-12-01,False
2757,строится,2022-12-01,2025-06-01,False
2757,введён,2025-06-01,,True
2758,запланирован,2027-12-01,,True
2759,запланирован,2016-03-01,2016-07-01,False
2759,строится,2016-07-01,2019-11-01,False
2759,введён,2019-11-01,,True
2760,запланирован,2021-10-01,2023-02-01,False
2760,строится,2023-02-01,2025-12-01,False
2760,введён,2025-12-01,,True
2761,запланирован,2025-10-01,2026-02-01,False
2761,строится,2026-02-01,,True
2762,запланирован,2023-02-01,2024-04-01,False
2762,строится,2024-04-01,,True
2763,запланирован,2019-04-01,2019-10-01,False
2763,строится,2019-10-01,2021-01-01,False
2763,введён,2021-01-01,,True
2764,запланирован,2021-09-01,2022-07-01,False
2764,строится,2022-07-01,2024-04-01,False
2764,введён,2024-04-01,,True
2765,запланирован,2029-05-01,,True
2766,запланирован,2022-01-01,2022-11-01,False
2766,строится,2022-11-01,2025-01-01,False
2766,введён,2025-01-01,,True
2767,запланирован,2018-10-01,2019-09-01,False
2767,строится,2019-09-01,2020-09-01,False
2767,введён,2020-09-01,,True
2768,запланирован,2021-02-01,2022-01-01,False
2768,строится,2022-01-01,2024-04-01,False
2768,введён,2024-04-01,,True
2769,запланирован,2018-12-01,2020-04-01,False
2769,строится,2020-04-01,2024-03-01,False
2769,введён,2024-03-01,,True
2770,запланирован,2025-12-01,2026-08-01,False
2770,строится,2026-08-01,,True
2771,запланирован,2024-02-01,2025-02-01,False
2771,строится,2025-02-01,2026-05-01,False
2771,введён,2026-05-01,,True
2772,запланирован,2021-01-01,2022-02-01,False
2772,строится,2022-02-01,2023-12-01,False
2772,введён,2023-12-01,,True
2773,запланирован,2017-02-01,2018-03-01,False
2773,строится,2018-03-01,2021-01-01,False
2773,введён,2021-01-01,,True
2774,запланирован,2026-12-01,,True
2775,запланирован,2026-09-01,,True
2776,запланирован,2026-01-01,,True
2777,запланирован,2027-11-01,,True
2778,запланирован,2023-11-01,2025-01-01,False
2778,строится,2025-01-01,,True
2779,запланирован,2016-09-01,2017-05-01,False
2779,строится,2017-05-01,2020-05-01,False
2779,введён,2020-05-01,,True
2780,запланирован,2021-12-01,2023-02-01,False
2780,строится,2023-02-01,2024-01-01,False
2780,введён,2024-01-01,,True
2781,запланирован,2014-12-01,2016-02-01,False
2781,строится,2016-02-01,2018-10-01,False
2781,введён,2018-10-01,,True
2782,запланирован,2022-02-01,2022-08-01,False
2782,строится,2022-08-01,2023-07-01,False
2782,введён,2023-07-01,,True
2783,запланирован,2025-05-01,2026-08-01,False
2783,строится,2026-08-01,,True
2784,запланирован,2019-01-01,2020-03-01,False
2784,строится,2020-03-01,2021-03-01,False
2784,введён,2021-03-01,,True
2785,запланирован,2024-02-01,2024-08-01,False
2785,строится,2024-08-01,,True
2786,запланирован,2025-10-01,2026-08-01,False
2786,строится,2026-08-01,,True
2787,запланирован,2020-07-01,2021-05-01,False
2787,строится,2021-05-01,2025-02-01,False
2787,введён,2025-02-01,,True
2788,запланирован,2028-05-01,,True
2789,запланирован,2026-04-01,,True
2790,запланирован,2027-11-01,,True
2791,запланирован,2017-03-01,2018-01-01,False
2791,строится,2018-01-01,2021-04-01,False
2791,введён,2021-04-01,,True
2792,запланирован,2022-01-01,2023-05-01,False
2792,строится,2023-05-01,2024-05-01,False
2792,введён,2024-05-01,,True
2793,запланирован,2015-12-01,2016-05-01,False
2793,строится,2016-05-01,2020-01-01,False
2793,введён,2020-01-01,,True
2794,запланирован,2018-08-01,2018-11-01,False
2794,строится,2018-11-01,2020-06-01,False
2794,введён,2020-06-01,,True
2795,запланирован,2021-06-01,2021-11-01,False
2795,строится,2021-11-01,2025-09-01,False
2795,введён,2025-09-01,,True
2796,запланирован,2020-06-01,2020-10-01,False
2796,строится,2020-10-01,2024-04-01,False
2796,введён,2024-04-01,,True
2797,запланирован,2015-12-01,2016-03-01,False
2797,строится,2016-03-01,2019-06-01,False
2797,введён,2019-06-01,,True
2798,запланирован,2021-03-01,2021-12-01,False
2798,строится,2021-12-01,2023-04-01,False
2798,введён,2023-04-01,,True
2799,запланирован,2018-08-01,2019-03-01,False
2799,строится,2019-03-01,2021-07-01,False
2799,введён,2021-07-01,,True
2800,запланирован,2022-07-01,2023-08-01,False
2800,строится,2023-08-01,2025-09-01,False
2800,введён,2025-09-01,,True
2801,запланирован,2026-10-01,,True
2802,запланирован,2025-02-01,2026-03-01,False
2802,строится,2026-03-01,,True
2803,запланирован,2022-04-01,2022-11-01,False
2803,строится,2022-11-01,2026-06-01,False
2803,введён,2026-06-01,,True
2804,запланирован,2022-03-01,2023-01-01,False
2804,строится,2023-01-01,2023-10-01,False
2804,введён,2023-10-01,,True
2805,запланирован,2018-07-01,2019-05-01,False
2805,строится,2019-05-01,2021-06-01,False
2805,введён,2021-06-01,,True
2806,запланирован,2025-10-01,,True
2807,запланирован,2022-10-01,2023-10-01,False
2807,строится,2023-10-01,2026-02-01,False
2807,введён,2026-02-01,,True
2808,запланирован,2023-05-01,2024-05-01,False
2808,строится,2024-05-01,,True
2809,запланирован,2018-12-01,2020-02-01,False
2809,строится,2020-02-01,2021-03-01,False
2809,введён,2021-03-01,,True
2810,запланирован,2023-01-01,2023-04-01,False
2810,строится,2023-04-01,2025-05-01,False
2810,введён,2025-05-01,,True
2811,запланирован,2015-06-01,2016-09-01,False
2811,строится,2016-09-01,2018-12-01,False
2811,введён,2018-12-01,,True
2812,запланирован,2017-05-01,2018-04-01,False
2812,строится,2018-04-01,2020-08-01,False
2812,введён,2020-08-01,,True
2813,запланирован,2018-11-01,2020-01-01,False
2813,строится,2020-01-01,2023-03-01,False
2813,введён,2023-03-01,,True
2814,запланирован,2020-12-01,2021-03-01,False
2814,строится,2021-03-01,2024-08-01,False
2814,введён,2024-08-01,,True
2815,запланирован,2021-08-01,2022-08-01,False
2815,строится,2022-08-01,2025-03-01,False
2815,введён,2025-03-01,,True
2816,запланирован,2019-02-01,2019-11-01,False
2816,строится,2019-11-01,2023-03-01,False
2816,введён,2023-03-01,,True
2817,запланирован,2026-03-01,,True
2818,запланирован,2020-11-01,2022-03-01,False
2818,строится,2022-03-01,2026-01-01,False
2818,введён,2026-01-01,,True
2819,запланирован,2016-10-01,2018-02-01,False
2819,строится,2018-02-01,2020-08-01,False
2819,введён,2020-08-01,,True
2820,запланирован,2018-04-01,2019-05-01,False
2820,строится,2019-05-01,2022-03-01,False
2820,введён,2022-03-01,,True
2821,запланирован,2021-09-01,2022-10-01,False
2821,строится,2022-10-01,2023-11-01,False
2821,введён,2023-11-01,,True
2822,запланирован,2024-12-01,2026-02-01,False
2822,строится,2026-02-01,2026-08-01,False
2822,введён,2026-08-01,,True
2823,запланирован,2018-10-01,2019-12-01,False
2823,строится,2019-12-01,2022-03-01,False
2823,введён,2022-03-01,,True
2824,запланирован,2020-03-01,2020-06-01,False
2824,строится,2020-06-01,2020-12-01,False
2824,введён,2020-12-01,,True
2825,запланирован,2025-06-01,,True
2826,запланирован,2021-01-01,2021-06-01,False
2826,строится,2021-06-01,2024-03-01,False
2826,введён,2024-03-01,,True
2827,запланирован,2025-12-01,2026-04-01,False
2827,строится,2026-04-01,,True
2828,запланирован,2016-02-01,2016-12-01,False
2828,строится,2016-12-01,2020-09-01,False
2828,введён,2020-09-01,,True
2829,запланирован,2018-05-01,2019-10-01,False
2829,строится,2019-10-01,2020-12-01,False
2829,введён,2020-12-01,,True
2830,запланирован,2024-10-01,2026-02-01,False
2830,строится,2026-02-01,,True
2831,запланирован,2015-06-01,2016-06-01,False
2831,строится,2016-06-01,2018-11-01,False
2831,введён,2018-11-01,,True
2832,запланирован,2024-05-01,2025-02-01,False
2832,строится,2025-02-01,,True
2833,запланирован,2023-01-01,2023-08-01,False
2833,строится,2023-08-01,2024-04-01,False
2833,введён,2024-04-01,,True
2834,запланирован,2018-08-01,2019-03-01,False
2834,строится,2019-03-01,2021-07-01,False
2834,введён,2021-07-01,,True
2835,запланирован,2028-01-01,,True
2836,запланирован,2025-04-01,2025-10-01,False
2836,строится,2025-10-01,,True
2837,запланирован,2016-07-01,2017-05-01,False
2837,строится,2017-05-01,2019-07-01,False
2837,введён,2019-07-01,,True
2838,запланирован,2021-09-01,2022-05-01,False
2838,строится,2022-05-01,2024-11-01,False
2838,введён,2024-11-01,,True
2839,запланирован,2017-09-01,2018-03-01,False
2839,строится,2018-03-01,2021-06-01,False
2839,введён,2021-06-01,,True
2840,запланирован,2025-06-01,2026-04-01,False
2840,строится,2026-04-01,,True
2841,запланирован,2025-07-01,2026-02-01,False
2841,строится,2026-02-01,,True
2842,запланирован,2021-04-01,2021-12-01,False
2842,строится,2021-12-01,2023-03-01,False
2842,введён,2023-03-01,,True
2843,запланирован,2021-11-01,2022-05-01,False
2843,строится,2022-05-01,2023-09-01,False
2843,введён,2023-09-01,,True
2844,запланирован,2023-01-01,2024-05-01,False
2844,строится,2024-05-01,,True
2845,запланирован,2021-11-01,2022-12-01,False
2845,строится,2022-12-01,2024-08-01,False
2845,введён,2024-08-01,,True
2846,запланирован,2019-05-01,2020-02-01,False
2846,строится,2020-02-01,2022-03-01,False
2846,введён,2022-03-01,,True
2847,запланирован,2021-07-01,2022-01-01,False
2847,строится,2022-01-01,2025-01-01,False
2847,введён,2025-01-01,,True
2848,запланирован,2025-09-01,,True
2849,запланирован,2028-07-01,,True
2850,запланирован,2029-12-01,,True
2851,запланирован,2028-10-01,,True
2852,запланирован,2015-08-01,2016-11-01,False
2852,строится,2016-11-01,2020-08-01,False
2852,введён,2020-08-01,,True
2853,запланирован,2022-05-01,2022-09-01,False
2853,строится,2022-09-01,2026-08-01,False
2853,введён,2026-08-01,,True
2854,запланирован,2023-10-01,2024-06-01,False
2854,строится,2024-06-01,,True
2855,запланирован,2027-01-01,,True
2856,запланирован,2021-03-01,2022-03-01,False
2856,строится,2022-03-01,2023-07-01,False
2856,введён,2023-07-01,,True
2857,запланирован,2028-09-01,,True
2858,запланирован,2026-05-01,,True
2859,запланирован,2027-05-01,,True
2860,запланирован,2015-05-01,2015-08-01,False
2860,строится,2015-08-01,2019-02-01,False
2860,введён,2019-02-01,,True
2861,запланирован,2016-08-01,2017-11-01,False
2861,строится,2017-11-01,2019-12-01,False
2861,введён,2019-12-01,,True
2862,запланирован,2024-02-01,2024-06-01,False
2862,строится,2024-06-01,2025-04-01,False
2862,введён,2025-04-01,,True
2863,запланирован,2019-12-01,2021-02-01,False
2863,строится,2021-02-01,2024-02-01,False
2863,введён,2024-02-01,,True
2864,запланирован,2025-03-01,2026-04-01,False
2864,строится,2026-04-01,,True
2865,запланирован,2017-02-01,2018-04-01,False
2865,строится,2018-04-01,2020-10-01,False
2865,введён,2020-10-01,,True
2866,запланирован,2025-01-01,2025-04-01,False
2866,строится,2025-04-01,2026-03-01,False
2866,введён,2026-03-01,,True
2867,запланирован,2022-07-01,2023-08-01,False
2867,строится,2023-08-01,2025-02-01,False
2867,введён,2025-02-01,,True
2868,запланирован,2026-09-01,,True
2869,запланирован,2025-10-01,2026-03-01,False
2869,строится,2026-03-01,,True
2870,запланирован,2025-02-01,2025-07-01,False
2870,строится,2025-07-01,,True
2871,запланирован,2018-01-01,2018-09-01,False
2871,строится,2018-09-01,2020-11-01,False
2871,введён,2020-11-01,,True
2872,запланирован,2016-05-01,2017-09-01,False
2872,строится,2017-09-01,2021-08-01,False
2872,введён,2021-08-01,,True
2873,запланирован,2027-06-01,,True
2874,запланирован,2015-05-01,2016-05-01,False
2874,строится,2016-05-01,2019-01-01,False
2874,введён,2019-01-01,,True
2875,запланирован,2023-06-01,2024-03-01,False
2875,строится,2024-03-01,,True
2876,запланирован,2022-07-01,2023-05-01,False
2876,строится,2023-05-01,2025-08-01,False
2876,введён,2025-08-01,,True
2877,запланирован,2020-10-01,2021-10-01,False
2877,строится,2021-10-01,2022-12-01,False
2877,введён,2022-12-01,,True
2878,запланирован,2028-01-01,,True
2879,запланирован,2025-08-01,,True
2880,запланирован,2020-11-01,2022-01-01,False
2880,строится,2022-01-01,2023-03-01,False
2880,введён,2023-03-01,,True
2881,запланирован,2022-04-01,2023-02-01,False
2881,строится,2023-02-01,2024-09-01,False
2881,введён,2024-09-01,,True
2882,запланирован,2025-12-01,,True
2883,запланирован,2018-11-01,2020-02-01,False
2883,строится,2020-02-01,2021-09-01,False
2883,введён,2021-09-01,,True
2884,запланирован,2020-06-01,2021-08-01,False
2884,строится,2021-08-01,2022-05-01,False
2884,введён,2022-05-01,,True
2885,запланирован,2022-02-01,2023-05-01,False
2885,строится,2023-05-01,,True
2886,запланирован,2026-01-01,2026-06-01,False
2886,строится,2026-06-01,,True
2887,запланирован,2019-10-01,2020-12-01,False
2887,строится,2020-12-01,2021-08-01,False
2887,введён,2021-08-01,,True
2888,запланирован,2022-11-01,2023-12-01,False
2888,строится,2023-12-01,2024-11-01,False
2888,введён,2024-11-01,,True
2889,запланирован,2025-07-01,2026-04-01,False
2889,строится,2026-04-01,,True
2890,запланирован,2018-10-01,2019-04-01,False
2890,строится,2019-04-01,2020-05-01,False
2890,введён,2020-05-01,,True
2891,запланирован,2027-09-01,,True
2892,запланирован,2018-03-01,2018-07-01,False
2892,строится,2018-07-01,2021-11-01,False
2892,введён,2021-11-01,,True
2893,запланирован,2022-02-01,2023-06-01,False
2893,строится,2023-06-01,2024-09-01,False
2893,введён,2024-09-01,,True
2894,запланирован,2019-07-01,2019-10-01,False
2894,строится,2019-10-01,2023-09-01,False
2894,введён,2023-09-01,,True
2895,запланирован,2022-04-01,2022-07-01,False
2895,строится,2022-07-01,2023-09-01,False
2895,введён,2023-09-01,,True
2896,запланирован,2015-12-01,2017-05-01,False
2896,строится,2017-05-01,2020-09-01,False
2896,введён,2020-09-01,,True
2897,запланирован,2025-03-01,2026-03-01,False
2897,строится,2026-03-01,,True
2898,запланирован,2021-02-01,2022-04-01,False
2898,строится,2022-04-01,2023-09-01,False
2898,введён,2023-09-01,,True
2899,запланирован,2024-09-01,2025-05-01,False
2899,строится,2025-05-01,,True
2900,запланирован,2021-01-01,2022-02-01,False
2900,строится,2022-02-01,2024-02-01,False
2900,введён,2024-02-01,,True
2901,запланирован,2019-07-01,2020-12-01,False
2901,строится,2020-12-01,2023-10-01,False
2901,введён,2023-10-01,,True
2902,запланирован,2017-11-01,2019-01-01,False
2902,строится,2019-01-01,2020-03-01,False
2902,введён,2020-03-01,,True
2903,запланирован,2024-10-01,2025-07-01,False
2903,строится,2025-07-01,,True
2904,запланирован,2028-12-01,,True
2905,запланирован,2021-04-01,2022-03-01,False
2905,строится,2022-03-01,2025-07-01,False
2905,введён,2025-07-01,,True
2906,запланирован,2025-08-01,,True
2907,запланирован,2023-09-01,2024-08-01,False
2907,строится,2024-08-01,,True
2908,запланирован,2021-10-01,2022-10-01,False
2908,строится,2022-10-01,2026-02-01,False
2908,введён,2026-02-01,,True
2909,запланирован,2019-10-01,2020-02-01,False
2909,строится,2020-02-01,2021-06-01,False
2909,введён,2021-06-01,,True
2910,запланирован,2023-05-01,2024-04-01,False
2910,строится,2024-04-01,,True
2911,запланирован,2018-04-01,2018-08-01,False
2911,строится,2018-08-01,2021-03-01,False
2911,введён,2021-03-01,,True
2912,запланирован,2015-09-01,2016-05-01,False
2912,строится,2016-05-01,2020-02-01,False
2912,введён,2020-02-01,,True
2913,запланирован,2016-05-01,2017-09-01,False
2913,строится,2017-09-01,2019-08-01,False
2913,введён,2019-08-01,,True
2914,запланирован,2021-06-01,2021-11-01,False
2914,строится,2021-11-01,2023-11-01,False
2914,введён,2023-11-01,,True
2915,запланирован,2018-11-01,2019-06-01,False
2915,строится,2019-06-01,2020-12-01,False
2915,введён,2020-12-01,,True
2916,запланирован,2026-08-01,,True
2917,запланирован,2023-01-01,2023-12-01,False
2917,строится,2023-12-01,,True
2918,запланирован,2022-12-01,2024-02-01,False
2918,строится,2024-02-01,2024-12-01,False
2918,введён,2024-12-01,,True
2919,запланирован,2023-07-01,2024-03-01,False
2919,строится,2024-03-01,2024-09-01,False
2919,введён,2024-09-01,,True
2920,запланирован,2026-08-01,,True
2921,запланирован,2024-01-01,2025-04-01,False
2921,строится,2025-04-01,,True
2922,запланирован,2016-05-01,2017-10-01,False
2922,строится,2017-10-01,2021-01-01,False
2922,введён,2021-01-01,,True
2923,запланирован,2023-10-01,2024-08-01,False
2923,строится,2024-08-01,,True
2924,запланирован,2030-05-01,,True
2925,запланирован,2026-02-01,2026-05-01,False
2925,строится,2026-05-01,,True
2926,запланирован,2024-08-01,2025-10-01,False
2926,строится,2025-10-01,,True
2927,запланирован,2029-02-01,,True
2928,запланирован,2020-10-01,2021-07-01,False
2928,строится,2021-07-01,2025-02-01,False
2928,введён,2025-02-01,,True
2929,запланирован,2023-05-01,2024-05-01,False
2929,строится,2024-05-01,2025-01-01,False
2929,введён,2025-01-01,,True
2930,запланирован,2020-04-01,2021-05-01,False
2930,строится,2021-05-01,2022-01-01,False
2930,введён,2022-01-01,,True
2931,запланирован,2019-04-01,2020-06-01,False
2931,строится,2020-06-01,2020-12-01,False
2931,введён,2020-12-01,,True
2932,запланирован,2028-06-01,,True
2933,запланирован,2020-03-01,2021-01-01,False
2933,строится,2021-01-01,2023-01-01,False
2933,введён,2023-01-01,,True
2934,запланирован,2025-08-01,2026-01-01,False
2934,строится,2026-01-01,,True
2935,запланирован,2023-03-01,2023-06-01,False
2935,строится,2023-06-01,,True
2936,запланирован,2028-07-01,,True
2937,запланирован,2017-10-01,2019-01-01,False
2937,строится,2019-01-01,2022-06-01,False
2937,введён,2022-06-01,,True
2938,запланирован,2022-09-01,2023-08-01,False
2938,строится,2023-08-01,2026-02-01,False
2938,введён,2026-02-01,,True
2939,запланирован,2020-03-01,2021-07-01,False
2939,строится,2021-07-01,2022-11-01,False
2939,введён,2022-11-01,,True
2940,запланирован,2024-07-01,2025-07-01,False
2940,строится,2025-07-01,2026-06-01,False
2940,введён,2026-06-01,,True
2941,запланирован,2021-06-01,2022-08-01,False
2941,строится,2022-08-01,2023-04-01,False
2941,введён,2023-04-01,,True
2942,запланирован,2027-01-01,,True
2943,запланирован,2028-06-01,,True
2944,запланирован,2016-12-01,2017-06-01,False
2944,строится,2017-06-01,2020-06-01,False
2944,введён,2020-06-01,,True
2945,запланирован,2023-01-01,2024-03-01,False
2945,строится,2024-03-01,2025-11-01,False
2945,введён,2025-11-01,,True
2946,запланирован,2022-10-01,2023-06-01,False
2946,строится,2023-06-01,2025-10-01,False
2946,введён,2025-10-01,,True
2947,запланирован,2022-08-01,2022-12-01,False
2947,строится,2022-12-01,,True
2948,запланирован,2022-08-01,2024-01-01,False
2948,строится,2024-01-01,2026-01-01,False
2948,введён,2026-01-01,,True
2949,запланирован,2020-09-01,2021-05-01,False
2949,строится,2021-05-01,2024-04-01,False
2949,введён,2024-04-01,,True
2950,запланирован,2021-08-01,2022-11-01,False
2950,строится,2022-11-01,2023-07-01,False
2950,введён,2023-07-01,,True
2951,запланирован,2016-12-01,2017-09-01,False
2951,строится,2017-09-01,2021-08-01,False
2951,введён,2021-08-01,,True
2952,запланирован,2019-08-01,2020-06-01,False
2952,строится,2020-06-01,2021-07-01,False
2952,введён,2021-07-01,,True
2953,запланирован,2019-09-01,2020-05-01,False
2953,строится,2020-05-01,2022-06-01,False
2953,введён,2022-06-01,,True
2954,запланирован,2023-09-01,2024-02-01,False
2954,строится,2024-02-01,2025-06-01,False
2954,введён,2025-06-01,,True
2955,запланирован,2016-04-01,2016-11-01,False
2955,строится,2016-11-01,2019-05-01,False
2955,введён,2019-05-01,,True
2956,запланирован,2018-11-01,2020-01-01,False
2956,строится,2020-01-01,2023-06-01,False
2956,введён,2023-06-01,,True
2957,запланирован,2026-05-01,2026-08-01,False
2957,строится,2026-08-01,,True
2958,запланирован,2020-04-01,2020-08-01,False
2958,строится,2020-08-01,2024-05-01,False
2958,введён,2024-05-01,,True
2959,запланирован,2022-02-01,2023-03-01,False
2959,строится,2023-03-01,2024-12-01,False
2959,введён,2024-12-01,,True
2960,запланирован,2027-12-01,,True
2961,запланирован,2020-05-01,2021-07-01,False
2961,строится,2021-07-01,2022-07-01,False
2961,введён,2022-07-01,,True
2962,запланирован,2019-08-01,2020-10-01,False
2962,строится,2020-10-01,2021-08-01,False
2962,введён,2021-08-01,,True
2963,запланирован,2021-06-01,2022-05-01,False
2963,строится,2022-05-01,2024-09-01,False
2963,введён,2024-09-01,,True
2964,запланирован,2018-11-01,2019-06-01,False
2964,строится,2019-06-01,2020-09-01,False
2964,введён,2020-09-01,,True
2965,запланирован,2021-03-01,2021-11-01,False
2965,строится,2021-11-01,2025-01-01,False
2965,введён,2025-01-01,,True
2966,запланирован,2019-03-01,2019-06-01,False
2966,строится,2019-06-01,2021-04-01,False
2966,введён,2021-04-01,,True
2967,запланирован,2027-04-01,,True
2968,запланирован,2018-04-01,2018-12-01,False
2968,строится,2018-12-01,2020-11-01,False
2968,введён,2020-11-01,,True
2969,запланирован,2021-11-01,2022-12-01,False
2969,строится,2022-12-01,2026-03-01,False
2969,введён,2026-03-01,,True
2970,запланирован,2021-12-01,2023-04-01,False
2970,строится,2023-04-01,2025-12-01,False
2970,введён,2025-12-01,,True
2971,запланирован,2020-05-01,2021-03-01,False
2971,строится,2021-03-01,2022-03-01,False
2971,введён,2022-03-01,,True
2972,запланирован,2023-05-01,2023-09-01,False
2972,строится,2023-09-01,2024-04-01,False
2972,введён,2024-04-01,,True
2973,запланирован,2019-01-01,2020-04-01,False
2973,строится,2020-04-01,2022-07-01,False
2973,введён,2022-07-01,,True
2974,запланирован,2015-07-01,2016-01-01,False
2974,строится,2016-01-01,2019-11-01,False
2974,введён,2019-11-01,,True
2975,запланирован,2016-04-01,2017-09-01,False
2975,строится,2017-09-01,2020-10-01,False
2975,введён,2020-10-01,,True
2976,запланирован,2017-09-01,2019-02-01,False
2976,строится,2019-02-01,2020-04-01,False
2976,введён,2020-04-01,,True
2977,запланирован,2022-02-01,2023-02-01,False
2977,строится,2023-02-01,2024-08-01,False
2977,введён,2024-08-01,,True
2978,запланирован,2016-12-01,2018-05-01,False
2978,строится,2018-05-01,2021-09-01,False
2978,введён,2021-09-01,,True
2979,запланирован,2027-10-01,,True
2980,запланирован,2027-12-01,,True
2981,запланирован,2021-11-01,2022-08-01,False
2981,строится,2022-08-01,2025-05-01,False
2981,введён,2025-05-01,,True
2982,запланирован,2018-03-01,2019-04-01,False
2982,строится,2019-04-01,2019-10-01,False
2982,введён,2019-10-01,,True
2983,запланирован,2028-09-01,,True
2984,запланирован,2028-08-01,,True
2985,запланирован,2025-11-01,2026-06-01,False
2985,строится,2026-06-01,,True
2986,запланирован,2024-12-01,2026-03-01,False
2986,строится,2026-03-01,,True
2987,запланирован,2025-10-01,2026-07-01,False
2987,строится,2026-07-01,,True
2988,запланирован,2017-04-01,2017-10-01,False
2988,строится,2017-10-01,2020-07-01,False
2988,введён,2020-07-01,,True
2989,запланирован,2026-09-01,,True
2990,запланирован,2024-04-01,2024-09-01,False
2990,строится,2024-09-01,,True
2991,запланирован,2023-07-01,2024-01-01,False
2991,строится,2024-01-01,,True
2992,запланирован,2022-02-01,2023-02-01,False
2992,строится,2023-02-01,2026-03-01,False
2992,введён,2026-03-01,,True
2993,запланирован,2018-03-01,2018-06-01,False
2993,строится,2018-06-01,2021-03-01,False
2993,введён,2021-03-01,,True
2994,запланирован,2021-07-01,2022-02-01,False
2994,строится,2022-02-01,2024-07-01,False
2994,введён,2024-07-01,,True
2995,запланирован,2024-08-01,2025-08-01,False
2995,строится,2025-08-01,,True
2996,запланирован,2018-02-01,2018-11-01,False
2996,строится,2018-11-01,2019-12-01,False
2996,введён,2019-12-01,,True
2997,запланирован,2024-04-01,2025-05-01,False
2997,строится,2025-05-01,,True
2998,запланирован,2028-04-01,,True
2999,запланирован,2019-07-01,2020-09-01,False
2999,строится,2020-09-01,2023-12-01,False
2999,введён,2023-12-01,,True
3000,запланирован,2025-04-01,2026-07-01,False
3000,строится,2026-07-01,,True
3001,запланирован,2029-04-01,,True
3002,запланирован,2018-08-01,2019-02-01,False
3002,строится,2019-02-01,2020-12-01,False
3002,введён,2020-12-01,,True
3003,запланирован,2016-12-01,2018-02-01,False
3003,строится,2018-02-01,2019-12-01,False
3003,введён,2019-12-01,,True
3004,запланирован,2018-12-01,2019-09-01,False
3004,строится,2019-09-01,2023-04-01,False
3004,введён,2023-04-01,,True
3005,запланирован,2026-06-01,,True
3006,запланирован,2024-07-01,2025-01-01,False
3006,строится,2025-01-01,2026-08-01,False
3006,введён,2026-08-01,,True
3007,запланирован,2023-12-01,2025-03-01,False
3007,строится,2025-03-01,,True
3008,запланирован,2020-11-01,2021-11-01,False
3008,строится,2021-11-01,2024-09-01,False
3008,введён,2024-09-01,,True
3009,запланирован,2020-08-01,2021-10-01,False
3009,строится,2021-10-01,2025-05-01,False
3009,введён,2025-05-01,,True
3010,запланирован,2024-01-01,2025-06-01,False
3010,строится,2025-06-01,,True
3011,запланирован,2023-05-01,2024-09-01,False
3011,строится,2024-09-01,,True
3012,запланирован,2016-04-01,2016-08-01,False
3012,строится,2016-08-01,2019-08-01,False
3012,введён,2019-08-01,,True
3013,запланирован,2027-07-01,,True
3014,запланирован,2018-02-01,2018-12-01,False
3014,строится,2018-12-01,2020-12-01,False
3014,введён,2020-12-01,,True
3015,запланирован,2018-12-01,2019-08-01,False
3015,строится,2019-08-01,2020-09-01,False
3015,введён,2020-09-01,,True
3016,запланирован,2026-08-01,,True
3017,запланирован,2029-01-01,,True
3018,запланирован,2017-11-01,2019-03-01,False
3018,строится,2019-03-01,2020-07-01,False
3018,введён,2020-07-01,,True
3019,запланирован,2020-03-01,2020-09-01,False
3019,строится,2020-09-01,2024-03-01,False
3019,введён,2024-03-01,,True
3020,запланирован,2025-03-01,2026-07-01,False
3020,строится,2026-07-01,,True
3021,запланирован,2021-01-01,2022-04-01,False
3021,строится,2022-04-01,2024-12-01,False
3021,введён,2024-12-01,,True
3022,запланирован,2025-06-01,2025-11-01,False
3022,строится,2025-11-01,,True
3023,запланирован,2024-07-01,2025-02-01,False
3023,строится,2025-02-01,,True
3024,запланирован,2022-03-01,2022-08-01,False
3024,строится,2022-08-01,2025-07-01,False
3024,введён,2025-07-01,,True
3025,запланирован,2023-05-01,2024-07-01,False
3025,строится,2024-07-01,,True
3026,запланирован,2024-05-01,2024-08-01,False
3026,строится,2024-08-01,2026-07-01,False
3026,введён,2026-07-01,,True
3027,запланирован,2026-02-01,2026-08-01,False
3027,строится,2026-08-01,,True
3028,запланирован,2023-12-01,2025-04-01,False
3028,строится,2025-04-01,2026-06-01,False
3028,введён,2026-06-01,,True
3029,запланирован,2022-05-01,2023-08-01,False
3029,строится,2023-08-01,2024-07-01,False
3029,введён,2024-07-01,,True
3030,запланирован,2022-05-01,2023-08-01,False
3030,строится,2023-08-01,2025-06-01,False
3030,введён,2025-06-01,,True
3031,запланирован,2022-12-01,2024-03-01,False
3031,строится,2024-03-01,,True
3032,запланирован,2025-11-01,2026-08-01,False
3032,строится,2026-08-01,,True
3033,запланирован,2024-08-01,2025-04-01,False
3033,строится,2025-04-01,,True
3034,запланирован,2020-02-01,2021-06-01,False
3034,строится,2021-06-01,2022-11-01,False
3034,введён,2022-11-01,,True
3035,запланирован,2015-12-01,2017-02-01,False
3035,строится,2017-02-01,2019-03-01,False
3035,введён,2019-03-01,,True
3036,запланирован,2018-03-01,2019-06-01,False
3036,строится,2019-06-01,2020-02-01,False
3036,введён,2020-02-01,,True
3037,запланирован,2023-08-01,2024-05-01,False
3037,строится,2024-05-01,2024-12-01,False
3037,введён,2024-12-01,,True
3038,запланирован,2018-08-01,2019-08-01,False
3038,строится,2019-08-01,2022-01-01,False
3038,введён,2022-01-01,,True
3039,запланирован,2020-03-01,2021-04-01,False
3039,строится,2021-04-01,2023-05-01,False
3039,введён,2023-05-01,,True
3040,запланирован,2018-01-01,2019-05-01,False
3040,строится,2019-05-01,2021-04-01,False
3040,введён,2021-04-01,,True
3041,запланирован,2023-07-01,2024-08-01,False
3041,строится,2024-08-01,,True
3042,запланирован,2026-02-01,2026-05-01,False
3042,строится,2026-05-01,,True
3043,запланирован,2023-04-01,2024-09-01,False
3043,строится,2024-09-01,,True
3044,запланирован,2024-05-01,2024-08-01,False
3044,строится,2024-08-01,,True
3045,запланирован,2020-02-01,2020-08-01,False
3045,строится,2020-08-01,2024-03-01,False
3045,введён,2024-03-01,,True
3046,запланирован,2029-01-01,,True
3047,запланирован,2025-01-01,2025-10-01,False
3047,строится,2025-10-01,2026-04-01,False
3047,введён,2026-04-01,,True
3048,запланирован,2021-07-01,2021-11-01,False
3048,строится,2021-11-01,2025-02-01,False
3048,введён,2025-02-01,,True
3049,запланирован,2022-07-01,2022-10-01,False
3049,строится,2022-10-01,2026-07-01,False
3049,введён,2026-07-01,,True
3050,запланирован,2017-10-01,2018-01-01,False
3050,строится,2018-01-01,2019-08-01,False
3050,введён,2019-08-01,,True
3051,запланирован,2020-08-01,2021-11-01,False
3051,строится,2021-11-01,2024-12-01,False
3051,введён,2024-12-01,,True
3052,запланирован,2016-12-01,2017-12-01,False
3052,строится,2017-12-01,2021-08-01,False
3052,введён,2021-08-01,,True
3053,запланирован,2019-04-01,2019-11-01,False
3053,строится,2019-11-01,2020-05-01,False
3053,введён,2020-05-01,,True
3054,запланирован,2023-10-01,2024-02-01,False
3054,строится,2024-02-01,,True
3055,запланирован,2021-12-01,2023-04-01,False
3055,строится,2023-04-01,2026-02-01,False
3055,введён,2026-02-01,,True
3056,запланирован,2024-09-01,2025-06-01,False
3056,строится,2025-06-01,,True
3057,запланирован,2023-05-01,2024-07-01,False
3057,строится,2024-07-01,,True
3058,запланирован,2016-01-01,2016-12-01,False
3058,строится,2016-12-01,2020-08-01,False
3058,введён,2020-08-01,,True
3059,запланирован,2017-01-01,2018-02-01,False
3059,строится,2018-02-01,2021-09-01,False
3059,введён,2021-09-01,,True
3060,запланирован,2024-04-01,2025-08-01,False
3060,строится,2025-08-01,,True
3061,запланирован,2023-08-01,2023-12-01,False
3061,строится,2023-12-01,,True
3062,запланирован,2021-06-01,2021-09-01,False
3062,строится,2021-09-01,2025-02-01,False
3062,введён,2025-02-01,,True
3063,запланирован,2021-02-01,2021-12-01,False
3063,строится,2021-12-01,2023-10-01,False
3063,введён,2023-10-01,,True
3064,запланирован,2018-06-01,2019-02-01,False
3064,строится,2019-02-01,2019-11-01,False
3064,введён,2019-11-01,,True
3065,запланирован,2017-06-01,2018-03-01,False
3065,строится,2018-03-01,2020-04-01,False
3065,введён,2020-04-01,,True
3066,запланирован,2019-04-01,2020-02-01,False
3066,строится,2020-02-01,2021-01-01,False
3066,введён,2021-01-01,,True
3067,запланирован,2027-11-01,,True
3068,запланирован,2020-04-01,2021-09-01,False
3068,строится,2021-09-01,2023-05-01,False
3068,введён,2023-05-01,,True
3069,запланирован,2024-07-01,2024-12-01,False
3069,строится,2024-12-01,2026-05-01,False
3069,введён,2026-05-01,,True
3070,запланирован,2020-11-01,2022-01-01,False
3070,строится,2022-01-01,2024-10-01,False
3070,введён,2024-10-01,,True
3071,запланирован,2019-06-01,2020-03-01,False
3071,строится,2020-03-01,2024-01-01,False
3071,введён,2024-01-01,,True
3072,запланирован,2021-01-01,2021-07-01,False
3072,строится,2021-07-01,2024-06-01,False
3072,введён,2024-06-01,,True
3073,запланирован,2017-04-01,2018-03-01,False
3073,строится,2018-03-01,2021-09-01,False
3073,введён,2021-09-01,,True
3074,запланирован,2021-10-01,2022-07-01,False
3074,строится,2022-07-01,2023-01-01,False
3074,введён,2023-01-01,,True
3075,запланирован,2025-01-01,2026-03-01,False
3075,строится,2026-03-01,,True
3076,запланирован,2019-09-01,2020-01-01,False
3076,строится,2020-01-01,2022-04-01,False
3076,введён,2022-04-01,,True
3077,запланирован,2025-12-01,,True
3078,запланирован,2017-04-01,2018-09-01,False
3078,строится,2018-09-01,2021-07-01,False
3078,введён,2021-07-01,,True
3079,запланирован,2026-08-01,,True
3080,запланирован,2019-07-01,2019-10-01,False
3080,строится,2019-10-01,2023-04-01,False
3080,введён,2023-04-01,,True
3081,запланирован,2019-04-01,2020-01-01,False
3081,строится,2020-01-01,2022-02-01,False
3081,введён,2022-02-01,,True
3082,запланирован,2027-12-01,,True
3083,запланирован,2026-09-01,,True
3084,запланирован,2017-09-01,2017-12-01,False
3084,строится,2017-12-01,2021-06-01,False
3084,введён,2021-06-01,,True
3085,запланирован,2026-08-01,,True
3086,запланирован,2026-07-01,,True
3087,запланирован,2029-05-01,,True
3088,запланирован,2020-11-01,2021-11-01,False
3088,строится,2021-11-01,2023-04-01,False
3088,введён,2023-04-01,,True
3089,запланирован,2024-03-01,2025-04-01,False
3089,строится,2025-04-01,,True
3090,запланирован,2019-06-01,2020-09-01,False
3090,строится,2020-09-01,2022-10-01,False
3090,введён,2022-10-01,,True
3091,запланирован,2018-09-01,2019-09-01,False
3091,строится,2019-09-01,2022-09-01,False
3091,введён,2022-09-01,,True
3092,запланирован,2015-03-01,2016-07-01,False
3092,строится,2016-07-01,2020-05-01,False
3092,введён,2020-05-01,,True
3093,запланирован,2025-03-01,2025-08-01,False
3093,строится,2025-08-01,,True
3094,запланирован,2017-02-01,2017-06-01,False
3094,строится,2017-06-01,2020-05-01,False
3094,введён,2020-05-01,,True
3095,запланирован,2020-01-01,2020-04-01,False
3095,строится,2020-04-01,2021-12-01,False
3095,введён,2021-12-01,,True
3096,запланирован,2024-08-01,2025-12-01,False
3096,строится,2025-12-01,,True
3097,запланирован,2025-10-01,2026-05-01,False
3097,строится,2026-05-01,,True
3098,запланирован,2025-07-01,2026-01-01,False
3098,строится,2026-01-01,,True
3099,запланирован,2020-06-01,2021-08-01,False
3099,строится,2021-08-01,2023-12-01,False
3099,введён,2023-12-01,,True
3100,запланирован,2028-04-01,,True
3101,запланирован,2023-08-01,2024-04-01,False
3101,строится,2024-04-01,2025-11-01,False
3101,введён,2025-11-01,,True
3102,запланирован,2019-06-01,2020-02-01,False
3102,строится,2020-02-01,2022-10-01,False
3102,введён,2022-10-01,,True
3103,запланирован,2023-01-01,2023-05-01,False
3103,строится,2023-05-01,2025-04-01,False
3103,введён,2025-04-01,,True
3104,запланирован,2026-11-01,,True
3105,запланирован,2017-01-01,2018-05-01,False
3105,строится,2018-05-01,2019-10-01,False
3105,введён,2019-10-01,,True
3106,запланирован,2016-12-01,2018-01-01,False
3106,строится,2018-01-01,2019-05-01,False
3106,введён,2019-05-01,,True
3107,запланирован,2028-07-01,,True
3108,запланирован,2024-06-01,2025-06-01,False
3108,строится,2025-06-01,,True
3109,запланирован,2022-12-01,2023-08-01,False
3109,строится,2023-08-01,2025-01-01,False
3109,введён,2025-01-01,,True
3110,запланирован,2024-05-01,2025-08-01,False
3110,строится,2025-08-01,,True
3111,запланирован,2020-08-01,2021-06-01,False
3111,строится,2021-06-01,2022-10-01,False
3111,введён,2022-10-01,,True
3112,запланирован,2022-07-01,2023-03-01,False
3112,строится,2023-03-01,2026-05-01,False
3112,введён,2026-05-01,,True
3113,запланирован,2027-11-01,,True
3114,запланирован,2019-04-01,2020-06-01,False
3114,строится,2020-06-01,2022-08-01,False
3114,введён,2022-08-01,,True
3115,запланирован,2023-07-01,2023-12-01,False
3115,строится,2023-12-01,2026-02-01,False
3115,введён,2026-02-01,,True
3116,запланирован,2026-11-01,,True
3117,запланирован,2029-03-01,,True
3118,запланирован,2020-12-01,2021-11-01,False
3118,строится,2021-11-01,2023-11-01,False
3118,введён,2023-11-01,,True
3119,запланирован,2021-07-01,2021-10-01,False
3119,строится,2021-10-01,2024-04-01,False
3119,введён,2024-04-01,,True
3120,запланирован,2022-12-01,2024-05-01,False
3120,строится,2024-05-01,,True
3121,запланирован,2025-12-01,,True
3122,запланирован,2022-05-01,2023-02-01,False
3122,строится,2023-02-01,2023-10-01,False
3122,введён,2023-10-01,,True
3123,запланирован,2023-11-01,2024-11-01,False
3123,строится,2024-11-01,,True
3124,запланирован,2027-06-01,,True
3125,запланирован,2020-07-01,2021-02-01,False
3125,строится,2021-02-01,2022-06-01,False
3125,введён,2022-06-01,,True
3126,запланирован,2026-03-01,,True
3127,запланирован,2025-02-01,2026-06-01,False
3127,строится,2026-06-01,,True
3128,запланирован,2015-04-01,2016-09-01,False
3128,строится,2016-09-01,2019-11-01,False
3128,введён,2019-11-01,,True
3129,запланирован,2014-07-01,2015-11-01,False
3129,строится,2015-11-01,2019-05-01,False
3129,введён,2019-05-01,,True
3130,запланирован,2020-08-01,2021-09-01,False
3130,строится,2021-09-01,2022-07-01,False
3130,введён,2022-07-01,,True
3131,запланирован,2017-03-01,2018-08-01,False
3131,строится,2018-08-01,2022-05-01,False
3131,введён,2022-05-01,,True
3132,запланирован,2028-07-01,,True
3133,запланирован,2018-04-01,2018-11-01,False
3133,строится,2018-11-01,2022-07-01,False
3133,введён,2022-07-01,,True
3134,запланирован,2029-08-01,,True
3135,запланирован,2029-06-01,,True
3136,запланирован,2025-04-01,2026-03-01,False
3136,строится,2026-03-01,,True
3137,запланирован,2019-02-01,2019-05-01,False
3137,строится,2019-05-01,2020-09-01,False
3137,введён,2020-09-01,,True
3138,запланирован,2025-07-01,2025-11-01,False
3138,строится,2025-11-01,,True
3139,запланирован,2025-01-01,2025-09-01,False
3139,строится,2025-09-01,,True
3140,запланирован,2021-10-01,2023-02-01,False
3140,строится,2023-02-01,,True
3141,запланирован,2019-03-01,2019-10-01,False
3141,строится,2019-10-01,2021-02-01,False
3141,введён,2021-02-01,,True
3142,запланирован,2018-05-01,2019-01-01,False
3142,строится,2019-01-01,2019-11-01,False
3142,введён,2019-11-01,,True
3143,запланирован,2021-02-01,2021-07-01,False
3143,строится,2021-07-01,2024-12-01,False
3143,введён,2024-12-01,,True
3144,запланирован,2021-10-01,2022-08-01,False
3144,строится,2022-08-01,2025-07-01,False
3144,введён,2025-07-01,,True
3145,запланирован,2018-10-01,2019-06-01,False
3145,строится,2019-06-01,2021-09-01,False
3145,введён,2021-09-01,,True
3146,запланирован,2025-05-01,,True
3147,запланирован,2026-02-01,,True
3148,запланирован,2026-07-01,,True
3149,запланирован,2017-09-01,2019-02-01,False
3149,строится,2019-02-01,2021-02-01,False
3149,введён,2021-02-01,,True
3150,запланирован,2026-03-01,,True
3151,запланирован,2024-11-01,2025-04-01,False
3151,строится,2025-04-01,,True
3152,запланирован,2018-06-01,2018-09-01,False
3152,строится,2018-09-01,2021-07-01,False
3152,введён,2021-07-01,,True
3153,запланирован,2022-05-01,2023-09-01,False
3153,строится,2023-09-01,,True
3154,запланирован,2024-11-01,2025-03-01,False
3154,строится,2025-03-01,,True
3155,запланирован,2022-03-01,2023-08-01,False
3155,строится,2023-08-01,2026-08-01,False
3155,введён,2026-08-01,,True
3156,запланирован,2019-12-01,2021-01-01,False
3156,строится,2021-01-01,2022-09-01,False
3156,введён,2022-09-01,,True
3157,запланирован,2020-06-01,2021-07-01,False
3157,строится,2021-07-01,2022-02-01,False
3157,введён,2022-02-01,,True
3158,запланирован,2018-03-01,2019-01-01,False
3158,строится,2019-01-01,2022-03-01,False
3158,введён,2022-03-01,,True
3159,запланирован,2024-10-01,2026-03-01,False
3159,строится,2026-03-01,,True
3160,запланирован,2017-06-01,2018-08-01,False
3160,строится,2018-08-01,2022-07-01,False
3160,введён,2022-07-01,,True
3161,запланирован,2019-10-01,2020-03-01,False
3161,строится,2020-03-01,2023-12-01,False
3161,введён,2023-12-01,,True
3162,запланирован,2014-07-01,2015-08-01,False
3162,строится,2015-08-01,2018-12-01,False
3162,введён,2018-12-01,,True
3163,запланирован,2020-11-01,2021-04-01,False
3163,строится,2021-04-01,2022-01-01,False
3163,введён,2022-01-01,,True
3164,запланирован,2015-10-01,2017-02-01,False
3164,строится,2017-02-01,2019-12-01,False
3164,введён,2019-12-01,,True
3165,запланирован,2019-12-01,2020-12-01,False
3165,строится,2020-12-01,2023-06-01,False
3165,введён,2023-06-01,,True
3166,запланирован,2017-08-01,2018-07-01,False
3166,строится,2018-07-01,2020-07-01,False
3166,введён,2020-07-01,,True
3167,запланирован,2021-12-01,2022-04-01,False
3167,строится,2022-04-01,2024-12-01,False
3167,введён,2024-12-01,,True
3168,запланирован,2027-09-01,,True
3169,запланирован,2022-03-01,2022-06-01,False
3169,строится,2022-06-01,2025-07-01,False
3169,введён,2025-07-01,,True
3170,запланирован,2023-04-01,2023-11-01,False
3170,строится,2023-11-01,2026-04-01,False
3170,введён,2026-04-01,,True
3171,запланирован,2024-07-01,2024-11-01,False
3171,строится,2024-11-01,,True
3172,запланирован,2022-05-01,2023-06-01,False
3172,строится,2023-06-01,2024-04-01,False
3172,введён,2024-04-01,,True
3173,запланирован,2018-05-01,2019-02-01,False
3173,строится,2019-02-01,2021-10-01,False
3173,введён,2021-10-01,,True
3174,запланирован,2020-07-01,2021-06-01,False
3174,строится,2021-06-01,2023-11-01,False
3174,введён,2023-11-01,,True
3175,запланирован,2024-04-01,2025-07-01,False
3175,строится,2025-07-01,,True
3176,запланирован,2028-10-01,,True
3177,запланирован,2024-01-01,2024-05-01,False
3177,строится,2024-05-01,2026-07-01,False
3177,введён,2026-07-01,,True
3178,запланирован,2015-12-01,2017-05-01,False
3178,строится,2017-05-01,2020-11-01,False
3178,введён,2020-11-01,,True
3179,запланирован,2022-01-01,2022-10-01,False
3179,строится,2022-10-01,2026-08-01,False
3179,введён,2026-08-01,,True
3180,запланирован,2026-07-01,,True
3181,запланирован,2022-09-01,2024-02-01,False
3181,строится,2024-02-01,2024-10-01,False
3181,введён,2024-10-01,,True
3182,запланирован,2024-06-01,2025-04-01,False
3182,строится,2025-04-01,,True
3183,запланирован,2016-03-01,2017-06-01,False
3183,строится,2017-06-01,2020-12-01,False
3183,введён,2020-12-01,,True
3184,запланирован,2017-12-01,2019-01-01,False
3184,строится,2019-01-01,2022-04-01,False
3184,введён,2022-04-01,,True
3185,запланирован,2023-08-01,2024-10-01,False
3185,строится,2024-10-01,,True
3186,запланирован,2024-12-01,2025-12-01,False
3186,строится,2025-12-01,2026-07-01,False
3186,введён,2026-07-01,,True
3187,запланирован,2021-11-01,2022-05-01,False
3187,строится,2022-05-01,2025-04-01,False
3187,введён,2025-04-01,,True
3188,запланирован,2017-11-01,2019-02-01,False
3188,строится,2019-02-01,2020-08-01,False
3188,введён,2020-08-01,,True
3189,запланирован,2026-11-01,,True
3190,запланирован,2025-11-01,2026-05-01,False
3190,строится,2026-05-01,,True
3191,запланирован,2016-09-01,2017-03-01,False
3191,строится,2017-03-01,2018-08-01,False
3191,введён,2018-08-01,,True
3192,запланирован,2018-02-01,2019-04-01,False
3192,строится,2019-04-01,2019-11-01,False
3192,введён,2019-11-01,,True
3193,запланирован,2021-02-01,2021-06-01,False
3193,строится,2021-06-01,2025-02-01,False
3193,введён,2025-02-01,,True
3194,запланирован,2023-05-01,2024-01-01,False
3194,строится,2024-01-01,,True
3195,запланирован,2023-08-01,2024-07-01,False
3195,строится,2024-07-01,,True
3196,запланирован,2025-01-01,2025-10-01,False
3196,строится,2025-10-01,,True
3197,запланирован,2023-08-01,2024-04-01,False
3197,строится,2024-04-01,2026-06-01,False
3197,введён,2026-06-01,,True
3198,запланирован,2026-08-01,,True
3199,запланирован,2023-11-01,2025-03-01,False
3199,строится,2025-03-01,2026-02-01,False
3199,введён,2026-02-01,,True
3200,запланирован,2023-02-01,2023-09-01,False
3200,строится,2023-09-01,2025-05-01,False
3200,введён,2025-05-01,,True
3201,запланирован,2029-01-01,,True
3202,запланирован,2018-12-01,2019-11-01,False
3202,строится,2019-11-01,2022-12-01,False
3202,введён,2022-12-01,,True
3203,запланирован,2021-01-01,2021-07-01,False
3203,строится,2021-07-01,2024-10-01,False
3203,введён,2024-10-01,,True
3204,запланирован,2027-08-01,,True
3205,запланирован,2028-03-01,,True
3206,запланирован,2016-11-01,2017-07-01,False
3206,строится,2017-07-01,2021-03-01,False
3206,введён,2021-03-01,,True
3207,запланирован,2017-10-01,2019-01-01,False
3207,строится,2019-01-01,2021-11-01,False
3207,введён,2021-11-01,,True
3208,запланирован,2016-10-01,2017-10-01,False
3208,строится,2017-10-01,2020-04-01,False
3208,введён,2020-04-01,,True
3209,запланирован,2017-04-01,2018-09-01,False
3209,строится,2018-09-01,2020-02-01,False
3209,введён,2020-02-01,,True
3210,запланирован,2021-08-01,2022-03-01,False
3210,строится,2022-03-01,2024-02-01,False
3210,введён,2024-02-01,,True
3211,запланирован,2028-09-01,,True
3212,запланирован,2023-07-01,2024-08-01,False
3212,строится,2024-08-01,,True
3213,запланирован,2026-05-01,,True
3214,запланирован,2022-02-01,2023-07-01,False
3214,строится,2023-07-01,2024-04-01,False
3214,введён,2024-04-01,,True
3215,запланирован,2027-12-01,,True
3216,запланирован,2023-02-01,2024-03-01,False
3216,строится,2024-03-01,,True
3217,запланирован,2025-06-01,2026-07-01,False
3217,строится,2026-07-01,,True
3218,запланирован,2017-11-01,2018-04-01,False
3218,строится,2018-04-01,2020-01-01,False
3218,введён,2020-01-01,,True
3219,запланирован,2018-11-01,2019-10-01,False
3219,строится,2019-10-01,2021-02-01,False
3219,введён,2021-02-01,,True
3220,запланирован,2022-11-01,2023-05-01,False
3220,строится,2023-05-01,2024-03-01,False
3220,введён,2024-03-01,,True
3221,запланирован,2027-12-01,,True
3222,запланирован,2025-04-01,2025-11-01,False
3222,строится,2025-11-01,,True
3223,запланирован,2022-07-01,2023-07-01,False
3223,строится,2023-07-01,2024-03-01,False
3223,введён,2024-03-01,,True
3224,запланирован,2024-09-01,2025-03-01,False
3224,строится,2025-03-01,2026-08-01,False
3224,введён,2026-08-01,,True
3225,запланирован,2020-10-01,2022-02-01,False
3225,строится,2022-02-01,2024-05-01,False
3225,введён,2024-05-01,,True
3226,запланирован,2022-03-01,2023-01-01,False
3226,строится,2023-01-01,2023-11-01,False
3226,введён,2023-11-01,,True
3227,запланирован,2019-03-01,2019-08-01,False
3227,строится,2019-08-01,2021-01-01,False
3227,введён,2021-01-01,,True
3228,запланирован,2019-04-01,2019-11-01,False
3228,строится,2019-11-01,2021-06-01,False
3228,введён,2021-06-01,,True
3229,запланирован,2025-04-01,2025-10-01,False
3229,строится,2025-10-01,2026-08-01,False
3229,введён,2026-08-01,,True
3230,запланирован,2020-02-01,2021-05-01,False
3230,строится,2021-05-01,2022-11-01,False
3230,введён,2022-11-01,,True
3231,запланирован,2026-01-01,2026-05-01,False
3231,строится,2026-05-01,,True
3232,запланирован,2025-02-01,2026-03-01,False
3232,строится,2026-03-01,,True
3233,запланирован,2022-12-01,2023-04-01,False
3233,строится,2023-04-01,2024-12-01,False
3233,введён,2024-12-01,,True
3234,запланирован,2027-03-01,,True
3235,запланирован,2017-10-01,2018-11-01,False
3235,строится,2018-11-01,2020-06-01,False
3235,введён,2020-06-01,,True
3236,запланирован,2024-07-01,2024-12-01,False
3236,строится,2024-12-01,,True
3237,запланирован,2015-08-01,2016-04-01,False
3237,строится,2016-04-01,2020-02-01,False
3237,введён,2020-02-01,,True
3238,запланирован,2021-04-01,2021-09-01,False
3238,строится,2021-09-01,2024-10-01,False
3238,введён,2024-10-01,,True
3239,запланирован,2019-03-01,2020-03-01,False
3239,строится,2020-03-01,2021-07-01,False
3239,введён,2021-07-01,,True
3240,запланирован,2023-06-01,2024-11-01,False
3240,строится,2024-11-01,2025-11-01,False
3240,введён,2025-11-01,,True
3241,запланирован,2024-04-01,2024-07-01,False
3241,строится,2024-07-01,,True
3242,запланирован,2024-02-01,2025-02-01,False
3242,строится,2025-02-01,,True
3243,запланирован,2026-02-01,,True
3244,запланирован,2019-02-01,2019-05-01,False
3244,строится,2019-05-01,2021-02-01,False
3244,введён,2021-02-01,,True
3245,запланирован,2021-04-01,2022-05-01,False
3245,строится,2022-05-01,2024-07-01,False
3245,введён,2024-07-01,,True
3246,запланирован,2026-10-01,,True
3247,запланирован,2024-12-01,2025-10-01,False
3247,строится,2025-10-01,,True
3248,запланирован,2015-04-01,2016-08-01,False
3248,строится,2016-08-01,2020-06-01,False
3248,введён,2020-06-01,,True
3249,запланирован,2020-09-01,2021-12-01,False
3249,строится,2021-12-01,2022-07-01,False
3249,введён,2022-07-01,,True
3250,запланирован,2023-08-01,2023-12-01,False
3250,строится,2023-12-01,2025-08-01,False
3250,введён,2025-08-01,,True
3251,запланирован,2020-02-01,2020-07-01,False
3251,строится,2020-07-01,2022-11-01,False
3251,введён,2022-11-01,,True
3252,запланирован,2027-10-01,,True
3253,запланирован,2018-04-01,2018-12-01,False
3253,строится,2018-12-01,2020-05-01,False
3253,введён,2020-05-01,,True
3254,запланирован,2022-07-01,2023-12-01,False
3254,строится,2023-12-01,2024-09-01,False
3254,введён,2024-09-01,,True
3255,запланирован,2028-04-01,,True
3256,запланирован,2017-01-01,2018-06-01,False
3256,строится,2018-06-01,2019-08-01,False
3256,введён,2019-08-01,,True
3257,запланирован,2022-03-01,2022-12-01,False
3257,строится,2022-12-01,2023-11-01,False
3257,введён,2023-11-01,,True
3258,запланирован,2018-12-01,2019-04-01,False
3258,строится,2019-04-01,2022-05-01,False
3258,введён,2022-05-01,,True
3259,запланирован,2023-03-01,2024-02-01,False
3259,строится,2024-02-01,2025-08-01,False
3259,введён,2025-08-01,,True
3260,запланирован,2025-01-01,2025-12-01,False
3260,строится,2025-12-01,,True
3261,запланирован,2022-02-01,2022-08-01,False
3261,строится,2022-08-01,2023-12-01,False
3261,введён,2023-12-01,,True
3262,запланирован,2018-04-01,2018-10-01,False
3262,строится,2018-10-01,2021-02-01,False
3262,введён,2021-02-01,,True
3263,запланирован,2020-05-01,2021-08-01,False
3263,строится,2021-08-01,2022-06-01,False
3263,введён,2022-06-01,,True
3264,запланирован,2026-09-01,,True
3265,запланирован,2018-05-01,2019-05-01,False
3265,строится,2019-05-01,2021-09-01,False
3265,введён,2021-09-01,,True
3266,запланирован,2016-08-01,2017-07-01,False
3266,строится,2017-07-01,2019-04-01,False
3266,введён,2019-04-01,,True
3267,запланирован,2020-09-01,2021-09-01,False
3267,строится,2021-09-01,2023-02-01,False
3267,введён,2023-02-01,,True
3268,запланирован,2020-12-01,2022-02-01,False
3268,строится,2022-02-01,2024-11-01,False
3268,введён,2024-11-01,,True
3269,запланирован,2015-07-01,2016-01-01,False
3269,строится,2016-01-01,2019-05-01,False
3269,введён,2019-05-01,,True
3270,запланирован,2018-07-01,2019-11-01,False
3270,строится,2019-11-01,2023-05-01,False
3270,введён,2023-05-01,,True
3271,запланирован,2024-04-01,2025-01-01,False
3271,строится,2025-01-01,2026-03-01,False
3271,введён,2026-03-01,,True
3272,запланирован,2025-01-01,2025-10-01,False
3272,строится,2025-10-01,2026-08-01,False
3272,введён,2026-08-01,,True
3273,запланирован,2016-10-01,2017-11-01,False
3273,строится,2017-11-01,2020-03-01,False
3273,введён,2020-03-01,,True
3274,запланирован,2023-11-01,2024-03-01,False
3274,строится,2024-03-01,,True
3275,запланирован,2023-07-01,2024-12-01,False
3275,строится,2024-12-01,2025-09-01,False
3275,введён,2025-09-01,,True
3276,запланирован,2022-09-01,2024-02-01,False
3276,строится,2024-02-01,2026-02-01,False
3276,введён,2026-02-01,,True
3277,запланирован,2027-04-01,,True
3278,запланирован,2021-06-01,2022-10-01,False
3278,строится,2022-10-01,2025-11-01,False
3278,введён,2025-11-01,,True
3279,запланирован,2016-09-01,2017-03-01,False
3279,строится,2017-03-01,2020-06-01,False
3279,введён,2020-06-01,,True
3280,запланирован,2023-05-01,2024-01-01,False
3280,строится,2024-01-01,2026-06-01,False
3280,введён,2026-06-01,,True
3281,запланирован,2028-01-01,,True
3282,запланирован,2027-11-01,,True
3283,запланирован,2024-03-01,2025-06-01,False
3283,строится,2025-06-01,2026-04-01,False
3283,введён,2026-04-01,,True
3284,запланирован,2022-02-01,2023-07-01,False
3284,строится,2023-07-01,,True
3285,запланирован,2015-05-01,2015-09-01,False
3285,строится,2015-09-01,2019-02-01,False
3285,введён,2019-02-01,,True
3286,запланирован,2020-07-01,2021-07-01,False
3286,строится,2021-07-01,2022-01-01,False
3286,введён,2022-01-01,,True
3287,запланирован,2022-04-01,2023-04-01,False
3287,строится,2023-04-01,2026-05-01,False
3287,введён,2026-05-01,,True
3288,запланирован,2022-03-01,2023-04-01,False
3288,строится,2023-04-01,2025-08-01,False
3288,введён,2025-08-01,,True
3289,запланирован,2021-04-01,2022-01-01,False
3289,строится,2022-01-01,2022-09-01,False
3289,введён,2022-09-01,,True
3290,запланирован,2014-12-01,2015-08-01,False
3290,строится,2015-08-01,2019-03-01,False
3290,введён,2019-03-01,,True
3291,запланирован,2022-08-01,2023-02-01,False
3291,строится,2023-02-01,2026-03-01,False
3291,введён,2026-03-01,,True
3292,запланирован,2022-08-01,2023-07-01,False
3292,строится,2023-07-01,2024-03-01,False
3292,введён,2024-03-01,,True
3293,запланирован,2025-03-01,2025-09-01,False
3293,строится,2025-09-01,,True
3294,запланирован,2025-12-01,,True
3295,запланирован,2023-03-01,2023-10-01,False
3295,строится,2023-10-01,,True
3296,запланирован,2028-03-01,,True
3297,запланирован,2025-11-01,,True
3298,запланирован,2019-06-01,2020-03-01,False
3298,строится,2020-03-01,2022-03-01,False
3298,введён,2022-03-01,,True
3299,запланирован,2023-01-01,2023-07-01,False
3299,строится,2023-07-01,2024-03-01,False
3299,введён,2024-03-01,,True
3300,запланирован,2017-01-01,2018-04-01,False
3300,строится,2018-04-01,2020-02-01,False
3300,введён,2020-02-01,,True
3301,запланирован,2022-09-01,2024-01-01,False
3301,строится,2024-01-01,2024-10-01,False
3301,введён,2024-10-01,,True
3302,запланирован,2018-09-01,2019-08-01,False
3302,строится,2019-08-01,2021-11-01,False
3302,введён,2021-11-01,,True
3303,запланирован,2020-04-01,2021-03-01,False
3303,строится,2021-03-01,2024-01-01,False
3303,введён,2024-01-01,,True
3304,запланирован,2026-06-01,,True
3305,запланирован,2025-01-01,2025-07-01,False
3305,строится,2025-07-01,,True
3306,запланирован,2021-10-01,2022-07-01,False
3306,строится,2022-07-01,2026-03-01,False
3306,введён,2026-03-01,,True
3307,запланирован,2017-03-01,2018-01-01,False
3307,строится,2018-01-01,2021-05-01,False
3307,введён,2021-05-01,,True
3308,запланирован,2020-12-01,2022-03-01,False
3308,строится,2022-03-01,2022-10-01,False
3308,введён,2022-10-01,,True
3309,запланирован,2025-09-01,2026-03-01,False
3309,строится,2026-03-01,,True
3310,запланирован,2021-05-01,2022-01-01,False
3310,строится,2022-01-01,2025-06-01,False
3310,введён,2025-06-01,,True
3311,запланирован,2024-10-01,2025-05-01,False
3311,строится,2025-05-01,,True
3312,запланирован,2026-12-01,,True
3313,запланирован,2025-11-01,2026-04-01,False
3313,строится,2026-04-01,,True
3314,запланирован,2024-09-01,2026-02-01,False
3314,строится,2026-02-01,,True
3315,запланирован,2019-08-01,2020-01-01,False
3315,строится,2020-01-01,2022-11-01,False
3315,введён,2022-11-01,,True
3316,запланирован,2020-01-01,2020-11-01,False
3316,строится,2020-11-01,2021-12-01,False
3316,введён,2021-12-01,,True
3317,запланирован,2020-10-01,2021-09-01,False
3317,строится,2021-09-01,2024-11-01,False
3317,введён,2024-11-01,,True
3318,запланирован,2017-09-01,2019-02-01,False
3318,строится,2019-02-01,2021-08-01,False
3318,введён,2021-08-01,,True
3319,запланирован,2019-11-01,2020-12-01,False
3319,строится,2020-12-01,2021-08-01,False
3319,введён,2021-08-01,,True
3320,запланирован,2027-05-01,,True
3321,запланирован,2017-08-01,2018-05-01,False
3321,строится,2018-05-01,2019-12-01,False
3321,введён,2019-12-01,,True
3322,запланирован,2018-09-01,2019-06-01,False
3322,строится,2019-06-01,2020-04-01,False
3322,введён,2020-04-01,,True
3323,запланирован,2018-02-01,2018-08-01,False
3323,строится,2018-08-01,2020-10-01,False
3323,введён,2020-10-01,,True
3324,запланирован,2017-08-01,2018-10-01,False
3324,строится,2018-10-01,2019-10-01,False
3324,введён,2019-10-01,,True
3325,запланирован,2017-05-01,2018-03-01,False
3325,строится,2018-03-01,2020-07-01,False
3325,введён,2020-07-01,,True
3326,запланирован,2022-05-01,2023-05-01,False
3326,строится,2023-05-01,2024-12-01,False
3326,введён,2024-12-01,,True
3327,запланирован,2026-06-01,,True
3328,запланирован,2025-04-01,2026-03-01,False
3328,строится,2026-03-01,,True
3329,запланирован,2021-03-01,2022-03-01,False
3329,строится,2022-03-01,2023-10-01,False
3329,введён,2023-10-01,,True
3330,запланирован,2023-10-01,2024-01-01,False
3330,строится,2024-01-01,,True
3331,запланирован,2026-06-01,,True
3332,запланирован,2028-03-01,,True
3333,запланирован,2028-11-01,,True
3334,запланирован,2022-09-01,2023-12-01,False
3334,строится,2023-12-01,2025-05-01,False
3334,введён,2025-05-01,,True
3335,запланирован,2022-11-01,2024-03-01,False
3335,строится,2024-03-01,2024-10-01,False
3335,введён,2024-10-01,,True
3336,запланирован,2016-11-01,2018-01-01,False
3336,строится,2018-01-01,2020-11-01,False
3336,введён,2020-11-01,,True
3337,запланирован,2025-11-01,2026-02-01,False
3337,строится,2026-02-01,,True
3338,запланирован,2024-12-01,2025-08-01,False
3338,строится,2025-08-01,,True
3339,запланирован,2018-08-01,2019-07-01,False
3339,строится,2019-07-01,2020-11-01,False
3339,введён,2020-11-01,,True
3340,запланирован,2019-06-01,2020-02-01,False
3340,строится,2020-02-01,2022-11-01,False
3340,введён,2022-11-01,,True
3341,запланирован,2024-12-01,2025-05-01,False
3341,строится,2025-05-01,,True
3342,запланирован,2019-12-01,2020-12-01,False
3342,строится,2020-12-01,2022-05-01,False
3342,введён,2022-05-01,,True
3343,запланирован,2018-11-01,2019-04-01,False
3343,строится,2019-04-01,2020-07-01,False
3343,введён,2020-07-01,,True
3344,запланирован,2017-09-01,2018-10-01,False
3344,строится,2018-10-01,2020-03-01,False
3344,введён,2020-03-01,,True
3345,запланирован,2017-04-01,2018-03-01,False
3345,строится,2018-03-01,2021-02-01,False
3345,введён,2021-02-01,,True
3346,запланирован,2018-06-01,2019-07-01,False
3346,строится,2019-07-01,2022-02-01,False
3346,введён,2022-02-01,,True
3347,запланирован,2021-11-01,2022-04-01,False
3347,строится,2022-04-01,2024-01-01,False
3347,введён,2024-01-01,,True
3348,запланирован,2027-09-01,,True
3349,запланирован,2020-08-01,2021-02-01,False
3349,строится,2021-02-01,2024-03-01,False
3349,введён,2024-03-01,,True
3350,запланирован,2023-11-01,2025-02-01,False
3350,строится,2025-02-01,,True
3351,запланирован,2023-08-01,2024-09-01,False
3351,строится,2024-09-01,2026-06-01,False
3351,введён,2026-06-01,,True
3352,запланирован,2022-02-01,2023-05-01,False
3352,строится,2023-05-01,2026-02-01,False
3352,введён,2026-02-01,,True
3353,запланирован,2028-07-01,,True
3354,запланирован,2015-08-01,2016-01-01,False
3354,строится,2016-01-01,2019-04-01,False
3354,введён,2019-04-01,,True
3355,запланирован,2016-05-01,2016-11-01,False
3355,строится,2016-11-01,2020-10-01,False
3355,введён,2020-10-01,,True
3356,запланирован,2020-08-01,2021-11-01,False
3356,строится,2021-11-01,2022-05-01,False
3356,введён,2022-05-01,,True
3357,запланирован,2023-07-01,2024-05-01,False
3357,строится,2024-05-01,,True
3358,запланирован,2026-08-01,,True
3359,запланирован,2021-01-01,2022-01-01,False
3359,строится,2022-01-01,2022-11-01,False
3359,введён,2022-11-01,,True
3360,запланирован,2023-05-01,2024-10-01,False
3360,строится,2024-10-01,2025-11-01,False
3360,введён,2025-11-01,,True
3361,запланирован,2015-05-01,2016-02-01,False
3361,строится,2016-02-01,2019-07-01,False
3361,введён,2019-07-01,,True
3362,запланирован,2024-10-01,2025-01-01,False
3362,строится,2025-01-01,,True
3363,запланирован,2018-10-01,2019-06-01,False
3363,строится,2019-06-01,2023-04-01,False
3363,введён,2023-04-01,,True
3364,запланирован,2025-11-01,,True
3365,запланирован,2029-01-01,,True
3366,запланирован,2026-08-01,,True
3367,запланирован,2020-02-01,2021-02-01,False
3367,строится,2021-02-01,2023-11-01,False
3367,введён,2023-11-01,,True
3368,запланирован,2019-06-01,2020-04-01,False
3368,строится,2020-04-01,2022-04-01,False
3368,введён,2022-04-01,,True
3369,запланирован,2025-12-01,,True
3370,запланирован,2023-07-01,2023-11-01,False
3370,строится,2023-11-01,2026-07-01,False
3370,введён,2026-07-01,,True
3371,запланирован,2019-11-01,2020-04-01,False
3371,строится,2020-04-01,2024-03-01,False
3371,введён,2024-03-01,,True
3372,запланирован,2020-02-01,2020-08-01,False
3372,строится,2020-08-01,2023-08-01,False
3372,введён,2023-08-01,,True
3373,запланирован,2018-08-01,2019-12-01,False
3373,строится,2019-12-01,2020-10-01,False
3373,введён,2020-10-01,,True
3374,запланирован,2021-08-01,2022-07-01,False
3374,строится,2022-07-01,2025-12-01,False
3374,введён,2025-12-01,,True
3375,запланирован,2026-12-01,,True
3376,запланирован,2028-01-01,,True
3377,запланирован,2019-03-01,2019-09-01,False
3377,строится,2019-09-01,2022-03-01,False
3377,введён,2022-03-01,,True
3378,запланирован,2015-08-01,2015-11-01,False
3378,строится,2015-11-01,2018-08-01,False
3378,введён,2018-08-01,,True
3379,запланирован,2026-05-01,,True
3380,запланирован,2019-10-01,2020-03-01,False
3380,строится,2020-03-01,2023-11-01,False
3380,введён,2023-11-01,,True
3381,запланирован,2024-08-01,2025-05-01,False
3381,строится,2025-05-01,,True
3382,запланирован,2018-11-01,2020-03-01,False
3382,строится,2020-03-01,2022-02-01,False
3382,введён,2022-02-01,,True
3383,запланирован,2019-07-01,2020-09-01,False
3383,строится,2020-09-01,2023-08-01,False
3383,введён,2023-08-01,,True
3384,запланирован,2020-07-01,2020-11-01,False
3384,строится,2020-11-01,2023-10-01,False
3384,введён,2023-10-01,,True
3385,запланирован,2024-01-01,2025-03-01,False
3385,строится,2025-03-01,,True
3386,запланирован,2017-03-01,2018-01-01,False
3386,строится,2018-01-01,2020-02-01,False
3386,введён,2020-02-01,,True
3387,запланирован,2018-06-01,2019-04-01,False
3387,строится,2019-04-01,2020-11-01,False
3387,введён,2020-11-01,,True
3388,запланирован,2028-08-01,,True
3389,запланирован,2026-01-01,,True
3390,запланирован,2019-06-01,2020-09-01,False
3390,строится,2020-09-01,2022-01-01,False
3390,введён,2022-01-01,,True
3391,запланирован,2022-06-01,2023-09-01,False
3391,строится,2023-09-01,2024-10-01,False
3391,введён,2024-10-01,,True
3392,запланирован,2024-05-01,2025-08-01,False
3392,строится,2025-08-01,2026-02-01,False
3392,введён,2026-02-01,,True
3393,запланирован,2026-01-01,2026-07-01,False
3393,строится,2026-07-01,,True
3394,запланирован,2027-09-01,,True
3395,запланирован,2017-08-01,2019-01-01,False
3395,строится,2019-01-01,2020-10-01,False
3395,введён,2020-10-01,,True
3396,запланирован,2026-07-01,,True
3397,запланирован,2026-11-01,,True
3398,запланирован,2018-07-01,2019-03-01,False
3398,строится,2019-03-01,2023-02-01,False
3398,введён,2023-02-01,,True
3399,запланирован,2019-04-01,2020-01-01,False
3399,строится,2020-01-01,2022-01-01,False
3399,введён,2022-01-01,,True
3400,запланирован,2024-10-01,2025-04-01,False
3400,строится,2025-04-01,,True
3401,запланирован,2022-04-01,2023-05-01,False
3401,строится,2023-05-01,2025-10-01,False
3401,введён,2025-10-01,,True
3402,запланирован,2018-01-01,2018-08-01,False
3402,строится,2018-08-01,2020-09-01,False
3402,введён,2020-09-01,,True
3403,запланирован,2017-08-01,2018-11-01,False
3403,строится,2018-11-01,2019-11-01,False
3403,введён,2019-11-01,,True
3404,запланирован,2023-08-01,2024-02-01,False
3404,строится,2024-02-01,,True
3405,запланирован,2026-11-01,,True
3406,запланирован,2017-09-01,2017-12-01,False
3406,строится,2017-12-01,2018-11-01,False
3406,введён,2018-11-01,,True
3407,запланирован,2015-08-01,2016-11-01,False
3407,строится,2016-11-01,2020-10-01,False
3407,введён,2020-10-01,,True
3408,запланирован,2023-11-01,2024-12-01,False
3408,строится,2024-12-01,,True
3409,запланирован,2019-03-01,2019-09-01,False
3409,строится,2019-09-01,2022-11-01,False
3409,введён,2022-11-01,,True
3410,запланирован,2018-07-01,2019-10-01,False
3410,строится,2019-10-01,2022-11-01,False
3410,введён,2022-11-01,,True
3411,запланирован,2022-10-01,2023-10-01,False
3411,строится,2023-10-01,2024-12-01,False
3411,введён,2024-12-01,,True
3412,запланирован,2019-04-01,2020-05-01,False
3412,строится,2020-05-01,2022-06-01,False
3412,введён,2022-06-01,,True
3413,запланирован,2021-04-01,2021-09-01,False
3413,строится,2021-09-01,2025-01-01,False
3413,введён,2025-01-01,,True
3414,запланирован,2017-05-01,2017-10-01,False
3414,строится,2017-10-01,2018-11-01,False
3414,введён,2018-11-01,,True
3415,запланирован,2021-06-01,2022-07-01,False
3415,строится,2022-07-01,2023-03-01,False
3415,введён,2023-03-01,,True
3416,запланирован,2017-01-01,2017-05-01,False
3416,строится,2017-05-01,2020-12-01,False
3416,введён,2020-12-01,,True
3417,запланирован,2022-07-01,2023-05-01,False
3417,строится,2023-05-01,2024-04-01,False
3417,введён,2024-04-01,,True
3418,запланирован,2024-02-01,2025-01-01,False
3418,строится,2025-01-01,,True
3419,запланирован,2022-09-01,2023-10-01,False
3419,строится,2023-10-01,,True
3420,запланирован,2019-04-01,2020-08-01,False
3420,строится,2020-08-01,2022-10-01,False
3420,введён,2022-10-01,,True
3421,запланирован,2021-05-01,2021-09-01,False
3421,строится,2021-09-01,2024-07-01,False
3421,введён,2024-07-01,,True
3422,запланирован,2021-06-01,2021-09-01,False
3422,строится,2021-09-01,2023-11-01,False
3422,введён,2023-11-01,,True
3423,запланирован,2025-06-01,2025-11-01,False
3423,строится,2025-11-01,,True
3424,запланирован,2020-10-01,2021-12-01,False
3424,строится,2021-12-01,2025-01-01,False
3424,введён,2025-01-01,,True
3425,запланирован,2028-08-01,,True
3426,запланирован,2027-12-01,,True
3427,запланирован,2017-02-01,2017-07-01,False
3427,строится,2017-07-01,2020-06-01,False
3427,введён,2020-06-01,,True
3428,запланирован,2025-07-01,2026-03-01,False
3428,строится,2026-03-01,,True
3429,запланирован,2023-06-01,2023-09-01,False
3429,строится,2023-09-01,2024-04-01,False
3429,введён,2024-04-01,,True
3430,запланирован,2024-08-01,2025-07-01,False
3430,строится,2025-07-01,,True
3431,запланирован,2026-07-01,,True
3432,запланирован,2020-11-01,2022-04-01,False
3432,строится,2022-04-01,2023-03-01,False
3432,введён,2023-03-01,,True
3433,запланирован,2023-11-01,2025-01-01,False
3433,строится,2025-01-01,2025-07-01,False
3433,введён,2025-07-01,,True
3434,запланирован,2028-11-01,,True
3435,запланирован,2027-04-01,,True
3436,запланирован,2019-10-01,2020-11-01,False
3436,строится,2020-11-01,2024-01-01,False
3436,введён,2024-01-01,,True
3437,запланирован,2025-12-01,2026-03-01,False
3437,строится,2026-03-01,,True
3438,запланирован,2026-06-01,,True
3439,запланирован,2026-05-01,,True
3440,запланирован,2023-08-01,2024-06-01,False
3440,строится,2024-06-01,2026-05-01,False
3440,введён,2026-05-01,,True
3441,запланирован,2019-06-01,2020-01-01,False
3441,строится,2020-01-01,2023-09-01,False
3441,введён,2023-09-01,,True
3442,запланирован,2023-06-01,2024-03-01,False
3442,строится,2024-03-01,,True
3443,запланирован,2024-02-01,2024-09-01,False
3443,строится,2024-09-01,,True
3444,запланирован,2018-09-01,2019-07-01,False
3444,строится,2019-07-01,2023-04-01,False
3444,введён,2023-04-01,,True
3445,запланирован,2026-09-01,,True
3446,запланирован,2023-11-01,2025-01-01,False
3446,строится,2025-01-01,,True
3447,запланирован,2016-11-01,2017-06-01,False
3447,строится,2017-06-01,2019-02-01,False
3447,введён,2019-02-01,,True
3448,запланирован,2018-12-01,2020-02-01,False
3448,строится,2020-02-01,2023-11-01,False
3448,введён,2023-11-01,,True
3449,запланирован,2016-05-01,2017-04-01,False
3449,строится,2017-04-01,2019-02-01,False
3449,введён,2019-02-01,,True
3450,запланирован,2018-11-01,2019-03-01,False
3450,строится,2019-03-01,2021-11-01,False
3450,введён,2021-11-01,,True
3451,запланирован,2025-04-01,2026-07-01,False
3451,строится,2026-07-01,,True
3452,запланирован,2019-05-01,2020-07-01,False
3452,строится,2020-07-01,2024-04-01,False
3452,введён,2024-04-01,,True
3453,запланирован,2014-08-01,2015-06-01,False
3453,строится,2015-06-01,2018-09-01,False
3453,введён,2018-09-01,,True
3454,запланирован,2022-11-01,2023-07-01,False
3454,строится,2023-07-01,2025-02-01,False
3454,введён,2025-02-01,,True
3455,запланирован,2022-09-01,2023-04-01,False
3455,строится,2023-04-01,2025-06-01,False
3455,введён,2025-06-01,,True
3456,запланирован,2025-03-01,2025-09-01,False
3456,строится,2025-09-01,,True
3457,запланирован,2020-06-01,2021-05-01,False
3457,строится,2021-05-01,2023-06-01,False
3457,введён,2023-06-01,,True
3458,запланирован,2020-10-01,2022-02-01,False
3458,строится,2022-02-01,2022-10-01,False
3458,введён,2022-10-01,,True
3459,запланирован,2024-05-01,2025-02-01,False
3459,строится,2025-02-01,,True
3460,запланирован,2024-09-01,2025-08-01,False
3460,строится,2025-08-01,,True
3461,запланирован,2021-04-01,2022-06-01,False
3461,строится,2022-06-01,2024-01-01,False
3461,введён,2024-01-01,,True
3462,запланирован,2020-11-01,2022-04-01,False
3462,строится,2022-04-01,2025-06-01,False
3462,введён,2025-06-01,,True
3463,запланирован,2021-03-01,2021-12-01,False
3463,строится,2021-12-01,2025-05-01,False
3463,введён,2025-05-01,,True
3464,запланирован,2023-02-01,2023-05-01,False
3464,строится,2023-05-01,2024-09-01,False
3464,введён,2024-09-01,,True
3465,запланирован,2013-11-01,2015-03-01,False
3465,строится,2015-03-01,2018-12-01,False
3465,введён,2018-12-01,,True
3466,запланирован,2020-08-01,2021-04-01,False
3466,строится,2021-04-01,2022-09-01,False
3466,введён,2022-09-01,,True
3467,запланирован,2019-04-01,2019-08-01,False
3467,строится,2019-08-01,2021-10-01,False
3467,введён,2021-10-01,,True
3468,запланирован,2029-02-01,,True
3469,запланирован,2017-06-01,2018-04-01,False
3469,строится,2018-04-01,2022-03-01,False
3469,введён,2022-03-01,,True
3470,запланирован,2021-05-01,2022-10-01,False
3470,строится,2022-10-01,,True
3471,запланирован,2019-08-01,2019-11-01,False
3471,строится,2019-11-01,2023-05-01,False
3471,введён,2023-05-01,,True
3472,запланирован,2026-06-01,,True
3473,запланирован,2022-10-01,2023-12-01,False
3473,строится,2023-12-01,2024-06-01,False
3473,введён,2024-06-01,,True
3474,запланирован,2026-08-01,,True
3475,запланирован,2024-04-01,2025-04-01,False
3475,строится,2025-04-01,,True
3476,запланирован,2025-03-01,2026-07-01,False
3476,строится,2026-07-01,,True
3477,запланирован,2021-11-01,2023-04-01,False
3477,строится,2023-04-01,,True
3478,запланирован,2024-12-01,2026-04-01,False
3478,строится,2026-04-01,,True
3479,запланирован,2016-06-01,2017-11-01,False
3479,строится,2017-11-01,2020-04-01,False
3479,введён,2020-04-01,,True
3480,запланирован,2020-04-01,2021-01-01,False
3480,строится,2021-01-01,2023-09-01,False
3480,введён,2023-09-01,,True
3481,запланирован,2018-08-01,2018-12-01,False
3481,строится,2018-12-01,2021-04-01,False
3481,введён,2021-04-01,,True
3482,запланирован,2020-01-01,2020-12-01,False
3482,строится,2020-12-01,2022-12-01,False
3482,введён,2022-12-01,,True
3483,запланирован,2027-12-01,,True
3484,запланирован,2026-12-01,,True
3485,запланирован,2025-08-01,,True
3486,запланирован,2027-03-01,,True
3487,запланирован,2019-04-01,2019-08-01,False
3487,строится,2019-08-01,2021-07-01,False
3487,введён,2021-07-01,,True
3488,запланирован,2018-02-01,2018-09-01,False
3488,строится,2018-09-01,2020-12-01,False
3488,введён,2020-12-01,,True
3489,запланирован,2024-03-01,2024-12-01,False
3489,строится,2024-12-01,,True
3490,запланирован,2018-08-01,2019-05-01,False
3490,строится,2019-05-01,2022-06-01,False
3490,введён,2022-06-01,,True
3491,запланирован,2022-07-01,2023-09-01,False
3491,строится,2023-09-01,,True
3492,запланирован,2018-10-01,2019-01-01,False
3492,строится,2019-01-01,2019-12-01,False
3492,введён,2019-12-01,,True
3493,запланирован,2024-02-01,2025-01-01,False
3493,строится,2025-01-01,,True
3494,запланирован,2018-03-01,2019-06-01,False
3494,строится,2019-06-01,2020-04-01,False
3494,введён,2020-04-01,,True
3495,запланирован,2017-02-01,2018-05-01,False
3495,строится,2018-05-01,2020-07-01,False
3495,введён,2020-07-01,,True
3496,запланирован,2017-11-01,2018-04-01,False
3496,строится,2018-04-01,2020-09-01,False
3496,введён,2020-09-01,,True
3497,запланирован,2023-09-01,2024-11-01,False
3497,строится,2024-11-01,,True
3498,запланирован,2020-07-01,2021-03-01,False
3498,строится,2021-03-01,2022-04-01,False
3498,введён,2022-04-01,,True
3499,запланирован,2026-09-01,,True
3500,запланирован,2024-12-01,2025-11-01,False
3500,строится,2025-11-01,,True
3501,запланирован,2024-03-01,2025-04-01,False
3501,строится,2025-04-01,,True
3502,запланирован,2018-03-01,2018-07-01,False
3502,строится,2018-07-01,2021-07-01,False
3502,введён,2021-07-01,,True
3503,запланирован,2022-10-01,2024-01-01,False
3503,строится,2024-01-01,2024-11-01,False
3503,введён,2024-11-01,,True
3504,запланирован,2022-04-01,2022-08-01,False
3504,строится,2022-08-01,2025-01-01,False
3504,введён,2025-01-01,,True
3505,запланирован,2017-07-01,2018-05-01,False
3505,строится,2018-05-01,2022-03-01,False
3505,введён,2022-03-01,,True
3506,запланирован,2022-07-01,2022-12-01,False
3506,строится,2022-12-01,,True
3507,запланирован,2017-09-01,2018-08-01,False
3507,строится,2018-08-01,2021-07-01,False
3507,введён,2021-07-01,,True
3508,запланирован,2020-05-01,2021-08-01,False
3508,строится,2021-08-01,2023-04-01,False
3508,введён,2023-04-01,,True
3509,запланирован,2027-02-01,,True
3510,запланирован,2027-09-01,,True
3511,запланирован,2022-08-01,2023-02-01,False
3511,строится,2023-02-01,2024-07-01,False
3511,введён,2024-07-01,,True
3512,запланирован,2024-11-01,2025-05-01,False
3512,строится,2025-05-01,,True
3513,запланирован,2026-08-01,,True
3514,запланирован,2020-12-01,2021-07-01,False
3514,строится,2021-07-01,2025-04-01,False
3514,введён,2025-04-01,,True
3515,запланирован,2022-08-01,2023-04-01,False
3515,строится,2023-04-01,2024-02-01,False
3515,введён,2024-02-01,,True
3516,запланирован,2025-07-01,2026-03-01,False
3516,строится,2026-03-01,,True
3517,запланирован,2022-08-01,2023-04-01,False
3517,строится,2023-04-01,2024-05-01,False
3517,введён,2024-05-01,,True
3518,запланирован,2017-04-01,2017-09-01,False
3518,строится,2017-09-01,2020-09-01,False
3518,введён,2020-09-01,,True
3519,запланирован,2027-03-01,,True
3520,запланирован,2025-03-01,2025-10-01,False
3520,строится,2025-10-01,,True
3521,запланирован,2024-04-01,2025-03-01,False
3521,строится,2025-03-01,,True
3522,запланирован,2024-03-01,2025-04-01,False
3522,строится,2025-04-01,,True
3523,запланирован,2022-07-01,2023-03-01,False
3523,строится,2023-03-01,2024-05-01,False
3523,введён,2024-05-01,,True
3524,запланирован,2019-04-01,2019-07-01,False
3524,строится,2019-07-01,2023-05-01,False
3524,введён,2023-05-01,,True
3525,запланирован,2021-01-01,2021-07-01,False
3525,строится,2021-07-01,2023-12-01,False
3525,введён,2023-12-01,,True
3526,запланирован,2019-12-01,2021-01-01,False
3526,строится,2021-01-01,2021-10-01,False
3526,введён,2021-10-01,,True
3527,запланирован,2019-01-01,2020-04-01,False
3527,строится,2020-04-01,2023-06-01,False
3527,введён,2023-06-01,,True
3528,запланирован,2024-10-01,2025-05-01,False
3528,строится,2025-05-01,,True
3529,запланирован,2023-03-01,2023-09-01,False
3529,строится,2023-09-01,2026-05-01,False
3529,введён,2026-05-01,,True
3530,запланирован,2023-05-01,2023-10-01,False
3530,строится,2023-10-01,2024-06-01,False
3530,введён,2024-06-01,,True
3531,запланирован,2026-04-01,,True
3532,запланирован,2017-06-01,2018-07-01,False
3532,строится,2018-07-01,2021-04-01,False
3532,введён,2021-04-01,,True
3533,запланирован,2021-08-01,2022-05-01,False
3533,строится,2022-05-01,2025-08-01,False
3533,введён,2025-08-01,,True
3534,запланирован,2018-10-01,2019-09-01,False
3534,строится,2019-09-01,2022-12-01,False
3534,введён,2022-12-01,,True
3535,запланирован,2026-04-01,,True
3536,запланирован,2027-05-01,,True
3537,запланирован,2023-11-01,2024-02-01,False
3537,строится,2024-02-01,2025-11-01,False
3537,введён,2025-11-01,,True
3538,запланирован,2023-03-01,2024-04-01,False
3538,строится,2024-04-01,,True
3539,запланирован,2016-12-01,2017-12-01,False
3539,строится,2017-12-01,2018-12-01,False
3539,введён,2018-12-01,,True
3540,запланирован,2021-02-01,2021-08-01,False
3540,строится,2021-08-01,2024-02-01,False
3540,введён,2024-02-01,,True
3541,запланирован,2024-08-01,2025-12-01,False
3541,строится,2025-12-01,,True
3542,запланирован,2024-10-01,2025-02-01,False
3542,строится,2025-02-01,2026-03-01,False
3542,введён,2026-03-01,,True
3543,запланирован,2024-03-01,2025-07-01,False
3543,строится,2025-07-01,,True
3544,запланирован,2023-02-01,2024-07-01,False
3544,строится,2024-07-01,2026-08-01,False
3544,введён,2026-08-01,,True
3545,запланирован,2021-08-01,2021-11-01,False
3545,строится,2021-11-01,2023-03-01,False
3545,введён,2023-03-01,,True
3546,запланирован,2016-03-01,2017-08-01,False
3546,строится,2017-08-01,2020-12-01,False
3546,введён,2020-12-01,,True
3547,запланирован,2019-09-01,2020-05-01,False
3547,строится,2020-05-01,2022-02-01,False
3547,введён,2022-02-01,,True
3548,запланирован,2018-01-01,2019-04-01,False
3548,строится,2019-04-01,2022-07-01,False
3548,введён,2022-07-01,,True
3549,запланирован,2018-02-01,2018-11-01,False
3549,строится,2018-11-01,2021-09-01,False
3549,введён,2021-09-01,,True
3550,запланирован,2025-12-01,,True
3551,запланирован,2015-08-01,2016-01-01,False
3551,строится,2016-01-01,2019-05-01,False
3551,введён,2019-05-01,,True
3552,запланирован,2021-10-01,2022-04-01,False
3552,строится,2022-04-01,2022-12-01,False
3552,введён,2022-12-01,,True
3553,запланирован,2025-09-01,2026-02-01,False
3553,строится,2026-02-01,,True
3554,запланирован,2027-06-01,,True
3555,запланирован,2020-07-01,2021-08-01,False
3555,строится,2021-08-01,2022-07-01,False
3555,введён,2022-07-01,,True
3556,запланирован,2024-05-01,2025-05-01,False
3556,строится,2025-05-01,2026-04-01,False
3556,введён,2026-04-01,,True
3557,запланирован,2015-03-01,2016-02-01,False
3557,строится,2016-02-01,2020-01-01,False
3557,введён,2020-01-01,,True
3558,запланирован,2026-11-01,,True
3559,запланирован,2025-06-01,,True
3560,запланирован,2023-08-01,2024-10-01,False
3560,строится,2024-10-01,,True
3561,запланирован,2016-10-01,2018-01-01,False
3561,строится,2018-01-01,2019-12-01,False
3561,введён,2019-12-01,,True
3562,запланирован,2027-01-01,,True
3563,запланирован,2024-04-01,2025-05-01,False
3563,строится,2025-05-01,2026-03-01,False
3563,введён,2026-03-01,,True
3564,запланирован,2018-04-01,2018-08-01,False
3564,строится,2018-08-01,2021-05-01,False
3564,введён,2021-05-01,,True
3565,запланирован,2017-04-01,2018-04-01,False
3565,строится,2018-04-01,2019-06-01,False
3565,введён,2019-06-01,,True
3566,запланирован,2022-05-01,2023-02-01,False
3566,строится,2023-02-01,2025-03-01,False
3566,введён,2025-03-01,,True
3567,запланирован,2019-05-01,2020-02-01,False
3567,строится,2020-02-01,2023-07-01,False
3567,введён,2023-07-01,,True
3568,запланирован,2025-10-01,,True
3569,запланирован,2016-08-01,2016-12-01,False
3569,строится,2016-12-01,2019-01-01,False
3569,введён,2019-01-01,,True
3570,запланирован,2020-03-01,2020-12-01,False
3570,строится,2020-12-01,2023-01-01,False
3570,введён,2023-01-01,,True
3571,запланирован,2020-12-01,2022-05-01,False
3571,строится,2022-05-01,2023-12-01,False
3571,введён,2023-12-01,,True
3572,запланирован,2023-07-01,2024-07-01,False
3572,строится,2024-07-01,2026-05-01,False
3572,введён,2026-05-01,,True
3573,запланирован,2021-11-01,2022-06-01,False
3573,строится,2022-06-01,2023-11-01,False
3573,введён,2023-11-01,,True
3574,запланирован,2022-07-01,2022-12-01,False
3574,строится,2022-12-01,,True
3575,запланирован,2025-09-01,,True
3576,запланирован,2025-10-01,,True
3577,запланирован,2022-08-01,2023-10-01,False
3577,строится,2023-10-01,2026-07-01,False
3577,введён,2026-07-01,,True
3578,запланирован,2016-08-01,2017-01-01,False
3578,строится,2017-01-01,2020-03-01,False
3578,введён,2020-03-01,,True
3579,запланирован,2019-08-01,2019-11-01,False
3579,строится,2019-11-01,2022-01-01,False
3579,введён,2022-01-01,,True
3580,запланирован,2025-03-01,2025-12-01,False
3580,строится,2025-12-01,,True
3581,запланирован,2022-01-01,2022-08-01,False
3581,строится,2022-08-01,2024-09-01,False
3581,введён,2024-09-01,,True
3582,запланирован,2028-10-01,,True
3583,запланирован,2017-12-01,2019-01-01,False
3583,строится,2019-01-01,2021-10-01,False
3583,введён,2021-10-01,,True
3584,запланирован,2017-09-01,2019-01-01,False
3584,строится,2019-01-01,2020-02-01,False
3584,введён,2020-02-01,,True
3585,запланирован,2020-03-01,2021-02-01,False
3585,строится,2021-02-01,2024-02-01,False
3585,введён,2024-02-01,,True
3586,запланирован,2020-11-01,2021-07-01,False
3586,строится,2021-07-01,2023-09-01,False
3586,введён,2023-09-01,,True
3587,запланирован,2023-07-01,2024-01-01,False
3587,строится,2024-01-01,2024-07-01,False
3587,введён,2024-07-01,,True
3588,запланирован,2017-10-01,2018-05-01,False
3588,строится,2018-05-01,2019-03-01,False
3588,введён,2019-03-01,,True
3589,запланирован,2026-11-01,,True
3590,запланирован,2020-02-01,2020-05-01,False
3590,строится,2020-05-01,2021-01-01,False
3590,введён,2021-01-01,,True
3591,запланирован,2020-05-01,2020-10-01,False
3591,строится,2020-10-01,2024-07-01,False
3591,введён,2024-07-01,,True
3592,запланирован,2017-02-01,2017-12-01,False
3592,строится,2017-12-01,2021-04-01,False
3592,введён,2021-04-01,,True
3593,запланирован,2026-03-01,,True
3594,запланирован,2022-08-01,2023-04-01,False
3594,строится,2023-04-01,2024-09-01,False
3594,введён,2024-09-01,,True
3595,запланирован,2026-09-01,,True
3596,запланирован,2019-12-01,2020-09-01,False
3596,строится,2020-09-01,2021-05-01,False
3596,введён,2021-05-01,,True
3597,запланирован,2019-08-01,2019-12-01,False
3597,строится,2019-12-01,2023-06-01,False
3597,введён,2023-06-01,,True
3598,запланирован,2022-10-01,2023-12-01,False
3598,строится,2023-12-01,2024-11-01,False
3598,введён,2024-11-01,,True
3599,запланирован,2020-04-01,2020-07-01,False
3599,строится,2020-07-01,2023-08-01,False
3599,введён,2023-08-01,,True
3600,запланирован,2022-01-01,2022-07-01,False
3600,строится,2022-07-01,2023-03-01,False
3600,введён,2023-03-01,,True
3601,запланирован,2026-02-01,,True
3602,запланирован,2024-07-01,2025-10-01,False
3602,строится,2025-10-01,2026-04-01,False
3602,введён,2026-04-01,,True
3603,запланирован,2018-04-01,2019-09-01,False
3603,строится,2019-09-01,2020-09-01,False
3603,введён,2020-09-01,,True
3604,запланирован,2021-10-01,2023-02-01,False
3604,строится,2023-02-01,2025-04-01,False
3604,введён,2025-04-01,,True
3605,запланирован,2019-11-01,2021-04-01,False
3605,строится,2021-04-01,2024-12-01,False
3605,введён,2024-12-01,,True
3606,запланирован,2028-02-01,,True
3607,запланирован,2017-09-01,2018-08-01,False
3607,строится,2018-08-01,2021-09-01,False
3607,введён,2021-09-01,,True
3608,запланирован,2023-04-01,2023-10-01,False
3608,строится,2023-10-01,,True
3609,запланирован,2024-02-01,2025-06-01,False
3609,строится,2025-06-01,,True
3610,запланирован,2022-11-01,2024-04-01,False
3610,строится,2024-04-01,2025-07-01,False
3610,введён,2025-07-01,,True
3611,запланирован,2021-08-01,2023-01-01,False
3611,строится,2023-01-01,2025-12-01,False
3611,введён,2025-12-01,,True
3612,запланирован,2026-01-01,,True
3613,запланирован,2016-03-01,2016-11-01,False
3613,строится,2016-11-01,2018-11-01,False
3613,введён,2018-11-01,,True
3614,запланирован,2020-02-01,2021-07-01,False
3614,строится,2021-07-01,2024-02-01,False
3614,введён,2024-02-01,,True
3615,запланирован,2025-04-01,2025-10-01,False
3615,строится,2025-10-01,,True
3616,запланирован,2022-04-01,2023-01-01,False
3616,строится,2023-01-01,2026-04-01,False
3616,введён,2026-04-01,,True
3617,запланирован,2018-05-01,2019-02-01,False
3617,строится,2019-02-01,2022-03-01,False
3617,введён,2022-03-01,,True
3618,запланирован,2027-12-01,,True
3619,запланирован,2025-07-01,2026-04-01,False
3619,строится,2026-04-01,,True
3620,запланирован,2018-01-01,2019-01-01,False
3620,строится,2019-01-01,2022-08-01,False
3620,введён,2022-08-01,,True
3621,запланирован,2018-12-01,2019-10-01,False
3621,строится,2019-10-01,2021-07-01,False
3621,введён,2021-07-01,,True
3622,запланирован,2019-05-01,2019-11-01,False
3622,строится,2019-11-01,2022-11-01,False
3622,введён,2022-11-01,,True
3623,запланирован,2015-12-01,2017-05-01,False
3623,строится,2017-05-01,2020-12-01,False
3623,введён,2020-12-01,,True
3624,запланирован,2024-07-01,2024-11-01,False
3624,строится,2024-11-01,,True
3625,запланирован,2023-02-01,2024-07-01,False
3625,строится,2024-07-01,,True
3626,запланирован,2021-04-01,2022-06-01,False
3626,строится,2022-06-01,2024-04-01,False
3626,введён,2024-04-01,,True
3627,запланирован,2018-06-01,2019-01-01,False
3627,строится,2019-01-01,2020-08-01,False
3627,введён,2020-08-01,,True
3628,запланирован,2017-05-01,2017-09-01,False
3628,строится,2017-09-01,2021-07-01,False
3628,введён,2021-07-01,,True
3629,запланирован,2024-09-01,2025-09-01,False
3629,строится,2025-09-01,,True
3630,запланирован,2026-05-01,,True
3631,запланирован,2026-05-01,,True
3632,запланирован,2022-06-01,2023-01-01,False
3632,строится,2023-01-01,2025-01-01,False
3632,введён,2025-01-01,,True
3633,запланирован,2026-06-01,,True
3634,запланирован,2028-03-01,,True
3635,запланирован,2024-05-01,2025-01-01,False
3635,строится,2025-01-01,,True
3636,запланирован,2021-09-01,2022-02-01,False
3636,строится,2022-02-01,2022-09-01,False
3636,введён,2022-09-01,,True
3637,запланирован,2020-10-01,2022-02-01,False
3637,строится,2022-02-01,2024-06-01,False
3637,введён,2024-06-01,,True
3638,запланирован,2017-05-01,2018-04-01,False
3638,строится,2018-04-01,2020-02-01,False
3638,введён,2020-02-01,,True
3639,запланирован,2021-04-01,2022-04-01,False
3639,строится,2022-04-01,2025-07-01,False
3639,введён,2025-07-01,,True
3640,запланирован,2019-09-01,2020-08-01,False
3640,строится,2020-08-01,2024-01-01,False
3640,введён,2024-01-01,,True
3641,запланирован,2017-06-01,2018-07-01,False
3641,строится,2018-07-01,2021-01-01,False
3641,введён,2021-01-01,,True
3642,запланирован,2017-04-01,2018-03-01,False
3642,строится,2018-03-01,2021-08-01,False
3642,введён,2021-08-01,,True
3643,запланирован,2023-02-01,2024-05-01,False
3643,строится,2024-05-01,,True
3644,запланирован,2023-07-01,2024-08-01,False
3644,строится,2024-08-01,2025-06-01,False
3644,введён,2025-06-01,,True
3645,запланирован,2027-01-01,,True
3646,запланирован,2028-02-01,,True
3647,запланирован,2017-04-01,2018-06-01,False
3647,строится,2018-06-01,2019-05-01,False
3647,введён,2019-05-01,,True
3648,запланирован,2019-02-01,2019-11-01,False
3648,строится,2019-11-01,2023-09-01,False
3648,введён,2023-09-01,,True
3649,запланирован,2020-05-01,2021-07-01,False
3649,строится,2021-07-01,2022-11-01,False
3649,введён,2022-11-01,,True
3650,запланирован,2027-08-01,,True
3651,запланирован,2027-08-01,,True
3652,запланирован,2020-04-01,2021-06-01,False
3652,строится,2021-06-01,2023-05-01,False
3652,введён,2023-05-01,,True
3653,запланирован,2018-01-01,2018-11-01,False
3653,строится,2018-11-01,2021-07-01,False
3653,введён,2021-07-01,,True
3654,запланирован,2018-10-01,2019-02-01,False
3654,строится,2019-02-01,2020-09-01,False
3654,введён,2020-09-01,,True
3655,запланирован,2021-11-01,2022-06-01,False
3655,строится,2022-06-01,2026-01-01,False
3655,введён,2026-01-01,,True
3656,запланирован,2020-04-01,2021-01-01,False
3656,строится,2021-01-01,2024-10-01,False
3656,введён,2024-10-01,,True
3657,запланирован,2022-12-01,2023-11-01,False
3657,строится,2023-11-01,2024-08-01,False
3657,введён,2024-08-01,,True
3658,запланирован,2017-04-01,2018-06-01,False
3658,строится,2018-06-01,2021-10-01,False
3658,введён,2021-10-01,,True
3659,запланирован,2017-02-01,2017-11-01,False
3659,строится,2017-11-01,2020-03-01,False
3659,введён,2020-03-01,,True
3660,запланирован,2019-06-01,2020-08-01,False
3660,строится,2020-08-01,2024-05-01,False
3660,введён,2024-05-01,,True
3661,запланирован,2018-08-01,2019-11-01,False
3661,строится,2019-11-01,2021-05-01,False
3661,введён,2021-05-01,,True
3662,запланирован,2023-10-01,2025-02-01,False
3662,строится,2025-02-01,,True
3663,запланирован,2023-08-01,2024-02-01,False
3663,строится,2024-02-01,2024-09-01,False
3663,введён,2024-09-01,,True
3664,запланирован,2020-07-01,2021-10-01,False
3664,строится,2021-10-01,2025-03-01,False
3664,введён,2025-03-01,,True
3665,запланирован,2015-09-01,2016-04-01,False
3665,строится,2016-04-01,2019-09-01,False
3665,введён,2019-09-01,,True
3666,запланирован,2015-04-01,2016-06-01,False
3666,строится,2016-06-01,2019-11-01,False
3666,введён,2019-11-01,,True
3667,запланирован,2021-08-01,2022-12-01,False
3667,строится,2022-12-01,2024-06-01,False
3667,введён,2024-06-01,,True
3668,запланирован,2026-04-01,2026-07-01,False
3668,строится,2026-07-01,,True
3669,запланирован,2017-12-01,2018-05-01,False
3669,строится,2018-05-01,2019-05-01,False
3669,введён,2019-05-01,,True
3670,запланирован,2024-06-01,2025-03-01,False
3670,строится,2025-03-01,2026-08-01,False
3670,введён,2026-08-01,,True
3671,запланирован,2023-01-01,2023-05-01,False
3671,строится,2023-05-01,2024-10-01,False
3671,введён,2024-10-01,,True
3672,запланирован,2024-03-01,2025-06-01,False
3672,строится,2025-06-01,,True
3673,запланирован,2027-06-01,,True
3674,запланирован,2027-09-01,,True
3675,запланирован,2014-10-01,2015-03-01,False
3675,строится,2015-03-01,2018-07-01,False
3675,введён,2018-07-01,,True
3676,запланирован,2028-05-01,,True
3677,запланирован,2017-07-01,2018-01-01,False
3677,строится,2018-01-01,2019-03-01,False
3677,введён,2019-03-01,,True
3678,запланирован,2023-09-01,2025-01-01,False
3678,строится,2025-01-01,,True
3679,запланирован,2027-05-01,,True
3680,запланирован,2027-08-01,,True
3681,запланирован,2020-01-01,2021-05-01,False
3681,строится,2021-05-01,2023-03-01,False
3681,введён,2023-03-01,,True
3682,запланирован,2025-10-01,,True
3683,запланирован,2027-11-01,,True
3684,запланирован,2017-03-01,2018-07-01,False
3684,строится,2018-07-01,2019-02-01,False
3684,введён,2019-02-01,,True
3685,запланирован,2025-01-01,2025-07-01,False
3685,строится,2025-07-01,,True
3686,запланирован,2022-12-01,2024-01-01,False
3686,строится,2024-01-01,2025-07-01,False
3686,введён,2025-07-01,,True
3687,запланирован,2015-10-01,2016-09-01,False
3687,строится,2016-09-01,2019-09-01,False
3687,введён,2019-09-01,,True
3688,запланирован,2017-11-01,2018-03-01,False
3688,строится,2018-03-01,2021-01-01,False
3688,введён,2021-01-01,,True
3689,запланирован,2026-12-01,,True
3690,запланирован,2020-06-01,2021-06-01,False
3690,строится,2021-06-01,2022-12-01,False
3690,введён,2022-12-01,,True
3691,запланирован,2028-02-01,,True
3692,запланирован,2023-02-01,2023-05-01,False
3692,строится,2023-05-01,,True
3693,запланирован,2023-05-01,2024-04-01,False
3693,строится,2024-04-01,2024-12-01,False
3693,введён,2024-12-01,,True
3694,запланирован,2023-03-01,2023-11-01,False
3694,строится,2023-11-01,2026-07-01,False
3694,введён,2026-07-01,,True
3695,запланирован,2021-06-01,2022-07-01,False
3695,строится,2022-07-01,2025-06-01,False
3695,введён,2025-06-01,,True
3696,запланирован,2017-06-01,2018-07-01,False
3696,строится,2018-07-01,2021-07-01,False
3696,введён,2021-07-01,,True
3697,запланирован,2018-10-01,2019-03-01,False
3697,строится,2019-03-01,2021-06-01,False
3697,введён,2021-06-01,,True
3698,запланирован,2025-06-01,2026-01-01,False
3698,строится,2026-01-01,,True
3699,запланирован,2023-06-01,2024-07-01,False
3699,строится,2024-07-01,2025-01-01,False
3699,введён,2025-01-01,,True
3700,запланирован,2019-10-01,2020-11-01,False
3700,строится,2020-11-01,2022-09-01,False
3700,введён,2022-09-01,,True
3701,запланирован,2019-10-01,2020-12-01,False
3701,строится,2020-12-01,2024-03-01,False
3701,введён,2024-03-01,,True
3702,запланирован,2018-11-01,2019-05-01,False
3702,строится,2019-05-01,2022-01-01,False
3702,введён,2022-01-01,,True
3703,запланирован,2020-03-01,2021-06-01,False
3703,строится,2021-06-01,2023-03-01,False
3703,введён,2023-03-01,,True
3704,запланирован,2017-03-01,2017-08-01,False
3704,строится,2017-08-01,2020-02-01,False
3704,введён,2020-02-01,,True
3705,запланирован,2021-05-01,2021-10-01,False
3705,строится,2021-10-01,2024-07-01,False
3705,введён,2024-07-01,,True
3706,запланирован,2016-02-01,2017-07-01,False
3706,строится,2017-07-01,2020-08-01,False
3706,введён,2020-08-01,,True
3707,запланирован,2018-05-01,2019-09-01,False
3707,строится,2019-09-01,2021-02-01,False
3707,введён,2021-02-01,,True
3708,запланирован,2026-11-01,,True
3709,запланирован,2023-10-01,2024-02-01,False
3709,строится,2024-02-01,2026-04-01,False
3709,введён,2026-04-01,,True
3710,запланирован,2026-07-01,,True
3711,запланирован,2021-01-01,2021-08-01,False
3711,строится,2021-08-01,2025-06-01,False
3711,введён,2025-06-01,,True
3712,запланирован,2026-03-01,,True
3713,запланирован,2018-01-01,2018-08-01,False
3713,строится,2018-08-01,2020-07-01,False
3713,введён,2020-07-01,,True
3714,запланирован,2022-07-01,2023-02-01,False
3714,строится,2023-02-01,2026-01-01,False
3714,введён,2026-01-01,,True
3715,запланирован,2026-09-01,,True
3716,запланирован,2024-05-01,2025-09-01,False
3716,строится,2025-09-01,2026-08-01,False
3716,введён,2026-08-01,,True
3717,запланирован,2027-08-01,,True
3718,запланирован,2023-07-01,2024-09-01,False
3718,строится,2024-09-01,2025-10-01,False
3718,введён,2025-10-01,,True
3719,запланирован,2024-06-01,2024-11-01,False
3719,строится,2024-11-01,2025-05-01,False
3719,введён,2025-05-01,,True
3720,запланирован,2017-01-01,2018-04-01,False
3720,строится,2018-04-01,2020-07-01,False
3720,введён,2020-07-01,,True
3721,запланирован,2023-04-01,2024-02-01,False
3721,строится,2024-02-01,2026-06-01,False
3721,введён,2026-06-01,,True
3722,запланирован,2022-07-01,2022-12-01,False
3722,строится,2022-12-01,2023-07-01,False
3722,введён,2023-07-01,,True
3723,запланирован,2024-01-01,2024-11-01,False
3723,строится,2024-11-01,2026-05-01,False
3723,введён,2026-05-01,,True
3724,запланирован,2027-09-01,,True
3725,запланирован,2017-10-01,2018-11-01,False
3725,строится,2018-11-01,2022-04-01,False
3725,введён,2022-04-01,,True
3726,запланирован,2018-02-01,2019-02-01,False
3726,строится,2019-02-01,2021-06-01,False
3726,введён,2021-06-01,,True
3727,запланирован,2028-04-01,,True
3728,запланирован,2017-04-01,2017-10-01,False
3728,строится,2017-10-01,2020-10-01,False
3728,введён,2020-10-01,,True
3729,запланирован,2027-03-01,,True
3730,запланирован,2025-04-01,2025-12-01,False
3730,строится,2025-12-01,,True
3731,запланирован,2019-10-01,2020-10-01,False
3731,строится,2020-10-01,2024-07-01,False
3731,введён,2024-07-01,,True
3732,запланирован,2022-06-01,2023-11-01,False
3732,строится,2023-11-01,2025-01-01,False
3732,введён,2025-01-01,,True
3733,запланирован,2015-12-01,2017-03-01,False
3733,строится,2017-03-01,2020-10-01,False
3733,введён,2020-10-01,,True
3734,запланирован,2027-01-01,,True
3735,запланирован,2027-05-01,,True
3736,запланирован,2023-05-01,2024-03-01,False
3736,строится,2024-03-01,,True
3737,запланирован,2027-06-01,,True
3738,запланирован,2022-04-01,2022-08-01,False
3738,строится,2022-08-01,2024-04-01,False
3738,введён,2024-04-01,,True
3739,запланирован,2026-12-01,,True
3740,запланирован,2025-12-01,,True
3741,запланирован,2019-03-01,2020-01-01,False
3741,строится,2020-01-01,2022-08-01,False
3741,введён,2022-08-01,,True
3742,запланирован,2018-03-01,2018-07-01,False
3742,строится,2018-07-01,2020-10-01,False
3742,введён,2020-10-01,,True
3743,запланирован,2022-03-01,2022-12-01,False
3743,строится,2022-12-01,2026-03-01,False
3743,введён,2026-03-01,,True
3744,запланирован,2029-09-01,,True
3745,запланирован,2016-03-01,2017-05-01,False
3745,строится,2017-05-01,2020-10-01,False
3745,введён,2020-10-01,,True
3746,запланирован,2021-04-01,2022-08-01,False
3746,строится,2022-08-01,2026-07-01,False
3746,введён,2026-07-01,,True
3747,запланирован,2024-01-01,2025-05-01,False
3747,строится,2025-05-01,,True
3748,запланирован,2021-12-01,2022-12-01,False
3748,строится,2022-12-01,2024-03-01,False
3748,введён,2024-03-01,,True
3749,запланирован,2020-12-01,2022-01-01,False
3749,строится,2022-01-01,2022-10-01,False
3749,введён,2022-10-01,,True
3750,запланирован,2024-06-01,2024-09-01,False
3750,строится,2024-09-01,,True
3751,запланирован,2027-10-01,,True
3752,запланирован,2022-12-01,2024-05-01,False
3752,строится,2024-05-01,2025-09-01,False
3752,введён,2025-09-01,,True
3753,запланирован,2027-04-01,,True
3754,запланирован,2024-05-01,2024-10-01,False
3754,строится,2024-10-01,,True
3755,запланирован,2021-12-01,2023-05-01,False
3755,строится,2023-05-01,2025-12-01,False
3755,введён,2025-12-01,,True
3756,запланирован,2027-10-01,,True
3757,запланирован,2024-02-01,2025-03-01,False
3757,строится,2025-03-01,,True
3758,запланирован,2014-06-01,2015-08-01,False
3758,строится,2015-08-01,2019-03-01,False
3758,введён,2019-03-01,,True
3759,запланирован,2020-07-01,2021-03-01,False
3759,строится,2021-03-01,2024-11-01,False
3759,введён,2024-11-01,,True
3760,запланирован,2019-04-01,2020-06-01,False
3760,строится,2020-06-01,2021-04-01,False
3760,введён,2021-04-01,,True
3761,запланирован,2020-01-01,2021-01-01,False
3761,строится,2021-01-01,2021-10-01,False
3761,введён,2021-10-01,,True
3762,запланирован,2014-05-01,2015-08-01,False
3762,строится,2015-08-01,2019-04-01,False
3762,введён,2019-04-01,,True
3763,запланирован,2026-02-01,,True
3764,запланирован,2021-02-01,2022-06-01,False
3764,строится,2022-06-01,2023-11-01,False
3764,введён,2023-11-01,,True
3765,запланирован,2017-04-01,2018-01-01,False
3765,строится,2018-01-01,2020-03-01,False
3765,введён,2020-03-01,,True
3766,запланирован,2025-12-01,,True
3767,запланирован,2023-12-01,2024-04-01,False
3767,строится,2024-04-01,2025-08-01,False
3767,введён,2025-08-01,,True
3768,запланирован,2021-09-01,2022-09-01,False
3768,строится,2022-09-01,2026-06-01,False
3768,введён,2026-06-01,,True
3769,запланирован,2020-02-01,2021-06-01,False
3769,строится,2021-06-01,2022-03-01,False
3769,введён,2022-03-01,,True
3770,запланирован,2022-04-01,2023-03-01,False
3770,строится,2023-03-01,,True
3771,запланирован,2025-01-01,2025-09-01,False
3771,строится,2025-09-01,,True
3772,запланирован,2017-05-01,2018-05-01,False
3772,строится,2018-05-01,2020-02-01,False
3772,введён,2020-02-01,,True
3773,запланирован,2020-12-01,2022-03-01,False
3773,строится,2022-03-01,2023-05-01,False
3773,введён,2023-05-01,,True
3774,запланирован,2020-06-01,2020-11-01,False
3774,строится,2020-11-01,2022-09-01,False
3774,введён,2022-09-01,,True
3775,запланирован,2021-06-01,2022-01-01,False
3775,строится,2022-01-01,2023-03-01,False
3775,введён,2023-03-01,,True
3776,запланирован,2018-06-01,2019-09-01,False
3776,строится,2019-09-01,2021-12-01,False
3776,введён,2021-12-01,,True
3777,запланирован,2025-11-01,2026-07-01,False
3777,строится,2026-07-01,,True
3778,запланирован,2022-02-01,2023-07-01,False
3778,строится,2023-07-01,2024-09-01,False
3778,введён,2024-09-01,,True
3779,запланирован,2024-09-01,2025-12-01,False
3779,строится,2025-12-01,,True
3780,запланирован,2026-12-01,,True
3781,запланирован,2026-07-01,,True
3782,запланирован,2021-02-01,2022-01-01,False
3782,строится,2022-01-01,2025-10-01,False
3782,введён,2025-10-01,,True
3783,запланирован,2024-07-01,2025-12-01,False
3783,строится,2025-12-01,,True
3784,запланирован,2017-04-01,2018-02-01,False
3784,строится,2018-02-01,2020-06-01,False
3784,введён,2020-06-01,,True
3785,запланирован,2020-06-01,2021-01-01,False
3785,строится,2021-01-01,2021-11-01,False
3785,введён,2021-11-01,,True
3786,запланирован,2021-05-01,2022-07-01,False
3786,строится,2022-07-01,2024-09-01,False
3786,введён,2024-09-01,,True
3787,запланирован,2021-02-01,2021-07-01,False
3787,строится,2021-07-01,2023-08-01,False
3787,введён,2023-08-01,,True
3788,запланирован,2020-10-01,2021-10-01,False
3788,строится,2021-10-01,2024-11-01,False
3788,введён,2024-11-01,,True
3789,запланирован,2025-06-01,2026-08-01,False
3789,строится,2026-08-01,,True
3790,запланирован,2020-07-01,2021-05-01,False
3790,строится,2021-05-01,2022-07-01,False
3790,введён,2022-07-01,,True
3791,запланирован,2023-08-01,2024-04-01,False
3791,строится,2024-04-01,,True
3792,запланирован,2027-08-01,,True
3793,запланирован,2022-06-01,2023-05-01,False
3793,строится,2023-05-01,2025-07-01,False
3793,введён,2025-07-01,,True
3794,запланирован,2024-07-01,2025-09-01,False
3794,строится,2025-09-01,,True
3795,запланирован,2026-02-01,2026-07-01,False
3795,строится,2026-07-01,,True
3796,запланирован,2024-07-01,2025-02-01,False
3796,строится,2025-02-01,,True
3797,запланирован,2022-10-01,2023-06-01,False
3797,строится,2023-06-01,2024-11-01,False
3797,введён,2024-11-01,,True
3798,запланирован,2027-01-01,,True
3799,запланирован,2015-08-01,2016-04-01,False
3799,строится,2016-04-01,2019-09-01,False
3799,введён,2019-09-01,,True
3800,запланирован,2029-07-01,,True
3801,запланирован,2024-12-01,2025-12-01,False
3801,строится,2025-12-01,2026-08-01,False
3801,введён,2026-08-01,,True
3802,запланирован,2025-09-01,2026-06-01,False
3802,строится,2026-06-01,,True
3803,запланирован,2022-10-01,2023-02-01,False
3803,строится,2023-02-01,,True
3804,запланирован,2027-01-01,,True
3805,запланирован,2017-10-01,2019-02-01,False
3805,строится,2019-02-01,2021-03-01,False
3805,введён,2021-03-01,,True
3806,запланирован,2018-04-01,2019-05-01,False
3806,строится,2019-05-01,2020-01-01,False
3806,введён,2020-01-01,,True
3807,запланирован,2022-07-01,2023-07-01,False
3807,строится,2023-07-01,2026-08-01,False
3807,введён,2026-08-01,,True
3808,запланирован,2028-02-01,,True
3809,запланирован,2019-07-01,2020-08-01,False
3809,строится,2020-08-01,2023-05-01,False
3809,введён,2023-05-01,,True
3810,запланирован,2020-02-01,2020-09-01,False
3810,строится,2020-09-01,2023-03-01,False
3810,введён,2023-03-01,,True
3811,запланирован,2026-09-01,,True
3812,запланирован,2025-01-01,2026-03-01,False
3812,строится,2026-03-01,,True
3813,запланирован,2023-08-01,2024-06-01,False
3813,строится,2024-06-01,,True
3814,запланирован,2021-02-01,2022-07-01,False
3814,строится,2022-07-01,2023-10-01,False
3814,введён,2023-10-01,,True
3815,запланирован,2026-11-01,,True
3816,запланирован,2021-04-01,2022-08-01,False
3816,строится,2022-08-01,2023-06-01,False
3816,введён,2023-06-01,,True
3817,запланирован,2025-04-01,,True
3818,запланирован,2018-09-01,2019-07-01,False
3818,строится,2019-07-01,2020-10-01,False
3818,введён,2020-10-01,,True
3819,запланирован,2022-08-01,2023-09-01,False
3819,строится,2023-09-01,2025-07-01,False
3819,введён,2025-07-01,,True
3820,запланирован,2026-02-01,,True
3821,запланирован,2020-02-01,2020-09-01,False
3821,строится,2020-09-01,2023-07-01,False
3821,введён,2023-07-01,,True
3822,запланирован,2022-01-01,2023-03-01,False
3822,строится,2023-03-01,,True
3823,запланирован,2026-10-01,,True
3824,запланирован,2018-07-01,2019-01-01,False
3824,строится,2019-01-01,2021-07-01,False
3824,введён,2021-07-01,,True
3825,запланирован,2019-11-01,2020-06-01,False
3825,строится,2020-06-01,2020-12-01,False
3825,введён,2020-12-01,,True
3826,запланирован,2021-09-01,2022-08-01,False
3826,строится,2022-08-01,2023-05-01,False
3826,введён,2023-05-01,,True
3827,запланирован,2019-06-01,2020-02-01,False
3827,строится,2020-02-01,2022-06-01,False
3827,введён,2022-06-01,,True
3828,запланирован,2017-05-01,2018-10-01,False
3828,строится,2018-10-01,2020-11-01,False
3828,введён,2020-11-01,,True
3829,запланирован,2018-04-01,2019-01-01,False
3829,строится,2019-01-01,2022-11-01,False
3829,введён,2022-11-01,,True
3830,запланирован,2022-02-01,2022-09-01,False
3830,строится,2022-09-01,2025-01-01,False
3830,введён,2025-01-01,,True
3831,запланирован,2018-01-01,2018-10-01,False
3831,строится,2018-10-01,2020-03-01,False
3831,введён,2020-03-01,,True
3832,запланирован,2022-01-01,2023-06-01,False
3832,строится,2023-06-01,2025-04-01,False
3832,введён,2025-04-01,,True
3833,запланирован,2028-01-01,,True
3834,запланирован,2023-02-01,2024-04-01,False
3834,строится,2024-04-01,,True
3835,запланирован,2022-08-01,2023-09-01,False
3835,строится,2023-09-01,2025-07-01,False
3835,введён,2025-07-01,,True
3836,запланирован,2018-07-01,2019-09-01,False
3836,строится,2019-09-01,2023-02-01,False
3836,введён,2023-02-01,,True
3837,запланирован,2024-12-01,2025-06-01,False
3837,строится,2025-06-01,,True
3838,запланирован,2028-09-01,,True
3839,запланирован,2029-10-01,,True
3840,запланирован,2019-06-01,2020-06-01,False
3840,строится,2020-06-01,2023-10-01,False
3840,введён,2023-10-01,,True
3841,запланирован,2022-02-01,2022-06-01,False
3841,строится,2022-06-01,2025-10-01,False
3841,введён,2025-10-01,,True
3842,запланирован,2018-07-01,2019-03-01,False
3842,строится,2019-03-01,2019-10-01,False
3842,введён,2019-10-01,,True
3843,запланирован,2020-04-01,2020-11-01,False
3843,строится,2020-11-01,2023-01-01,False
3843,введён,2023-01-01,,True
3844,запланирован,2023-09-01,2024-10-01,False
3844,строится,2024-10-01,2025-07-01,False
3844,введён,2025-07-01,,True
3845,запланирован,2020-07-01,2021-04-01,False
3845,строится,2021-04-01,2024-08-01,False
3845,введён,2024-08-01,,True
3846,запланирован,2027-12-01,,True
3847,запланирован,2025-04-01,2026-02-01,False
3847,строится,2026-02-01,,True
3848,запланирован,2019-11-01,2020-09-01,False
3848,строится,2020-09-01,2021-06-01,False
3848,введён,2021-06-01,,True
3849,запланирован,2020-07-01,2021-12-01,False
3849,строится,2021-12-01,2025-08-01,False
3849,введён,2025-08-01,,True
3850,запланирован,2022-02-01,2023-07-01,False
3850,строится,2023-07-01,2024-03-01,False
3850,введён,2024-03-01,,True
3851,запланирован,2022-08-01,2022-12-01,False
3851,строится,2022-12-01,2024-09-01,False
3851,введён,2024-09-01,,True
3852,запланирован,2022-05-01,2022-12-01,False
3852,строится,2022-12-01,2025-11-01,False
3852,введён,2025-11-01,,True
3853,запланирован,2022-04-01,2023-01-01,False
3853,строится,2023-01-01,2024-06-01,False
3853,введён,2024-06-01,,True
3854,запланирован,2023-10-01,2024-12-01,False
3854,строится,2024-12-01,2025-07-01,False
3854,введён,2025-07-01,,True
3855,запланирован,2022-06-01,2023-02-01,False
3855,строится,2023-02-01,2024-12-01,False
3855,введён,2024-12-01,,True
3856,запланирован,2026-11-01,,True
3857,запланирован,2016-03-01,2016-10-01,False
3857,строится,2016-10-01,2020-06-01,False
3857,введён,2020-06-01,,True
3858,запланирован,2016-08-01,2017-10-01,False
3858,строится,2017-10-01,2021-03-01,False
3858,введён,2021-03-01,,True
3859,запланирован,2024-11-01,2026-04-01,False
3859,строится,2026-04-01,,True
3860,запланирован,2022-04-01,2023-02-01,False
3860,строится,2023-02-01,2025-03-01,False
3860,введён,2025-03-01,,True
3861,запланирован,2020-08-01,2021-02-01,False
3861,строится,2021-02-01,2024-12-01,False
3861,введён,2024-12-01,,True
3862,запланирован,2024-07-01,2024-12-01,False
3862,строится,2024-12-01,2026-06-01,False
3862,введён,2026-06-01,,True
3863,запланирован,2028-12-01,,True
3864,запланирован,2021-12-01,2022-05-01,False
3864,строится,2022-05-01,2023-08-01,False
3864,введён,2023-08-01,,True
3865,запланирован,2018-01-01,2019-01-01,False
3865,строится,2019-01-01,2021-12-01,False
3865,введён,2021-12-01,,True
3866,запланирован,2025-04-01,2026-07-01,False
3866,строится,2026-07-01,,True
3867,запланирован,2022-06-01,2023-07-01,False
3867,строится,2023-07-01,2024-09-01,False
3867,введён,2024-09-01,,True
3868,запланирован,2020-12-01,2022-02-01,False
3868,строится,2022-02-01,2025-09-01,False
3868,введён,2025-09-01,,True
3869,запланирован,2028-08-01,,True
3870,запланирован,2018-11-01,2019-03-01,False
3870,строится,2019-03-01,2022-04-01,False
3870,введён,2022-04-01,,True
3871,запланирован,2019-05-01,2019-09-01,False
3871,строится,2019-09-01,2022-04-01,False
3871,введён,2022-04-01,,True
3872,запланирован,2022-09-01,2023-05-01,False
3872,строится,2023-05-01,2026-06-01,False
3872,введён,2026-06-01,,True
3873,запланирован,2025-03-01,2025-09-01,False
3873,строится,2025-09-01,,True
3874,запланирован,2021-09-01,2023-01-01,False
3874,строится,2023-01-01,2023-08-01,False
3874,введён,2023-08-01,,True
3875,запланирован,2020-11-01,2021-03-01,False
3875,строится,2021-03-01,2022-02-01,False
3875,введён,2022-02-01,,True
3876,запланирован,2022-03-01,2023-06-01,False
3876,строится,2023-06-01,2024-10-01,False
3876,введён,2024-10-01,,True
3877,запланирован,2020-06-01,2020-09-01,False
3877,строится,2020-09-01,2021-03-01,False
3877,введён,2021-03-01,,True
3878,запланирован,2021-10-01,2022-11-01,False
3878,строится,2022-11-01,2025-05-01,False
3878,введён,2025-05-01,,True
3879,запланирован,2019-08-01,2020-08-01,False
3879,строится,2020-08-01,2022-12-01,False
3879,введён,2022-12-01,,True
3880,запланирован,2027-01-01,,True
3881,запланирован,2016-06-01,2016-11-01,False
3881,строится,2016-11-01,2020-10-01,False
3881,введён,2020-10-01,,True
3882,запланирован,2024-10-01,2025-05-01,False
3882,строится,2025-05-01,,True
3883,запланирован,2025-01-01,2025-11-01,False
3883,строится,2025-11-01,,True
3884,запланирован,2022-09-01,2023-12-01,False
3884,строится,2023-12-01,2026-02-01,False
3884,введён,2026-02-01,,True
3885,запланирован,2018-07-01,2019-09-01,False
3885,строится,2019-09-01,2021-11-01,False
3885,введён,2021-11-01,,True
3886,запланирован,2017-03-01,2018-02-01,False
3886,строится,2018-02-01,2021-07-01,False
3886,введён,2021-07-01,,True
3887,запланирован,2017-11-01,2019-04-01,False
3887,строится,2019-04-01,2022-08-01,False
3887,введён,2022-08-01,,True
3888,запланирован,2020-12-01,2021-05-01,False
3888,строится,2021-05-01,2024-08-01,False
3888,введён,2024-08-01,,True
3889,запланирован,2027-08-01,,True
3890,запланирован,2015-08-01,2015-12-01,False
3890,строится,2015-12-01,2018-12-01,False
3890,введён,2018-12-01,,True
3891,запланирован,2017-11-01,2018-08-01,False
3891,строится,2018-08-01,2021-01-01,False
3891,введён,2021-01-01,,True
3892,запланирован,2020-11-01,2021-10-01,False
3892,строится,2021-10-01,2024-03-01,False
3892,введён,2024-03-01,,True
3893,запланирован,2017-07-01,2018-04-01,False
3893,строится,2018-04-01,2021-02-01,False
3893,введён,2021-02-01,,True
3894,запланирован,2019-07-01,2020-05-01,False
3894,строится,2020-05-01,2022-09-01,False
3894,введён,2022-09-01,,True
3895,запланирован,2017-05-01,2018-05-01,False
3895,строится,2018-05-01,2019-11-01,False
3895,введён,2019-11-01,,True
3896,запланирован,2018-02-01,2018-12-01,False
3896,строится,2018-12-01,2019-08-01,False
3896,введён,2019-08-01,,True
3897,запланирован,2019-08-01,2020-08-01,False
3897,строится,2020-08-01,2024-05-01,False
3897,введён,2024-05-01,,True
3898,запланирован,2023-05-01,2023-12-01,False
3898,строится,2023-12-01,2026-05-01,False
3898,введён,2026-05-01,,True
3899,запланирован,2023-05-01,2024-04-01,False
3899,строится,2024-04-01,2025-07-01,False
3899,введён,2025-07-01,,True
3900,запланирован,2025-03-01,2026-08-01,False
3900,строится,2026-08-01,,True
3901,запланирован,2017-05-01,2018-03-01,False
3901,строится,2018-03-01,2021-09-01,False
3901,введён,2021-09-01,,True
3902,запланирован,2018-09-01,2019-11-01,False
3902,строится,2019-11-01,2021-07-01,False
3902,введён,2021-07-01,,True
3903,запланирован,2019-07-01,2020-06-01,False
3903,строится,2020-06-01,2023-09-01,False
3903,введён,2023-09-01,,True
3904,запланирован,2015-05-01,2016-09-01,False
3904,строится,2016-09-01,2018-10-01,False
3904,введён,2018-10-01,,True
3905,запланирован,2018-03-01,2018-10-01,False
3905,строится,2018-10-01,2019-08-01,False
3905,введён,2019-08-01,,True
3906,запланирован,2019-10-01,2020-07-01,False
3906,строится,2020-07-01,2023-10-01,False
3906,введён,2023-10-01,,True
3907,запланирован,2022-03-01,2023-07-01,False
3907,строится,2023-07-01,2026-08-01,False
3907,введён,2026-08-01,,True
3908,запланирован,2026-01-01,,True
3909,запланирован,2023-04-01,2024-07-01,False
3909,строится,2024-07-01,2025-01-01,False
3909,введён,2025-01-01,,True
3910,запланирован,2028-03-01,,True
3911,запланирован,2019-08-01,2020-02-01,False
3911,строится,2020-02-01,2021-09-01,False
3911,введён,2021-09-01,,True
3912,запланирован,2026-06-01,,True
3913,запланирован,2030-08-01,,True
3914,запланирован,2021-02-01,2021-05-01,False
3914,строится,2021-05-01,2024-09-01,False
3914,введён,2024-09-01,,True
3915,запланирован,2021-07-01,2021-11-01,False
3915,строится,2021-11-01,2023-12-01,False
3915,введён,2023-12-01,,True
3916,запланирован,2016-09-01,2016-12-01,False
3916,строится,2016-12-01,2020-04-01,False
3916,введён,2020-04-01,,True
3917,запланирован,2022-06-01,2023-08-01,False
3917,строится,2023-08-01,2025-03-01,False
3917,введён,2025-03-01,,True
3918,запланирован,2017-03-01,2018-02-01,False
3918,строится,2018-02-01,2020-03-01,False
3918,введён,2020-03-01,,True
3919,запланирован,2017-10-01,2019-01-01,False
3919,строится,2019-01-01,2020-08-01,False
3919,введён,2020-08-01,,True
3920,запланирован,2025-06-01,2026-01-01,False
3920,строится,2026-01-01,,True
3921,запланирован,2022-03-01,2023-03-01,False
3921,строится,2023-03-01,2024-02-01,False
3921,введён,2024-02-01,,True
3922,запланирован,2022-02-01,2022-11-01,False
3922,строится,2022-11-01,2026-07-01,False
3922,введён,2026-07-01,,True
3923,запланирован,2025-08-01,,True
3924,запланирован,2021-05-01,2022-05-01,False
3924,строится,2022-05-01,2023-05-01,False
3924,введён,2023-05-01,,True
3925,запланирован,2026-10-01,,True
3926,запланирован,2024-04-01,2025-05-01,False
3926,строится,2025-05-01,2025-12-01,False
3926,введён,2025-12-01,,True
3927,запланирован,2015-11-01,2016-06-01,False
3927,строится,2016-06-01,2018-10-01,False
3927,введён,2018-10-01,,True
3928,запланирован,2019-01-01,2020-06-01,False
3928,строится,2020-06-01,2022-03-01,False
3928,введён,2022-03-01,,True
3929,запланирован,2028-05-01,,True
3930,запланирован,2023-03-01,2024-05-01,False
3930,строится,2024-05-01,,True
3931,запланирован,2029-12-01,,True
3932,запланирован,2016-11-01,2017-12-01,False
3932,строится,2017-12-01,2020-03-01,False
3932,введён,2020-03-01,,True
3933,запланирован,2020-09-01,2021-03-01,False
3933,строится,2021-03-01,2024-04-01,False
3933,введён,2024-04-01,,True
3934,запланирован,2016-06-01,2016-12-01,False
3934,строится,2016-12-01,2020-08-01,False
3934,введён,2020-08-01,,True
3935,запланирован,2022-02-01,2022-11-01,False
3935,строится,2022-11-01,2023-11-01,False
3935,введён,2023-11-01,,True
3936,запланирован,2019-10-01,2020-10-01,False
3936,строится,2020-10-01,2024-04-01,False
3936,введён,2024-04-01,,True
3937,запланирован,2020-08-01,2021-10-01,False
3937,строится,2021-10-01,2024-07-01,False
3937,введён,2024-07-01,,True
3938,запланирован,2024-08-01,2025-03-01,False
3938,строится,2025-03-01,2026-02-01,False
3938,введён,2026-02-01,,True
3939,запланирован,2019-08-01,2020-04-01,False
3939,строится,2020-04-01,2023-11-01,False
3939,введён,2023-11-01,,True
3940,запланирован,2024-01-01,2024-04-01,False
3940,строится,2024-04-01,2025-04-01,False
3940,введён,2025-04-01,,True
3941,запланирован,2019-06-01,2020-09-01,False
3941,строится,2020-09-01,2023-07-01,False
3941,введён,2023-07-01,,True
3942,запланирован,2021-01-01,2021-11-01,False
3942,строится,2021-11-01,2025-08-01,False
3942,введён,2025-08-01,,True
3943,запланирован,2020-03-01,2020-07-01,False
3943,строится,2020-07-01,2021-03-01,False
3943,введён,2021-03-01,,True
3944,запланирован,2020-08-01,2020-12-01,False
3944,строится,2020-12-01,2023-07-01,False
3944,введён,2023-07-01,,True
3945,запланирован,2020-07-01,2021-07-01,False
3945,строится,2021-07-01,2024-09-01,False
3945,введён,2024-09-01,,True
3946,запланирован,2026-10-01,,True
3947,запланирован,2024-06-01,2025-04-01,False
3947,строится,2025-04-01,2026-02-01,False
3947,введён,2026-02-01,,True
3948,запланирован,2019-12-01,2020-12-01,False
3948,строится,2020-12-01,2021-07-01,False
3948,введён,2021-07-01,,True
3949,запланирован,2023-07-01,2024-02-01,False
3949,строится,2024-02-01,,True
3950,запланирован,2020-08-01,2020-11-01,False
3950,строится,2020-11-01,2024-06-01,False
3950,введён,2024-06-01,,True
3951,запланирован,2026-05-01,,True
3952,запланирован,2025-12-01,2026-06-01,False
3952,строится,2026-06-01,,True
3953,запланирован,2019-10-01,2020-02-01,False
3953,строится,2020-02-01,2022-11-01,False
3953,введён,2022-11-01,,True
3954,запланирован,2027-02-01,,True
3955,запланирован,2021-08-01,2021-11-01,False
3955,строится,2021-11-01,2022-08-01,False
3955,введён,2022-08-01,,True
3956,запланирован,2023-10-01,2025-02-01,False
3956,строится,2025-02-01,,True
3957,запланирован,2024-05-01,2025-07-01,False
3957,строится,2025-07-01,,True
3958,запланирован,2018-02-01,2019-01-01,False
3958,строится,2019-01-01,2020-07-01,False
3958,введён,2020-07-01,,True
3959,запланирован,2018-10-01,2019-02-01,False
3959,строится,2019-02-01,2023-01-01,False
3959,введён,2023-01-01,,True
3960,запланирован,2019-10-01,2021-01-01,False
3960,строится,2021-01-01,2022-04-01,False
3960,введён,2022-04-01,,True
3961,запланирован,2029-04-01,,True
3962,запланирован,2025-01-01,2025-06-01,False
3962,строится,2025-06-01,,True
3963,запланирован,2024-01-01,2024-07-01,False
3963,строится,2024-07-01,2026-02-01,False
3963,введён,2026-02-01,,True
3964,запланирован,2018-10-01,2019-06-01,False
3964,строится,2019-06-01,2020-04-01,False
3964,введён,2020-04-01,,True
3965,запланирован,2017-09-01,2018-10-01,False
3965,строится,2018-10-01,2019-09-01,False
3965,введён,2019-09-01,,True
3966,запланирован,2024-04-01,2025-01-01,False
3966,строится,2025-01-01,2025-12-01,False
3966,введён,2025-12-01,,True
3967,запланирован,2018-10-01,2020-03-01,False
3967,строится,2020-03-01,2021-09-01,False
3967,введён,2021-09-01,,True
3968,запланирован,2027-03-01,,True
3969,запланирован,2022-02-01,2023-06-01,False
3969,строится,2023-06-01,,True
3970,запланирован,2023-10-01,2024-03-01,False
3970,строится,2024-03-01,,True
3971,запланирован,2020-11-01,2021-06-01,False
3971,строится,2021-06-01,2024-06-01,False
3971,введён,2024-06-01,,True
3972,запланирован,2026-05-01,,True
3973,запланирован,2021-05-01,2022-02-01,False
3973,строится,2022-02-01,2023-05-01,False
3973,введён,2023-05-01,,True
3974,запланирован,2018-08-01,2019-04-01,False
3974,строится,2019-04-01,2022-09-01,False
3974,введён,2022-09-01,,True
3975,запланирован,2028-12-01,,True
3976,запланирован,2017-08-01,2018-02-01,False
3976,строится,2018-02-01,2021-08-01,False
3976,введён,2021-08-01,,True
3977,запланирован,2019-06-01,2020-09-01,False
3977,строится,2020-09-01,2022-03-01,False
3977,введён,2022-03-01,,True
3978,запланирован,2019-06-01,2020-10-01,False
3978,строится,2020-10-01,2024-07-01,False
3978,введён,2024-07-01,,True
3979,запланирован,2023-08-01,2024-06-01,False
3979,строится,2024-06-01,,True
3980,запланирован,2023-10-01,2024-12-01,False
3980,строится,2024-12-01,2025-08-01,False
3980,введён,2025-08-01,,True
3981,запланирован,2024-08-01,2025-09-01,False
3981,строится,2025-09-01,,True
3982,запланирован,2015-07-01,2015-10-01,False
3982,строится,2015-10-01,2019-04-01,False
3982,введён,2019-04-01,,True
3983,запланирован,2025-07-01,2026-08-01,False
3983,строится,2026-08-01,,True
3984,запланирован,2019-09-01,2020-05-01,False
3984,строится,2020-05-01,2023-10-01,False
3984,введён,2023-10-01,,True
3985,запланирован,2018-06-01,2019-10-01,False
3985,строится,2019-10-01,2021-03-01,False
3985,введён,2021-03-01,,True
3986,запланирован,2021-03-01,2021-08-01,False
3986,строится,2021-08-01,2025-04-01,False
3986,введён,2025-04-01,,True
3987,запланирован,2020-12-01,2021-06-01,False
3987,строится,2021-06-01,2024-09-01,False
3987,введён,2024-09-01,,True
3988,запланирован,2025-09-01,2026-02-01,False
3988,строится,2026-02-01,,True
3989,запланирован,2020-10-01,2021-10-01,False
3989,строится,2021-10-01,2024-07-01,False
3989,введён,2024-07-01,,True
3990,запланирован,2025-04-01,2025-07-01,False
3990,строится,2025-07-01,2026-04-01,False
3990,введён,2026-04-01,,True
3991,запланирован,2019-01-01,2020-04-01,False
3991,строится,2020-04-01,2023-01-01,False
3991,введён,2023-01-01,,True
3992,запланирован,2026-10-01,,True
3993,запланирован,2020-12-01,2021-07-01,False
3993,строится,2021-07-01,2023-02-01,False
3993,введён,2023-02-01,,True
3994,запланирован,2023-05-01,2023-12-01,False
3994,строится,2023-12-01,2025-07-01,False
3994,введён,2025-07-01,,True
3995,запланирован,2025-03-01,2026-07-01,False
3995,строится,2026-07-01,,True
3996,запланирован,2024-12-01,2026-05-01,False
3996,строится,2026-05-01,,True
3997,запланирован,2018-06-01,2019-03-01,False
3997,строится,2019-03-01,2021-03-01,False
3997,введён,2021-03-01,,True
3998,запланирован,2018-10-01,2020-01-01,False
3998,строится,2020-01-01,2021-06-01,False
3998,введён,2021-06-01,,True
3999,запланирован,2026-03-01,,True
4000,запланирован,2020-10-01,2021-06-01,False
4000,строится,2021-06-01,2025-02-01,False
4000,введён,2025-02-01,,True
4001,запланирован,2018-12-01,2019-12-01,False
4001,строится,2019-12-01,2022-10-01,False
4001,введён,2022-10-01,,True
4002,запланирован,2020-06-01,2020-10-01,False
4002,строится,2020-10-01,2023-10-01,False
4002,введён,2023-10-01,,True
4003,запланирован,2022-01-01,2022-09-01,False
4003,строится,2022-09-01,2024-12-01,False
4003,введён,2024-12-01,,True
4004,запланирован,2025-09-01,2026-08-01,False
4004,строится,2026-08-01,,True
4005,запланирован,2022-04-01,2023-05-01,False
4005,строится,2023-05-01,2024-08-01,False
4005,введён,2024-08-01,,True
4006,запланирован,2022-01-01,2022-07-01,False
4006,строится,2022-07-01,2023-11-01,False
4006,введён,2023-11-01,,True
4007,запланирован,2018-01-01,2018-07-01,False
4007,строится,2018-07-01,2019-02-01,False
4007,введён,2019-02-01,,True
4008,запланирован,2018-04-01,2019-05-01,False
4008,строится,2019-05-01,2020-10-01,False
4008,введён,2020-10-01,,True
4009,запланирован,2016-12-01,2017-05-01,False
4009,строится,2017-05-01,2018-12-01,False
4009,введён,2018-12-01,,True
4010,запланирован,2017-08-01,2018-03-01,False
4010,строится,2018-03-01,2022-02-01,False
4010,введён,2022-02-01,,True
4011,запланирован,2027-03-01,,True
4012,запланирован,2027-03-01,,True
4013,запланирован,2017-05-01,2017-08-01,False
4013,строится,2017-08-01,2021-06-01,False
4013,введён,2021-06-01,,True
4014,запланирован,2014-07-01,2015-08-01,False
4014,строится,2015-08-01,2018-12-01,False
4014,введён,2018-12-01,,True
4015,запланирован,2018-02-01,2019-01-01,False
4015,строится,2019-01-01,2020-08-01,False
4015,введён,2020-08-01,,True
4016,запланирован,2019-10-01,2020-07-01,False
4016,строится,2020-07-01,2024-06-01,False
4016,введён,2024-06-01,,True
4017,запланирован,2023-05-01,2024-06-01,False
4017,строится,2024-06-01,2025-01-01,False
4017,введён,2025-01-01,,True
4018,запланирован,2017-06-01,2018-06-01,False
4018,строится,2018-06-01,2020-12-01,False
4018,введён,2020-12-01,,True
4019,запланирован,2016-10-01,2018-01-01,False
4019,строится,2018-01-01,2021-04-01,False
4019,введён,2021-04-01,,True
4020,запланирован,2027-05-01,,True
4021,запланирован,2026-03-01,,True
4022,запланирован,2021-10-01,2022-09-01,False
4022,строится,2022-09-01,2025-02-01,False
4022,введён,2025-02-01,,True
4023,запланирован,2017-09-01,2018-03-01,False
4023,строится,2018-03-01,2021-04-01,False
4023,введён,2021-04-01,,True
4024,запланирован,2026-07-01,,True
4025,запланирован,2019-06-01,2020-02-01,False
4025,строится,2020-02-01,2022-01-01,False
4025,введён,2022-01-01,,True
4026,запланирован,2021-03-01,2022-04-01,False
4026,строится,2022-04-01,2025-11-01,False
4026,введён,2025-11-01,,True
4027,запланирован,2026-11-01,,True
4028,запланирован,2020-03-01,2020-08-01,False
4028,строится,2020-08-01,2023-05-01,False
4028,введён,2023-05-01,,True
4029,запланирован,2026-02-01,,True
4030,запланирован,2025-05-01,2025-09-01,False
4030,строится,2025-09-01,,True
4031,запланирован,2018-05-01,2018-10-01,False
4031,строится,2018-10-01,2022-06-01,False
4031,введён,2022-06-01,,True
4032,запланирован,2024-11-01,2025-10-01,False
4032,строится,2025-10-01,,True
4033,запланирован,2021-11-01,2022-12-01,False
4033,строится,2022-12-01,2025-12-01,False
4033,введён,2025-12-01,,True
4034,запланирован,2022-02-01,2023-01-01,False
4034,строится,2023-01-01,2025-02-01,False
4034,введён,2025-02-01,,True
4035,запланирован,2020-02-01,2020-08-01,False
4035,строится,2020-08-01,2021-03-01,False
4035,введён,2021-03-01,,True
4036,запланирован,2023-02-01,2024-05-01,False
4036,строится,2024-05-01,2025-08-01,False
4036,введён,2025-08-01,,True
4037,запланирован,2018-10-01,2019-05-01,False
4037,строится,2019-05-01,2020-05-01,False
4037,введён,2020-05-01,,True
4038,запланирован,2024-05-01,2025-05-01,False
4038,строится,2025-05-01,,True
4039,запланирован,2023-11-01,2024-09-01,False
4039,строится,2024-09-01,,True
4040,запланирован,2023-08-01,2024-04-01,False
4040,строится,2024-04-01,,True
4041,запланирован,2025-12-01,,True
4042,запланирован,2018-10-01,2020-03-01,False
4042,строится,2020-03-01,2023-11-01,False
4042,введён,2023-11-01,,True
4043,запланирован,2025-12-01,2026-05-01,False
4043,строится,2026-05-01,,True
4044,запланирован,2017-10-01,2019-01-01,False
4044,строится,2019-01-01,2021-12-01,False
4044,введён,2021-12-01,,True
4045,запланирован,2027-11-01,,True
4046,запланирован,2022-03-01,2023-07-01,False
4046,строится,2023-07-01,2025-08-01,False
4046,введён,2025-08-01,,True
4047,запланирован,2025-01-01,2026-04-01,False
4047,строится,2026-04-01,,True
4048,запланирован,2020-07-01,2020-10-01,False
4048,строится,2020-10-01,2022-01-01,False
4048,введён,2022-01-01,,True
4049,запланирован,2020-08-01,2021-07-01,False
4049,строится,2021-07-01,2022-04-01,False
4049,введён,2022-04-01,,True
4050,запланирован,2018-08-01,2018-12-01,False
4050,строится,2018-12-01,2021-12-01,False
4050,введён,2021-12-01,,True
4051,запланирован,2020-11-01,2021-02-01,False
4051,строится,2021-02-01,2024-03-01,False
4051,введён,2024-03-01,,True
4052,запланирован,2027-08-01,,True
4053,запланирован,2025-01-01,2025-10-01,False
4053,строится,2025-10-01,,True
4054,запланирован,2023-01-01,2024-06-01,False
4054,строится,2024-06-01,,True
4055,запланирован,2021-08-01,2022-04-01,False
4055,строится,2022-04-01,2024-04-01,False
4055,введён,2024-04-01,,True
4056,запланирован,2026-02-01,,True
4057,запланирован,2025-01-01,2025-09-01,False
4057,строится,2025-09-01,2026-05-01,False
4057,введён,2026-05-01,,True
4058,запланирован,2017-05-01,2018-07-01,False
4058,строится,2018-07-01,2020-10-01,False
4058,введён,2020-10-01,,True
4059,запланирован,2023-09-01,2025-02-01,False
4059,строится,2025-02-01,,True
4060,запланирован,2019-04-01,2020-04-01,False
4060,строится,2020-04-01,2024-01-01,False
4060,введён,2024-01-01,,True
4061,запланирован,2021-03-01,2022-06-01,False
4061,строится,2022-06-01,2026-02-01,False
4061,введён,2026-02-01,,True
4062,запланирован,2015-04-01,2015-08-01,False
4062,строится,2015-08-01,2019-01-01,False
4062,введён,2019-01-01,,True
4063,запланирован,2018-01-01,2019-05-01,False
4063,строится,2019-05-01,2022-10-01,False
4063,введён,2022-10-01,,True
4064,запланирован,2017-11-01,2018-06-01,False
4064,строится,2018-06-01,2019-02-01,False
4064,введён,2019-02-01,,True
4065,запланирован,2028-07-01,,True
4066,запланирован,2020-05-01,2021-06-01,False
4066,строится,2021-06-01,2024-07-01,False
4066,введён,2024-07-01,,True
4067,запланирован,2027-08-01,,True
4068,запланирован,2016-12-01,2017-04-01,False
4068,строится,2017-04-01,2019-10-01,False
4068,введён,2019-10-01,,True
4069,запланирован,2021-01-01,2021-12-01,False
4069,строится,2021-12-01,2024-10-01,False
4069,введён,2024-10-01,,True
4070,запланирован,2023-08-01,2025-01-01,False
4070,строится,2025-01-01,2026-01-01,False
4070,введён,2026-01-01,,True
4071,запланирован,2020-09-01,2021-09-01,False
4071,строится,2021-09-01,2025-07-01,False
4071,введён,2025-07-01,,True
4072,запланирован,2024-03-01,2024-12-01,False
4072,строится,2024-12-01,2026-07-01,False
4072,введён,2026-07-01,,True
4073,запланирован,2021-03-01,2021-11-01,False
4073,строится,2021-11-01,2023-05-01,False
4073,введён,2023-05-01,,True
4074,запланирован,2024-02-01,2024-12-01,False
4074,строится,2024-12-01,2026-06-01,False
4074,введён,2026-06-01,,True
4075,запланирован,2021-06-01,2022-04-01,False
4075,строится,2022-04-01,2022-12-01,False
4075,введён,2022-12-01,,True
4076,запланирован,2021-04-01,2022-05-01,False
4076,строится,2022-05-01,2025-07-01,False
4076,введён,2025-07-01,,True
4077,запланирован,2020-02-01,2020-12-01,False
4077,строится,2020-12-01,2023-08-01,False
4077,введён,2023-08-01,,True
4078,запланирован,2015-07-01,2016-12-01,False
4078,строится,2016-12-01,2019-07-01,False
4078,введён,2019-07-01,,True
4079,запланирован,2019-05-01,2020-03-01,False
4079,строится,2020-03-01,2022-07-01,False
4079,введён,2022-07-01,,True
4080,запланирован,2022-09-01,2023-12-01,False
4080,строится,2023-12-01,,True
4081,запланирован,2020-04-01,2021-07-01,False
4081,строится,2021-07-01,2025-02-01,False
4081,введён,2025-02-01,,True
4082,запланирован,2018-07-01,2018-12-01,False
4082,строится,2018-12-01,2022-06-01,False
4082,введён,2022-06-01,,True
4083,запланирован,2022-03-01,2023-07-01,False
4083,строится,2023-07-01,2024-02-01,False
4083,введён,2024-02-01,,True
4084,запланирован,2025-09-01,2026-06-01,False
4084,строится,2026-06-01,,True
4085,запланирован,2018-10-01,2019-09-01,False
4085,строится,2019-09-01,2023-01-01,False
4085,введён,2023-01-01,,True
4086,запланирован,2020-06-01,2020-11-01,False
4086,строится,2020-11-01,2024-08-01,False
4086,введён,2024-08-01,,True
4087,запланирован,2025-11-01,2026-06-01,False
4087,строится,2026-06-01,,True
4088,запланирован,2023-04-01,2024-02-01,False
4088,строится,2024-02-01,,True
4089,запланирован,2021-02-01,2021-12-01,False
4089,строится,2021-12-01,2025-11-01,False
4089,введён,2025-11-01,,True
4090,запланирован,2022-05-01,2023-02-01,False
4090,строится,2023-02-01,2025-12-01,False
4090,введён,2025-12-01,,True
4091,запланирован,2020-04-01,2020-09-01,False
4091,строится,2020-09-01,2023-01-01,False
4091,введён,2023-01-01,,True
4092,запланирован,2026-03-01,2026-07-01,False
4092,строится,2026-07-01,,True
4093,запланирован,2020-09-01,2022-01-01,False
4093,строится,2022-01-01,2025-08-01,False
4093,введён,2025-08-01,,True
4094,запланирован,2019-12-01,2021-05-01,False
4094,строится,2021-05-01,2025-01-01,False
4094,введён,2025-01-01,,True
4095,запланирован,2025-10-01,2026-08-01,False
4095,строится,2026-08-01,,True
4096,запланирован,2030-04-01,,True
4097,запланирован,2018-05-01,2019-03-01,False
4097,строится,2019-03-01,2021-06-01,False
4097,введён,2021-06-01,,True
4098,запланирован,2015-07-01,2016-05-01,False
4098,строится,2016-05-01,2018-11-01,False
4098,введён,2018-11-01,,True
4099,запланирован,2025-02-01,2025-12-01,False
4099,строится,2025-12-01,,True
4100,запланирован,2017-06-01,2017-12-01,False
4100,строится,2017-12-01,2021-10-01,False
4100,введён,2021-10-01,,True
4101,запланирован,2015-07-01,2016-03-01,False
4101,строится,2016-03-01,2019-06-01,False
4101,введён,2019-06-01,,True
4102,запланирован,2025-07-01,2026-02-01,False
4102,строится,2026-02-01,,True
4103,запланирован,2026-08-01,,True
4104,запланирован,2015-11-01,2017-04-01,False
4104,строится,2017-04-01,2019-08-01,False
4104,введён,2019-08-01,,True
4105,запланирован,2022-03-01,2022-08-01,False
4105,строится,2022-08-01,2023-07-01,False
4105,введён,2023-07-01,,True
4106,запланирован,2023-02-01,2024-05-01,False
4106,строится,2024-05-01,,True
4107,запланирован,2024-04-01,2024-11-01,False
4107,строится,2024-11-01,,True
4108,запланирован,2015-10-01,2017-01-01,False
4108,строится,2017-01-01,2019-12-01,False
4108,введён,2019-12-01,,True
4109,запланирован,2023-05-01,2023-10-01,False
4109,строится,2023-10-01,2024-08-01,False
4109,введён,2024-08-01,,True
4110,запланирован,2016-07-01,2017-08-01,False
4110,строится,2017-08-01,2020-02-01,False
4110,введён,2020-02-01,,True
4111,запланирован,2021-06-01,2021-09-01,False
4111,строится,2021-09-01,2022-08-01,False
4111,введён,2022-08-01,,True
4112,запланирован,2015-03-01,2016-08-01,False
4112,строится,2016-08-01,2019-05-01,False
4112,введён,2019-05-01,,True
4113,запланирован,2021-03-01,2021-06-01,False
4113,строится,2021-06-01,2022-04-01,False
4113,введён,2022-04-01,,True
4114,запланирован,2017-12-01,2019-05-01,False
4114,строится,2019-05-01,2021-09-01,False
4114,введён,2021-09-01,,True
4115,запланирован,2026-03-01,,True
4116,запланирован,2025-05-01,2026-02-01,False
4116,строится,2026-02-01,,True
4117,запланирован,2022-10-01,2023-09-01,False
4117,строится,2023-09-01,2025-09-01,False
4117,введён,2025-09-01,,True
4118,запланирован,2020-01-01,2020-12-01,False
4118,строится,2020-12-01,2021-11-01,False
4118,введён,2021-11-01,,True
4119,запланирован,2023-04-01,2023-12-01,False
4119,строится,2023-12-01,2025-01-01,False
4119,введён,2025-01-01,,True
4120,запланирован,2024-03-01,2025-05-01,False
4120,строится,2025-05-01,2026-08-01,False
4120,введён,2026-08-01,,True
4121,запланирован,2020-11-01,2021-11-01,False
4121,строится,2021-11-01,2025-03-01,False
4121,введён,2025-03-01,,True
4122,запланирован,2017-10-01,2018-01-01,False
4122,строится,2018-01-01,2019-08-01,False
4122,введён,2019-08-01,,True
4123,запланирован,2015-02-01,2016-02-01,False
4123,строится,2016-02-01,2019-11-01,False
4123,введён,2019-11-01,,True
4124,запланирован,2022-04-01,2023-05-01,False
4124,строится,2023-05-01,2024-05-01,False
4124,введён,2024-05-01,,True
4125,запланирован,2026-04-01,,True
4126,запланирован,2020-11-01,2021-11-01,False
4126,строится,2021-11-01,2024-02-01,False
4126,введён,2024-02-01,,True
4127,запланирован,2021-02-01,2022-04-01,False
4127,строится,2022-04-01,2025-03-01,False
4127,введён,2025-03-01,,True
4128,запланирован,2027-05-01,,True
4129,запланирован,2024-01-01,2024-05-01,False
4129,строится,2024-05-01,2025-03-01,False
4129,введён,2025-03-01,,True
4130,запланирован,2024-07-01,2025-12-01,False
4130,строится,2025-12-01,,True
4131,запланирован,2023-11-01,2025-02-01,False
4131,строится,2025-02-01,,True
4132,запланирован,2025-06-01,2025-11-01,False
4132,строится,2025-11-01,,True
4133,запланирован,2027-02-01,,True
4134,запланирован,2028-09-01,,True
4135,запланирован,2029-08-01,,True
4136,запланирован,2020-09-01,2022-01-01,False
4136,строится,2022-01-01,2025-10-01,False
4136,введён,2025-10-01,,True
4137,запланирован,2021-12-01,2022-10-01,False
4137,строится,2022-10-01,2025-10-01,False
4137,введён,2025-10-01,,True
4138,запланирован,2019-06-01,2020-06-01,False
4138,строится,2020-06-01,2024-01-01,False
4138,введён,2024-01-01,,True
4139,запланирован,2018-07-01,2019-11-01,False
4139,строится,2019-11-01,2022-08-01,False
4139,введён,2022-08-01,,True
4140,запланирован,2016-07-01,2016-11-01,False
4140,строится,2016-11-01,2020-07-01,False
4140,введён,2020-07-01,,True
4141,запланирован,2017-05-01,2018-04-01,False
4141,строится,2018-04-01,2019-03-01,False
4141,введён,2019-03-01,,True
4142,запланирован,2023-03-01,2024-08-01,False
4142,строится,2024-08-01,,True
4143,запланирован,2017-06-01,2017-09-01,False
4143,строится,2017-09-01,2020-11-01,False
4143,введён,2020-11-01,,True
4144,запланирован,2026-12-01,,True
4145,запланирован,2020-02-01,2021-05-01,False
4145,строится,2021-05-01,2023-01-01,False
4145,введён,2023-01-01,,True
4146,запланирован,2023-09-01,2024-07-01,False
4146,строится,2024-07-01,2026-03-01,False
4146,введён,2026-03-01,,True
4147,запланирован,2022-12-01,2023-11-01,False
4147,строится,2023-11-01,2024-07-01,False
4147,введён,2024-07-01,,True
4148,запланирован,2019-02-01,2020-05-01,False
4148,строится,2020-05-01,2022-10-01,False
4148,введён,2022-10-01,,True
4149,запланирован,2015-01-01,2016-05-01,False
4149,строится,2016-05-01,2019-08-01,False
4149,введён,2019-08-01,,True
4150,запланирован,2021-04-01,2022-08-01,False
4150,строится,2022-08-01,2025-06-01,False
4150,введён,2025-06-01,,True
4151,запланирован,2024-04-01,2024-08-01,False
4151,строится,2024-08-01,,True
4152,запланирован,2022-06-01,2023-06-01,False
4152,строится,2023-06-01,2024-01-01,False
4152,введён,2024-01-01,,True
4153,запланирован,2017-10-01,2018-05-01,False
4153,строится,2018-05-01,2019-02-01,False
4153,введён,2019-02-01,,True
4154,запланирован,2023-07-01,2024-05-01,False
4154,строится,2024-05-01,,True
4155,запланирован,2024-02-01,2025-05-01,False
4155,строится,2025-05-01,2025-11-01,False
4155,введён,2025-11-01,,True
4156,запланирован,2021-08-01,2022-05-01,False
4156,строится,2022-05-01,2022-12-01,False
4156,введён,2022-12-01,,True
4157,запланирован,2026-05-01,,True
4158,запланирован,2022-03-01,2022-10-01,False
4158,строится,2022-10-01,2024-02-01,False
4158,введён,2024-02-01,,True
4159,запланирован,2016-06-01,2016-10-01,False
4159,строится,2016-10-01,2020-07-01,False
4159,введён,2020-07-01,,True
4160,запланирован,2017-11-01,2018-11-01,False
4160,строится,2018-11-01,2019-06-01,False
4160,введён,2019-06-01,,True
4161,запланирован,2019-12-01,2020-06-01,False
4161,строится,2020-06-01,2023-11-01,False
4161,введён,2023-11-01,,True
4162,запланирован,2018-10-01,2019-09-01,False
4162,строится,2019-09-01,2021-02-01,False
4162,введён,2021-02-01,,True
4163,запланирован,2026-04-01,,True
4164,запланирован,2023-08-01,2024-10-01,False
4164,строится,2024-10-01,,True
4165,запланирован,2021-11-01,2022-09-01,False
4165,строится,2022-09-01,2026-05-01,False
4165,введён,2026-05-01,,True
4166,запланирован,2026-06-01,,True
4167,запланирован,2026-09-01,,True
4168,запланирован,2024-08-01,2025-05-01,False
4168,строится,2025-05-01,2026-06-01,False
4168,введён,2026-06-01,,True
4169,запланирован,2018-08-01,2018-11-01,False
4169,строится,2018-11-01,2019-11-01,False
4169,введён,2019-11-01,,True
4170,запланирован,2015-10-01,2016-04-01,False
4170,строится,2016-04-01,2019-09-01,False
4170,введён,2019-09-01,,True
4171,запланирован,2017-07-01,2017-10-01,False
4171,строится,2017-10-01,2019-03-01,False
4171,введён,2019-03-01,,True
4172,запланирован,2022-05-01,2023-06-01,False
4172,строится,2023-06-01,2025-05-01,False
4172,введён,2025-05-01,,True
4173,запланирован,2020-06-01,2021-08-01,False
4173,строится,2021-08-01,2022-12-01,False
4173,введён,2022-12-01,,True
4174,запланирован,2019-05-01,2020-05-01,False
4174,строится,2020-05-01,2021-06-01,False
4174,введён,2021-06-01,,True
4175,запланирован,2023-05-01,2023-10-01,False
4175,строится,2023-10-01,2024-08-01,False
4175,введён,2024-08-01,,True
4176,запланирован,2025-03-01,2026-03-01,False
4176,строится,2026-03-01,,True
4177,запланирован,2026-06-01,,True
4178,запланирован,2018-07-01,2018-10-01,False
4178,строится,2018-10-01,2020-05-01,False
4178,введён,2020-05-01,,True
4179,запланирован,2024-06-01,2025-06-01,False
4179,строится,2025-06-01,,True
4180,запланирован,2021-06-01,2022-03-01,False
4180,строится,2022-03-01,2025-06-01,False
4180,введён,2025-06-01,,True
4181,запланирован,2026-11-01,,True
4182,запланирован,2019-05-01,2020-04-01,False
4182,строится,2020-04-01,2023-05-01,False
4182,введён,2023-05-01,,True
4183,запланирован,2019-06-01,2020-10-01,False
4183,строится,2020-10-01,2022-01-01,False
4183,введён,2022-01-01,,True
4184,запланирован,2019-07-01,2020-10-01,False
4184,строится,2020-10-01,2022-09-01,False
4184,введён,2022-09-01,,True
4185,запланирован,2021-03-01,2022-08-01,False
4185,строится,2022-08-01,2026-07-01,False
4185,введён,2026-07-01,,True
4186,запланирован,2025-08-01,2026-03-01,False
4186,строится,2026-03-01,,True
4187,запланирован,2024-12-01,2025-11-01,False
4187,строится,2025-11-01,,True
4188,запланирован,2019-04-01,2020-05-01,False
4188,строится,2020-05-01,2024-03-01,False
4188,введён,2024-03-01,,True
4189,запланирован,2020-05-01,2020-11-01,False
4189,строится,2020-11-01,2024-01-01,False
4189,введён,2024-01-01,,True
4190,запланирован,2025-01-01,2026-03-01,False
4190,строится,2026-03-01,,True
4191,запланирован,2019-05-01,2020-02-01,False
4191,строится,2020-02-01,2021-11-01,False
4191,введён,2021-11-01,,True
4192,запланирован,2026-11-01,,True
4193,запланирован,2020-06-01,2021-06-01,False
4193,строится,2021-06-01,2021-12-01,False
4193,введён,2021-12-01,,True
4194,запланирован,2017-01-01,2017-09-01,False
4194,строится,2017-09-01,2020-12-01,False
4194,введён,2020-12-01,,True
4195,запланирован,2022-08-01,2023-06-01,False
4195,строится,2023-06-01,2024-04-01,False
4195,введён,2024-04-01,,True
4196,запланирован,2029-12-01,,True
4197,запланирован,2019-07-01,2019-10-01,False
4197,строится,2019-10-01,2021-08-01,False
4197,введён,2021-08-01,,True
4198,запланирован,2021-01-01,2022-05-01,False
4198,строится,2022-05-01,2023-03-01,False
4198,введён,2023-03-01,,True
4199,запланирован,2020-11-01,2021-11-01,False
4199,строится,2021-11-01,2023-04-01,False
4199,введён,2023-04-01,,True
4200,запланирован,2016-05-01,2017-10-01,False
4200,строится,2017-10-01,2021-08-01,False
4200,введён,2021-08-01,,True
4201,запланирован,2026-02-01,,True
4202,запланирован,2028-08-01,,True
4203,запланирован,2023-06-01,2024-08-01,False
4203,строится,2024-08-01,2025-11-01,False
4203,введён,2025-11-01,,True
4204,запланирован,2020-01-01,2021-06-01,False
4204,строится,2021-06-01,2025-03-01,False
4204,введён,2025-03-01,,True
4205,запланирован,2024-12-01,2026-01-01,False
4205,строится,2026-01-01,,True
4206,запланирован,2022-03-01,2022-09-01,False
4206,строится,2022-09-01,2023-10-01,False
4206,введён,2023-10-01,,True
4207,запланирован,2020-03-01,2021-04-01,False
4207,строится,2021-04-01,2023-12-01,False
4207,введён,2023-12-01,,True
4208,запланирован,2026-09-01,,True
4209,запланирован,2022-10-01,2023-07-01,False
4209,строится,2023-07-01,2024-02-01,False
4209,введён,2024-02-01,,True
4210,запланирован,2022-02-01,2023-07-01,False
4210,строится,2023-07-01,2025-03-01,False
4210,введён,2025-03-01,,True
4211,запланирован,2020-04-01,2021-09-01,False
4211,строится,2021-09-01,2024-11-01,False
4211,введён,2024-11-01,,True
4212,запланирован,2021-09-01,2022-05-01,False
4212,строится,2022-05-01,2023-07-01,False
4212,введён,2023-07-01,,True
4213,запланирован,2023-12-01,2024-04-01,False
4213,строится,2024-04-01,,True
4214,запланирован,2023-02-01,2023-06-01,False
4214,строится,2023-06-01,2024-11-01,False
4214,введён,2024-11-01,,True
4215,запланирован,2026-01-01,,True
4216,запланирован,2019-08-01,2020-11-01,False
4216,строится,2020-11-01,2022-04-01,False
4216,введён,2022-04-01,,True
4217,запланирован,2019-02-01,2020-03-01,False
4217,строится,2020-03-01,2023-08-01,False
4217,введён,2023-08-01,,True
4218,запланирован,2015-03-01,2016-07-01,False
4218,строится,2016-07-01,2020-06-01,False
4218,введён,2020-06-01,,True
4219,запланирован,2024-09-01,2025-06-01,False
4219,строится,2025-06-01,2026-03-01,False
4219,введён,2026-03-01,,True
4220,запланирован,2015-02-01,2015-10-01,False
4220,строится,2015-10-01,2019-05-01,False
4220,введён,2019-05-01,,True
4221,запланирован,2028-04-01,,True
4222,запланирован,2028-02-01,,True
4223,запланирован,2023-05-01,2024-04-01,False
4223,строится,2024-04-01,,True
4224,запланирован,2023-08-01,2024-04-01,False
4224,строится,2024-04-01,,True
4225,запланирован,2028-06-01,,True
4226,запланирован,2026-04-01,,True
4227,запланирован,2021-08-01,2022-02-01,False
4227,строится,2022-02-01,2025-02-01,False
4227,введён,2025-02-01,,True
4228,запланирован,2020-06-01,2021-11-01,False
4228,строится,2021-11-01,2024-01-01,False
4228,введён,2024-01-01,,True
4229,запланирован,2019-07-01,2020-11-01,False
4229,строится,2020-11-01,2021-12-01,False
4229,введён,2021-12-01,,True
4230,запланирован,2027-07-01,,True
4231,запланирован,2017-06-01,2018-07-01,False
4231,строится,2018-07-01,2019-02-01,False
4231,введён,2019-02-01,,True
4232,запланирован,2025-03-01,2025-10-01,False
4232,строится,2025-10-01,,True
4233,запланирован,2025-07-01,2025-10-01,False
4233,строится,2025-10-01,,True
4234,запланирован,2023-06-01,2024-08-01,False
4234,строится,2024-08-01,,True
4235,запланирован,2024-10-01,2025-04-01,False
4235,строится,2025-04-01,,True
4236,запланирован,2024-10-01,2025-04-01,False
4236,строится,2025-04-01,,True
4237,запланирован,2020-01-01,2020-07-01,False
4237,строится,2020-07-01,2022-11-01,False
4237,введён,2022-11-01,,True
4238,запланирован,2026-01-01,2026-04-01,False
4238,строится,2026-04-01,,True
4239,запланирован,2023-01-01,2024-05-01,False
4239,строится,2024-05-01,2026-06-01,False
4239,введён,2026-06-01,,True
4240,запланирован,2018-04-01,2018-08-01,False
4240,строится,2018-08-01,2020-11-01,False
4240,введён,2020-11-01,,True
4241,запланирован,2016-04-01,2017-05-01,False
4241,строится,2017-05-01,2018-11-01,False
4241,введён,2018-11-01,,True
4242,запланирован,2021-06-01,2022-05-01,False
4242,строится,2022-05-01,2024-01-01,False
4242,введён,2024-01-01,,True
4243,запланирован,2022-10-01,2023-02-01,False
4243,строится,2023-02-01,,True
4244,запланирован,2019-11-01,2021-04-01,False
4244,строится,2021-04-01,2023-06-01,False
4244,введён,2023-06-01,,True
4245,запланирован,2021-04-01,2021-08-01,False
4245,строится,2021-08-01,2024-04-01,False
4245,введён,2024-04-01,,True
4246,запланирован,2021-04-01,2021-07-01,False
4246,строится,2021-07-01,2025-04-01,False
4246,введён,2025-04-01,,True
4247,запланирован,2023-01-01,2023-08-01,False
4247,строится,2023-08-01,2026-04-01,False
4247,введён,2026-04-01,,True
4248,запланирован,2016-06-01,2017-06-01,False
4248,строится,2017-06-01,2020-03-01,False
4248,введён,2020-03-01,,True
4249,запланирован,2027-04-01,,True
4250,запланирован,2016-02-01,2016-11-01,False
4250,строится,2016-11-01,2019-03-01,False
4250,введён,2019-03-01,,True
4251,запланирован,2021-09-01,2022-04-01,False
4251,строится,2022-04-01,2023-10-01,False
4251,введён,2023-10-01,,True
4252,запланирован,2021-06-01,2021-11-01,False
4252,строится,2021-11-01,2023-05-01,False
4252,введён,2023-05-01,,True
4253,запланирован,2017-12-01,2018-06-01,False
4253,строится,2018-06-01,2020-12-01,False
4253,введён,2020-12-01,,True
4254,запланирован,2021-01-01,2022-01-01,False
4254,строится,2022-01-01,2023-06-01,False
4254,введён,2023-06-01,,True
4255,запланирован,2020-09-01,2021-05-01,False
4255,строится,2021-05-01,2024-11-01,False
4255,введён,2024-11-01,,True
4256,запланирован,2019-07-01,2020-11-01,False
4256,строится,2020-11-01,2022-02-01,False
4256,введён,2022-02-01,,True
4257,запланирован,2025-10-01,2026-03-01,False
4257,строится,2026-03-01,,True
4258,запланирован,2025-09-01,2026-05-01,False
4258,строится,2026-05-01,,True
4259,запланирован,2025-12-01,,True
4260,запланирован,2028-10-01,,True
4261,запланирован,2023-06-01,2024-06-01,False
4261,строится,2024-06-01,2025-03-01,False
4261,введён,2025-03-01,,True
4262,запланирован,2022-08-01,2023-08-01,False
4262,строится,2023-08-01,,True
4263,запланирован,2019-05-01,2020-01-01,False
4263,строится,2020-01-01,2022-01-01,False
4263,введён,2022-01-01,,True
4264,запланирован,2023-03-01,2024-04-01,False
4264,строится,2024-04-01,2025-11-01,False
4264,введён,2025-11-01,,True
4265,запланирован,2023-11-01,2025-02-01,False
4265,строится,2025-02-01,,True
4266,запланирован,2018-01-01,2018-09-01,False
4266,строится,2018-09-01,2020-07-01,False
4266,введён,2020-07-01,,True
4267,запланирован,2016-10-01,2017-11-01,False
4267,строится,2017-11-01,2021-05-01,False
4267,введён,2021-05-01,,True
4268,запланирован,2021-05-01,2021-10-01,False
4268,строится,2021-10-01,2022-12-01,False
4268,введён,2022-12-01,,True
4269,запланирован,2022-10-01,2023-06-01,False
4269,строится,2023-06-01,2026-06-01,False
4269,введён,2026-06-01,,True
4270,запланирован,2017-08-01,2018-08-01,False
4270,строится,2018-08-01,2022-04-01,False
4270,введён,2022-04-01,,True
4271,запланирован,2024-01-01,2025-04-01,False
4271,строится,2025-04-01,,True
4272,запланирован,2019-10-01,2020-06-01,False
4272,строится,2020-06-01,2023-11-01,False
4272,введён,2023-11-01,,True
4273,запланирован,2023-06-01,2024-10-01,False
4273,строится,2024-10-01,,True
4274,запланирован,2023-05-01,2024-09-01,False
4274,строится,2024-09-01,2025-06-01,False
4274,введён,2025-06-01,,True
4275,запланирован,2018-09-01,2019-04-01,False
4275,строится,2019-04-01,2022-03-01,False
4275,введён,2022-03-01,,True
4276,запланирован,2017-09-01,2018-02-01,False
4276,строится,2018-02-01,2018-10-01,False
4276,введён,2018-10-01,,True
4277,запланирован,2024-04-01,2024-07-01,False
4277,строится,2024-07-01,2026-05-01,False
4277,введён,2026-05-01,,True
4278,запланирован,2025-06-01,,True
4279,запланирован,2026-05-01,,True
4280,запланирован,2026-02-01,,True
4281,запланирован,2014-11-01,2015-06-01,False
4281,строится,2015-06-01,2018-10-01,False
4281,введён,2018-10-01,,True
4282,запланирован,2022-01-01,2022-06-01,False
4282,строится,2022-06-01,2025-07-01,False
4282,введён,2025-07-01,,True
4283,запланирован,2015-12-01,2017-01-01,False
4283,строится,2017-01-01,2019-11-01,False
4283,введён,2019-11-01,,True
4284,запланирован,2023-06-01,2023-11-01,False
4284,строится,2023-11-01,2025-11-01,False
4284,введён,2025-11-01,,True
4285,запланирован,2014-05-01,2015-10-01,False
4285,строится,2015-10-01,2019-02-01,False
4285,введён,2019-02-01,,True
4286,запланирован,2024-05-01,2025-05-01,False
4286,строится,2025-05-01,,True
4287,запланирован,2016-12-01,2018-05-01,False
4287,строится,2018-05-01,2020-07-01,False
4287,введён,2020-07-01,,True
4288,запланирован,2021-01-01,2021-12-01,False
4288,строится,2021-12-01,2024-11-01,False
4288,введён,2024-11-01,,True
4289,запланирован,2021-05-01,2022-02-01,False
4289,строится,2022-02-01,2024-09-01,False
4289,введён,2024-09-01,,True
4290,запланирован,2019-12-01,2020-09-01,False
4290,строится,2020-09-01,2021-05-01,False
4290,введён,2021-05-01,,True
4291,запланирован,2022-08-01,2023-08-01,False
4291,строится,2023-08-01,2026-04-01,False
4291,введён,2026-04-01,,True
4292,запланирован,2015-09-01,2016-10-01,False
4292,строится,2016-10-01,2020-04-01,False
4292,введён,2020-04-01,,True
4293,запланирован,2027-10-01,,True
4294,запланирован,2028-01-01,,True
4295,запланирован,2023-08-01,2024-03-01,False
4295,строится,2024-03-01,,True
4296,запланирован,2024-06-01,2025-11-01,False
4296,строится,2025-11-01,,True
4297,запланирован,2018-08-01,2019-03-01,False
4297,строится,2019-03-01,2022-03-01,False
4297,введён,2022-03-01,,True
4298,запланирован,2025-01-01,2026-01-01,False
4298,строится,2026-01-01,,True
4299,запланирован,2025-02-01,2026-07-01,False
4299,строится,2026-07-01,,True
4300,запланирован,2017-01-01,2017-05-01,False
4300,строится,2017-05-01,2019-09-01,False
4300,введён,2019-09-01,,True
4301,запланирован,2024-02-01,2025-01-01,False
4301,строится,2025-01-01,,True
4302,запланирован,2018-10-01,2019-08-01,False
4302,строится,2019-08-01,2020-07-01,False
4302,введён,2020-07-01,,True
4303,запланирован,2020-08-01,2021-06-01,False
4303,строится,2021-06-01,2023-04-01,False
4303,введён,2023-04-01,,True
4304,запланирован,2027-11-01,,True
4305,запланирован,2021-05-01,2022-04-01,False
4305,строится,2022-04-01,2025-12-01,False
4305,введён,2025-12-01,,True
4306,запланирован,2022-09-01,2023-09-01,False
4306,строится,2023-09-01,2025-02-01,False
4306,введён,2025-02-01,,True
4307,запланирован,2026-05-01,,True
4308,запланирован,2017-02-01,2017-09-01,False
4308,строится,2017-09-01,2020-08-01,False
4308,введён,2020-08-01,,True
4309,запланирован,2018-02-01,2018-09-01,False
4309,строится,2018-09-01,2019-08-01,False
4309,введён,2019-08-01,,True
4310,запланирован,2027-09-01,,True
4311,запланирован,2026-08-01,,True
4312,запланирован,2020-05-01,2020-09-01,False
4312,строится,2020-09-01,2021-07-01,False
4312,введён,2021-07-01,,True
4313,запланирован,2022-02-01,2022-09-01,False
4313,строится,2022-09-01,2024-08-01,False
4313,введён,2024-08-01,,True
4314,запланирован,2027-11-01,,True
4315,запланирован,2017-05-01,2018-09-01,False
4315,строится,2018-09-01,2022-04-01,False
4315,введён,2022-04-01,,True
4316,запланирован,2018-06-01,2019-10-01,False
4316,строится,2019-10-01,2021-03-01,False
4316,введён,2021-03-01,,True
4317,запланирован,2027-06-01,,True
4318,запланирован,2026-08-01,,True
4319,запланирован,2027-02-01,,True
4320,запланирован,2020-06-01,2021-04-01,False
4320,строится,2021-04-01,2022-11-01,False
4320,введён,2022-11-01,,True
4321,запланирован,2025-06-01,,True
4322,запланирован,2017-11-01,2018-12-01,False
4322,строится,2018-12-01,2020-03-01,False
4322,введён,2020-03-01,,True
4323,запланирован,2015-12-01,2016-04-01,False
4323,строится,2016-04-01,2019-06-01,False
4323,введён,2019-06-01,,True
4324,запланирован,2026-01-01,,True
4325,запланирован,2025-09-01,,True
4326,запланирован,2018-11-01,2019-08-01,False
4326,строится,2019-08-01,2022-03-01,False
4326,введён,2022-03-01,,True
4327,запланирован,2025-10-01,2026-05-01,False
4327,строится,2026-05-01,,True
4328,запланирован,2026-12-01,,True
4329,запланирован,2015-07-01,2015-10-01,False
4329,строится,2015-10-01,2019-08-01,False
4329,введён,2019-08-01,,True
4330,запланирован,2020-09-01,2020-12-01,False
4330,строится,2020-12-01,2022-08-01,False
4330,введён,2022-08-01,,True
4331,запланирован,2027-08-01,,True
4332,запланирован,2020-10-01,2021-04-01,False
4332,строится,2021-04-01,2024-03-01,False
4332,введён,2024-03-01,,True
4333,запланирован,2029-03-01,,True
4334,запланирован,2026-08-01,,True
4335,запланирован,2020-09-01,2021-04-01,False
4335,строится,2021-04-01,2023-06-01,False
4335,введён,2023-06-01,,True
4336,запланирован,2022-04-01,2022-07-01,False
4336,строится,2022-07-01,2024-04-01,False
4336,введён,2024-04-01,,True
4337,запланирован,2015-06-01,2015-10-01,False
4337,строится,2015-10-01,2018-12-01,False
4337,введён,2018-12-01,,True
4338,запланирован,2016-07-01,2017-12-01,False
4338,строится,2017-12-01,2020-09-01,False
4338,введён,2020-09-01,,True
4339,запланирован,2026-10-01,,True
4340,запланирован,2023-01-01,2023-05-01,False
4340,строится,2023-05-01,2025-06-01,False
4340,введён,2025-06-01,,True
4341,запланирован,2026-03-01,,True
4342,запланирован,2018-12-01,2019-09-01,False
4342,строится,2019-09-01,2022-01-01,False
4342,введён,2022-01-01,,True
4343,запланирован,2021-03-01,2022-01-01,False
4343,строится,2022-01-01,2022-11-01,False
4343,введён,2022-11-01,,True
4344,запланирован,2023-07-01,2024-12-01,False
4344,строится,2024-12-01,,True
4345,запланирован,2021-04-01,2022-02-01,False
4345,строится,2022-02-01,2025-01-01,False
4345,введён,2025-01-01,,True
4346,запланирован,2016-08-01,2017-02-01,False
4346,строится,2017-02-01,2020-01-01,False
4346,введён,2020-01-01,,True
4347,запланирован,2018-08-01,2018-11-01,False
4347,строится,2018-11-01,2021-05-01,False
4347,введён,2021-05-01,,True
4348,запланирован,2027-10-01,,True
4349,запланирован,2029-12-01,,True
4350,запланирован,2017-06-01,2018-03-01,False
4350,строится,2018-03-01,2020-01-01,False
4350,введён,2020-01-01,,True
4351,запланирован,2019-11-01,2021-01-01,False
4351,строится,2021-01-01,2022-01-01,False
4351,введён,2022-01-01,,True
4352,запланирован,2020-05-01,2021-08-01,False
4352,строится,2021-08-01,2023-04-01,False
4352,введён,2023-04-01,,True
4353,запланирован,2023-10-01,2024-09-01,False
4353,строится,2024-09-01,,True
4354,запланирован,2028-06-01,,True
4355,запланирован,2022-08-01,2022-12-01,False
4355,строится,2022-12-01,2023-09-01,False
4355,введён,2023-09-01,,True
4356,запланирован,2028-06-01,,True
4357,запланирован,2019-02-01,2019-10-01,False
4357,строится,2019-10-01,2021-09-01,False
4357,введён,2021-09-01,,True
4358,запланирован,2024-04-01,2024-11-01,False
4358,строится,2024-11-01,2026-06-01,False
4358,введён,2026-06-01,,True
4359,запланирован,2016-05-01,2017-01-01,False
4359,строится,2017-01-01,2020-10-01,False
4359,введён,2020-10-01,,True
4360,запланирован,2024-06-01,2025-06-01,False
4360,строится,2025-06-01,,True
4361,запланирован,2022-03-01,2022-07-01,False
4361,строится,2022-07-01,2024-03-01,False
4361,введён,2024-03-01,,True
4362,запланирован,2026-02-01,,True
4363,запланирован,2028-03-01,,True
4364,запланирован,2024-08-01,2025-04-01,False
4364,строится,2025-04-01,,True
4365,запланирован,2025-07-01,2025-10-01,False
4365,строится,2025-10-01,,True
4366,запланирован,2021-01-01,2021-06-01,False
4366,строится,2021-06-01,2022-05-01,False
4366,введён,2022-05-01,,True
4367,запланирован,2023-04-01,2023-11-01,False
4367,строится,2023-11-01,2026-04-01,False
4367,введён,2026-04-01,,True
4368,запланирован,2025-04-01,2026-06-01,False
4368,строится,2026-06-01,,True
4369,запланирован,2027-01-01,,True
4370,запланирован,2023-01-01,2024-02-01,False
4370,строится,2024-02-01,,True
4371,запланирован,2019-08-01,2020-10-01,False
4371,строится,2020-10-01,2022-10-01,False
4371,введён,2022-10-01,,True
4372,запланирован,2026-01-01,,True
4373,запланирован,2022-03-01,2023-07-01,False
4373,строится,2023-07-01,2024-05-01,False
4373,введён,2024-05-01,,True
4374,запланирован,2022-12-01,2023-12-01,False
4374,строится,2023-12-01,,True
4375,запланирован,2023-08-01,2025-01-01,False
4375,строится,2025-01-01,,True
4376,запланирован,2023-09-01,2024-07-01,False
4376,строится,2024-07-01,,True
4377,запланирован,2026-04-01,2026-07-01,False
4377,строится,2026-07-01,,True
4378,запланирован,2021-01-01,2022-06-01,False
4378,строится,2022-06-01,2025-10-01,False
4378,введён,2025-10-01,,True
4379,запланирован,2026-10-01,,True
4380,запланирован,2027-06-01,,True
4381,запланирован,2017-08-01,2018-11-01,False
4381,строится,2018-11-01,2021-09-01,False
4381,введён,2021-09-01,,True
4382,запланирован,2020-05-01,2021-05-01,False
4382,строится,2021-05-01,2023-06-01,False
4382,введён,2023-06-01,,True
4383,запланирован,2019-09-01,2020-12-01,False
4383,строится,2020-12-01,2022-10-01,False
4383,введён,2022-10-01,,True
4384,запланирован,2024-02-01,2025-07-01,False
4384,строится,2025-07-01,,True
4385,запланирован,2028-02-01,,True
4386,запланирован,2023-12-01,2024-07-01,False
4386,строится,2024-07-01,,True
4387,запланирован,2027-03-01,,True
4388,запланирован,2021-06-01,2022-06-01,False
4388,строится,2022-06-01,2025-11-01,False
4388,введён,2025-11-01,,True
4389,запланирован,2022-11-01,2024-04-01,False
4389,строится,2024-04-01,,True
4390,запланирован,2023-03-01,2023-09-01,False
4390,строится,2023-09-01,,True
4391,запланирован,2022-11-01,2023-02-01,False
4391,строится,2023-02-01,2024-04-01,False
4391,введён,2024-04-01,,True
4392,запланирован,2018-08-01,2020-01-01,False
4392,строится,2020-01-01,2021-04-01,False
4392,введён,2021-04-01,,True
4393,запланирован,2022-05-01,2023-04-01,False
4393,строится,2023-04-01,2024-07-01,False
4393,введён,2024-07-01,,True
4394,запланирован,2026-05-01,,True
4395,запланирован,2024-11-01,2026-01-01,False
4395,строится,2026-01-01,,True
4396,запланирован,2021-04-01,2022-08-01,False
4396,строится,2022-08-01,2023-07-01,False
4396,введён,2023-07-01,,True
4397,запланирован,2017-02-01,2018-03-01,False
4397,строится,2018-03-01,2020-04-01,False
4397,введён,2020-04-01,,True
4398,запланирован,2024-08-01,2025-11-01,False
4398,строится,2025-11-01,,True
4399,запланирован,2025-11-01,,True
4400,запланирован,2023-05-01,2024-03-01,False
4400,строится,2024-03-01,2026-05-01,False
4400,введён,2026-05-01,,True
4401,запланирован,2027-09-01,,True
4402,запланирован,2024-11-01,2025-12-01,False
4402,строится,2025-12-01,,True
4403,запланирован,2018-01-01,2019-06-01,False
4403,строится,2019-06-01,2021-04-01,False
4403,введён,2021-04-01,,True
4404,запланирован,2027-11-01,,True
4405,запланирован,2018-09-01,2020-01-01,False
4405,строится,2020-01-01,2023-07-01,False
4405,введён,2023-07-01,,True
4406,запланирован,2021-10-01,2022-02-01,False
4406,строится,2022-02-01,2023-10-01,False
4406,введён,2023-10-01,,True
4407,запланирован,2018-08-01,2019-03-01,False
4407,строится,2019-03-01,2020-06-01,False
4407,введён,2020-06-01,,True
4408,запланирован,2020-10-01,2022-03-01,False
4408,строится,2022-03-01,2024-09-01,False
4408,введён,2024-09-01,,True
4409,запланирован,2028-04-01,,True
4410,запланирован,2022-02-01,2023-07-01,False
4410,строится,2023-07-01,2026-02-01,False
4410,введён,2026-02-01,,True
4411,запланирован,2021-02-01,2021-06-01,False
4411,строится,2021-06-01,2023-07-01,False
4411,введён,2023-07-01,,True
4412,запланирован,2020-04-01,2021-05-01,False
4412,строится,2021-05-01,2024-08-01,False
4412,введён,2024-08-01,,True
4413,запланирован,2019-04-01,2019-08-01,False
4413,строится,2019-08-01,2023-03-01,False
4413,введён,2023-03-01,,True
4414,запланирован,2018-04-01,2019-05-01,False
4414,строится,2019-05-01,2022-03-01,False
4414,введён,2022-03-01,,True
4415,запланирован,2027-06-01,,True
4416,запланирован,2021-09-01,2022-10-01,False
4416,строится,2022-10-01,2023-12-01,False
4416,введён,2023-12-01,,True
4417,запланирован,2016-11-01,2017-07-01,False
4417,строится,2017-07-01,2020-02-01,False
4417,введён,2020-02-01,,True
4418,запланирован,2018-04-01,2019-01-01,False
4418,строится,2019-01-01,2022-03-01,False
4418,введён,2022-03-01,,True
4419,запланирован,2024-10-01,2026-02-01,False
4419,строится,2026-02-01,,True
4420,запланирован,2023-06-01,2024-10-01,False
4420,строится,2024-10-01,2025-09-01,False
4420,введён,2025-09-01,,True
4421,запланирован,2019-02-01,2020-07-01,False
4421,строится,2020-07-01,2024-01-01,False
4421,введён,2024-01-01,,True
4422,запланирован,2028-11-01,,True
4423,запланирован,2024-04-01,2025-09-01,False
4423,строится,2025-09-01,2026-04-01,False
4423,введён,2026-04-01,,True
4424,запланирован,2023-07-01,2024-09-01,False
4424,строится,2024-09-01,,True
4425,запланирован,2023-12-01,2024-03-01,False
4425,строится,2024-03-01,,True
4426,запланирован,2027-12-01,,True
4427,запланирован,2026-07-01,,True
4428,запланирован,2024-09-01,2025-03-01,False
4428,строится,2025-03-01,,True
4429,запланирован,2020-04-01,2021-01-01,False
4429,строится,2021-01-01,2024-09-01,False
4429,введён,2024-09-01,,True
4430,запланирован,2025-03-01,2026-05-01,False
4430,строится,2026-05-01,,True
4431,запланирован,2023-03-01,2024-02-01,False
4431,строится,2024-02-01,2026-04-01,False
4431,введён,2026-04-01,,True
4432,запланирован,2024-04-01,2025-06-01,False
4432,строится,2025-06-01,,True
4433,запланирован,2023-01-01,2023-07-01,False
4433,строится,2023-07-01,2026-06-01,False
4433,введён,2026-06-01,,True
4434,запланирован,2022-05-01,2022-08-01,False
4434,строится,2022-08-01,2026-02-01,False
4434,введён,2026-02-01,,True
4435,запланирован,2029-12-01,,True
4436,запланирован,2022-03-01,2023-08-01,False
4436,строится,2023-08-01,,True
4437,запланирован,2017-04-01,2017-10-01,False
4437,строится,2017-10-01,2019-11-01,False
4437,введён,2019-11-01,,True
4438,запланирован,2019-12-01,2020-08-01,False
4438,строится,2020-08-01,2022-12-01,False
4438,введён,2022-12-01,,True
4439,запланирован,2022-04-01,2022-11-01,False
4439,строится,2022-11-01,2026-04-01,False
4439,введён,2026-04-01,,True
4440,запланирован,2029-11-01,,True
4441,запланирован,2025-02-01,2026-01-01,False
4441,строится,2026-01-01,,True
4442,запланирован,2022-08-01,2023-07-01,False
4442,строится,2023-07-01,2025-09-01,False
4442,введён,2025-09-01,,True
4443,запланирован,2018-08-01,2019-10-01,False
4443,строится,2019-10-01,2022-10-01,False
4443,введён,2022-10-01,,True
4444,запланирован,2018-05-01,2019-07-01,False
4444,строится,2019-07-01,2022-07-01,False
4444,введён,2022-07-01,,True
4445,запланирован,2029-03-01,,True
4446,запланирован,2025-04-01,2025-08-01,False
4446,строится,2025-08-01,,True
4447,запланирован,2024-01-01,2025-04-01,False
4447,строится,2025-04-01,,True
4448,запланирован,2024-03-01,2024-10-01,False
4448,строится,2024-10-01,,True
4449,запланирован,2020-04-01,2020-11-01,False
4449,строится,2020-11-01,2022-07-01,False
4449,введён,2022-07-01,,True
4450,запланирован,2016-11-01,2018-01-01,False
4450,строится,2018-01-01,2021-02-01,False
4450,введён,2021-02-01,,True
4451,запланирован,2024-04-01,2025-01-01,False
4451,строится,2025-01-01,,True
4452,запланирован,2017-12-01,2018-07-01,False
4452,строится,2018-07-01,2021-09-01,False
4452,введён,2021-09-01,,True
4453,запланирован,2024-03-01,2024-08-01,False
4453,строится,2024-08-01,,True
4454,запланирован,2028-08-01,,True
4455,запланирован,2026-05-01,2026-08-01,False
4455,строится,2026-08-01,,True
4456,запланирован,2020-02-01,2021-06-01,False
4456,строится,2021-06-01,2022-10-01,False
4456,введён,2022-10-01,,True
4457,запланирован,2023-04-01,2023-08-01,False
4457,строится,2023-08-01,2025-11-01,False
4457,введён,2025-11-01,,True
4458,запланирован,2024-12-01,2025-11-01,False
4458,строится,2025-11-01,,True
4459,запланирован,2021-08-01,2022-08-01,False
4459,строится,2022-08-01,2025-05-01,False
4459,введён,2025-05-01,,True
4460,запланирован,2025-03-01,2025-12-01,False
4460,строится,2025-12-01,,True
4461,запланирован,2021-02-01,2021-07-01,False
4461,строится,2021-07-01,2022-02-01,False
4461,введён,2022-02-01,,True
4462,запланирован,2021-07-01,2022-12-01,False
4462,строится,2022-12-01,,True
4463,запланирован,2026-02-01,,True
4464,запланирован,2026-10-01,,True
4465,запланирован,2018-03-01,2019-05-01,False
4465,строится,2019-05-01,2022-12-01,False
4465,введён,2022-12-01,,True
4466,запланирован,2019-07-01,2020-07-01,False
4466,строится,2020-07-01,2023-11-01,False
4466,введён,2023-11-01,,True
4467,запланирован,2020-09-01,2021-09-01,False
4467,строится,2021-09-01,2022-06-01,False
4467,введён,2022-06-01,,True
4468,запланирован,2028-07-01,,True
4469,запланирован,2017-04-01,2017-08-01,False
4469,строится,2017-08-01,2019-10-01,False
4469,введён,2019-10-01,,True
4470,запланирован,2025-03-01,2025-12-01,False
4470,строится,2025-12-01,,True
4471,запланирован,2019-05-01,2019-09-01,False
4471,строится,2019-09-01,2020-08-01,False
4471,введён,2020-08-01,,True
4472,запланирован,2022-09-01,2023-02-01,False
4472,строится,2023-02-01,2024-01-01,False
4472,введён,2024-01-01,,True
4473,запланирован,2019-07-01,2020-03-01,False
4473,строится,2020-03-01,2021-05-01,False
4473,введён,2021-05-01,,True
4474,запланирован,2023-08-01,2023-12-01,False
4474,строится,2023-12-01,,True
4475,запланирован,2016-03-01,2017-07-01,False
4475,строится,2017-07-01,2019-07-01,False
4475,введён,2019-07-01,,True
4476,запланирован,2021-05-01,2021-09-01,False
4476,строится,2021-09-01,2025-03-01,False
4476,введён,2025-03-01,,True
4477,запланирован,2026-07-01,,True
4478,запланирован,2025-10-01,,True
4479,запланирован,2020-10-01,2021-07-01,False
4479,строится,2021-07-01,2023-10-01,False
4479,введён,2023-10-01,,True
4480,запланирован,2018-02-01,2018-11-01,False
4480,строится,2018-11-01,2021-11-01,False
4480,введён,2021-11-01,,True
4481,запланирован,2023-01-01,2023-06-01,False
4481,строится,2023-06-01,2024-11-01,False
4481,введён,2024-11-01,,True
4482,запланирован,2024-01-01,2024-11-01,False
4482,строится,2024-11-01,2025-06-01,False
4482,введён,2025-06-01,,True
4483,запланирован,2025-07-01,,True
4484,запланирован,2025-01-01,2026-03-01,False
4484,строится,2026-03-01,,True
4485,запланирован,2018-02-01,2019-03-01,False
4485,строится,2019-03-01,2020-04-01,False
4485,введён,2020-04-01,,True
4486,запланирован,2017-06-01,2018-02-01,False
4486,строится,2018-02-01,2021-04-01,False
4486,введён,2021-04-01,,True
4487,запланирован,2025-03-01,2025-11-01,False
4487,строится,2025-11-01,,True
4488,запланирован,2019-05-01,2020-02-01,False
4488,строится,2020-02-01,2024-01-01,False
4488,введён,2024-01-01,,True
4489,запланирован,2023-12-01,2024-04-01,False
4489,строится,2024-04-01,,True
4490,запланирован,2020-12-01,2021-11-01,False
4490,строится,2021-11-01,2025-10-01,False
4490,введён,2025-10-01,,True
4491,запланирован,2028-07-01,,True
4492,запланирован,2020-09-01,2021-03-01,False
4492,строится,2021-03-01,2024-12-01,False
4492,введён,2024-12-01,,True
4493,запланирован,2018-03-01,2019-03-01,False
4493,строится,2019-03-01,2021-03-01,False
4493,введён,2021-03-01,,True
4494,запланирован,2019-03-01,2019-09-01,False
4494,строится,2019-09-01,2021-10-01,False
4494,введён,2021-10-01,,True
4495,запланирован,2027-05-01,,True
4496,запланирован,2017-06-01,2017-12-01,False
4496,строится,2017-12-01,2021-09-01,False
4496,введён,2021-09-01,,True
4497,запланирован,2023-07-01,2024-02-01,False
4497,строится,2024-02-01,,True
4498,запланирован,2022-12-01,2023-09-01,False
4498,строится,2023-09-01,2024-10-01,False
4498,введён,2024-10-01,,True
4499,запланирован,2029-05-01,,True
4500,запланирован,2015-11-01,2016-08-01,False
4500,строится,2016-08-01,2018-10-01,False
4500,введён,2018-10-01,,True
4501,запланирован,2024-10-01,2026-02-01,False
4501,строится,2026-02-01,,True
4502,запланирован,2029-04-01,,True
4503,запланирован,2027-10-01,,True
4504,запланирован,2018-09-01,2019-03-01,False
4504,строится,2019-03-01,2022-06-01,False
4504,введён,2022-06-01,,True
4505,запланирован,2019-01-01,2019-04-01,False
4505,строится,2019-04-01,2020-04-01,False
4505,введён,2020-04-01,,True
4506,запланирован,2019-12-01,2021-03-01,False
4506,строится,2021-03-01,2022-12-01,False
4506,введён,2022-12-01,,True
4507,запланирован,2021-04-01,2022-08-01,False
4507,строится,2022-08-01,2024-09-01,False
4507,введён,2024-09-01,,True
4508,запланирован,2022-10-01,2023-09-01,False
4508,строится,2023-09-01,2025-06-01,False
4508,введён,2025-06-01,,True
4509,запланирован,2018-02-01,2019-03-01,False
4509,строится,2019-03-01,2021-10-01,False
4509,введён,2021-10-01,,True
4510,запланирован,2028-09-01,,True
4511,запланирован,2020-07-01,2020-11-01,False
4511,строится,2020-11-01,2024-06-01,False
4511,введён,2024-06-01,,True
4512,запланирован,2027-04-01,,True
4513,запланирован,2017-06-01,2018-11-01,False
4513,строится,2018-11-01,2021-04-01,False
4513,введён,2021-04-01,,True
4514,запланирован,2019-01-01,2020-02-01,False
4514,строится,2020-02-01,2023-06-01,False
4514,введён,2023-06-01,,True
4515,запланирован,2024-10-01,2025-07-01,False
4515,строится,2025-07-01,,True
4516,запланирован,2026-01-01,,True
4517,запланирован,2021-11-01,2023-03-01,False
4517,строится,2023-03-01,,True
4518,запланирован,2022-06-01,2023-03-01,False
4518,строится,2023-03-01,2024-04-01,False
4518,введён,2024-04-01,,True
4519,запланирован,2019-02-01,2019-08-01,False
4519,строится,2019-08-01,2020-11-01,False
4519,введён,2020-11-01,,True
4520,запланирован,2023-08-01,2024-10-01,False
4520,строится,2024-10-01,,True
4521,запланирован,2027-05-01,,True
4522,запланирован,2025-04-01,2025-08-01,False
4522,строится,2025-08-01,,True
4523,запланирован,2020-10-01,2021-04-01,False
4523,строится,2021-04-01,2023-01-01,False
4523,введён,2023-01-01,,True
4524,запланирован,2025-04-01,2025-08-01,False
4524,строится,2025-08-01,,True
4525,запланирован,2019-12-01,2021-02-01,False
4525,строится,2021-02-01,2022-10-01,False
4525,введён,2022-10-01,,True
4526,запланирован,2018-05-01,2018-12-01,False
4526,строится,2018-12-01,2022-04-01,False
4526,введён,2022-04-01,,True
4527,запланирован,2025-04-01,2025-08-01,False
4527,строится,2025-08-01,,True
4528,запланирован,2023-10-01,2024-04-01,False
4528,строится,2024-04-01,,True
4529,запланирован,2027-08-01,,True
4530,запланирован,2021-07-01,2022-05-01,False
4530,строится,2022-05-01,2026-01-01,False
4530,введён,2026-01-01,,True
4531,запланирован,2026-06-01,,True
4532,запланирован,2020-09-01,2020-12-01,False
4532,строится,2020-12-01,2021-07-01,False
4532,введён,2021-07-01,,True
4533,запланирован,2021-01-01,2022-04-01,False
4533,строится,2022-04-01,2023-11-01,False
4533,введён,2023-11-01,,True
4534,запланирован,2021-07-01,2021-11-01,False
4534,строится,2021-11-01,2025-09-01,False
4534,введён,2025-09-01,,True
4535,запланирован,2021-04-01,2021-11-01,False
4535,строится,2021-11-01,2024-02-01,False
4535,введён,2024-02-01,,True
4536,запланирован,2022-08-01,2023-04-01,False
4536,строится,2023-04-01,2024-09-01,False
4536,введён,2024-09-01,,True
4537,запланирован,2027-04-01,,True
4538,запланирован,2019-12-01,2020-04-01,False
4538,строится,2020-04-01,2021-11-01,False
4538,введён,2021-11-01,,True
4539,запланирован,2028-03-01,,True
4540,запланирован,2019-01-01,2020-04-01,False
4540,строится,2020-04-01,2021-05-01,False
4540,введён,2021-05-01,,True
4541,запланирован,2026-04-01,,True
4542,запланирован,2020-05-01,2021-03-01,False
4542,строится,2021-03-01,2024-03-01,False
4542,введён,2024-03-01,,True
4543,запланирован,2024-12-01,2026-02-01,False
4543,строится,2026-02-01,,True
4544,запланирован,2016-08-01,2017-03-01,False
4544,строится,2017-03-01,2019-12-01,False
4544,введён,2019-12-01,,True
4545,запланирован,2019-01-01,2019-12-01,False
4545,строится,2019-12-01,2023-03-01,False
4545,введён,2023-03-01,,True
4546,запланирован,2024-03-01,2025-03-01,False
4546,строится,2025-03-01,,True
4547,запланирован,2021-06-01,2022-06-01,False
4547,строится,2022-06-01,2025-05-01,False
4547,введён,2025-05-01,,True
4548,запланирован,2022-05-01,2022-11-01,False
4548,строится,2022-11-01,,True
4549,запланирован,2027-05-01,,True
4550,запланирован,2025-03-01,2025-07-01,False
4550,строится,2025-07-01,,True
4551,запланирован,2020-12-01,2021-09-01,False
4551,строится,2021-09-01,2023-04-01,False
4551,введён,2023-04-01,,True
4552,запланирован,2018-03-01,2019-04-01,False
4552,строится,2019-04-01,2019-10-01,False
4552,введён,2019-10-01,,True
4553,запланирован,2023-08-01,2024-06-01,False
4553,строится,2024-06-01,,True
4554,запланирован,2027-08-01,,True
4555,запланирован,2017-11-01,2018-04-01,False
4555,строится,2018-04-01,2021-01-01,False
4555,введён,2021-01-01,,True
4556,запланирован,2025-08-01,2025-11-01,False
4556,строится,2025-11-01,,True
4557,запланирован,2017-06-01,2018-10-01,False
4557,строится,2018-10-01,2021-12-01,False
4557,введён,2021-12-01,,True
4558,запланирован,2016-11-01,2017-03-01,False
4558,строится,2017-03-01,2020-10-01,False
4558,введён,2020-10-01,,True
4559,запланирован,2016-05-01,2016-12-01,False
4559,строится,2016-12-01,2020-04-01,False
4559,введён,2020-04-01,,True
4560,запланирован,2015-10-01,2017-01-01,False
4560,строится,2017-01-01,2018-10-01,False
4560,введён,2018-10-01,,True
4561,запланирован,2023-06-01,2024-02-01,False
4561,строится,2024-02-01,2024-08-01,False
4561,введён,2024-08-01,,True
4562,запланирован,2017-07-01,2017-11-01,False
4562,строится,2017-11-01,2021-02-01,False
4562,введён,2021-02-01,,True
4563,запланирован,2023-07-01,2024-04-01,False
4563,строится,2024-04-01,2024-11-01,False
4563,введён,2024-11-01,,True
4564,запланирован,2014-10-01,2015-12-01,False
4564,строится,2015-12-01,2019-01-01,False
4564,введён,2019-01-01,,True
4565,запланирован,2028-06-01,,True
4566,запланирован,2019-06-01,2019-10-01,False
4566,строится,2019-10-01,2022-05-01,False
4566,введён,2022-05-01,,True
4567,запланирован,2015-06-01,2016-02-01,False
4567,строится,2016-02-01,2019-07-01,False
4567,введён,2019-07-01,,True
4568,запланирован,2025-05-01,2026-07-01,False
4568,строится,2026-07-01,,True
4569,запланирован,2026-10-01,,True
4570,запланирован,2020-08-01,2021-04-01,False
4570,строится,2021-04-01,2023-07-01,False
4570,введён,2023-07-01,,True
4571,запланирован,2025-02-01,2025-09-01,False
4571,строится,2025-09-01,,True
4572,запланирован,2021-04-01,2022-02-01,False
4572,строится,2022-02-01,2025-03-01,False
4572,введён,2025-03-01,,True
4573,запланирован,2022-11-01,2023-09-01,False
4573,строится,2023-09-01,2026-01-01,False
4573,введён,2026-01-01,,True
4574,запланирован,2020-07-01,2021-10-01,False
4574,строится,2021-10-01,2022-12-01,False
4574,введён,2022-12-01,,True
4575,запланирован,2022-12-01,2023-12-01,False
4575,строится,2023-12-01,2026-04-01,False
4575,введён,2026-04-01,,True
4576,запланирован,2029-07-01,,True
4577,запланирован,2025-09-01,2026-07-01,False
4577,строится,2026-07-01,,True
4578,запланирован,2018-06-01,2018-10-01,False
4578,строится,2018-10-01,2022-03-01,False
4578,введён,2022-03-01,,True
4579,запланирован,2028-06-01,,True
4580,запланирован,2021-01-01,2021-07-01,False
4580,строится,2021-07-01,2022-10-01,False
4580,введён,2022-10-01,,True
4581,запланирован,2022-05-01,2023-02-01,False
4581,строится,2023-02-01,2023-09-01,False
4581,введён,2023-09-01,,True
4582,запланирован,2019-12-01,2020-12-01,False
4582,строится,2020-12-01,2022-04-01,False
4582,введён,2022-04-01,,True
4583,запланирован,2023-11-01,2024-09-01,False
4583,строится,2024-09-01,2026-03-01,False
4583,введён,2026-03-01,,True
4584,запланирован,2016-03-01,2016-11-01,False
4584,строится,2016-11-01,2020-06-01,False
4584,введён,2020-06-01,,True
4585,запланирован,2025-05-01,2026-07-01,False
4585,строится,2026-07-01,,True
4586,запланирован,2019-03-01,2020-04-01,False
4586,строится,2020-04-01,2021-10-01,False
4586,введён,2021-10-01,,True
4587,запланирован,2020-05-01,2021-07-01,False
4587,строится,2021-07-01,2023-11-01,False
4587,введён,2023-11-01,,True
4588,запланирован,2016-05-01,2017-10-01,False
4588,строится,2017-10-01,2021-09-01,False
4588,введён,2021-09-01,,True
4589,запланирован,2025-03-01,2025-09-01,False
4589,строится,2025-09-01,,True
4590,запланирован,2022-09-01,2023-06-01,False
4590,строится,2023-06-01,2026-04-01,False
4590,введён,2026-04-01,,True
4591,запланирован,2029-03-01,,True
4592,запланирован,2022-04-01,2022-09-01,False
4592,строится,2022-09-01,2026-03-01,False
4592,введён,2026-03-01,,True
4593,запланирован,2020-03-01,2021-06-01,False
4593,строится,2021-06-01,2023-12-01,False
4593,введён,2023-12-01,,True
4594,запланирован,2023-08-01,2024-02-01,False
4594,строится,2024-02-01,2024-09-01,False
4594,введён,2024-09-01,,True
4595,запланирован,2025-03-01,2025-07-01,False
4595,строится,2025-07-01,2026-06-01,False
4595,введён,2026-06-01,,True
4596,запланирован,2017-04-01,2017-10-01,False
4596,строится,2017-10-01,2020-09-01,False
4596,введён,2020-09-01,,True
4597,запланирован,2022-03-01,2023-06-01,False
4597,строится,2023-06-01,,True
4598,запланирован,2022-01-01,2022-04-01,False
4598,строится,2022-04-01,2023-04-01,False
4598,введён,2023-04-01,,True
4599,запланирован,2027-06-01,,True
4600,запланирован,2020-10-01,2021-06-01,False
4600,строится,2021-06-01,2022-08-01,False
4600,введён,2022-08-01,,True
4601,запланирован,2026-05-01,,True
4602,запланирован,2024-12-01,2025-09-01,False
4602,строится,2025-09-01,,True
4603,запланирован,2018-10-01,2019-07-01,False
4603,строится,2019-07-01,2021-02-01,False
4603,введён,2021-02-01,,True
4604,запланирован,2019-05-01,2019-12-01,False
4604,строится,2019-12-01,2022-01-01,False
4604,введён,2022-01-01,,True
4605,запланирован,2021-12-01,2022-07-01,False
4605,строится,2022-07-01,2023-10-01,False
4605,введён,2023-10-01,,True
4606,запланирован,2021-05-01,2022-02-01,False
4606,строится,2022-02-01,2025-10-01,False
4606,введён,2025-10-01,,True
4607,запланирован,2019-06-01,2020-02-01,False
4607,строится,2020-02-01,2021-12-01,False
4607,введён,2021-12-01,,True
4608,запланирован,2018-12-01,2019-09-01,False
4608,строится,2019-09-01,2023-05-01,False
4608,введён,2023-05-01,,True
4609,запланирован,2024-04-01,2025-06-01,False
4609,строится,2025-06-01,2026-07-01,False
4609,введён,2026-07-01,,True
4610,запланирован,2022-01-01,2022-04-01,False
4610,строится,2022-04-01,2025-03-01,False
4610,введён,2025-03-01,,True
4611,запланирован,2021-12-01,2022-06-01,False
4611,строится,2022-06-01,2023-12-01,False
4611,введён,2023-12-01,,True
4612,запланирован,2028-03-01,,True
4613,запланирован,2023-03-01,2023-07-01,False
4613,строится,2023-07-01,,True
4614,запланирован,2021-03-01,2021-07-01,False
4614,строится,2021-07-01,2025-01-01,False
4614,введён,2025-01-01,,True
4615,запланирован,2023-07-01,2024-11-01,False
4615,строится,2024-11-01,2025-06-01,False
4615,введён,2025-06-01,,True
4616,запланирован,2027-11-01,,True
4617,запланирован,2017-03-01,2018-06-01,False
4617,строится,2018-06-01,2019-01-01,False
4617,введён,2019-01-01,,True
4618,запланирован,2018-05-01,2019-04-01,False
4618,строится,2019-04-01,2020-10-01,False
4618,введён,2020-10-01,,True
4619,запланирован,2022-09-01,2023-04-01,False
4619,строится,2023-04-01,2024-03-01,False
4619,введён,2024-03-01,,True
4620,запланирован,2026-02-01,2026-06-01,False
4620,строится,2026-06-01,,True
4621,запланирован,2020-12-01,2021-04-01,False
4621,строится,2021-04-01,2022-04-01,False
4621,введён,2022-04-01,,True
4622,запланирован,2018-08-01,2019-08-01,False
4622,строится,2019-08-01,2020-03-01,False
4622,введён,2020-03-01,,True
4623,запланирован,2020-10-01,2022-03-01,False
4623,строится,2022-03-01,2025-02-01,False
4623,введён,2025-02-01,,True
4624,запланирован,2022-07-01,2023-03-01,False
4624,строится,2023-03-01,2026-01-01,False
4624,введён,2026-01-01,,True
4625,запланирован,2017-11-01,2018-03-01,False
4625,строится,2018-03-01,2020-06-01,False
4625,введён,2020-06-01,,True
4626,запланирован,2026-02-01,,True
4627,запланирован,2021-03-01,2022-08-01,False
4627,строится,2022-08-01,2026-01-01,False
4627,введён,2026-01-01,,True
4628,запланирован,2020-08-01,2021-06-01,False
4628,строится,2021-06-01,2023-03-01,False
4628,введён,2023-03-01,,True
4629,запланирован,2018-06-01,2019-07-01,False
4629,строится,2019-07-01,2022-11-01,False
4629,введён,2022-11-01,,True
4630,запланирован,2022-07-01,2023-02-01,False
4630,строится,2023-02-01,2025-09-01,False
4630,введён,2025-09-01,,True
4631,запланирован,2025-08-01,2025-11-01,False
4631,строится,2025-11-01,,True
4632,запланирован,2020-05-01,2021-02-01,False
4632,строится,2021-02-01,2021-10-01,False
4632,введён,2021-10-01,,True
4633,запланирован,2017-03-01,2017-09-01,False
4633,строится,2017-09-01,2021-05-01,False
4633,введён,2021-05-01,,True
4634,запланирован,2019-10-01,2020-06-01,False
4634,строится,2020-06-01,2022-10-01,False
4634,введён,2022-10-01,,True
4635,запланирован,2019-09-01,2020-01-01,False
4635,строится,2020-01-01,2022-04-01,False
4635,введён,2022-04-01,,True
4636,запланирован,2017-05-01,2018-07-01,False
4636,строится,2018-07-01,2019-04-01,False
4636,введён,2019-04-01,,True
4637,запланирован,2019-06-01,2019-11-01,False
4637,строится,2019-11-01,2021-05-01,False
4637,введён,2021-05-01,,True
4638,запланирован,2019-11-01,2021-02-01,False
4638,строится,2021-02-01,2022-07-01,False
4638,введён,2022-07-01,,True
4639,запланирован,2022-08-01,2023-10-01,False
4639,строится,2023-10-01,2025-03-01,False
4639,введён,2025-03-01,,True
4640,запланирован,2022-07-01,2023-08-01,False
4640,строится,2023-08-01,,True
4641,запланирован,2019-09-01,2021-01-01,False
4641,строится,2021-01-01,2022-07-01,False
4641,введён,2022-07-01,,True
4642,запланирован,2022-04-01,2022-10-01,False
4642,строится,2022-10-01,2023-09-01,False
4642,введён,2023-09-01,,True
4643,запланирован,2025-05-01,2026-02-01,False
4643,строится,2026-02-01,,True
4644,запланирован,2016-10-01,2018-01-01,False
4644,строится,2018-01-01,2021-03-01,False
4644,введён,2021-03-01,,True
4645,запланирован,2024-04-01,2025-07-01,False
4645,строится,2025-07-01,,True
4646,запланирован,2020-06-01,2020-12-01,False
4646,строится,2020-12-01,2022-03-01,False
4646,введён,2022-03-01,,True
4647,запланирован,2021-09-01,2023-01-01,False
4647,строится,2023-01-01,2026-03-01,False
4647,введён,2026-03-01,,True
4648,запланирован,2017-03-01,2017-09-01,False
4648,строится,2017-09-01,2020-04-01,False
4648,введён,2020-04-01,,True
4649,запланирован,2029-02-01,,True
4650,запланирован,2024-09-01,2025-10-01,False
4650,строится,2025-10-01,,True
4651,запланирован,2014-09-01,2016-01-01,False
4651,строится,2016-01-01,2019-06-01,False
4651,введён,2019-06-01,,True
4652,запланирован,2023-09-01,2024-09-01,False
4652,строится,2024-09-01,,True
4653,запланирован,2026-04-01,2026-07-01,False
4653,строится,2026-07-01,,True
4654,запланирован,2021-11-01,2022-06-01,False
4654,строится,2022-06-01,2025-11-01,False
4654,введён,2025-11-01,,True
4655,запланирован,2020-04-01,2020-07-01,False
4655,строится,2020-07-01,2023-09-01,False
4655,введён,2023-09-01,,True
4656,запланирован,2020-09-01,2021-10-01,False
4656,строится,2021-10-01,2024-07-01,False
4656,введён,2024-07-01,,True
4657,запланирован,2025-11-01,2026-06-01,False
4657,строится,2026-06-01,,True
4658,запланирован,2019-02-01,2019-09-01,False
4658,строится,2019-09-01,2021-11-01,False
4658,введён,2021-11-01,,True
4659,запланирован,2022-01-01,2023-04-01,False
4659,строится,2023-04-01,2024-09-01,False
4659,введён,2024-09-01,,True
4660,запланирован,2019-08-01,2020-12-01,False
4660,строится,2020-12-01,2023-11-01,False
4660,введён,2023-11-01,,True
4661,запланирован,2019-06-01,2019-12-01,False
4661,строится,2019-12-01,2021-08-01,False
4661,введён,2021-08-01,,True
4662,запланирован,2022-07-01,2023-02-01,False
4662,строится,2023-02-01,2025-02-01,False
4662,введён,2025-02-01,,True
4663,запланирован,2025-04-01,2025-08-01,False
4663,строится,2025-08-01,,True
4664,запланирован,2021-12-01,2022-12-01,False
4664,строится,2022-12-01,2025-05-01,False
4664,введён,2025-05-01,,True
4665,запланирован,2019-06-01,2020-03-01,False
4665,строится,2020-03-01,2021-11-01,False
4665,введён,2021-11-01,,True
4666,запланирован,2020-05-01,2021-09-01,False
4666,строится,2021-09-01,2025-03-01,False
4666,введён,2025-03-01,,True
4667,запланирован,2015-09-01,2016-09-01,False
4667,строится,2016-09-01,2020-05-01,False
4667,введён,2020-05-01,,True
4668,запланирован,2025-08-01,2025-11-01,False
4668,строится,2025-11-01,,True
4669,запланирован,2022-03-01,2022-12-01,False
4669,строится,2022-12-01,2023-09-01,False
4669,введён,2023-09-01,,True
4670,запланирован,2018-04-01,2019-03-01,False
4670,строится,2019-03-01,2019-10-01,False
4670,введён,2019-10-01,,True
4671,запланирован,2020-10-01,2021-03-01,False
4671,строится,2021-03-01,2023-05-01,False
4671,введён,2023-05-01,,True
4672,запланирован,2025-09-01,2026-07-01,False
4672,строится,2026-07-01,,True
4673,запланирован,2024-07-01,2025-11-01,False
4673,строится,2025-11-01,,True
4674,запланирован,2023-02-01,2024-03-01,False
4674,строится,2024-03-01,2025-06-01,False
4674,введён,2025-06-01,,True
4675,запланирован,2024-08-01,2025-03-01,False
4675,строится,2025-03-01,2026-07-01,False
4675,введён,2026-07-01,,True
4676,запланирован,2024-01-01,2025-02-01,False
4676,строится,2025-02-01,2025-11-01,False
4676,введён,2025-11-01,,True
4677,запланирован,2024-07-01,2025-08-01,False
4677,строится,2025-08-01,2026-06-01,False
4677,введён,2026-06-01,,True
4678,запланирован,2022-08-01,2023-12-01,False
4678,строится,2023-12-01,2025-02-01,False
4678,введён,2025-02-01,,True
4679,запланирован,2026-05-01,,True
4680,запланирован,2019-09-01,2020-10-01,False
4680,строится,2020-10-01,2021-08-01,False
4680,введён,2021-08-01,,True
4681,запланирован,2026-12-01,,True
4682,запланирован,2019-05-01,2019-12-01,False
4682,строится,2019-12-01,2021-09-01,False
4682,введён,2021-09-01,,True
4683,запланирован,2026-10-01,,True
4684,запланирован,2026-03-01,,True
4685,запланирован,2026-11-01,,True
4686,запланирован,2026-06-01,,True
4687,запланирован,2021-04-01,2022-01-01,False
4687,строится,2022-01-01,2024-06-01,False
4687,введён,2024-06-01,,True
4688,запланирован,2017-05-01,2018-10-01,False
4688,строится,2018-10-01,2020-05-01,False
4688,введён,2020-05-01,,True
4689,запланирован,2020-09-01,2021-08-01,False
4689,строится,2021-08-01,2023-07-01,False
4689,введён,2023-07-01,,True
4690,запланирован,2024-05-01,2025-04-01,False
4690,строится,2025-04-01,2025-11-01,False
4690,введён,2025-11-01,,True
4691,запланирован,2023-07-01,2024-06-01,False
4691,строится,2024-06-01,2026-04-01,False
4691,введён,2026-04-01,,True
4692,запланирован,2018-10-01,2020-03-01,False
4692,строится,2020-03-01,2024-02-01,False
4692,введён,2024-02-01,,True
4693,запланирован,2028-01-01,,True
4694,запланирован,2021-08-01,2022-01-01,False
4694,строится,2022-01-01,2024-12-01,False
4694,введён,2024-12-01,,True
4695,запланирован,2021-08-01,2021-12-01,False
4695,строится,2021-12-01,2022-11-01,False
4695,введён,2022-11-01,,True
4696,запланирован,2017-04-01,2018-03-01,False
4696,строится,2018-03-01,2021-03-01,False
4696,введён,2021-03-01,,True
4697,запланирован,2021-07-01,2022-07-01,False
4697,строится,2022-07-01,2024-10-01,False
4697,введён,2024-10-01,,True
4698,запланирован,2017-11-01,2018-07-01,False
4698,строится,2018-07-01,2021-09-01,False
4698,введён,2021-09-01,,True
4699,запланирован,2026-04-01,,True
4700,запланирован,2029-10-01,,True
4701,запланирован,2020-04-01,2020-11-01,False
4701,строится,2020-11-01,2024-09-01,False
4701,введён,2024-09-01,,True
4702,запланирован,2023-05-01,2023-10-01,False
4702,строится,2023-10-01,,True
4703,запланирован,2024-05-01,2024-08-01,False
4703,строится,2024-08-01,,True
4704,запланирован,2026-01-01,2026-08-01,False
4704,строится,2026-08-01,,True
4705,запланирован,2023-12-01,2024-05-01,False
4705,строится,2024-05-01,,True
4706,запланирован,2024-07-01,2025-06-01,False
4706,строится,2025-06-01,,True
4707,запланирован,2021-04-01,2021-12-01,False
4707,строится,2021-12-01,2023-08-01,False
4707,введён,2023-08-01,,True
4708,запланирован,2018-03-01,2018-08-01,False
4708,строится,2018-08-01,2019-11-01,False
4708,введён,2019-11-01,,True
4709,запланирован,2018-09-01,2019-04-01,False
4709,строится,2019-04-01,2022-12-01,False
4709,введён,2022-12-01,,True
4710,запланирован,2019-10-01,2020-04-01,False
4710,строится,2020-04-01,2022-01-01,False
4710,введён,2022-01-01,,True
4711,запланирован,2020-03-01,2020-10-01,False
4711,строится,2020-10-01,2021-05-01,False
4711,введён,2021-05-01,,True
4712,запланирован,2018-01-01,2018-12-01,False
4712,строится,2018-12-01,2020-11-01,False
4712,введён,2020-11-01,,True
4713,запланирован,2027-10-01,,True
4714,запланирован,2021-06-01,2022-05-01,False
4714,строится,2022-05-01,2025-07-01,False
4714,введён,2025-07-01,,True
4715,запланирован,2027-07-01,,True
4716,запланирован,2025-01-01,2025-11-01,False
4716,строится,2025-11-01,,True
4717,запланирован,2022-12-01,2023-07-01,False
4717,строится,2023-07-01,2024-05-01,False
4717,введён,2024-05-01,,True
4718,запланирован,2028-10-01,,True
4719,запланирован,2023-04-01,2024-04-01,False
4719,строится,2024-04-01,,True
4720,запланирован,2016-08-01,2017-06-01,False
4720,строится,2017-06-01,2020-01-01,False
4720,введён,2020-01-01,,True
4721,запланирован,2027-05-01,,True
4722,запланирован,2017-03-01,2018-04-01,False
4722,строится,2018-04-01,2020-03-01,False
4722,введён,2020-03-01,,True
4723,запланирован,2018-06-01,2019-05-01,False
4723,строится,2019-05-01,2021-02-01,False
4723,введён,2021-02-01,,True
4724,запланирован,2024-06-01,2025-02-01,False
4724,строится,2025-02-01,2025-11-01,False
4724,введён,2025-11-01,,True
4725,запланирован,2028-11-01,,True
4726,запланирован,2019-06-01,2020-05-01,False
4726,строится,2020-05-01,2021-05-01,False
4726,введён,2021-05-01,,True
4727,запланирован,2026-05-01,,True
4728,запланирован,2021-04-01,2022-03-01,False
4728,строится,2022-03-01,2024-06-01,False
4728,введён,2024-06-01,,True
4729,запланирован,2015-10-01,2016-10-01,False
4729,строится,2016-10-01,2020-03-01,False
4729,введён,2020-03-01,,True
4730,запланирован,2022-07-01,2023-09-01,False
4730,строится,2023-09-01,,True
4731,запланирован,2026-06-01,,True
4732,запланирован,2021-05-01,2021-10-01,False
4732,строится,2021-10-01,2024-11-01,False
4732,введён,2024-11-01,,True
4733,запланирован,2024-05-01,2024-12-01,False
4733,строится,2024-12-01,,True
4734,запланирован,2022-04-01,2023-07-01,False
4734,строится,2023-07-01,,True
4735,запланирован,2027-06-01,,True
4736,запланирован,2020-01-01,2021-05-01,False
4736,строится,2021-05-01,2023-08-01,False
4736,введён,2023-08-01,,True
4737,запланирован,2022-06-01,2022-12-01,False
4737,строится,2022-12-01,2024-04-01,False
4737,введён,2024-04-01,,True
4738,запланирован,2019-09-01,2021-01-01,False
4738,строится,2021-01-01,2022-01-01,False
4738,введён,2022-01-01,,True
4739,запланирован,2018-11-01,2019-09-01,False
4739,строится,2019-09-01,2020-09-01,False
4739,введён,2020-09-01,,True
4740,запланирован,2015-09-01,2017-02-01,False
4740,строится,2017-02-01,2021-01-01,False
4740,введён,2021-01-01,,True
4741,запланирован,2022-02-01,2023-05-01,False
4741,строится,2023-05-01,,True
4742,запланирован,2018-08-01,2019-09-01,False
4742,строится,2019-09-01,2022-01-01,False
4742,введён,2022-01-01,,True
4743,запланирован,2023-11-01,2024-06-01,False
4743,строится,2024-06-01,2025-12-01,False
4743,введён,2025-12-01,,True
4744,запланирован,2022-07-01,2023-06-01,False
4744,строится,2023-06-01,2025-03-01,False
4744,введён,2025-03-01,,True
4745,запланирован,2024-03-01,2024-10-01,False
4745,строится,2024-10-01,,True
4746,запланирован,2018-07-01,2019-04-01,False
4746,строится,2019-04-01,2022-09-01,False
4746,введён,2022-09-01,,True
4747,запланирован,2018-11-01,2019-02-01,False
4747,строится,2019-02-01,2022-07-01,False
4747,введён,2022-07-01,,True
4748,запланирован,2023-02-01,2023-11-01,False
4748,строится,2023-11-01,2025-11-01,False
4748,введён,2025-11-01,,True
4749,запланирован,2019-09-01,2020-02-01,False
4749,строится,2020-02-01,2021-11-01,False
4749,введён,2021-11-01,,True
4750,запланирован,2021-07-01,2022-03-01,False
4750,строится,2022-03-01,2023-02-01,False
4750,введён,2023-02-01,,True
4751,запланирован,2019-05-01,2019-11-01,False
4751,строится,2019-11-01,2022-11-01,False
4751,введён,2022-11-01,,True
4752,запланирован,2016-01-01,2017-03-01,False
4752,строится,2017-03-01,2020-05-01,False
4752,введён,2020-05-01,,True
4753,запланирован,2018-08-01,2019-01-01,False
4753,строится,2019-01-01,2021-12-01,False
4753,введён,2021-12-01,,True
4754,запланирован,2021-01-01,2022-01-01,False
4754,строится,2022-01-01,2025-05-01,False
4754,введён,2025-05-01,,True
4755,запланирован,2024-04-01,2024-09-01,False
4755,строится,2024-09-01,,True
4756,запланирован,2023-09-01,2025-01-01,False
4756,строится,2025-01-01,,True
4757,запланирован,2017-10-01,2018-03-01,False
4757,строится,2018-03-01,2019-10-01,False
4757,введён,2019-10-01,,True
4758,запланирован,2023-05-01,2024-08-01,False
4758,строится,2024-08-01,,True
4759,запланирован,2026-01-01,,True
4760,запланирован,2018-03-01,2019-03-01,False
4760,строится,2019-03-01,2022-04-01,False
4760,введён,2022-04-01,,True
4761,запланирован,2026-02-01,,True
4762,запланирован,2023-09-01,2024-10-01,False
4762,строится,2024-10-01,,True
4763,запланирован,2019-09-01,2020-10-01,False
4763,строится,2020-10-01,2023-05-01,False
4763,введён,2023-05-01,,True
4764,запланирован,2020-10-01,2021-06-01,False
4764,строится,2021-06-01,2022-06-01,False
4764,введён,2022-06-01,,True
4765,запланирован,2024-12-01,2025-06-01,False
4765,строится,2025-06-01,,True
4766,запланирован,2024-01-01,2025-03-01,False
4766,строится,2025-03-01,,True
4767,запланирован,2019-10-01,2020-01-01,False
4767,строится,2020-01-01,2021-03-01,False
4767,введён,2021-03-01,,True
4768,запланирован,2021-10-01,2022-02-01,False
4768,строится,2022-02-01,2025-04-01,False
4768,введён,2025-04-01,,True
4769,запланирован,2026-09-01,,True
4770,запланирован,2021-12-01,2022-07-01,False
4770,строится,2022-07-01,2023-11-01,False
4770,введён,2023-11-01,,True
4771,запланирован,2020-03-01,2021-08-01,False
4771,строится,2021-08-01,2022-06-01,False
4771,введён,2022-06-01,,True
4772,запланирован,2022-07-01,2023-11-01,False
4772,строится,2023-11-01,,True
4773,запланирован,2025-11-01,,True
4774,запланирован,2025-06-01,,True
4775,запланирован,2016-06-01,2017-07-01,False
4775,строится,2017-07-01,2019-12-01,False
4775,введён,2019-12-01,,True
4776,запланирован,2017-02-01,2018-06-01,False
4776,строится,2018-06-01,2022-02-01,False
4776,введён,2022-02-01,,True
4777,запланирован,2023-01-01,2024-04-01,False
4777,строится,2024-04-01,2026-03-01,False
4777,введён,2026-03-01,,True
4778,запланирован,2016-09-01,2017-06-01,False
4778,строится,2017-06-01,2018-12-01,False
4778,введён,2018-12-01,,True
4779,запланирован,2020-10-01,2021-03-01,False
4779,строится,2021-03-01,2021-11-01,False
4779,введён,2021-11-01,,True
4780,запланирован,2024-12-01,2026-03-01,False
4780,строится,2026-03-01,,True
4781,запланирован,2026-02-01,2026-07-01,False
4781,строится,2026-07-01,,True
4782,запланирован,2022-05-01,2023-06-01,False
4782,строится,2023-06-01,2024-09-01,False
4782,введён,2024-09-01,,True
4783,запланирован,2028-05-01,,True
4784,запланирован,2023-08-01,2024-05-01,False
4784,строится,2024-05-01,2026-07-01,False
4784,введён,2026-07-01,,True
4785,запланирован,2025-06-01,2026-06-01,False
4785,строится,2026-06-01,,True
4786,запланирован,2018-08-01,2019-02-01,False
4786,строится,2019-02-01,2022-04-01,False
4786,введён,2022-04-01,,True
4787,запланирован,2022-07-01,2023-11-01,False
4787,строится,2023-11-01,2024-05-01,False
4787,введён,2024-05-01,,True
4788,запланирован,2025-03-01,2025-10-01,False
4788,строится,2025-10-01,,True
4789,запланирован,2023-06-01,2024-01-01,False
4789,строится,2024-01-01,,True
4790,запланирован,2018-09-01,2019-05-01,False
4790,строится,2019-05-01,2020-09-01,False
4790,введён,2020-09-01,,True
4791,запланирован,2026-09-01,,True
4792,запланирован,2020-05-01,2021-01-01,False
4792,строится,2021-01-01,2022-12-01,False
4792,введён,2022-12-01,,True
4793,запланирован,2026-11-01,,True
4794,запланирован,2019-05-01,2020-03-01,False
4794,строится,2020-03-01,2022-12-01,False
4794,введён,2022-12-01,,True
4795,запланирован,2016-11-01,2018-01-01,False
4795,строится,2018-01-01,2019-05-01,False
4795,введён,2019-05-01,,True
4796,запланирован,2023-01-01,2023-10-01,False
4796,строится,2023-10-01,,True
4797,запланирован,2016-03-01,2016-10-01,False
4797,строится,2016-10-01,2020-03-01,False
4797,введён,2020-03-01,,True
4798,запланирован,2027-02-01,,True
4799,запланирован,2018-05-01,2019-05-01,False
4799,строится,2019-05-01,2023-02-01,False
4799,введён,2023-02-01,,True
4800,запланирован,2030-11-01,,True
4801,запланирован,2025-06-01,2026-03-01,False
4801,строится,2026-03-01,,True
4802,запланирован,2020-09-01,2021-11-01,False
4802,строится,2021-11-01,2024-06-01,False
4802,введён,2024-06-01,,True
4803,запланирован,2022-06-01,2023-07-01,False
4803,строится,2023-07-01,2026-08-01,False
4803,введён,2026-08-01,,True
4804,запланирован,2026-04-01,,True
4805,запланирован,2018-06-01,2019-10-01,False
4805,строится,2019-10-01,2023-08-01,False
4805,введён,2023-08-01,,True
4806,запланирован,2018-03-01,2018-07-01,False
4806,строится,2018-07-01,2021-01-01,False
4806,введён,2021-01-01,,True
4807,запланирован,2024-04-01,2025-03-01,False
4807,строится,2025-03-01,,True
4808,запланирован,2024-03-01,2024-11-01,False
4808,строится,2024-11-01,,True
4809,запланирован,2029-12-01,,True
4810,запланирован,2023-05-01,2024-08-01,False
4810,строится,2024-08-01,2025-10-01,False
4810,введён,2025-10-01,,True
4811,запланирован,2019-02-01,2019-08-01,False
4811,строится,2019-08-01,2021-10-01,False
4811,введён,2021-10-01,,True
4812,запланирован,2024-02-01,2024-05-01,False
4812,строится,2024-05-01,,True
4813,запланирован,2016-06-01,2017-02-01,False
4813,строится,2017-02-01,2020-03-01,False
4813,введён,2020-03-01,,True
4814,запланирован,2019-08-01,2020-05-01,False
4814,строится,2020-05-01,2023-06-01,False
4814,введён,2023-06-01,,True
4815,запланирован,2021-08-01,2021-11-01,False
4815,строится,2021-11-01,2022-09-01,False
4815,введён,2022-09-01,,True
4816,запланирован,2023-07-01,2024-11-01,False
4816,строится,2024-11-01,,True
4817,запланирован,2024-11-01,2026-01-01,False
4817,строится,2026-01-01,,True
4818,запланирован,2029-04-01,,True
4819,запланирован,2021-11-01,2022-05-01,False
4819,строится,2022-05-01,2024-06-01,False
4819,введён,2024-06-01,,True
4820,запланирован,2025-08-01,2026-03-01,False
4820,строится,2026-03-01,,True
4821,запланирован,2028-04-01,,True
4822,запланирован,2018-05-01,2018-10-01,False
4822,строится,2018-10-01,2021-12-01,False
4822,введён,2021-12-01,,True
4823,запланирован,2026-08-01,,True
4824,запланирован,2019-12-01,2020-03-01,False
4824,строится,2020-03-01,2023-08-01,False
4824,введён,2023-08-01,,True
4825,запланирован,2017-12-01,2019-02-01,False
4825,строится,2019-02-01,2021-06-01,False
4825,введён,2021-06-01,,True
4826,запланирован,2024-09-01,2025-01-01,False
4826,строится,2025-01-01,,True
4827,запланирован,2018-07-01,2019-04-01,False
4827,строится,2019-04-01,2021-12-01,False
4827,введён,2021-12-01,,True
4828,запланирован,2025-04-01,2026-01-01,False
4828,строится,2026-01-01,,True
4829,запланирован,2016-02-01,2017-01-01,False
4829,строится,2017-01-01,2020-10-01,False
4829,введён,2020-10-01,,True
4830,запланирован,2015-10-01,2016-08-01,False
4830,строится,2016-08-01,2019-10-01,False
4830,введён,2019-10-01,,True
4831,запланирован,2016-01-01,2017-01-01,False
4831,строится,2017-01-01,2018-12-01,False
4831,введён,2018-12-01,,True
4832,запланирован,2020-07-01,2021-11-01,False
4832,строится,2021-11-01,2023-09-01,False
4832,введён,2023-09-01,,True
4833,запланирован,2018-05-01,2019-05-01,False
4833,строится,2019-05-01,2021-06-01,False
4833,введён,2021-06-01,,True
4834,запланирован,2023-07-01,2023-11-01,False
4834,строится,2023-11-01,2026-01-01,False
4834,введён,2026-01-01,,True
4835,запланирован,2017-08-01,2017-11-01,False
4835,строится,2017-11-01,2021-04-01,False
4835,введён,2021-04-01,,True
4836,запланирован,2021-02-01,2022-06-01,False
4836,строится,2022-06-01,2023-06-01,False
4836,введён,2023-06-01,,True
4837,запланирован,2016-09-01,2017-03-01,False
4837,строится,2017-03-01,2020-09-01,False
4837,введён,2020-09-01,,True
4838,запланирован,2023-11-01,2025-03-01,False
4838,строится,2025-03-01,2025-09-01,False
4838,введён,2025-09-01,,True
4839,запланирован,2016-04-01,2016-12-01,False
4839,строится,2016-12-01,2020-11-01,False
4839,введён,2020-11-01,,True
4840,запланирован,2020-06-01,2020-10-01,False
4840,строится,2020-10-01,2023-10-01,False
4840,введён,2023-10-01,,True
4841,запланирован,2021-12-01,2022-06-01,False
4841,строится,2022-06-01,2023-07-01,False
4841,введён,2023-07-01,,True
4842,запланирован,2019-03-01,2020-05-01,False
4842,строится,2020-05-01,2023-06-01,False
4842,введён,2023-06-01,,True
4843,запланирован,2019-01-01,2019-04-01,False
4843,строится,2019-04-01,2022-05-01,False
4843,введён,2022-05-01,,True
4844,запланирован,2023-07-01,2024-11-01,False
4844,строится,2024-11-01,2025-06-01,False
4844,введён,2025-06-01,,True
4845,запланирован,2022-12-01,2023-12-01,False
4845,строится,2023-12-01,2025-07-01,False
4845,введён,2025-07-01,,True
4846,запланирован,2018-04-01,2019-07-01,False
4846,строится,2019-07-01,2022-09-01,False
4846,введён,2022-09-01,,True
4847,запланирован,2015-09-01,2016-11-01,False
4847,строится,2016-11-01,2018-12-01,False
4847,введён,2018-12-01,,True
4848,запланирован,2025-11-01,,True
4849,запланирован,2017-09-01,2017-12-01,False
4849,строится,2017-12-01,2020-04-01,False
4849,введён,2020-04-01,,True
4850,запланирован,2025-12-01,,True
4851,запланирован,2021-07-01,2022-08-01,False
4851,строится,2022-08-01,2026-06-01,False
4851,введён,2026-06-01,,True
4852,запланирован,2021-08-01,2022-11-01,False
4852,строится,2022-11-01,2026-03-01,False
4852,введён,2026-03-01,,True
4853,запланирован,2023-04-01,2023-11-01,False
4853,строится,2023-11-01,,True
4854,запланирован,2017-02-01,2017-11-01,False
4854,строится,2017-11-01,2020-02-01,False
4854,введён,2020-02-01,,True
4855,запланирован,2027-12-01,,True
4856,запланирован,2024-02-01,2025-07-01,False
4856,строится,2025-07-01,2026-03-01,False
4856,введён,2026-03-01,,True
4857,запланирован,2019-03-01,2020-06-01,False
4857,строится,2020-06-01,2024-03-01,False
4857,введён,2024-03-01,,True
4858,запланирован,2023-06-01,2023-11-01,False
4858,строится,2023-11-01,,True
4859,запланирован,2020-10-01,2022-02-01,False
4859,строится,2022-02-01,2022-09-01,False
4859,введён,2022-09-01,,True
4860,запланирован,2024-01-01,2024-09-01,False
4860,строится,2024-09-01,,True
4861,запланирован,2026-11-01,,True
4862,запланирован,2028-02-01,,True
4863,запланирован,2024-05-01,2025-07-01,False
4863,строится,2025-07-01,,True
4864,запланирован,2021-11-01,2023-03-01,False
4864,строится,2023-03-01,2023-11-01,False
4864,введён,2023-11-01,,True
4865,запланирован,2029-12-01,,True
4866,запланирован,2019-08-01,2021-01-01,False
4866,строится,2021-01-01,2022-10-01,False
4866,введён,2022-10-01,,True
4867,запланирован,2024-10-01,2025-10-01,False
4867,строится,2025-10-01,,True
4868,запланирован,2016-05-01,2017-02-01,False
4868,строится,2017-02-01,2019-12-01,False
4868,введён,2019-12-01,,True
4869,запланирован,2017-01-01,2018-06-01,False
4869,строится,2018-06-01,2021-09-01,False
4869,введён,2021-09-01,,True
4870,запланирован,2028-03-01,,True
4871,запланирован,2017-01-01,2018-05-01,False
4871,строится,2018-05-01,2020-04-01,False
4871,введён,2020-04-01,,True
4872,запланирован,2025-11-01,,True
4873,запланирован,2016-08-01,2016-11-01,False
4873,строится,2016-11-01,2018-12-01,False
4873,введён,2018-12-01,,True
4874,запланирован,2024-06-01,2025-08-01,False
4874,строится,2025-08-01,,True
4875,запланирован,2018-12-01,2020-01-01,False
4875,строится,2020-01-01,2023-06-01,False
4875,введён,2023-06-01,,True
4876,запланирован,2017-05-01,2018-06-01,False
4876,строится,2018-06-01,2020-08-01,False
4876,введён,2020-08-01,,True
4877,запланирован,2028-01-01,,True
4878,запланирован,2025-07-01,2026-07-01,False
4878,строится,2026-07-01,,True
4879,запланирован,2021-10-01,2023-02-01,False
4879,строится,2023-02-01,2025-12-01,False
4879,введён,2025-12-01,,True
4880,запланирован,2020-01-01,2020-05-01,False
4880,строится,2020-05-01,2022-12-01,False
4880,введён,2022-12-01,,True
4881,запланирован,2024-11-01,2025-04-01,False
4881,строится,2025-04-01,,True
4882,запланирован,2021-12-01,2022-06-01,False
4882,строится,2022-06-01,2023-06-01,False
4882,введён,2023-06-01,,True
4883,запланирован,2026-11-01,,True
4884,запланирован,2027-04-01,,True
4885,запланирован,2026-06-01,,True
4886,запланирован,2028-07-01,,True
4887,запланирован,2026-05-01,,True
4888,запланирован,2023-04-01,2024-03-01,False
4888,строится,2024-03-01,,True
4889,запланирован,2018-09-01,2019-10-01,False
4889,строится,2019-10-01,2023-02-01,False
4889,введён,2023-02-01,,True
4890,запланирован,2024-10-01,2025-06-01,False
4890,строится,2025-06-01,2026-07-01,False
4890,введён,2026-07-01,,True
4891,запланирован,2020-03-01,2020-07-01,False
4891,строится,2020-07-01,2021-01-01,False
4891,введён,2021-01-01,,True
4892,запланирован,2022-03-01,2023-06-01,False
4892,строится,2023-06-01,2024-05-01,False
4892,введён,2024-05-01,,True
4893,запланирован,2026-06-01,,True
4894,запланирован,2023-04-01,2023-07-01,False
4894,строится,2023-07-01,2025-09-01,False
4894,введён,2025-09-01,,True
4895,запланирован,2016-07-01,2017-08-01,False
4895,строится,2017-08-01,2019-03-01,False
4895,введён,2019-03-01,,True
4896,запланирован,2025-01-01,2025-08-01,False
4896,строится,2025-08-01,,True
4897,запланирован,2025-01-01,2026-03-01,False
4897,строится,2026-03-01,,True
4898,запланирован,2023-01-01,2024-06-01,False
4898,строится,2024-06-01,2025-01-01,False
4898,введён,2025-01-01,,True
4899,запланирован,2016-10-01,2017-12-01,False
4899,строится,2017-12-01,2019-05-01,False
4899,введён,2019-05-01,,True
4900,запланирован,2017-02-01,2017-06-01,False
4900,строится,2017-06-01,2019-06-01,False
4900,введён,2019-06-01,,True
4901,запланирован,2028-06-01,,True
4902,запланирован,2023-09-01,2025-02-01,False
4902,строится,2025-02-01,,True
4903,запланирован,2023-08-01,2024-06-01,False
4903,строится,2024-06-01,,True
4904,запланирован,2017-03-01,2018-07-01,False
4904,строится,2018-07-01,2021-02-01,False
4904,введён,2021-02-01,,True
4905,запланирован,2023-12-01,2024-05-01,False
4905,строится,2024-05-01,,True
4906,запланирован,2015-09-01,2016-09-01,False
4906,строится,2016-09-01,2019-01-01,False
4906,введён,2019-01-01,,True
4907,запланирован,2020-11-01,2022-04-01,False
4907,строится,2022-04-01,2023-11-01,False
4907,введён,2023-11-01,,True
4908,запланирован,2020-02-01,2021-06-01,False
4908,строится,2021-06-01,2025-05-01,False
4908,введён,2025-05-01,,True
4909,запланирован,2020-08-01,2021-03-01,False
4909,строится,2021-03-01,2024-12-01,False
4909,введён,2024-12-01,,True
4910,запланирован,2025-10-01,,True
4911,запланирован,2025-08-01,2025-11-01,False
4911,строится,2025-11-01,,True
4912,запланирован,2018-10-01,2020-03-01,False
4912,строится,2020-03-01,2022-08-01,False
4912,введён,2022-08-01,,True
4913,запланирован,2025-05-01,2025-11-01,False
4913,строится,2025-11-01,,True
4914,запланирован,2025-06-01,2025-09-01,False
4914,строится,2025-09-01,,True
4915,запланирован,2023-09-01,2023-12-01,False
4915,строится,2023-12-01,,True
4916,запланирован,2026-09-01,,True
4917,запланирован,2015-07-01,2016-12-01,False
4917,строится,2016-12-01,2019-07-01,False
4917,введён,2019-07-01,,True
4918,запланирован,2024-03-01,2025-05-01,False
4918,строится,2025-05-01,,True
4919,запланирован,2022-03-01,2023-05-01,False
4919,строится,2023-05-01,2025-12-01,False
4919,введён,2025-12-01,,True
4920,запланирован,2019-08-01,2020-07-01,False
4920,строится,2020-07-01,2024-02-01,False
4920,введён,2024-02-01,,True
4921,запланирован,2024-10-01,2025-03-01,False
4921,строится,2025-03-01,,True
4922,запланирован,2017-09-01,2018-03-01,False
4922,строится,2018-03-01,2019-11-01,False
4922,введён,2019-11-01,,True
4923,запланирован,2024-09-01,2026-01-01,False
4923,строится,2026-01-01,,True
4924,запланирован,2027-05-01,,True
4925,запланирован,2016-09-01,2017-07-01,False
4925,строится,2017-07-01,2020-01-01,False
4925,введён,2020-01-01,,True
4926,запланирован,2025-11-01,2026-07-01,False
4926,строится,2026-07-01,,True
4927,запланирован,2017-12-01,2019-03-01,False
4927,строится,2019-03-01,2022-01-01,False
4927,введён,2022-01-01,,True
4928,запланирован,2029-06-01,,True
4929,запланирован,2017-11-01,2019-03-01,False
4929,строится,2019-03-01,2019-10-01,False
4929,введён,2019-10-01,,True
4930,запланирован,2024-09-01,2025-12-01,False
4930,строится,2025-12-01,,True
4931,запланирован,2023-10-01,2024-10-01,False
4931,строится,2024-10-01,,True
4932,запланирован,2020-06-01,2021-11-01,False
4932,строится,2021-11-01,2022-12-01,False
4932,введён,2022-12-01,,True
4933,запланирован,2023-02-01,2024-05-01,False
4933,строится,2024-05-01,,True
4934,запланирован,2025-03-01,2026-06-01,False
4934,строится,2026-06-01,,True
4935,запланирован,2021-10-01,2022-03-01,False
4935,строится,2022-03-01,2022-10-01,False
4935,введён,2022-10-01,,True
4936,запланирован,2023-11-01,2025-04-01,False
4936,строится,2025-04-01,,True
4937,запланирован,2022-03-01,2022-09-01,False
4937,строится,2022-09-01,2026-02-01,False
4937,введён,2026-02-01,,True
4938,запланирован,2025-05-01,2025-12-01,False
4938,строится,2025-12-01,,True
4939,запланирован,2025-05-01,2026-03-01,False
4939,строится,2026-03-01,,True
4940,запланирован,2018-11-01,2020-01-01,False
4940,строится,2020-01-01,2022-06-01,False
4940,введён,2022-06-01,,True
4941,запланирован,2016-12-01,2018-02-01,False
4941,строится,2018-02-01,2021-01-01,False
4941,введён,2021-01-01,,True
4942,запланирован,2018-02-01,2019-07-01,False
4942,строится,2019-07-01,2023-05-01,False
4942,введён,2023-05-01,,True
4943,запланирован,2018-06-01,2019-06-01,False
4943,строится,2019-06-01,2022-07-01,False
4943,введён,2022-07-01,,True
4944,запланирован,2021-05-01,2022-07-01,False
4944,строится,2022-07-01,2024-11-01,False
4944,введён,2024-11-01,,True
4945,запланирован,2018-07-01,2019-03-01,False
4945,строится,2019-03-01,2022-08-01,False
4945,введён,2022-08-01,,True
4946,запланирован,2026-08-01,,True
4947,запланирован,2019-10-01,2020-09-01,False
4947,строится,2020-09-01,2023-05-01,False
4947,введён,2023-05-01,,True
4948,запланирован,2017-02-01,2017-12-01,False
4948,строится,2017-12-01,2021-04-01,False
4948,введён,2021-04-01,,True
4949,запланирован,2019-02-01,2019-11-01,False
4949,строится,2019-11-01,2023-01-01,False
4949,введён,2023-01-01,,True
4950,запланирован,2019-04-01,2020-06-01,False
4950,строится,2020-06-01,2023-04-01,False
4950,введён,2023-04-01,,True
4951,запланирован,2022-01-01,2022-11-01,False
4951,строится,2022-11-01,2023-08-01,False
4951,введён,2023-08-01,,True
4952,запланирован,2022-11-01,2024-03-01,False
4952,строится,2024-03-01,2025-01-01,False
4952,введён,2025-01-01,,True
4953,запланирован,2026-06-01,,True
4954,запланирован,2017-03-01,2018-04-01,False
4954,строится,2018-04-01,2020-10-01,False
4954,введён,2020-10-01,,True
4955,запланирован,2021-06-01,2022-07-01,False
4955,строится,2022-07-01,2025-03-01,False
4955,введён,2025-03-01,,True
4956,запланирован,2023-02-01,2023-09-01,False
4956,строится,2023-09-01,2025-03-01,False
4956,введён,2025-03-01,,True
4957,запланирован,2024-08-01,2025-10-01,False
4957,строится,2025-10-01,,True
4958,запланирован,2020-08-01,2022-01-01,False
4958,строится,2022-01-01,2023-05-01,False
4958,введён,2023-05-01,,True
4959,запланирован,2020-06-01,2021-11-01,False
4959,строится,2021-11-01,2022-06-01,False
4959,введён,2022-06-01,,True
4960,запланирован,2017-10-01,2019-02-01,False
4960,строится,2019-02-01,2021-04-01,False
4960,введён,2021-04-01,,True
4961,запланирован,2022-07-01,2022-11-01,False
4961,строится,2022-11-01,2024-01-01,False
4961,введён,2024-01-01,,True
4962,запланирован,2020-11-01,2021-11-01,False
4962,строится,2021-11-01,2024-10-01,False
4962,введён,2024-10-01,,True
4963,запланирован,2024-06-01,2024-10-01,False
4963,строится,2024-10-01,2026-05-01,False
4963,введён,2026-05-01,,True
4964,запланирован,2023-07-01,2024-06-01,False
4964,строится,2024-06-01,2026-07-01,False
4964,введён,2026-07-01,,True
4965,запланирован,2019-11-01,2020-02-01,False
4965,строится,2020-02-01,2021-02-01,False
4965,введён,2021-02-01,,True
4966,запланирован,2024-02-01,2025-01-01,False
4966,строится,2025-01-01,,True
4967,запланирован,2021-01-01,2021-08-01,False
4967,строится,2021-08-01,2022-04-01,False
4967,введён,2022-04-01,,True
4968,запланирован,2017-11-01,2018-12-01,False
4968,строится,2018-12-01,2021-05-01,False
4968,введён,2021-05-01,,True
4969,запланирован,2022-05-01,2023-07-01,False
4969,строится,2023-07-01,2024-10-01,False
4969,введён,2024-10-01,,True
4970,запланирован,2021-01-01,2021-10-01,False
4970,строится,2021-10-01,2023-11-01,False
4970,введён,2023-11-01,,True
4971,запланирован,2023-01-01,2024-06-01,False
4971,строится,2024-06-01,,True
4972,запланирован,2018-09-01,2019-05-01,False
4972,строится,2019-05-01,2020-02-01,False
4972,введён,2020-02-01,,True
4973,запланирован,2027-11-01,,True
4974,запланирован,2016-11-01,2017-08-01,False
4974,строится,2017-08-01,2020-04-01,False
4974,введён,2020-04-01,,True
4975,запланирован,2018-06-01,2019-07-01,False
4975,строится,2019-07-01,2020-08-01,False
4975,введён,2020-08-01,,True
4976,запланирован,2024-09-01,2025-02-01,False
4976,строится,2025-02-01,2026-04-01,False
4976,введён,2026-04-01,,True
4977,запланирован,2017-05-01,2018-07-01,False
4977,строится,2018-07-01,2019-02-01,False
4977,введён,2019-02-01,,True
4978,запланирован,2028-06-01,,True
4979,запланирован,2023-05-01,2024-08-01,False
4979,строится,2024-08-01,2025-08-01,False
4979,введён,2025-08-01,,True
4980,запланирован,2023-03-01,2023-06-01,False
4980,строится,2023-06-01,2024-08-01,False
4980,введён,2024-08-01,,True
4981,запланирован,2019-02-01,2019-10-01,False
4981,строится,2019-10-01,2023-01-01,False
4981,введён,2023-01-01,,True
4982,запланирован,2021-12-01,2023-02-01,False
4982,строится,2023-02-01,,True
4983,запланирован,2021-09-01,2022-12-01,False
4983,строится,2022-12-01,2025-07-01,False
4983,введён,2025-07-01,,True
4984,запланирован,2018-05-01,2018-10-01,False
4984,строится,2018-10-01,2021-01-01,False
4984,введён,2021-01-01,,True
4985,запланирован,2017-12-01,2019-05-01,False
4985,строится,2019-05-01,2020-03-01,False
4985,введён,2020-03-01,,True
4986,запланирован,2020-01-01,2020-07-01,False
4986,строится,2020-07-01,2021-04-01,False
4986,введён,2021-04-01,,True
4987,запланирован,2018-12-01,2020-03-01,False
4987,строится,2020-03-01,2020-12-01,False
4987,введён,2020-12-01,,True
4988,запланирован,2016-07-01,2017-08-01,False
4988,строится,2017-08-01,2018-07-01,False
4988,введён,2018-07-01,,True
4989,запланирован,2025-09-01,2025-12-01,False
4989,строится,2025-12-01,,True
4990,запланирован,2025-07-01,2025-10-01,False
4990,строится,2025-10-01,,True
4991,запланирован,2018-01-01,2019-05-01,False
4991,строится,2019-05-01,2022-10-01,False
4991,введён,2022-10-01,,True
4992,запланирован,2021-06-01,2022-01-01,False
4992,строится,2022-01-01,2023-09-01,False
4992,введён,2023-09-01,,True
4993,запланирован,2021-02-01,2022-03-01,False
4993,строится,2022-03-01,2026-01-01,False
4993,введён,2026-01-01,,True
4994,запланирован,2026-03-01,,True
4995,запланирован,2020-07-01,2021-01-01,False
4995,строится,2021-01-01,2021-11-01,False
4995,введён,2021-11-01,,True
4996,запланирован,2016-09-01,2017-04-01,False
4996,строится,2017-04-01,2020-06-01,False
4996,введён,2020-06-01,,True
4997,запланирован,2028-04-01,,True
4998,запланирован,2018-12-01,2019-07-01,False
4998,строится,2019-07-01,2020-06-01,False
4998,введён,2020-06-01,,True
4999,запланирован,2018-12-01,2020-05-01,False
4999,строится,2020-05-01,2021-07-01,False
4999,введён,2021-07-01,,True
5000,запланирован,2027-02-01,,True
5001,запланирован,2022-11-01,2023-05-01,False
5001,строится,2023-05-01,2025-04-01,False
5001,введён,2025-04-01,,True
5002,запланирован,2021-06-01,2022-04-01,False
5002,строится,2022-04-01,2023-08-01,False
5002,введён,2023-08-01,,True
5003,запланирован,2027-03-01,,True
5004,запланирован,2022-05-01,2023-07-01,False
5004,строится,2023-07-01,2026-06-01,False
5004,введён,2026-06-01,,True
5005,запланирован,2025-12-01,,True
5006,запланирован,2025-03-01,2025-12-01,False
5006,строится,2025-12-01,,True
5007,запланирован,2018-04-01,2018-11-01,False
5007,строится,2018-11-01,2020-01-01,False
5007,введён,2020-01-01,,True
5008,запланирован,2020-05-01,2020-09-01,False
5008,строится,2020-09-01,2023-12-01,False
5008,введён,2023-12-01,,True
5009,запланирован,2021-05-01,2021-10-01,False
5009,строится,2021-10-01,2022-06-01,False
5009,введён,2022-06-01,,True
5010,запланирован,2018-02-01,2019-03-01,False
5010,строится,2019-03-01,2019-09-01,False
5010,введён,2019-09-01,,True
5011,запланирован,2020-09-01,2021-01-01,False
5011,строится,2021-01-01,2023-07-01,False
5011,введён,2023-07-01,,True
5012,запланирован,2024-03-01,2024-09-01,False
5012,строится,2024-09-01,,True
5013,запланирован,2026-12-01,,True
5014,запланирован,2030-02-01,,True
5015,запланирован,2030-03-01,,True
5016,запланирован,2019-04-01,2020-01-01,False
5016,строится,2020-01-01,2021-06-01,False
5016,введён,2021-06-01,,True
5017,запланирован,2029-02-01,,True
5018,запланирован,2026-09-01,,True
5019,запланирован,2025-09-01,,True
5020,запланирован,2019-11-01,2021-01-01,False
5020,строится,2021-01-01,2023-01-01,False
5020,введён,2023-01-01,,True
5021,запланирован,2025-02-01,2025-05-01,False
5021,строится,2025-05-01,,True
5022,запланирован,2028-07-01,,True
5023,запланирован,2025-12-01,,True
5024,запланирован,2025-07-01,2026-07-01,False
5024,строится,2026-07-01,,True
5025,запланирован,2021-12-01,2022-11-01,False
5025,строится,2022-11-01,2026-06-01,False
5025,введён,2026-06-01,,True
5026,запланирован,2020-09-01,2021-06-01,False
5026,строится,2021-06-01,2023-11-01,False
5026,введён,2023-11-01,,True
5027,запланирован,2019-09-01,2020-02-01,False
5027,строится,2020-02-01,2021-12-01,False
5027,введён,2021-12-01,,True
5028,запланирован,2016-05-01,2016-11-01,False
5028,строится,2016-11-01,2019-09-01,False
5028,введён,2019-09-01,,True
5029,запланирован,2027-06-01,,True
5030,запланирован,2021-09-01,2022-10-01,False
5030,строится,2022-10-01,2025-02-01,False
5030,введён,2025-02-01,,True
5031,запланирован,2023-07-01,2024-04-01,False
5031,строится,2024-04-01,,True
5032,запланирован,2020-07-01,2021-01-01,False
5032,строится,2021-01-01,2023-11-01,False
5032,введён,2023-11-01,,True
5033,запланирован,2026-08-01,,True
5034,запланирован,2024-04-01,2024-08-01,False
5034,строится,2024-08-01,,True
5035,запланирован,2020-12-01,2021-03-01,False
5035,строится,2021-03-01,2023-05-01,False
5035,введён,2023-05-01,,True
5036,запланирован,2025-04-01,2026-01-01,False
5036,строится,2026-01-01,,True
5037,запланирован,2024-06-01,2025-02-01,False
5037,строится,2025-02-01,,True
5038,запланирован,2020-04-01,2020-08-01,False
5038,строится,2020-08-01,2023-01-01,False
5038,введён,2023-01-01,,True
5039,запланирован,2024-10-01,2026-02-01,False
5039,строится,2026-02-01,,True
5040,запланирован,2025-09-01,2026-05-01,False
5040,строится,2026-05-01,,True
5041,запланирован,2027-04-01,,True
5042,запланирован,2023-01-01,2023-07-01,False
5042,строится,2023-07-01,2024-07-01,False
5042,введён,2024-07-01,,True
5043,запланирован,2024-06-01,2025-11-01,False
5043,строится,2025-11-01,,True
5044,запланирован,2022-04-01,2023-08-01,False
5044,строится,2023-08-01,,True
5045,запланирован,2024-08-01,2026-01-01,False
5045,строится,2026-01-01,,True
5046,запланирован,2019-11-01,2020-06-01,False
5046,строится,2020-06-01,2021-08-01,False
5046,введён,2021-08-01,,True
5047,запланирован,2021-10-01,2023-01-01,False
5047,строится,2023-01-01,2025-06-01,False
5047,введён,2025-06-01,,True
5048,запланирован,2028-11-01,,True
5049,запланирован,2022-06-01,2022-11-01,False
5049,строится,2022-11-01,2024-04-01,False
5049,введён,2024-04-01,,True
5050,запланирован,2028-10-01,,True
5051,запланирован,2019-08-01,2020-07-01,False
5051,строится,2020-07-01,2023-07-01,False
5051,введён,2023-07-01,,True
5052,запланирован,2017-08-01,2019-01-01,False
5052,строится,2019-01-01,2020-01-01,False
5052,введён,2020-01-01,,True
5053,запланирован,2019-05-01,2020-09-01,False
5053,строится,2020-09-01,2023-03-01,False
5053,введён,2023-03-01,,True
5054,запланирован,2027-04-01,,True
5055,запланирован,2019-11-01,2021-01-01,False
5055,строится,2021-01-01,2022-07-01,False
5055,введён,2022-07-01,,True
5056,запланирован,2018-02-01,2019-03-01,False
5056,строится,2019-03-01,2022-10-01,False
5056,введён,2022-10-01,,True
5057,запланирован,2019-11-01,2021-02-01,False
5057,строится,2021-02-01,2024-07-01,False
5057,введён,2024-07-01,,True
5058,запланирован,2017-03-01,2017-10-01,False
5058,строится,2017-10-01,2019-12-01,False
5058,введён,2019-12-01,,True
5059,запланирован,2023-12-01,2024-07-01,False
5059,строится,2024-07-01,,True
5060,запланирован,2019-06-01,2020-08-01,False
5060,строится,2020-08-01,2022-03-01,False
5060,введён,2022-03-01,,True
5061,запланирован,2016-11-01,2018-04-01,False
5061,строится,2018-04-01,2020-08-01,False
5061,введён,2020-08-01,,True
5062,запланирован,2016-04-01,2017-03-01,False
5062,строится,2017-03-01,2020-05-01,False
5062,введён,2020-05-01,,True
5063,запланирован,2017-09-01,2018-04-01,False
5063,строится,2018-04-01,2019-05-01,False
5063,введён,2019-05-01,,True
5064,запланирован,2026-12-01,,True
5065,запланирован,2018-05-01,2019-10-01,False
5065,строится,2019-10-01,2022-11-01,False
5065,введён,2022-11-01,,True
5066,запланирован,2019-01-01,2020-06-01,False
5066,строится,2020-06-01,2024-05-01,False
5066,введён,2024-05-01,,True
5067,запланирован,2018-08-01,2019-05-01,False
5067,строится,2019-05-01,2020-12-01,False
5067,введён,2020-12-01,,True
5068,запланирован,2029-06-01,,True
5069,запланирован,2030-01-01,,True
5070,запланирован,2020-02-01,2021-01-01,False
5070,строится,2021-01-01,2022-08-01,False
5070,введён,2022-08-01,,True
5071,запланирован,2029-05-01,,True
5072,запланирован,2023-03-01,2024-01-01,False
5072,строится,2024-01-01,2025-11-01,False
5072,введён,2025-11-01,,True
5073,запланирован,2018-11-01,2019-09-01,False
5073,строится,2019-09-01,2021-04-01,False
5073,введён,2021-04-01,,True
5074,запланирован,2018-10-01,2019-09-01,False
5074,строится,2019-09-01,2022-09-01,False
5074,введён,2022-09-01,,True
5075,запланирован,2025-04-01,,True
5076,запланирован,2021-02-01,2022-03-01,False
5076,строится,2022-03-01,2024-11-01,False
5076,введён,2024-11-01,,True
5077,запланирован,2026-02-01,,True
5078,запланирован,2023-04-01,2024-06-01,False
5078,строится,2024-06-01,2025-09-01,False
5078,введён,2025-09-01,,True
5079,запланирован,2022-10-01,2024-03-01,False
5079,строится,2024-03-01,2026-08-01,False
5079,введён,2026-08-01,,True
5080,запланирован,2024-03-01,2024-12-01,False
5080,строится,2024-12-01,,True
5081,запланирован,2024-03-01,2025-01-01,False
5081,строится,2025-01-01,,True
5082,запланирован,2016-02-01,2016-05-01,False
5082,строится,2016-05-01,2019-10-01,False
5082,введён,2019-10-01,,True
5083,запланирован,2023-12-01,2024-12-01,False
5083,строится,2024-12-01,2026-08-01,False
5083,введён,2026-08-01,,True
5084,запланирован,2018-05-01,2019-04-01,False
5084,строится,2019-04-01,2021-03-01,False
5084,введён,2021-03-01,,True
5085,запланирован,2020-06-01,2021-07-01,False
5085,строится,2021-07-01,2022-09-01,False
5085,введён,2022-09-01,,True
5086,запланирован,2020-03-01,2021-05-01,False
5086,строится,2021-05-01,2021-11-01,False
5086,введён,2021-11-01,,True
5087,запланирован,2022-01-01,2023-04-01,False
5087,строится,2023-04-01,2024-11-01,False
5087,введён,2024-11-01,,True
5088,запланирован,2021-07-01,2022-09-01,False
5088,строится,2022-09-01,2025-11-01,False
5088,введён,2025-11-01,,True
5089,запланирован,2026-06-01,,True
5090,запланирован,2030-04-01,,True
5091,запланирован,2019-12-01,2020-03-01,False
5091,строится,2020-03-01,2024-02-01,False
5091,введён,2024-02-01,,True
5092,запланирован,2020-09-01,2021-04-01,False
5092,строится,2021-04-01,2023-01-01,False
5092,введён,2023-01-01,,True
5093,запланирован,2027-04-01,,True
5094,запланирован,2027-04-01,,True
5095,запланирован,2022-02-01,2022-05-01,False
5095,строится,2022-05-01,2024-12-01,False
5095,введён,2024-12-01,,True
5096,запланирован,2021-02-01,2022-04-01,False
5096,строится,2022-04-01,2024-07-01,False
5096,введён,2024-07-01,,True
5097,запланирован,2028-01-01,,True
5098,запланирован,2019-06-01,2020-06-01,False
5098,строится,2020-06-01,2024-03-01,False
5098,введён,2024-03-01,,True
5099,запланирован,2023-10-01,2025-02-01,False
5099,строится,2025-02-01,,True
5100,запланирован,2018-04-01,2019-05-01,False
5100,строится,2019-05-01,2021-08-01,False
5100,введён,2021-08-01,,True
5101,запланирован,2020-01-01,2021-04-01,False
5101,строится,2021-04-01,2022-02-01,False
5101,введён,2022-02-01,,True
5102,запланирован,2021-04-01,2021-10-01,False
5102,строится,2021-10-01,2022-12-01,False
5102,введён,2022-12-01,,True
5103,запланирован,2019-05-01,2020-06-01,False
5103,строится,2020-06-01,2022-10-01,False
5103,введён,2022-10-01,,True
5104,запланирован,2026-02-01,,True
5105,запланирован,2022-08-01,2023-03-01,False
5105,строится,2023-03-01,2024-03-01,False
5105,введён,2024-03-01,,True
5106,запланирован,2026-08-01,,True
5107,запланирован,2018-07-01,2019-09-01,False
5107,строится,2019-09-01,2022-06-01,False
5107,введён,2022-06-01,,True
5108,запланирован,2020-04-01,2021-02-01,False
5108,строится,2021-02-01,2024-11-01,False
5108,введён,2024-11-01,,True
5109,запланирован,2022-03-01,2022-10-01,False
5109,строится,2022-10-01,2025-02-01,False
5109,введён,2025-02-01,,True
5110,запланирован,2022-07-01,2023-04-01,False
5110,строится,2023-04-01,,True
5111,запланирован,2022-10-01,2023-05-01,False
5111,строится,2023-05-01,,True
5112,запланирован,2015-04-01,2016-06-01,False
5112,строится,2016-06-01,2020-03-01,False
5112,введён,2020-03-01,,True
5113,запланирован,2018-01-01,2019-01-01,False
5113,строится,2019-01-01,2022-10-01,False
5113,введён,2022-10-01,,True
5114,запланирован,2019-07-01,2020-11-01,False
5114,строится,2020-11-01,2024-08-01,False
5114,введён,2024-08-01,,True
5115,запланирован,2023-09-01,2024-03-01,False
5115,строится,2024-03-01,2025-02-01,False
5115,введён,2025-02-01,,True
5116,запланирован,2019-05-01,2019-11-01,False
5116,строится,2019-11-01,2022-10-01,False
5116,введён,2022-10-01,,True
5117,запланирован,2017-03-01,2018-05-01,False
5117,строится,2018-05-01,2020-11-01,False
5117,введён,2020-11-01,,True
5118,запланирован,2020-09-01,2021-10-01,False
5118,строится,2021-10-01,2023-06-01,False
5118,введён,2023-06-01,,True
5119,запланирован,2025-10-01,2026-08-01,False
5119,строится,2026-08-01,,True
5120,запланирован,2017-10-01,2019-03-01,False
5120,строится,2019-03-01,2020-03-01,False
5120,введён,2020-03-01,,True
5121,запланирован,2028-03-01,,True
5122,запланирован,2025-08-01,2026-08-01,False
5122,строится,2026-08-01,,True
5123,запланирован,2024-07-01,2024-10-01,False
5123,строится,2024-10-01,2026-06-01,False
5123,введён,2026-06-01,,True
5124,запланирован,2017-02-01,2017-10-01,False
5124,строится,2017-10-01,2021-08-01,False
5124,введён,2021-08-01,,True
5125,запланирован,2021-04-01,2022-01-01,False
5125,строится,2022-01-01,2024-03-01,False
5125,введён,2024-03-01,,True
5126,запланирован,2015-07-01,2016-04-01,False
5126,строится,2016-04-01,2020-01-01,False
5126,введён,2020-01-01,,True
5127,запланирован,2024-06-01,2025-09-01,False
5127,строится,2025-09-01,,True
5128,запланирован,2022-08-01,2023-01-01,False
5128,строится,2023-01-01,2024-04-01,False
5128,введён,2024-04-01,,True
5129,запланирован,2027-09-01,,True
5130,запланирован,2024-08-01,2024-12-01,False
5130,строится,2024-12-01,,True
5131,запланирован,2018-01-01,2018-11-01,False
5131,строится,2018-11-01,2021-12-01,False
5131,введён,2021-12-01,,True
5132,запланирован,2018-06-01,2019-09-01,False
5132,строится,2019-09-01,2021-01-01,False
5132,введён,2021-01-01,,True
5133,запланирован,2020-02-01,2020-05-01,False
5133,строится,2020-05-01,2024-02-01,False
5133,введён,2024-02-01,,True
5134,запланирован,2028-10-01,,True
5135,запланирован,2022-10-01,2023-05-01,False
5135,строится,2023-05-01,2026-02-01,False
5135,введён,2026-02-01,,True
5136,запланирован,2017-09-01,2019-01-01,False
5136,строится,2019-01-01,2022-11-01,False
5136,введён,2022-11-01,,True
5137,запланирован,2026-06-01,,True
5138,запланирован,2019-07-01,2020-11-01,False
5138,строится,2020-11-01,2022-05-01,False
5138,введён,2022-05-01,,True
5139,запланирован,2017-11-01,2018-04-01,False
5139,строится,2018-04-01,2021-05-01,False
5139,введён,2021-05-01,,True
5140,запланирован,2024-10-01,2025-08-01,False
5140,строится,2025-08-01,,True
5141,запланирован,2022-04-01,2023-06-01,False
5141,строится,2023-06-01,,True
5142,запланирован,2029-11-01,,True
5143,запланирован,2024-11-01,2025-05-01,False
5143,строится,2025-05-01,,True
5144,запланирован,2018-10-01,2019-07-01,False
5144,строится,2019-07-01,2021-05-01,False
5144,введён,2021-05-01,,True
5145,запланирован,2019-08-01,2020-06-01,False
5145,строится,2020-06-01,2022-10-01,False
5145,введён,2022-10-01,,True
5146,запланирован,2019-01-01,2019-07-01,False
5146,строится,2019-07-01,2020-04-01,False
5146,введён,2020-04-01,,True
5147,запланирован,2019-12-01,2021-05-01,False
5147,строится,2021-05-01,2024-03-01,False
5147,введён,2024-03-01,,True
5148,запланирован,2027-01-01,,True
5149,запланирован,2018-01-01,2019-02-01,False
5149,строится,2019-02-01,2022-06-01,False
5149,введён,2022-06-01,,True
5150,запланирован,2022-04-01,2023-09-01,False
5150,строится,2023-09-01,2024-11-01,False
5150,введён,2024-11-01,,True
5151,запланирован,2026-02-01,,True
5152,запланирован,2021-12-01,2022-03-01,False
5152,строится,2022-03-01,2024-04-01,False
5152,введён,2024-04-01,,True
5153,запланирован,2023-01-01,2023-12-01,False
5153,строится,2023-12-01,2024-07-01,False
5153,введён,2024-07-01,,True
5154,запланирован,2020-03-01,2021-01-01,False
5154,строится,2021-01-01,2022-02-01,False
5154,введён,2022-02-01,,True
5155,запланирован,2018-04-01,2019-01-01,False
5155,строится,2019-01-01,2021-01-01,False
5155,введён,2021-01-01,,True
5156,запланирован,2017-08-01,2017-11-01,False
5156,строится,2017-11-01,2019-06-01,False
5156,введён,2019-06-01,,True
5157,запланирован,2026-03-01,,True
5158,запланирован,2018-12-01,2019-09-01,False
5158,строится,2019-09-01,2023-08-01,False
5158,введён,2023-08-01,,True
5159,запланирован,2021-02-01,2021-10-01,False
5159,строится,2021-10-01,2023-08-01,False
5159,введён,2023-08-01,,True
5160,запланирован,2027-04-01,,True
5161,запланирован,2027-04-01,,True
5162,запланирован,2022-10-01,2023-10-01,False
5162,строится,2023-10-01,2026-04-01,False
5162,введён,2026-04-01,,True
5163,запланирован,2023-12-01,2024-10-01,False
5163,строится,2024-10-01,2025-07-01,False
5163,введён,2025-07-01,,True
5164,запланирован,2025-01-01,2025-06-01,False
5164,строится,2025-06-01,2026-05-01,False
5164,введён,2026-05-01,,True
5165,запланирован,2024-08-01,2025-01-01,False
5165,строится,2025-01-01,2026-04-01,False
5165,введён,2026-04-01,,True
5166,запланирован,2020-08-01,2021-03-01,False
5166,строится,2021-03-01,2024-09-01,False
5166,введён,2024-09-01,,True
5167,запланирован,2024-05-01,2025-06-01,False
5167,строится,2025-06-01,,True
5168,запланирован,2019-06-01,2020-07-01,False
5168,строится,2020-07-01,2024-05-01,False
5168,введён,2024-05-01,,True
5169,запланирован,2018-08-01,2019-09-01,False
5169,строится,2019-09-01,2023-04-01,False
5169,введён,2023-04-01,,True
5170,запланирован,2023-11-01,2024-12-01,False
5170,строится,2024-12-01,2025-09-01,False
5170,введён,2025-09-01,,True
5171,запланирован,2017-08-01,2018-05-01,False
5171,строится,2018-05-01,2020-06-01,False
5171,введён,2020-06-01,,True
5172,запланирован,2015-10-01,2016-01-01,False
5172,строится,2016-01-01,2019-06-01,False
5172,введён,2019-06-01,,True
5173,запланирован,2026-07-01,,True
5174,запланирован,2014-12-01,2016-01-01,False
5174,строится,2016-01-01,2019-08-01,False
5174,введён,2019-08-01,,True
5175,запланирован,2021-02-01,2021-12-01,False
5175,строится,2021-12-01,2025-02-01,False
5175,введён,2025-02-01,,True
5176,запланирован,2018-01-01,2018-04-01,False
5176,строится,2018-04-01,2019-12-01,False
5176,введён,2019-12-01,,True
5177,запланирован,2020-03-01,2021-03-01,False
5177,строится,2021-03-01,2022-12-01,False
5177,введён,2022-12-01,,True
5178,запланирован,2017-06-01,2018-08-01,False
5178,строится,2018-08-01,2022-07-01,False
5178,введён,2022-07-01,,True
5179,запланирован,2023-07-01,2023-12-01,False
5179,строится,2023-12-01,2025-03-01,False
5179,введён,2025-03-01,,True
5180,запланирован,2024-02-01,2024-10-01,False
5180,строится,2024-10-01,,True
5181,запланирован,2029-02-01,,True
5182,запланирован,2020-04-01,2020-08-01,False
5182,строится,2020-08-01,2022-07-01,False
5182,введён,2022-07-01,,True
5183,запланирован,2024-11-01,2026-04-01,False
5183,строится,2026-04-01,,True
5184,запланирован,2026-04-01,,True
5185,запланирован,2015-10-01,2017-02-01,False
5185,строится,2017-02-01,2020-02-01,False
5185,введён,2020-02-01,,True
5186,запланирован,2021-08-01,2022-11-01,False
5186,строится,2022-11-01,2026-07-01,False
5186,введён,2026-07-01,,True
5187,запланирован,2025-01-01,2025-06-01,False
5187,строится,2025-06-01,,True
5188,запланирован,2023-11-01,2024-06-01,False
5188,строится,2024-06-01,,True
5189,запланирован,2025-07-01,2026-07-01,False
5189,строится,2026-07-01,,True
5190,запланирован,2022-04-01,2023-08-01,False
5190,строится,2023-08-01,2025-04-01,False
5190,введён,2025-04-01,,True
